:020000040800F2
:100000000000052091F1010845CA000847CA000810
:1000100049CA00084BCA00084DCA00080000000089
:100020000000000000000000000000005116010860
:100030004FCA000800000000F1160108551701081A
:10004000E1F10108E1F10108E1F10108E1F1010844
:10005000E1F10108E1F10108E1F10108E1F1010834
:10006000E1F10108E1F10108E1F10108E1F1010824
:10007000E1F10108E1F10108E1F10108E1F1010814
:10008000E1F10108E1F10108E1F10108E1F1010804
:10009000E1F10108E1F10108E1F10108E1F10108F4
:1000A000E1F10108E1F10108E1F10108E1F10108E4
:1000B000E1F10108E1F10108E1F10108E1F10108D4
:1000C000E1F10108E1F10108E1F10108E1F10108C4
:1000D000E1F10108E1F10108E1F10108E1F10108B4
:1000E000E1F10108E1F10108E1F10108E1F10108A4
:1000F000E1F10108E1F10108E1F10108E1F1010894
:10010000E1F10108E1F10108E1F10108E1F1010883
:10011000E1F10108E1F1010851CA0008E1F101082B
:10012000E1F10108E1F10108E1F10108E1F1010863
:10013000E1F10108E1F10108E1F10108E1F1010853
:10014000E1F10108E1F10108E1F10108E1F1010843
:10015000E1F10108E1F10108E1F10108E1F1010833
:10016000E1F10108E1F10108E1F10108E1F1010823
:10017000E1F10108E1F10108E1F1010800000000EE
:10018000E1F10108E1F10108E1F10108E1F1010803
:10019000E1F10108E1F10108E1F10108E1F10108F3
:1001A0005DCA0008E1F1010869CA0008E1F101082F
:1001B000E1F10108E1F10108E1F10108E1F10108D3
:0801C000E1F10108E1F1010881
:1002000010B5054C237833B9044B13B10448AFF350
:1002100000800123237010BD800C0020000000002E
:1002200074F1030808B5034B1BB103490348AFF34E
:10023000008008BD00000000840C002074F1030859
:10024000F0B44C1E05464E2C3FD8DFE804F03B3B93
:100250003B3B3E3E3E3E28283B282828282828288D
:1002600028282828283E29292929292929293B28DD
:10027000282828283E28293C3B3E3B29293C3E3E55
:100280002828283B3B3B3B3B283B3B283B3E3E282A
:1002900028283E3E3E2828283B293B292900A2B198
:1002A000D5E90540844210DA2F692601B8190134D6
:1002B0004FF0000CC0F804C06C61B955C0E90223CE
:1002C000F0BC70470AB1002BEAD10020F0BC7047A7
:1002D00010B4C3681C78522C0A460FD04F2C03D0A0
:1002E00008465DF8044B7047016B03310163202120
:1002F0000133C3605DF8044B0023A1E7016B0231B9
:1003000001631F21F4E700BF002A4ED070B50546F7
:100310000E4614462378013B4E2B2CD8DFE803F021
:10032000373737402B2B282837373737373737378A
:10033000373737373737372B373737373737373759
:100340003737303037372B373737372C3737373762
:100350002B28373737373737373737373737372B54
:100360002B372C2C2C2C2B37373737373737370098
:10037000E468002CCED170BDA468002CCAD1FAE785
:10038000A2681378052B03D1336801333360A26868
:1003900031462846FFF7B8FFE468002CBAD1EAE7F7
:1003A0002B6801332B60A268F2E770479AB32DE9FE
:1003B000F0418E180446D0F80031013E4D1E002752
:1003C00016E0D4F80831D4F80C2184F8FF7098476F
:1003D000D4F8243100220133C4F82431B5424FF05F
:1003E0000103C4F8003104F8028084F8048110D0BD
:1003F000FF2B1946204615F8018FE2D01A46B54268
:1004000003F10103C4F8003104F8028084F8048188
:10041000EED1BDE8F0817047A0F11C03042B07D991
:100420004C2805D04E3801288CBF00200120704791
:100430000120704770B4026811786E2918D0A1F1BC
:100440003003092B1ED800260023013203EB83035F
:10045000026001EB43041178A1F13005092DA4F1EC
:100460003003F2D90EB1C4F13003184670BC7047A6
:10047000531C03605178A1F13002092A02D81A46B0
:100480000126E1E70023184670BC7047D0E9053229
:10049000934270B50EDA01691A018C1801330026F7
:1004A000412566600C3083608D54FFF7C3FFA06068
:1004B000204670BD0024204670BD00BF10B5C36843
:1004C0001A785F2A04460DD06E2A0DD00C30FFF743
:1004D000B1FF013008D4E3681A785F2A04D10133F0
:1004E000E36010BD0020FAE74FF0FF3010BD00BF01
:1004F000F8B5C3681A78542A19D10133C360044689
:10050000FFF7DCFF051E12DBD4E90531A26A8B423E
:1005100002F10102A2620ADA21691A018818013384
:1005200000270526476063618E548560F8BD002072
:10053000F8BD00BF2DE9F04104460C30FFF77AFF0B
:10054000071E49DDE56863685B1B9F4242DCA268C9
:10055000EB195207E36004D5EA5D242A04BF013396
:10056000E360092FD4E9056810DCB04532DD21696C
:1005700032018818013600234360666155B3436039
:100580008B54C0E90257E062BDE8F08108221449AB
:10059000284639F03BFD0028E7D12B7A2E2B03D0DB
:1005A0005F2B01D0242BE0D16B7A4E2BDDD1236B56
:1005B0001633DF1BB04527630CDD2269094D33017B
:1005C000D0180021013666614160D1541523C0E97D
:1005D0000253D8E70020D6E70020BDE8F08100BF35
:1005E000384904084449040870B5C368C66A1A78D3
:1005F000422A04460D460FD10133E3602046FFF73F
:1006000099FF2A4603464B212046FFF719FEE3686F
:100610001A78422A0546EFD0E662284670BD00BF30
:100620002DE9F8430546C0680378532B31D1431CAC
:10063000EB604278A2B3831CEB6042785F2A00F043
:100640008980A2F13004E3B2092B25D800210EE005
:10065000303B99421DD8E9680A78481C22B1E8600D
:100660000A785F2A00F08280A2F130041946E4B2D1
:1006700001EBC103092CA2F1410002EB8303E7D98E
:10068000192806D801EBC10302EB8303373B9942DB
:10069000E1D90020BDE8F883A2F14103192BD5D997
:1006A000AB6803F00803002B14BF0124002401D120
:1006B00000295DD1354B7421914203F1C40005D06E
:1006C0001C338342E5D219789142F9D15869D5E9B2
:1006D0000521A8B18A4257DAD5F810C0D3F818E03E
:1006E00017010CEB070601324FF000094FF0180814
:1006F000C6F804906A610CF80780C6E9020EEE6243
:10070000002C3CD1D3E901642B6B914223442B6331
:1007100038DD29691301C81801324FF0000C182781
:10072000C0F804C06A61CF54C0E90264EB681B786A
:10073000422BAFD101462846FFF756FF0028A8D02C
:10074000D5E908329342A5DAE9695A1C41F8230039
:100750002A629FE700232A6A9A429AD9AA6AE9691B
:100760000132AA6251F82300BDE8F8830133F2E7B1
:10077000EB681B78433B012B98BF0C469AE7D3E903
:100780000364C1E70020D1E70026B8E790F2030830
:10079000C3681A785F2A01D00120704710B55A1C2F
:1007A000044640F80C2F5A785F2A04D0FFF742FE27
:1007B000C043C00F10BD0233E360FFF73BFE0028CB
:1007C00005DB092807DDE3681A785F2A01D00020DD
:1007D00010BD0133E360012010BD00BF70B103788C
:1007E0002F2B0FD1002904DC09E003782F2B09D12E
:1007F00031B1C06801390028F7D17047704701D185
:100800008068704700207047D0F8103133B1096814
:100810005B680029DB6804DB1846DFE70122C0F8CB
:1008200018211846704700BF002942D038B5054648
:100830000C4623784B2B27D8DFE803F02E262626FC
:1008400026302E2B2B26262626262626262626262C
:10085000262626262E262626262626262626262630
:100860002626262E262626262E262626262E2B260B
:100870002626262626262626262626262E2E262608
:10088000262E2E2E26262E2EA1682846FFF7CCFFD8
:1008900018B9E468002CCCD1002038BD04F108015F
:1008A0002846FFF7B1FF0028F6D003782F2BF3D1AD
:1008B00038BD0020704700BF2DE9F0411446D4E94F
:1008C000025752684B1C1344AB4282B00E4680461E
:1008D00014D817B102B0BDE8F081D4E90003324664
:1008E0004146184407F0E4FFD4E9003233449F54F2
:1008F00063681E44666002B0BDE8F081002FE9D154
:100900001DB9022B4FF0020502D96D00AB42FCD895
:100910002946206839F09EFC28B1E7682060A56070
:10092000002FD7D1D9E70190206839F0C3F8019B97
:100930000122C4E90033C4E90232CBE738B50446EA
:1009400029B9C3681A7832B15A1CC260197868296B
:1009500012D0762901D0002038BD04F10C052846BC
:10096000FFF768FDE3681A785F2AF4D10133E3608A
:100970002846FFF75FFD03E004F10C00FFF75AFD86
:10098000E3681A785F2AE6D10133E360012038BDBD
:100990002DE9F04188B00A4604461C4901A839F007
:1009A0006BFE01A808F0ACF968B301ADD4F80031D2
:1009B0002E18002716E0D4F80831D4F80C2184F85A
:1009C000FF709847D4F8243100220133C4F8243151
:1009D000AE424FF00103C4F8003104F8028084F8FD
:1009E000048110D0FF2B1946204615F8018BE2D068
:1009F0001A46AE4203F10103C4F8003104F8028044
:100A000084F80481EED108B0BDE8F0815C490408A7
:100A10002DE9F04FC3681D7883B000228D42044653
:100A2000019200F09981DFF8C094884601AF01255A
:100A3000666B65631A784C2A5CD0542A66D0732A98
:100A400045D0662A1CD15A78702A00F0878020464B
:100A500001F070FA0546002800F08C810378312BF4
:100A600000F09880322B56D0332B71D1E3681A787E
:100A70005F2A00F0DA81204600F038FA0346C1E030
:100A8000A2F13001092900F2E780204601F0FEFBC7
:100A90000546002800F06E81E3681A78492A00F0C4
:100AA000B88066632A4600232E212046FFF7C8FB44
:100AB000386030B3E3681A78424500F10C07B6D1CC
:100AC0000133019DE360284603B0BDE8F08F5A78FA
:100AD000722A00F0AB80702AB9D10233E36020465D
:100AE00000F004FA002302464A212046FFF7A8FB43
:100AF000054603E0204602F013F805466663002D24
:100B0000D0D10025284603B0BDE8F08F2046FFF77E
:100B1000EFFC0546F2E78368032B19D801A252F8CF
:100B200023F000BFB70C0008770A0008510B00083B
:100B3000510B0008742A8AD15B786C2B87D1204630
:100B400000F0FEFDE3685A780546002A40F0238154
:100B500000252846666303B0BDE8F08F9A1CE2606A
:100B60009A78542A40F082800333E3600020D4E96D
:100B700005329342ECDA21691A018D1801334FF0E6
:100B8000000E4FF0060CC5F804E0636101F802C0E6
:100B9000A86086E7D0F808B0236BDBF80820DBF804
:100BA00000A0023A134423635046494607F02CFF45
:100BB000002800F0E480DBF80CB0BBF1030FC7D8CD
:100BC000DFE81BF079000400F70081009AF800309C
:100BD000702B65D06D2B63D04FF0000B5046BD4994
:100BE00007F012FF002840F0C080204600F090FB84
:100BF0000346BBF1000F05D01A4638212046FFF707
:100C00001FFB03462A4636212046FFF719FB0546FF
:100C100074E70133E360204600F07AFB2A4603467E
:100C200004212046FFF70CFB054667E70233E3602B
:100C3000204600F085FD8246204601F027FBE36850
:100C40001A78492A83461ED0034629465246204632
:100C5000FFF7F6FA054651E76F2A40F094805A787C
:100C60006E2A7FF4F4AE0233E3600EE72046FFF70E
:100C700025FC6FF0004398423FF46AAF431C3FF4F9
:100C800067AF013073E70133E360204600F040FBBB
:100C90005A46034604212046FFF7D2FA0346D4E71A
:100CA0009AF801209A4297D1E3681A785F2A95D181
:100CB0000133E36090E72A46002335212046FFF701
:100CC000BFFA05461AE7BAF1000F3FF441AF824977
:100CD000504607F099FE002800F0C7809AF80030CF
:100CE000662B00F0ED806E2B7FF432AF9AF8013066
:100CF000772B02D0612B7FF42BAF5F212046FFF7CB
:100D000087FE8246204600F01BFDE3681A78452ADC
:100D1000834600F08680702A00F0C680692A7FF43E
:100D200017AF5B786C2B7FF413AF204600F0DEF832
:100D300003465A463B212046FFF782FA52460346B5
:100D40003A212046FFF77CFA2A46034639212046FD
:100D5000FFF776FA0546D1E60133C3602E2113462C
:100D600003B0BDE8F04FFFF76BBA204600F0BEF8C5
:100D700003463EE72846666303B0BDE8F08F204691
:100D800000F0DEFC3DE7692A7FF4D4AE5A786C2A85
:100D90007FF45DAE00250233E36045212046FFF776
:100DA00037FE2A46034630212046FFF749FA05461A
:100DB000A4E6BAF1000F3FF4CBAEAB681B685A78DB
:100DC000632A3AD09AF80030662B49D1204601F0C8
:100DD000B1F883464149504607F016FE002839D045
:100DE0003F49504607F010FE28B150463D4907F0F4
:100DF0000BFE002868D1204601F048FAE3681A7813
:100E0000492A824643D053465A4638212046FFF7A6
:100E100017FA2A46034637212046FFF711FA0546FE
:100E20006CE60133E360002383E70133E36045218F
:100E30002046FFF7EDFD0346E4E61B78A3F16302CD
:100E4000012A02D9723B012BBCD8204600F078FC65
:100E50008346BFE745212046FFF7DAFD8246D2E709
:100E6000204600F043F88346B4E7204600F03EF801
:100E70008246204600F03AF88346204600F036F8D5
:100E8000034600287FF455AF666305461BE6013331
:100E9000E360204600F03CFA524603460421204617
:100EA000FFF7CEF98246AEE75A78692A7FF450AE52
:100EB0000233E36045212046FFF7AAFD034638E7E9
:100EC000204601F037F8D3E7204600F00FF88246BD
:100ED00099E700BF604904087049040864490408A0
:100EE000684904086C4904087C4E0408C1680B7802
:100EF0004C2B67D0542B67D0732B2DE9F04104465F
:100F00001CD0662B3DD14B78702B1DD18B1CC36040
:100F10008B78542B40F09A800331C1600020D4E9D3
:100F2000053293424ADA21691A018D1801330027EC
:100F300006266F6063618E54A8602FE04B78722B99
:100F40006ED0702B00F06081204600F0F3FF054664
:100F5000A0B30378312B39D0322B00F02781332B0B
:100F60002CD1E3681A785F2A00F076812046FFF7DB
:100F7000BDFF03462A4620463621BDE8F041FFF773
:100F80005FB9A3F13002092A41D8204601F07EF969
:100F9000054698B1E3681A78492A2BD02846BDE85F
:100FA000F081742BD0D14B786C2BCDD100F0C8FBE5
:100FB000E1684B780546002B40F0908100252846DB
:100FC000BDE8F08101F0ACBDFFF792BA8768236BF2
:100FD000BA683E68C849023A13442363304607F0B2
:100FE00013FD00285BD0FF68032FE7D8DFE807F088
:100FF0005C38A7640133E360204600F089F92A4693
:10100000034604212046BDE8F041FFF719B96F2BD4
:1010100040F05C814B786E2B96D10231C160B4E711
:101020000231C16000F08CFB0546204601F02EF92C
:10103000E36819784929064600F0D98003462A4614
:1010400020460121BDE8F041FFF7FAB8FFF736FA74
:10105000C34333F0004318BF01307FF460AFADE706
:10106000002E83D03378702B00F0B0806D2B00F011
:10107000AD8000273046A14907F0C6FC002840F0AB
:10108000B180204600F044F90346002F3FF472AFD0
:101090001A4638212046FFF7D3F803466AE7204670
:1010A00000F04EFB034665E72A4620460023352123
:1010B000BDE8F041FFF7C4B89149304607F0A4FC01
:1010C000002800F0D1803378662B00F0F6806E2B7C
:1010D0007FF474AF7378772B02D0612B7FF46EAFFF
:1010E0005F212046FFF794FC0646204600F028FBCF
:1010F000E36819784529074600F0AA80702900F0B6
:10110000D08069297FF45AAF5B786C2B7FF456AF9F
:101110002046FFF7EBFE03463A463B212046FFF709
:101120008FF8324603463A212046FFF789F82A46CF
:10113000034639212046BDE8F041FFF781B8002E73
:101140003FF43CAFAB681B685A78632A68D03378A9
:10115000662B78D1204600F0EDFE074669493046FF
:1011600007F052FC002868D06749304607F04CFC75
:1011700030B13046654907F047FC002840F0A180B7
:10118000204601F083F8E3681A78492A06467BD0A6
:1011900033463A4638212046FFF752F82A4603469E
:1011A00037212046BDE8F041FFF74AB88368032B9A
:1011B0003FF604AF01A252F823F000BFA9100008C7
:1011C0006D0F0008BD0F0008BD0F000872789A422D
:1011D0007FF44FAFE3681A785F2A7FF44BAF013397
:1011E000E36046E72046FFF781FE03464DE7013303
:1011F000E360204600F08CF8324603460421204686
:10120000FFF71EF803461AE70231E160FFF76EFEB2
:10121000002302464A212046BDE8F041FFF710B8FE
:101220001B78A3F16302012A02D9723B012B8ED8ED
:10123000204600F085FA074690E745212046FFF753
:10124000E7FB0646A4E72046FFF750FE074685E782
:101250000133E36000235FE70133E360452120466B
:10126000FFF7D6FB034685E62046FFF73FFE06461E
:101270002046FFF73BFE07462046FFF737FE0346B2
:1012800000287FF449AF99E60133E360204600F07F
:101290003FF83246034604212046FEF7D1FF0646BA
:1012A00076E75A78692A7FF489AE0233E3604521F4
:1012B0002046FFF7ADFB03462EE7204600F03AFE3E
:1012C000D5E72046FFF712FE064661E7692B7FF45B
:1012D00068AE4B786C2B7FF437AE00250231E160AD
:1012E00020464521FFF794FB2A460346302120463D
:1012F000BDE8F041FEF7A4BF7C4E04086049040835
:101300007049040864490408684904086C490408E1
:101310002DE9F041C268C76A1378452B82B00446B4
:101320004ED002AD002145F8041D0126493B0F2B8C
:101330003DD8DFE803F037373C323C3C3C3C3C3C9A
:101340003C3C3C3C3C080132D4F83480E2606663AB
:101350002046FFF7CBFDE368C4F834801A78452AAD
:10136000844603F1010327D1E36000232F21624665
:101370002046BCF1000F1FD0FEF762FF286000F18D
:101380000C05C8B1E2681378452BCFD10198E7620C
:101390000132E26002B0BDE8F081204601F0C0FBFE
:1013A0008446E2E7204600F015F88446DDE7204653
:1013B00000F0C6F98446D8E7002002B0BDE8F0810D
:1013C00001320023C2602F211A4602B0BDE8F0416D
:1013D000FEF736BFC3681A78493A012A02D80133AA
:1013E000C36095E7002070472DE9F043C268137889
:1013F0004E3B83B004460C2B46D8DFE803F067452C
:101400004545450E450745454545A40000F03EFFCE
:101410000546284603B0BDE8F0835378742B40F0AE
:10142000D780D0E9053102328B42C26080F2278139
:101430000169C0481A018D180133636100236B6094
:101440008B540323C5E90203204600F01FFF2A4600
:10145000034601212046FEF7F3FE236BE2680333C7
:1014600023631378492B0546D3D1002800F0BA80B6
:10147000D4E90832934280F2B580E1695A1C41F800
:1014800023002262204614E000F000FFE3681B788E
:10149000492B0546BDD1002800F0A480D4E90832CC
:1014A000934280F29F80E1695A1C41F82300204654
:1014B0002262FFF78FFF2A46034604212046FEF7EB
:1014C000BFFE0546284603B0BDE8F0830132C26086
:1014D00001A9012200F0E6FD8046002800F082808C
:1014E00000212046FEF7F4FEE268934E157881460F
:1014F0000027002D00F0B380442D00F09680A5F168
:101500003003DBB21C2B6FD9A5F16103DBB2192BC1
:101510006ED9552D00F0A180532D00F0B280492DD9
:1015200000F0A480542D00F0E680452D00F0E98005
:101530004D2D40F09480002F00F09180531CE3600B
:1015400055781A46D5E70132C260002101F03AF819
:10155000E3681A78452A064644D15A1CE2605A7854
:10156000732A00F0B080642A00F095802046FFF7CF
:101570003BFF054608B30378452B1ED0472B1CD0F4
:101580004FF0FF372046FFF703F958B37B1C14D008
:10159000D4E90532934280F29480206919014218FF
:1015A00001334FF0000E4FF0460CC2F804E06361C7
:1015B00000F801C0C2E9025715462B4632462046C4
:1015C0000221FEF73DFE0546284603B0BDE8F08344
:1015D0000021FFF725F8E3681B78492B05467FF4C7
:1015E00018AF4FE7002514E726FA03F3D9078BD588
:1015F000204600F04BFE5FB3012103463A462046E9
:10160000FEF71EFE0746E268532D13781ED0452BC9
:101610001AD027B3D4E908318B4220DAE16941F8C6
:10162000237001332362157863E7537803F0DF03F7
:10163000542B20460ED000F029FE002FDCD1E268AA
:101640001378452B0746E4D11D4658E71D4650E761
:101650000746D8E700F074F8EFE72046EBE70025EF
:101660002846C8F8005003B0BDE8F083002FF6D03C
:101670000132E2602046FFF74BFE0421BDE7002562
:10168000E2E601212046FEF7CBFF002FB4D1E2684D
:10169000074615782DE70233E3602046FEF70EFF7C
:1016A000071E9FDB2046FFF79FFE054600283FF4FC
:1016B0006FAF0378452B3FF469AF472B3FF466AF1C
:1016C00060E7002579E70233E3602046FFF760F822
:1016D000002887D0D4E905239A4210DA2069174DF3
:1016E000110143180132626100225A6042540E22F5
:1016F000C3E9025262E72046FEF7FAFE9DE70023A7
:101700005CE7C8F80070002F3FF46CAFB9F1000F30
:1017100004D0019BC9F80830CDF804901378452B0C
:101720007FF460AF019D01322846E26003B0BDE85E
:10173000F08300BF84490408FF03081074490408BB
:101740002DE9F043C2681378722B83B004465FD052
:10175000562B5DD04B2B5BD0442B51D0A3F13001E5
:101760004A2900F29E80DFE811F0110111011101F8
:1017700011011101110111011101110111019C004F
:101780009C009C009C009C009C009C001E029C00F5
:101790003B019C009C00350149019C009C009C0081
:1017A0009C009C0006021101570165019C00730119
:1017B0008101A501CC019C009C009C009C001101B2
:1017C0009C009C009C009C009C009C00E401E401A7
:1017D000E401E401E401E401E401E401E401E401E1
:1017E0009C00E401E401E401E4019C009C009C00F5
:1017F000E401E4012701E401E401E401E401E4017E
:10180000537803F0DF014F2902D0773B012B4DD8ED
:10181000002201A9204600F045FC0546002840D0E2
:10182000E3681B78462B204619D100F00FFD286095
:10183000002836D00378019A1F3B012B13D9002AC8
:101840002FD0D4E908318B422BDAE06940F823200D
:10185000591C019D2162284603B0BDE8F083FFF7C3
:101860006FFF2860E4E7836882602A6801922B603A
:10187000019AE4E70123456B4363FFF737FB656398
:101880000246002342212046FEF7DAFC054601907D
:1018900038B1E3681A7822B15A1CE2601B78452BF4
:1018A0007BD00025284603B0BDE8F083531CC360FD
:1018B0005378002BF5D0931CC3605378463B302BF4
:1018C000EFD801A151F823F0851D0008A3180008E6
:1018D000A3180008A3180008A3180008A3180008FC
:1018E000A3180008A3180008A3180008A3180008EC
:1018F000A3180008A3180008A3180008A3180008DC
:1019000075180008A3180008A3180008A3180008F9
:10191000A3180008A3180008A3180008A3180008BB
:10192000A3180008A3180008A3180008A3180008AB
:10193000A3180008611D0008A31800083D1D000839
:10194000151D0008ED1C0008C51C0008A3180008A0
:101950009D1C0008391E0008A3180008A3180008E1
:10196000A3180008A3180008ED1D0008A31800081C
:10197000871C0008A3180008A31800085F1C0008B3
:1019800075180008A3180008251C00082046FFF75A
:101990002BFD05460190002D83D0D4E908329342F7
:1019A000BFF67FAFE16941F82350019D5A1C2846DC
:1019B000226203B0BDE8F0830132E2602046FEF708
:1019C000B9FD0023024628212046FEF739FC0546D2
:1019D0000190E0E7204600F039FC05460190DAE787
:1019E0000132E2602046FFF7ABFE002302462521CC
:1019F0002046FEF725FC05460190CCE70132E26067
:101A00002046FFF79DFE0023024626212046FEF7D2
:101A100017FC05460190BEE70132E2602046FFF761
:101A20008FFE0023024624212046FEF709FC0546CE
:101A30000190B0E70132E2602046FFF781FE00230B
:101A4000024622212046FEF7FBFB05460190A2E755
:101A50000132E2602046FFF773FE00230246232195
:101A60002046FEF7EDFB0546019094E75378A3F17D
:101A70003002092A05D95F2B03D0413B192B00F214
:101A80000F8200212046FEF7CBFDE36801901A7813
:101A9000492A05467FF4DFAE0133E3602046FFF7B5
:101AA00037FC03462A4604212046FEF7C9FB0546BB
:101AB000019070E72046FEF71BFDE6680190337841
:101AC000492B05467FF467AFA36B002B40F0F581EF
:101AD00000283FF4E6AED4E908218A42BFF6E1AE21
:101AE000E16941F82200013222623178019D4939D1
:101AF0000129D7D80136E6602046FFF709FC0346E6
:101B0000D0E70132E2602046FEF714FDE368019061
:101B10001A78492A054600F0A8812046FFF710FEF2
:101B2000019B024621212046FEF78AFB05460190D3
:101B300031E7D4E90510613BB64D03EB83038142E5
:101B400005EB830380F28B815868266BD4F810C0B4
:101B50000F010CEB070506443046013201314FF00E
:101B6000000E2726C5F804E061610CF80760AB6041
:101B7000E26020636FE60132E2602046FFF7E0FD9D
:101B8000054600283FF48DAE2046FFF7D9FD0346F9
:101B900000283FF486AE2A462B212046FEF750FB54
:101BA00005460190F7E6551CE56053785F2B00F081
:101BB0005A81303B092B00F26581284600E0084637
:101BC000411CE1604378303B092BF8D9D4E9053258
:101BD0009342A1EB0507BFF664AED4F810E04FEADC
:101BE000031C0EEB0C060133002272606361002FB0
:101BF0003FF457AE72600EF80C20C6E902574378E6
:101C00000D465F2B7FF44DAE0135E5602046FFF7B2
:101C100097FD324603462A212046FEF711FB054672
:101C20000190B8E693785F2B00F07881FEF72EFCE8
:101C30000546002D3FF435AEE3681A785F2A7FF43D
:101C400030AE0133E3602046FFF77AFD2A460346B3
:101C50002D212046FEF7F4FA054601909BE6D0E9D7
:101C60000532934280F2FB800069226B190145180E
:101C7000013300266E60083263612726664B4654A6
:101C8000AB602263E7E5FFF75BFD002302464A21D4
:101C90002046FEF7D5FA054601907CE6D0E90532EC
:101CA000934280F2DC800069226B190145180133F0
:101CB00000266E60043263612726584B4654AB60A1
:101CC0002263C8E5D0E90532934280F2C8800069FA
:101CD000226B19014518013300266E6009326361D9
:101CE00027264F4B4654AB602263B4E5D0E905325A
:101CF000934280F2B4800069226B190145180133C8
:101D000000266E600A3263612726464B4654AB605C
:101D10002263A0E5D0E90532934280F2A0800069F9
:101D2000226B19014518013300266E600932636188
:101D300027263D4B4654AB6022638CE5D0E9053243
:101D40009342BFF6AEAD0169384E1A018D180133CA
:101D5000436100230E206B608B54C5E902607AE575
:101D6000D0E905329342BFF69CAD0169304E1A01AD
:101D70008D1801334361002304206B608B54C5E947
:101D8000026068E5D0E905318B4280F2AF800569D9
:101D900018012918013300272C264F600191636137
:101DA0002E549378303BDBB2092B94BF01233B4682
:101DB0008B8140F2AE802046019DFFF7C1FC019B64
:101DC000A8609B68002B3FF46CAD04F10C00FEF79B
:101DD00031FBE268137813B1531CE3601378019D63
:101DE000A3F1730253425341EB8134E5D0E905324C
:101DF000934234DA0069226B190145180133002639
:101E00006E601132636127260A4B4654AB60226331
:101E100021E500BF54F30308ACF5030898F5030867
:101E20005CF5030884F5030870F50308904904087D
:101E300088490408D4F50308D0E9053293420EDA44
:101E40000069226B19014518013300266E600832C3
:101E500063612726364B4654AB602263FBE40023C4
:101E600001939B68FFDE0026CEE60133E360204647
:101E7000FFF74EFA2A46034604212046FEF7E0F912
:101E800001904AE60123656B63632046FFF72EF855
:101E90006563064600283FF404ADE5682B78B0E69C
:101EA0002046FFF7A1FA0546019000283FF4F9AC5F
:101EB0000378182B7FF471ADCDE4731CE3602046EA
:101EC000D4F81490D4F82080A76A256BFFF720FA85
:101ED000E2681278492A03460BD02563E660C4F80D
:101EE0001490C4F82080A762019D54E500231B7064
:101EF000FFDE019900293FF4D4ACD4E908208242E6
:101F0000BFF6CFACE06940F8221001322262019A9C
:101F1000C9E504F10C00FEF78DFA4CE7033201230A
:101F2000466BC2604363FEF7E1FF6663054680E6E9
:101F3000C0F50308F8B5C3681E78864636B35A1C48
:101F4000C2605A781E78002A4AD09A1CC260762E47
:101F5000044693F801C045D1ACF13005EBB2092B32
:101F600015D8FEF7E7FAD4E905318B42024621DAAB
:101F70002669190170180133002747606361CAB1EF
:101F8000322347607354C0E90252F8BDB446234C73
:101F900043200022831A03EBD37302EB630319017E
:101FA000671861580D78B54206D094BF5A1C184680
:101FB0008242EFD10020F8BD49786145F5D1DEE9D4
:101FC00005329342F6DADEF810101A018818013350
:101FD000002531244560CEF814308C548760F8BD5C
:101FE0009446D4E7632ED2D1BCF1760FCFD1D0E99D
:101FF0000D35B3FA83F35B098363FFF7A1FBA36B92
:1020000002462BB933212046FEF71AF9A563F8BD25
:10201000002334212046FEF713F9F7E7E8F503081B
:1020200030B5C26883B0002301931378002B36D0FB
:10203000452B34D02E2B32D0044601AD15E04F2B6A
:1020400016D0FFF77DFB002302462E2138B3204631
:10205000FEF7F6F8286010B3E268137800F10C057B
:102060004BB1452B07D02E2B05D0522B2046E6D165
:102070005378452BE5D1019888B1C3680BB103B003
:1020800030BD826811782729F9D19268117C09291D
:10209000F5D15168226B521A22638360EFE700206A
:1020A00003B030BD2DE9F04F894683B0C168131EDF
:1020B000019304460B7815BF4FF01E084FF01B0824
:1020C0001D271A2714BF1C2619264D464FF0010A5A
:1020D0001CE0562B3FD04B2B43D04B78002B35D0F8
:1020E0008B1CE3604B78782B41D06F2B45D1236B51
:1020F000093323634E21002300222046FEF7A0F877
:10210000286018B3E1680B7800F10805722B0DD038
:10211000562B0BD04B2B09D0442B46D14A7802F0DA
:10212000DF004F2802D0773A012A3ED84A1C722B92
:10213000E260CED1236B09332363314600230022B2
:102140002046FEF77DF828600028DBD100252846D0
:1021500003B0BDE8F08F236B0933236339460023B6
:10216000CAE7236B0633236341460023C4E7236B8E
:10217000113323634C210023BEE74F2B32D1D4E926
:102180000C3B09332363C4F834A02046FEF7AEFEAF
:10219000C4F834B003460028D8D0E2681178452945
:1021A000D4D10132E2604E21A6E7019A002ACED1B5
:1021B000462BCCD14D45CAD01D241E201C2108E041
:1021C0001B2A0DD0192A00D1197003F108094D45B9
:1021D000BDD0D9F800301A781A2AF1D11C70F4E772
:1021E0001870F2E7772BB1D1236B063323632046B7
:1021F000FFF716FF03460028A8D0E26811784529AA
:10220000A4D10132E2604F2176E700BF70B5C36808
:102210001A784A2A044613D081B12046FFF790FA73
:10222000054680B12046FFF7FBFE60B103462A4613
:1022300020462921BDE87040FEF702B80D46F1E7BF
:102240000133C360E9E7002070BD00BFC3681A789E
:10225000462A18D110B55A1CC2605A78592A04BFB0
:102260000233C36001210446FFF7D0FF0146204638
:10227000FEF72EF8E3681A78452A02D10133E360AD
:1022800010BD002010BD0020704700BF2DE9F041B7
:10229000C1680B78A3F13002092A04463CD9A3F1A6
:1022A0006102192A22D9A3F14302012A69D94C2BD0
:1022B00056D0552B5FD14B786C2B00F0E580742BFA
:1022C00059D14B1CC3604B78742B58D10231C1607B
:1022D000FEF7F4F80028C0F25581D4E905329342A4
:1022E000E768C0F2F3803B78002510E06F2B04D143
:1022F0004B786E2B04BF0231C1602046FFF71AFEF7
:10230000054610B10378312B13D0E3681B78422BBC
:1023100009D02846BDE8F081FEF70CF9E3681B7888
:10232000422B0546F5D129462046BDE8F041FEF78F
:102330005BB98268236B96681068A1490733334400
:10234000236306F061FB0028DFD12046FEF7F2F898
:102350002A46034636212046FDF772FF0546D4E79C
:102360000131C160FEF7E6F8054620B12046FEF7D0
:102370000FFA0028C9D100252846BDE8F0810025C4
:10238000C5E7C26A32B11078E0B9236BD068034464
:1023900023630B78432B18D0442BF0D14B78303B80
:1023A000052BE8D801A050F823F000BF1D24000839
:1023B000E72300082F2400087723000829240008B9
:1023C000232400081828E5D1DFE74B78492B00F0DB
:1023D000B080313B042BCED8DFE813F0ED00510084
:1023E0004C0047002C004FF0020CD4E905308D1C46
:1023F0008342E56080F2D0802669180135180133E8
:1024000000276F606361002A00F0CF8008236F60AF
:10241000335485F808C0EA608B7878E74FF0010CF8
:10242000E3E74FF0050CE0E74FF0040CDDE74FF079
:10243000030CDAE70231E1604FF00508D4E905301A
:10244000834280F2AC8026691801351801330027D9
:102450006F606361002A00F0AB8007236F60335424
:1024600085F80880EA600B7851E70231E1604FF0AF
:102470000408E3E70231E1604FF00308DEE70231D0
:10248000E1604FF00208D9E74B1CC3604B786C2B1E
:102490007FF475AF0231C160FFF7C2FD0646002828
:1024A00070D0E2681378452B7FF469AF0132E260A7
:1024B0002046FEF703F8B0F1000E63DBD4E90532E5
:1024C0009342E0681BDB0378002520E72669226A37
:1024D000D4F824E01901751801334FF0000CC5F849
:1024E00004C0724563614FF047037354A8604DDA2E
:1024F000E36943F82250013222623B7807E72769FB
:10250000226AD4F8248019017D1801334FF0000CA1
:10251000C5F804C0424563614FF045037B54C5E9EB
:10252000026E36DAE36943F8225001322262037800
:10253000EDE64B1CE3608B78313B042B32D8DFE8AF
:1025400003F0031C17120D000331E1604FF0010886
:102550002046FFF7F5F8E26AE1686FE70331E160D2
:102560004FF00508F4E70331E1604FF00408EFE7AE
:102570000331E1604FF00308EAE70331E1604FF017
:102580000208E5E7E36800251B78C0E63B7865466E
:10259000BDE603786546BAE68B780025B7E60B788A
:1025A0000025B4E64B780025B1E68B781546AEE6FB
:1025B0000B781546ABE60231E1604FF001083DE7CC
:1025C000A04904082DE9F047C3681A78472A044651
:1025D00019D0542A17D00E46FEF706FF05460028EC
:1025E0007DD0002E57D0A368DB0754D400E0AD683F
:1025F0002B78A3F11C02042AF9D9022B00F0868162
:102600002846BDE8F087216B01F1140222631A7895
:10261000542A68D0472A62D15A1CE2605A78002AAC
:102620005DD09A1CE2605A78413A312A57D8DFE8E7
:1026300012F03E0156005600560056005600560055
:1026400056005600560056005600560056005600DA
:10265000560056004A01560059015600E000560047
:1026600056005600560056005600560056005600BA
:1026700056005600560056005600560056005600AA
:10268000560056005600560056005600560056009A
:1026900056005600EB00E3681B78002BB0D0452BAA
:1026A000AED029460B78202B00F218821C2B80F02C
:1026B0001E82042B40F091808A686AB11378082B3F
:1026C00003F1FF3100F28680072B80F0868001291C
:1026D00002D8D268002AF1D101217FE0E76000250D
:1026E0002846BDE8F0875A1CE2605A78002AF6D0E6
:1026F0009A1CE2605B78433B332BF0D801A252F87E
:1027000023F000BF592A0008DF260008DF26000852
:10271000432A0008DF2600082D2A0008172A00088F
:10272000012A0008DF260008DF260008DF2600084F
:10273000DF260008DF260008DF260008DF26000865
:10274000DF260008EB290008D1290008DF26000851
:10275000B7290008A1290008DF260008DF260008A5
:10276000DF260008DF260008DF260008DF26000835
:10277000DF260008DF260008DF260008DF26000825
:10278000DF2600086D290008DF260008DF26000884
:10279000DF260008DF26000847290008DF2600089A
:1027A000DF260008DF260008DF260008DF260008F5
:1027B000DF260008DF260008DF260008DF260008E5
:1027C000DF260008DF260008DF260008DF260008D5
:1027D00021290008342B7FF47FAF00212046FFF72A
:1027E00015FD2A46034603212046BDE8F047FDF7C4
:1027F00027BD2046FEF7F8FD0023024613212046A0
:10280000BDE8F047FDF71CBD04F10C00FDF712FE1A
:1028100001287FF764AFE3681A78002A3FF45FAFBE
:102820005F1CE7601B785F2B7FF459AF0022451EC9
:1028300090464FF040093B78002B3FF450AF242BDB
:1028400040F02A817B78532B00F056815F2B00F0FB
:102850005581242B7FF443AF1946D4E90503E7687B
:10286000984207F10207BFF639AFD4F810C006014D
:102870000CEB06030130C3F80480023D60610CF8E4
:1028800006909960E760002A00F026813F212046EB
:10289000FDF7D6FC024600283FF421AF002DCADC2C
:1028A000204600233E21BDE8F047FDF7C9BC0021CA
:1028B0002046FFF787FE0023024617212046BDE889
:1028C000F047FDF7BDBC2046FEF78EFD05462046CD
:1028D000FDF7DCFD2A46034616212046BDE8F047F9
:1028E000FDF7AEBC9A78002120462AB1DA1CE260DE
:1028F0009B786E2B00F00981FFF764FE00230246EF
:1029000048212046BDE8F047FDF79ABCEA6800E0A0
:1029100092681078FDF780FD0028F9D1EA606FE633
:1029200076212046FEF70AF800283FF4D8AE0021B1
:102930002046FFF747FE0023024610212046BDE84F
:10294000F047FDF77DBC68212046FDF7F7FF002822
:102950003FF4C5AE00212046FFF734FE00230246B7
:102960000F212046BDE8F047FDF76ABC0021204654
:10297000FDF7E4FF00283FF4B2AE00212046FDF74A
:10298000DDFF00283FF4ABAE00212046FFF71AFE22
:102990000023024611212046BDE8F047FDF750BC58
:1029A0002046FEF721FD0023024615212046BDE802
:1029B000F047FDF745BC0F3121632046FEF7C0FE0E
:1029C0000023024609212046BDE8F047FDF738BC48
:1029D0000A3121632046FEF7B3FE002302460A2196
:1029E0002046BDE8F047FDF72BBC2046FEF7A8FEC9
:1029F000002302460D212046BDE8F047FDF720BC2C
:102A00002046FEF79DFE0023024612212046BDE827
:102A1000F047FDF715BC2046FEF792FE0023024664
:102A20000C212046BDE8F047FDF70ABC2046FEF722
:102A3000DBFC0023024614212046BDE8F047FDF7E9
:102A4000FFBB2046FEF77CFE002302460E212046F7
:102A5000BDE8F047FDF7F4BB2046FEF771FE0546E2
:102A600004F10C00FDF7E6FC0028FFF638AEE36841
:102A70001A785F2A7FF433AE0133E3602046FEF715
:102A80005FFE236B591D216302462B4620460B2116
:102A9000BDE8F047FDF7D4BB3E46002104E016F840
:102AA000013F23B1242B02D00131A942F7DBD4E945
:102AB0000530834224DAD4E903C618010133636187
:102AC00033186D1AC3F8048006F800809F600CEB81
:102AD0000107D960E760D6E61A46DFE64C2BA3F182
:102AE0004E0204D0FFF479AE012A3FF676AE896833
:102AF00000297FF4D7AD71E62F21AEE62E21ACE69A
:102B0000E3680B44E36000257AE5FFF75BFD0023F3
:102B1000024649212046BDE8F047FDF791BB00BFC2
:102B2000F8B5C26813784C2B44D1531CC36051785C
:102B30005F29044640D05A290CD10133E3600021BB
:102B40002046FFF73FFDE3681A78452A32D101336A
:102B5000E360F8BDFEF7F4FD60B30378272B32D0B5
:102B6000E66833786E2B37D03C21452B40D00BB331
:102B7000334600E0F5B10133E3601D78452DF9D10E
:102B80009D1BD4E905239A420BDAD4F810E04FEAF2
:102B9000021C0EEB0C03013200275F60626106B17C
:102BA00005BB002302462046FDF74AFBE3681A787E
:102BB000452ACCD00020F8BD931CC36092785A2AD5
:102BC000BBD00020C1E783681A7C002AC8D05A68AD
:102BD000236B9B1A2363C3E7721CE26073783D2169
:102BE0001646C2E75F600EF80C70C3E90265D9E7CC
:102BF0000025C6E712B15368012B03DD0123C0F89D
:102C0000183170472DE9F04F15465A1C6A6099B08B
:102C1000D0F8187104950E4604ABD0F82811059130
:102C20000446C0F82831002F40F0D78028784F287C
:102C300001F2EF82DFE810F0870AB80AB80A4F0AFB
:102C4000C607940767075E0737070F07E706BF0643
:102C500097066F0647061F0647091F09F708CF08A2
:102C6000A7087F0857082F08D609BF09BF09BF0961
:102C700099099909990999099909990999096F096E
:102C80006F09990999091D0A140A06069205720529
:102C90001B057205D304D30488045C043404ED0AD4
:102CA0000C040404B0039C0397038D03880388037A
:102CB000330333030B03FE02DC02AA0282025A0230
:102CC0003202F801ED0AD001A801530105017B0190
:102CD0009909D80099099909AA6893681B685978D5
:102CE000632909D11B78A3F16301012942F21983F9
:102CF000723B012B42F2158305F10C03314620464D
:102D000003F0D2FC8046002842F00084AB681A78B9
:102D1000312A02F092859B68D749186805F074FE45
:102D2000EB689A6818B91378032B02F0D485314602
:102D3000204603F067FCAF68D049BB68D3F8008039
:102D4000404605F061FE8146002842F0D083D4F869
:102D50000071FF2F10D184F8FF003946D4F80831F4
:102D6000D4F80C2120469847D4F82431C4F80091B7
:102D700001334F46C4F824317A1C5B23C4F8002188
:102D8000E35584F80431EB683146DA682046FFF7F2
:102D900031FFD4F80071FF2F11D100263946D4F845
:102DA000083184F8FF60D4F80C2120469847D4F805
:102DB0002431C4F8006101333746C4F824315D235F
:102DC0007A1CC4F80021E35584F80431AB681A7802
:102DD000312A02F0AD8305996A68C4F82811013AD6
:102DE0006A6019B0BDE8F08FA54FAA683146204649
:102DF000FFF700FF07F10808D4F800314FF0000991
:102E000016E0D4F80831D4F80C2184F8FF909847E4
:102E1000D4F824310133C4F8243100220123B84509
:102E2000C4F8003104F802A084F804A101F0F9828A
:102E3000FF2B1946204617F801AFE2D01A4601339E
:102E4000EDE7A9682046FDF7EFFC002802F0E181DC
:102E5000002302782F2A41F0DF858268002A01F0E2
:102E6000DB85C06801330028F3D11946AB680193B4
:102E70004A1E02924FF0000A89460395C4F8207159
:102E8000019A31462046FFF7B5FE029B9F4281F230
:102E9000C6817C4DD4F8003105F1020816E0D4F863
:102EA0000831D4F80C2184F8FFA09847D4F82431D5
:102EB0000133C4F8243100220123A845C4F80031AD
:102EC00004F802B084F804B101F0A981FF2B19467F
:102ED000204615F801BBE2D01A460133EDE76A4FF0
:102EE000D4F8003107F11A084FF0000916E0D4F8C1
:102EF0000831D4F80C2184F8FF909847D4F8243195
:102F00000133C4F8243100220123B845C4F800314C
:102F100004F802A084F804A101F0F182FF2B194605
:102F2000204617F801AFE2D01A460133EDE7574FBC
:102F3000AA6831462046FFF75DFE07F10508D4F880
:102F400000314FF0000916E0D4F80831D4F80C2114
:102F500084F8FF909847D4F824310133C4F8243121
:102F600000220123B845C4F8003104F802A084F817
:102F700004A101F07C82FF2B1946204617F801AB13
:102F8000E2D01A460133EDE7414FD4F8003107F1A2
:102F900016084FF0000916E0D4F80831D4F80C21D7
:102FA00084F8FF909847D4F824310133C4F82431D1
:102FB00000220123B845C4F8003104F802A084F8C7
:102FC00004A101F0F481FF2B1946204617F801AF48
:102FD000E2D01A460133EDE72E4ED4F8003106F167
:102FE0000E074FF0000816E0D4F80831D4F80C2191
:102FF00084F8FF809847D4F824310133C4F8243191
:1030000000220123B742C4F8003104F8029084F88A
:10301000049101F0D581FF2B1946204616F8019F37
:10302000E2D01A460133EDE71B4FD4F8003107F127
:1030300008084FF0000916E0D4F80831D4F80C2144
:1030400084F8FF909847D4F824310133C4F8243130
:1030500000220123B845C4F8003104F802A084F826
:1030600004A101F01481FF2B1946204617F801AF87
:10307000E2D01A460133EDE764490408644B0408C2
:103080001F4C0408384B0408034B0408A4490408E7
:10309000074B04080F4C0408FF4B0408B94FD4F841
:1030A000003107F11C084FF0000916E0D4F8083190
:1030B000D4F80C2184F8FF909847D4F824310133D8
:1030C000C4F8243100220123B845C4F8003104F8C3
:1030D00002A084F804A101F00F81FF2B19462046BD
:1030E00017F801AFE2D01A460133EDE7A64FD4F846
:1030F000003107F11D084FF0000916E0D4F808313F
:10310000D4F80C2184F8FF909847D4F82431013387
:10311000C4F82431002201234745C4F8003104F8E3
:1031200002A084F804A101F08380FF2B19462046F9
:1031300017F801AFE2D01A460133EDE7934FD4F808
:10314000003107F10A084FF0000916E0D4F8083101
:10315000D4F80C2184F8FF909847D4F82431013337
:10316000C4F8243100220123B845C4F8003104F822
:1031700002A084F804A101F06480FF2B19462046C8
:1031800017F801ABE2D01A460133EDE708A8AA68A8
:103190007F4937F071FA08A805F0B2FD002801F068
:1031A000B78108AED4F8003137184FF0000816E0A8
:1031B000D4F80831D4F80C2184F8FF809847D4F86B
:1031C00024310133C4F8243100220123BE42C4F863
:1031D000003104F8029084F8049101F09981FF2BEA
:1031E0001946204616F8019BE2D01A460133EDE756
:1031F000D4F8007195F80880FF2F11D100263946C8
:10320000D4F8083184F8FF60D4F80C2120469847A0
:10321000D4F82431C4F8006101333746C4F82431AE
:103220007B1CC4F8003104F8078084F804816A68C4
:103230000599D2E5AA6831462046FFF7DBFC314606
:10324000EA682046FFF7D6FC05996A68C5E5514F44
:10325000D4F8003107F10E084FF0000916E0D4F859
:103260000831D4F80C2184F8FF909847D4F8243121
:103270000133C4F8243100220123B845C4F80031D9
:1032800004F802A084F804A101F04681FF2B19463E
:10329000204617F801AFE2D01A460133EDE7AB68DC
:1032A0001A78272A01F072854FF00008D4F80071CF
:1032B000FF2F12D14FF000093946D4F8083184F8B5
:1032C000FF90D4F80C2120469847D4F82431C4F854
:1032D000009101334F46C4F8243128237A1CC4F8E6
:1032E0000021E35584F80431AA6831462046FFF7EF
:1032F00081FCD4F80031FF2B41F0B885002219463B
:1033000084F8FF20D4F80831D4F80C2120469847DF
:103310002923237084F804312A78D4F82431012138
:1033200001333D2AC4F82431C4F8001101F0BB85F3
:10333000B8F1080F01F056853146EA682046FFF7DC
:1033400059FC05996A6848E50123C4F818316A6890
:1033500043E5EB681A783A2A01F005840123C4F8A2
:1033600018316A6839E50123C4F818316A6834E510
:10337000EB681B78382B3FF4AFAC0123C4F818314D
:103380006A682AE5DF4B0408BF4B0408A04B040819
:103390005C4904088F4B0408D5E9029899F800307D
:1033A000312B01F03A84332B42F09281D4F8007132
:1033B000FF2F12D14FF0000A3946D4F8083184F8B3
:1033C000FFA0D4F80C2120469847D4F82431C4F843
:1033D00000A101335746C4F824317A1C2823C4F8CD
:1033E0000021E35584F80431D9F8082031462046FD
:1033F000FFF700FCD4F80071FF2F12D14FF0000945
:103400003946D4F8083184F8FF90D4F80C212046CE
:103410009847D4F82431C4F8009101334F46C4F8DA
:10342000243129237A1CC4F80021E35584F804319F
:1034300042463146204603F0E5F805996A68CCE437
:103440003146AA68204603F09DF805996A68C4E4ED
:10345000D24FD4F8003107F109084FF0000916E007
:10346000D4F80831D4F80C2184F8FF909847D4F8A8
:1034700024310133C4F8243100220123B845C4F8B3
:10348000003104F802A084F804A101F05780FF2B5A
:103490001946204617F801AFE2D01A460133EDE78E
:1034A000BE4FD4F8003107F109084FF0000916E0CB
:1034B000D4F80831D4F80C2184F8FF909847D4F858
:1034C00024310133C4F8243100220123B845C4F863
:1034D000003104F802A084F804A101F02680FF2B3B
:1034E0001946204617F801AFE2D01A460133EDE73E
:1034F000D5F808A0AA4EDAF80870D4F8003106F121
:1035000008084FF0000916E0D4F80831D4F80C216F
:1035100084F8FF909847D4F824310133C4F824315B
:10352000002201234645C4F8003104F802B084F8B3
:1035300004B101F02180FF2B1946204616F801BF87
:10354000E2D01A460133EDE7D5E902281AB1314637
:103550002046FFF74FFBD4F80071FF2F12D14FF038
:1035600000093946D4F8083184F8FF90D4F80C21CA
:1035700020469847D4F82431C4F8009101334F46CF
:10358000C4F82431781C7B23C4F800014246E3557B
:103590003146204684F80431FFF72CFBD4F8007143
:1035A000FF2F11D100263946D4F8083184F8FF6086
:1035B000D4F80C2120469847D4F82431C4F800618F
:1035C00001333746C4F824317A1C7D23C4F8002126
:1035D000E35584F804316A680599FFF7FEBBAA68D1
:1035E0001AB131462046FFF705FBEB68002B01F0CE
:1035F0003D85D4F80071FD2F12D94FF0000804F872
:1036000007803946D4F80831D4F80C212046984771
:10361000D4F82431C4F8008101334746C4F824317A
:10362000DFF888814FF0000A08F1020B16E0D4F8A9
:10363000083184F8FFA0D4F80C219847D4F824313D
:103640000133C4F8243101270023C345C4F80071B5
:1036500004F8039084F8049101F0CF80FF2F3946DD
:10366000204618F8019BE2D03B460137EDE7B5F95B
:103670000E30002B41F0A084AA684A4B9168994211
:1036800020D031462046FFF7B5FAD4F80071FF2F5D
:1036900011D100263946D4F8083184F8FF60D4F8F7
:1036A0000C2120469847D4F82431C4F80061013336
:1036B0003746C4F8243120237A1CC4F80021E3558E
:1036C00084F80431B5F90C20D4F80031002A01F057
:1036D000A680354E4FF0000806F1060915E0D4F833
:1036E0000831D4F80C2184F8FF809847D4F82431AD
:1036F0000133C4F8243100220123B145C4F800315C
:10370000A75484F8047101F08381FF2B19462046E9
:1037100016F8017BE3D01A460133EEE718ABD4F874
:10372000142143F8402D0020C4F814310A90D4F835
:103730001031EA680B93314620460995FFF75AFA93
:103740000A9B23B931462A46204602F0E9F8089B35
:10375000C4F8143105996A68FFF73FBB0DF16009A1
:10376000D4F814C149F840CDD4F81031CDF804C0D4
:1037700000226746C4F814910995CDE90A23002F69
:1037800001F02F857B681B78193B022B01F22985FC
:1037900023464FF001084C469C460EE0474B040878
:1037A0003B4B0408F4F30308284B0408384B040887
:1037B0007B681B78193B022B1DD8BB684FEA081E9B
:1037C00018AA02EB0E0B9BB9B8F1030F01F2178593
:1037D00097E80F00ABF1400A8AE80F004BF8404C25
:1037E000012309EB0E04CCF8144108F10108BB6079
:1037F0003F68002FDCD1EA68314660466446FFF737
:10380000F9F90A9B019AC4F81421BBB9B8F1010F68
:103810000CD009EB08180CAF58F80C2C3146A8F165
:103820001008204602F07CF84745F5D13146D4F81F
:10383000143105F10802204602F0CAFD05996A68B4
:10384000FFF7CBBAB20626F06008D4F8143101F1C4
:103850005A82AA681AB116F0400601F0C3854146A3
:1038600005F10C02D4F81431204602F087FB0599CB
:103870006A68FFF7B2BACB4FD4F8003107F11508E8
:103880004FF0000916E0D4F80831D4F80C2184F880
:10389000FF909847D4F824310133C4F82431002232
:1038A0000123B845C4F8003104F802A084F804A14B
:1038B00000F08987FF2B1946204617F801AFE2D0A8
:1038C0001A460133EDE7B84FD4F8003107F110087C
:1038D0004FF0000916E0D4F80831D4F80C2184F830
:1038E000FF909847D4F824310133C4F824310022E2
:1038F0000123B845C4F8003104F802A084F804A1FB
:1039000000F06A87FF2B1946204617F801AFE2D076
:103910001A460133EDE7A54FD4F8003107F112083C
:103920004FF0000916E0D4F80831D4F80C2184F8DF
:10393000FF909847D4F824310133C4F82431002291
:103940000123B845C4F8003104F802A084F804A1AA
:1039500000F02787FF2B1946204617F801AFE2D069
:103960001A460133EDE7924FD4F8003107F10D0804
:103970004FF0000916E0D4F80831D4F80C2184F88F
:10398000FF909847D4F824310133C4F82431002241
:103990000123B845C4F8003104F802A084F804A15A
:1039A00000F00887FF2B1946204617F801ABE2D03C
:1039B0001A460133EDE77F4FD4F8003107F11808BC
:1039C0004FF0000916E0D4F80831D4F80C2184F83F
:1039D000FF909847D4F824310133C4F824310022F1
:1039E0000123B845C4F8003104F802A084F804A10A
:1039F00000F09986FF2B1946204617F801AFE2D058
:103A00001A460133EDE76C4FD4F8003107F108088E
:103A10004FF0000916E0D4F80831D4F80C2184F8EE
:103A2000FF909847D4F824310133C4F824310022A0
:103A30000123B845C4F8003104F802A084F804A1B9
:103A400000F0A686FF2B1946204617F801AFE2D0FA
:103A50001A460133EDE7594FD4F8003107F10B084E
:103A60004FF0000916E0D4F80831D4F80C2184F89E
:103A7000FF909847D4F824310133C4F82431002250
:103A80000123B845C4F8003104F802A084F804A169
:103A900000F0CC85FF2B1946204617F801ABE2D089
:103AA0001A460133EDE7D4F80071FF2F12D14FF021
:103AB00000083946D4F8083184F8FF80D4F80C2186
:103AC00020469847D4F82431C4F800810133474692
:103AD000C4F824317E237A1CC4F80021E35584F80D
:103AE00004313146EA682046FFF784F805996A6890
:103AF000FFF773B93146EA682046FFF77BF805996E
:103B00006A68FFF76AB9D5F80880D4F80031B8F1CF
:103B1000000F00F08B872A4E4FF0000906F1060ACD
:103B200015E0D4F80831D4F80C2184F8FF909847B8
:103B3000D4F824310133C4F8243100220123B245E2
:103B4000C4F80031A75484F8047100F08F86FF2B6D
:103B50001946204616F8017BE3D01A460133EEE7FA
:103B6000D4F81C31002B40F0D18605F10801204625
:103B7000FCF74AFE0246002801F0718203782F2BE1
:103B800001F06282D4F810713B68C4F810313146FC
:103B90002046FFF72FF8C4F8107105996A68FFF7FF
:103BA0001CB900BF4B4A0408374A0408234A0408DA
:103BB000144A0408EF490408E3490408D8490408F2
:103BC000B84B040800237107D4F81491D4F8448149
:103BD000C4F81431C4F84451AF6805D53B781BB91B
:103BE000FA68062A01F033843A4631462046FFF748
:103BF00001F894F804313C2B01F00682D4F80071EE
:103C0000FF2F12D14FF0000A3946D4F8083184F85A
:103C1000FFA0D4F80C2120469847D4F82431C4F8EA
:103C200000A101335746C4F824313C237A1CC4F860
:103C30000021E35584F804313146EA682046FEF756
:103C4000D9FF94F804313E2B01F06F80D4F8007155
:103C5000FF2F11D100263946D4F8083184F8FF60CF
:103C6000D4F80C2120469847D4F82431C4F80061D8
:103C700001333746C4F824313E237A1CC4F80021AE
:103C8000E35584F80431C4F81491C4F844810599CB
:103C90006A68FFF7A2B8DA4FD4F8003107F11108CB
:103CA0004FF0000916E0D4F80831D4F80C2184F85C
:103CB000FF909847D4F824310133C4F8243100220E
:103CC0000123B845C4F8003104F802A084F804A127
:103CD00000F0EB84FF2B1946204617F801AFE2D025
:103CE0001A460133EDE7C74FD4F8003107F1150844
:103CF0004FF0000916E0D4F80831D4F80C2184F80C
:103D0000FF909847D4F824310133C4F824310022BD
:103D10000123B845C4F8003104F802A084F804A1D6
:103D200000F0CC84FF2B1946204617F801AFE2D0F3
:103D30001A460133EDE7B44FD4F8003107F1190802
:103D40004FF0000916E0D4F80831D4F80C2184F8BB
:103D5000FF909847D4F824310133C4F8243100226D
:103D60000123B845C4F8003104F802A084F804A186
:103D700000F08984FF2B1946204617F801AFE2D0E6
:103D80001A460133EDE7A14FD4F8003107F11608C8
:103D90004FF0000916E0D4F80831D4F80C2184F86B
:103DA000FF909847D4F824310133C4F8243100221D
:103DB0000123B845C4F8003104F802A084F804A136
:103DC00000F06A84FF2B1946204617F801AFE2D0B5
:103DD0001A460133EDE78E4FD4F8003107F113088E
:103DE0004FF0000916E0D4F80831D4F80C2184F81B
:103DF000FF909847D4F824310133C4F824310022CD
:103E00000123B845C4F8003104F802A084F804A1E5
:103E100000F02784FF2B1946204617F801AFE2D0A7
:103E20001A460133EDE77B4FD4F8003107F10F0854
:103E30004FF0000916E0D4F80831D4F80C2184F8CA
:103E4000FF909847D4F824310133C4F8243100227C
:103E50000123B845C4F8003104F802A084F804A195
:103E600000F00884FF2B1946204617F801AFE2D076
:103E70001A460133EDE7684FD4F8003107F11A080C
:103E80004FF0000916E0D4F80831D4F80C2184F87A
:103E9000FF909847D4F824310133C4F8243100222C
:103EA0000123B845C4F8003104F802A084F804A145
:103EB00000F0C583FF2B1946204617F801AFE2D06A
:103EC0001A460133EDE7554FD4F8003107F11108D8
:103ED0004FF0000916E0D4F80831D4F80C2184F82A
:103EE000FF909847D4F824310133C4F824310022DC
:103EF0000123B845C4F8003104F802A084F804A1F5
:103F000000F0A683FF2B1946204617F801AFE2D038
:103F10001A460133EDE7D4F81C71D5F80890002F4C
:103F200040F0AE8599F80020052A01F0808199F8CB
:103F30000030232B00F0A0852A789A4200F09C855F
:103F4000242B01F06281D4F814C1A94618ABD4F82F
:103F5000102143F840CD0021CDE90A12CDF824907C
:103F6000C4F81431D9F8082010E0002218ABD4F8B6
:103F7000141143F8401DD4F8101109950020C4F81D
:103F80001431CDE90A01A946002AEBD0314620467A
:103F9000FEF730FE0A9B23B94A463146204601F01F
:103FA000BFFC089BC4F814310FB1C4F81081059907
:103FB0006A68FEF712BFD4F814C16346BCF1000F63
:103FC000C3D0996851B95A681278A2F1190EBEF19E
:103FD000020F01F2FC80904201F0F0801B68002B80
:103FE000EFD1B2E7D5E90267002F3EF4F6AE3744D1
:103FF000D4F80031013F013E4FF0000827E000BF38
:10400000EF4A0408D74A0408BB4A0408A34A040834
:104010008F4A04087F4A0408634A04084F4A040888
:10402000D4F80831D4F80C2184F8FF809847D4F8EC
:1040300024310133C4F8243100220123B742C4F8EB
:10404000003104F8029084F8049100F0CE83FF2B35
:104050001946204616F8019FE2D01A460133EDE7D3
:104060003146AA682046FEF7C5FD05996A68FEF745
:10407000B4BE16F00406A86840F00585D0E90073C8
:10408000002B3EF4AAAE07EB030808F1FF38D4F882
:104090000031013FB14615E0D4F80831D4F80C21C5
:1040A00084F8FF909847D4F824310133C4F82431C0
:1040B00000220123B845C4F80031A65484F80461F5
:1040C00000F04585FF2B1946204617F8016FE3D015
:1040D0001A460133EEE7D5F80880D4F8143102937C
:1040E0000022C4F81421B8F1000F25D0D4F8103103
:1040F00001930DF12009234617464446924649464E
:10410000AB4698462578019B0A602846C1E9014ADA
:10411000CB6001370A46FCF77FF9002800F0C8871A
:10412000A468002C01F05780042F01F11001E9D19F
:1041300044465D46C8F814210123C4F81831059996
:104140006A68FEF74ABE16F00406AF6840F00584C0
:10415000EB68002B3EF441AE07EB030808F1FF3893
:10416000D4F80031013FB14615E0D4F80831D4F855
:104170000C2184F8FF909847D4F824310133C4F817
:10418000243100220123B845C4F80031A65484F834
:10419000046100F0E084FF2B1946204617F8016FF8
:1041A000E3D01A460133EEE7AA6831462046FEF70F
:1041B00021FD16F0040900F08186D4F80071FF2F6C
:1041C00012D14FF000083946D4F8083184F8FF8046
:1041D000D4F80C2120469847D4F82431C4F8008143
:1041E00001334746C4F824312E237A1CC4F8002139
:1041F000E35584F80431EF683B78462B00F03A87AA
:104200003A4631462046FEF7F5FC05996A68FEF706
:10421000E4BD0123C4F818316A68FEF7DEBD01373A
:104220004F457EF42BAE039D05996A68FEF7D5BD18
:104230003146AA682046FEF7DDFC05996A68FEF75C
:10424000CCBD3146AA682046FEF7D4FCD4F80071F4
:10425000FF2F11D100263946D4F8083184F8FF60C9
:10426000D4F80C2120469847D4F82431C4F80061D2
:1042700001333746C4F824317A1C2923C4F80021BD
:10428000E35584F804316A680599FEF7A6BDD4F8B1
:104290001C31AA68D34F01333146C4F81C31204683
:1042A000FEF7A8FCD4F81C21D4F80031013AC4F878
:1042B0001C21BE1C4FF0000815E0D4F80831D4F8DA
:1042C0000C2184F8FF809847D4F824310133C4F8D6
:1042D000243100220123B742C4F8003104F80290CF
:1042E00084F8049111D0FF2B1946204617F8019B42
:1042F000E3D01A460133EEE73146AA682046FEF7BE
:1043000079FC05996A68FEF768BDEA68B64901322A
:1043100008A836F0B1F908A804F0F2FC28B308AEFA
:10432000D4F8003137184FF0000815E0D4F8083100
:10433000D4F80C2184F8FF809847D4F82431013355
:10434000C4F8243100220123BE42C4F8003104F82D
:10435000029084F804910AD0FF2B1946204616F8E3
:10436000019BE3D01A460133EEE7D4F80031FF2B6E
:1043700010D10026194684F8FF60D4F80831D4F82B
:104380000C2120469847D4F82431C4F80061013349
:10439000C4F82431D4F800210599501C7D23C4F8B9
:1043A0000001A35484F804316A68FEF716BD314653
:1043B000AA682046FEF71EFC05996A68FEF70DBD47
:1043C000AA688949013208A836F056F908A804F00D
:1043D00097FC002871D008AED4F8003137184FF0A0
:1043E000000815E0D4F80831D4F80C2184F8FF80D7
:1043F0009847D4F824310133C4F824310022012332
:10440000B742C4F8003104F8029084F8049156D001
:10441000FF2B1946204616F8019BE3D01A460133BC
:10442000EEE73146EA682046FEF7E4FBD4F8007177
:10443000FF2F11D100263946D4F8083184F8FF60E7
:10444000D4F80C2120469847D4F82431C4F80061F0
:1044500001333746C4F824317A1C5D23C4F80021A7
:10446000E35584F804316A680599FEF7B6BC314615
:10447000EA682046FEF7BEFBD4F80071FF2F11D189
:1044800000263946D4F8083184F8FF60D4F80C21AE
:1044900020469847D4F82431C4F8006101333746E8
:1044A000C4F824317A1C5D23C4F80021E35584F854
:1044B00004316A680599FEF790BCD4F80031FF2BEF
:1044C00010D10026194684F8FF60D4F80831D4F8DA
:1044D0000C2120469847D4F82431C4F800610133F8
:1044E000C4F82431D4F800210599501C7D23C4F868
:1044F0000001A35484F804316A68FEF76EBC3146AB
:10450000AA682046FEF776FB05996A68FEF765BC47
:1045100005996A68FEF761BC3146AA682046FEF735
:1045200069FB05996A68FEF758BC3146EA6820467F
:10453000FEF760FB05996A68FEF74FBCD4F844218A
:104540003AB118ABD4F8101143F8401D0992C4F8E1
:104550001031AA681378042B00F0D6843146204627
:10456000FEF748FBD4F8443113B1089BC4F810316E
:1045700005996A68FEF731BCDAF804603278613A6E
:10458000192A1DD8FF2B10D10026194684F8FF6088
:10459000D4F80831D4F80C2120469847D4F82431B7
:1045A000C4F800610133C4F82431D4F80021202379
:1045B000511CC4F80011A35484F80431DAF80460E3
:1045C000F31913F8013C202B08BF07F1FF37002F28
:1045D00000F0FB86013ED4F8003137444FF000086C
:1045E0001BE000BF0C4C04085C490408D4F80831F7
:1045F000D4F80C2184F8FF809847D4F82431013393
:10460000C4F8243100220123BE42C4F8003104F86A
:10461000029084F8049100F0EC80FF2B19462046AC
:1046200016F8019FE2D01A460133EDE73146AA6839
:104630002046FEF7DFFA05996A68FEF7CEBB3146E1
:10464000AA682046FEF7D6FA05996A68FEF7C5BB48
:104650003146AA682046FEF7CDFA05996A68FEF74A
:10466000BCBB3146AA682046FEF7C4FA05996A68C1
:10467000FEF7B3BB3146AA682046FEF7BBFA0599A0
:104680006A68FEF7AABB3146AA682046FEF7B2FA6E
:1046900005996A68FEF7A1BB3146AA682046FEF775
:1046A000A9FA05996A68FEF798BB3146AA682046C0
:1046B000FEF7A0FA05996A68FEF78FBBCF4FEA684C
:1046C00031462046FEF796FA07F10508D4F8003186
:1046D0004FF0000915E0D4F80831D4F80C2184F823
:1046E000FF909847D4F824310133C4F824310022D4
:1046F00001234745C4F8003104F802A084F804A15E
:1047000008D0FF2B1946204617F801ABE3D01A4614
:104710000133EEE73146AA682046FEF76BFA0599A9
:104720006A68FEF75ABBB64FAA6831462046FEF7C4
:1047300061FA07F10408D4F800314FF0000915E0E0
:10474000D4F80831D4F80C2184F8FF909847D4F8B5
:1047500024310133C4F8243100220123B845C4F8C0
:10476000003104F802A084F804A108D0FF2B1946F8
:10477000204617F801ABE3D01A460133EEE7314685
:10478000EA682046FEF736FA05996A68FEF725BB07
:104790003146AA682046FEF72DFA05996A68FEF7A9
:1047A0001CBB3146AA682046FEF724FA05996A68C0
:1047B000FEF713BB3146AA682046FEF71BFA05999F
:1047C0006A68FEF70ABB3146AA682046FEF712FA6D
:1047D00005996A68FEF701BB3146AA682046FEF7D4
:1047E00009FA05996A68FEF7F8BA05996A68FEF74A
:1047F000F4BA05996A68FEF7F0BA3146EA6801939F
:104800002046D4F82461FEF7F5F9D4F82421019B61
:10481000964200F0418405996A68FEF7DEBA794E47
:10482000904606F1060914E0D4F80831D4F80C21BA
:1048300084F8FF809847D4F824310133C4F8243138
:1048400000220123B145C4F80031A75484F8047153
:1048500008D0FF2B1946204616F8017BE4D01A46F3
:104860000133EFE705996A68FEF7B7BA424608A830
:10487000654935F001FF08A804F042FA28B308AEF4
:10488000D4F8003106EB00094FF0000814E0D4F82A
:104890000831D4F80C2184F8FF809847D4F82431EB
:1048A0000133C4F8243100220123B145C4F800319A
:1048B000A75484F8047108D0FF2B1946204616F837
:1048C000017BE4D01A460133EFE7D4F80071FF2FE3
:1048D00011D100263946D4F8083184F8FF60D4F8A5
:1048E0000C2120469847D4F82431C4F800610133E4
:1048F0003746C4F824317A1C7D23C4F80021E355DF
:1049000084F804316A680599FEF767BA3F4ED4F817
:10491000003106F105094FF0000815E0D4F8083120
:10492000D4F80C2184F8FF809847D4F8243101335F
:10493000C4F8243100220123B145C4F80031A75442
:1049400084F8047100F0CF80FF2B1946204616F83A
:10495000017BE3D01A460133EEE7EE683E44BE42E7
:104960007EF63BAA4FF0000818E0D4F8083184F82E
:10497000FF80D4F80C2120469847D4F82431013325
:10498000C4F8243100210123C4F8003104F8019057
:1049900084F804910137BE4240F2E180F31B032BFF
:1049A00097F8009002DDB9F15F0F05D0D4F800113F
:1049B000FF29DAD04B1CE7E77B785F2BF6D1BB7879
:1049C000552BF3D1F91C002002E0134603EB001035
:1049D0008E428A46EAD911F8013BA3F130025FFA10
:1049E00082FEBEF1090FA3F1410CEED9BCF1050F17
:1049F000A3F1610200F2C785373BE7E7D04A04081C
:104A00000C4A0408304B04085C490408D0490408E7
:104A100005996A68FEF7E1B9AA6801921946002B68
:104A20007EF426AA05996A68FEF7D7B9CE4E06F13C
:104A3000040914E0D4F80831D4F80C2184F8FF807C
:104A40009847D4F824310133C4F8243100220123DB
:104A5000B145C4F80031A75484F8047108D0FF2B85
:104A60001946204616F8017BE4D01A460133EFE7D9
:104A700005996A68FEF7B1B9D4F814C1FFF766BAB0
:104A80000027FFF754BAD0E90267002F3EF4A5A92A
:104A90003744D4F80031013F013E4FF0000915E0E2
:104AA000D4F80831D4F80C2184F8FF909847D4F852
:104AB00024310133C4F8243100220123B742C4F861
:104AC000003104F8028084F8048108D0FF2B1946D5
:104AD000204616F8018FE3D01A460133EEE7059918
:104AE0006A68FEF77AB9AA68A049013208A835F0C9
:104AF000C3FD08A804F004F928B308AED4F80031C7
:104B000006EB00094FF0000814E0D4F80831D4F89F
:104B10000C2184F8FF809847D4F824310133C4F87D
:104B2000243100220123B145C4F80031A75484F890
:104B3000047108D0FF2B1946204616F8017BE4D0FB
:104B40001A460133EFE705996A68FEF746B90599F9
:104B50006A68FEF742B905996A68FEF73EB9059999
:104B60006A68FEF73AB9DB681B783B2B7EF4F6AB3C
:104B700005F10C03AA683146204601F095FD8046F8
:104B8000002840F0A086D5E90272B968D3680868A9
:104B90007749D2F808B0D3E902A903F035FF00281D
:104BA00000F07486042273492046FBF7FFFBDBF814
:104BB000083003B35A463146204601F023FDD4F8AD
:104BC0000071FF2F10D13946D4F8083184F8FF80E6
:104BD000D4F80C2120469847D4F82431C4F8008139
:104BE00001334746C4F8243120237A1CC4F800213D
:104BF000E35584F80431524631462046FDF7FAFF6A
:104C0000B9F1000F00F063864A463146204601F0B4
:104C1000F9FC05996A68FEF7E0B8D9F808305649FA
:104C2000D3F800A0504603F0EFFE98F8003010B91A
:104C3000032B00F02B85382B00F00C854F49504694
:104C400003F0E2FE0746002800F013854C49504669
:104C500003F0DAFE002800F03383314620464A464E
:104C600001F090FC4749504603F0CEFE002800F0CA
:104C7000B0835046444903F0C7FE814600287EF4C5
:104C8000D7ABD4F80071FF2F10D184F8FF0039465C
:104C9000D4F80831D4F80C2120469847D4F82431B0
:104CA000C4F8009101334F46C4F82431781C2823FE
:104CB000C4F800014246E3553146204684F80431E9
:104CC000FDF798FFD4F80071FF2F11D10026394667
:104CD000D4F8083184F8FF60D4F80C2120469847B6
:104CE000D4F82431C4F8006101333746C4F82431C4
:104CF0007A1C2923C4F80021E35584F804316A683A
:104D00000599FEF76AB805F10C024146204601F00C
:104D100035F9AA68002A00F0FD8341462046FDF7D8
:104D200069FF05996A68FEF758B8D4F80071FF2F3B
:104D300011D100263946D4F8083184F8FF60D4F840
:104D40000C2120469847D4F82431C4F8006101337F
:104D50003746C4F8243120237A1CC4F80021E355D7
:104D600084F80431FEF772BFB04B04085C490408B4
:104D7000704904086C4B0408544B0408584B040851
:104D8000604904085C4B04087C4E04089B6893F857
:104D90001080B8F1000F3EF489AAB8F1060F40F276
:104DA0003F84B8F1070F7EF481AAEB681A78002AD5
:104DB0007EF47CAADA68012A7EF478AA3C287EF484
:104DC00075AA9B681B78302B00F0B684312B7EF4DB
:104DD0006DAA0422C3492046FBF7E8FA05996A68E0
:104DE000FDF7FBBFD4F80071FF2F12D14FF0000880
:104DF0003946D4F8083184F8FF80D4F80C212046D5
:104E00009847D4F82431C4F8008101334746C4F8E8
:104E100024317A1C5B23C4F80021E35584F8043163
:104E20003146EA682046FDF7E5FED4F80071FF2F11
:104E300011D100263946D4F8083184F8FF60D4F83F
:104E40000C2120469847D4F82431C4F8006101337E
:104E50003746C4F824317A1C5D23C4F80021E35599
:104E600084F804316A680599FDF7B7BF591C2922F7
:104E7000C4F80011E25484F804212B783D2B7EF411
:104E800057AAFF290FD10027D4F8083184F8FF7002
:104E9000D4F80C2120469847D4F82431C4F8007186
:104EA0000133C4F82431D4F800212D23511CC4F857
:104EB0000011A35484F80431FEF73ABA8A4FD4F8AB
:104EC000003107F1020A16E0D4F80831D4F80C21B9
:104ED00084F8FF909847D4F824310133C4F8243182
:104EE00000220123BA45C4F8003104F8028084F896
:104EF00004813FF480A9FF2B1946204617F8018B47
:104F0000E2D01A460133EDE7926831462046FDF7BC
:104F100071FED4F8443113B1089BC4F8103194F8F1
:104F200004313C2B00F0C482D4F80071FF2F12D161
:104F30004FF000083946D4F8083184F8FF80D4F8DF
:104F40000C2120469847D4F82431C4F8008101335D
:104F50004746C4F824313C237A1CC4F80021E355A9
:104F600084F80431AB683146DA682046FDF742FE2A
:104F700094F804313E2B00F07D82D4F80071FF2FAD
:104F800011D100263946D4F8083184F8FF60D4F8EE
:104F90000C2120469847D4F82431C4F8006101332D
:104FA0003746C4F824313E237A1CC4F80021E35567
:104FB00084F80431FFF7DCBA4C4FD4F8003107F124
:104FC00005094FF0000A16E0D4F80831D4F80C2196
:104FD00084F8FFA09847D4F824310133C4F8243171
:104FE00000220123B945C4F8003104F8028084F896
:104FF00004813EF441ABFF2B1946204617F8018B84
:10500000E2D01A460133EDE7D4F80071FF2F12D138
:105010004FF0000A3946D4F8083184F8FFA0D4F8DC
:105020000C2120469847D4F82431C4F800A101335C
:105030005746C4F8243120237A1CC4F80021E355D4
:1050400084F80431FEF7DABDD4F820110029FEF609
:1050500099ADFBF7C3FB024600287EF493AD012314
:10506000C4F818316A680599FDF7B7BE05996A68F2
:10507000FDF7B3BE0D221E492046FBF797F9F968EC
:1050800020460131FBF784FC03221A492046FBF736
:105090008DF9BF68FFF7B4B8D4F8000105996A68C4
:1050A000B8427DF49AAE013BC4F80031FDF795BEDD
:1050B00042465B46AB46BBF1040FA0461D46144674
:1050C000C2F8141100F0A382BBF1020F37D1D8F857
:1050D0000CA09AF80030462B00F0278309EB07124A
:1050E0000C3A20E0884B0408AC490408204B040823
:1050F000B0490408C0490408042F3FF41DA89BE8E8
:105100000F008CE80F0000234EF80C3C4EF810AC5A
:10511000019BDAF808A0C4F814C101374EF804BCAA
:105120004EF8083C72469AF80000FBF775F9A2F1B8
:10513000040B02F1100E02F10C0C0028DCD1EA681D
:1051400031462046FDF756FD98F80030042B04BF89
:10515000069BC4F810313F014FF0200AA84609EB26
:10516000070B5BF8085C0DBBD4F80031FF2B204621
:1051700019460ED1D4F80831D4F80C2184F8FF5028
:105180009847D4F82431C4F800515A1CC4F824219B
:105190002B46591CC4F800115BF80C2C04F803A032
:1051A0003146204684F804A100F0BAFB103FD6D166
:1051B000029BC4F814314546FEF7C1BF3146AA68C8
:1051C0002046FDF717FD05996A68FDF706BE0F46F4
:1051D000A946FEF7BBBE44465D46C8F81411FEF76B
:1051E000ABBFEA6831462046FDF704FD0A9B019AF1
:1051F000C4F81421002B3EF419ABFEF71FBB0123AA
:105200006446CCF81831FEF719BBD9F80820FEF730
:10521000ADBE3146AA68204601F0F4F90322BF4929
:105220002046FBF7C3F805996A68FDF7D6BDD4F8A8
:1052300030E1D4F82C21BEF1000F17DD1068814554
:1052400000F0A78102F1080BBC460191704604E012
:1052500052F83C10894500F09D810CF1010C60452D
:10526000DA460BF1080BF3D101998646D4F83431B4
:105270009E4580F244830EF1010302EBCE0CC4F88C
:105280003031D4F8100142F83E900CF1040C0028A3
:1052900000F05B82D4F83C21D4F840319A4202F10C
:1052A000010E80F22C83D4F83831C4F83CE103EBD2
:1052B000C20342685A60CCF8003000689C46E6E7BA
:1052C0000646474601E0FF681FB33B782F2B20D1ED
:1052D000BB68F3B11A784A2A18BF0136F3D199682E
:1052E0002046FBF7A1FA002800F0EF8103782F2B6E
:1052F00040F0EB81836853B1002304E002782F2A49
:1053000005D182681AB1C06801330028F6D11E4465
:10531000D9E731462046FBF73BFB05996A68FDF764
:105320005CBD3146204601F02DF9D4F80071FF2F05
:1053300012D14FF000083946D4F8083184F8FF80C4
:10534000D4F80C2120469847D4F82431C4F80081C1
:1053500001334746C4F824317A1C3C23C4F80021A9
:10536000E35584F80431EB6831469A682046FDF72E
:1053700041FC02226A492046FBF718F8EB683146E7
:10538000DA682046FDF736FCD4F80071FF2F11D102
:1053900000263946D4F8083184F8FF60D4F80C218F
:1053A00020469847D4F82431C4F8006101333746C9
:1053B000C4F824317A1C2923C4F80021E35584F869
:1053C00004316A680599FDF708BD05996A68FDF71B
:1053D00004BD424631462046FDF70CFC05996A683B
:1053E000FDF7FBBC18A9204641F8403DD4F8103128
:1053F000C4F8141141460A960B930995FDF7FAFB80
:105400000A9E089BC4F81431EEB9D4F80071FF2F3E
:1054100010D13946D4F8083184F8FF60D4F80C2153
:1054200020469847D4F82431C4F800610133374648
:10543000C4F8243120237A1CC4F80021E35584F8F1
:105440000431FEF70CBA05996A68FDF7C6BC354908
:10545000B86835F033F900287EF4C6AB3146EA6807
:105460002046FDF7C7FB02222F492046FAF79EFF90
:10547000FEF709BCD4F80071FF2F11D10026394680
:10548000D4F8083184F8FF60D4F80C2120469847FE
:10549000D4F82431C4F8006101333746C4F824310C
:1054A00020237A1CC4F80021E35584F8043164E514
:1054B000D4F80071FF2F12D14FF000083946D4F80C
:1054C000083184F8FF80D4F80C2120469847D4F89E
:1054D0002431C4F8008101334746C4F82431202325
:1054E0007A1CC4F80021E35584F804311CE54046D9
:1054F0000E4903F089FA002840F0FB81EB68314641
:10550000DA68204601F07EF8FDF760BC05996A680C
:10551000FDF763BC05996A68FDF75FBCAC4B0408F6
:10552000604B0408C4490408CC49040864490408D1
:105530009B689A68012A7DF44EAC5B681B783E2B11
:105540007DF449ACD4F80071FF2F11D10026394603
:10555000D4F8083184F8FF60D4F80C21204698472D
:10556000D4F82431C4F8006101333746C4F824313B
:105570007A1C2923C4F80021E35584F804316A68B1
:105580000599FDF72ABC052A00F2A980573BFFF7D1
:105590001DBA92461A4601E0526842B31168894525
:1055A00003D08D42F8D19A42F6D009F10801204685
:1055B000FBF72AF9814698B199F800302F2B7EF439
:1055C000B6ACD4F820110029FEF6B6AC4846FBF77D
:1055D00005F9814600287EF4AAAC0FB1C4F8108109
:1055E0000123C4F818316A680599FDF7F6BBDAF8AB
:1055F0000430D4F81081C4F8103109F108012046B4
:10560000FBF702F9012781460028D5D1E6E718AB60
:10561000019A43F8482DCDF81C80C4F810318EE56E
:10562000EB6893F80090B9F1000F7DF43FAE3D2890
:1056300000F0E6803146EA682046A8F10208FDF74E
:10564000D9FAB8F1040F00F2D780DFE808F0B4937C
:105650008A813500D8F808203146204600F0D2FF74
:105660004A463146204600F08DFF05996A68FDF7ED
:10567000B4BB41462046FBF7D7F8A8B103782F2BDF
:1056800012D1836883B1C0680137F6E7D8F80830D3
:105690001A78012A7FF4D2AAD8F80C201278292A85
:1056A00008BF9846FFF7CABA39462046FBF770F99B
:1056B00005996A68FDF791BB032294492046FAF7E1
:1056C00075FE05996A68FDF788BB00231E44FAE55C
:1056D0004A463146204600F055FFFDF7A9BE5F2B34
:1056E000D4F800117FF464A9FF283FF661A9FF29CF
:1056F0005FFA80F90FD1D4F8083184F8FF80D4F82C
:105700000C2120469847D4F82431C4F80081013395
:10571000C4F8243100214B1CC4F80031574604F86A
:10572000019084F80491FFF735B9DAF808A0BAF1CE
:10573000000F3EF401ADD1E4052275492046FAF789
:1057400035FE05996A68FDF748BBCCF800002CE7E8
:10575000022270492046FAF729FE05996A68FDF78A
:105760003CBB02226C492046FAF720FE05996A6884
:10577000FDF733BBD4F80071FF2F11D10026394655
:10578000D4F8083184F8FF60D4F80C2120469847FB
:10579000D4F82431C4F8006101333746C4F8243109
:1057A0007A1C6C23C4F80021E35584F804316A683C
:1057B0000599FDF712BBD4F80071FF2F11D1002617
:1057C0003946D4F8083184F8FF60D4F80C2120461B
:1057D0009847D4F82431C4F8006101333746C4F83F
:1057E00024317A1C7523C4F80021E35584F8043170
:1057F0006A680599FDF7F1BA05996A68FDF7EDBA8F
:10580000D4F80071FF2F10D13946D4F8083184F84C
:10581000FF90D4F80C2120469847D4F82431C4F8DE
:10582000009101334F46C4F824312D237A1CC4F86B
:105830000021E35584F80431FCE69A689168012957
:105840007DF469AA526812783E2A7DF464AAD4F8DD
:105850000071FF2F10D184F8FF003946D4F80831C9
:10586000D4F80C2120469847D4F82431C4F800819C
:1058700001334746C4F8243128237A1CC4F8002198
:10588000E35584F80431AB68FDF745BA5A46314612
:10589000204600F0B7FE3A463146204600F072FE40
:1058A00052463146204600F0ADFE03221B492046F9
:1058B000FAF77CFD4A463146204600F0A3FE0599E2
:1058C0006A68FDF78ABA05996A68FDF786BA05998C
:1058D0006A68FDF782BAD3681B78292B1CBF0123A5
:1058E000C4F8183192683146204600F08BFEFDF76F
:1058F00022BA3A463146204600F044FEFEE5012336
:10590000C4F818316A68FDF768BA00BF7C4B040818
:10591000804B0408784B0408744B0408684B040857
:105920001378033B2DE9F047154604460E464C2BF1
:1059300000F2C882DFE813F07500C602C602C60294
:10594000C602C602C602C602C602C602C602C60217
:10595000C602C602C602C602C602C602C602C60207
:10596000C602C6027A00A100C8007A00A100C800E1
:10597000EE000A01260148016601790252029F02E7
:10598000C602C602C602C6028401C602CC01C60215
:10599000C602C602C602C602C602C602C602C602C7
:1059A000C602C602C602C602C602C602C602C602B7
:1059B000C602C602C602C602C602C602C602C602A7
:1059C000C602C602C602C602C602F401C6022A0206
:1059D0004D00D74FD0F8003107F106084FF000090D
:1059E00016E0D4F80831D4F80C2184F8FF909847D9
:1059F000D4F824310133C4F824310022012347456F
:105A0000C4F8003104F802A084F804A100F05F8219
:105A1000FF2B1946204617F801ABE2D01A46013396
:105A2000EDE7AA68BDE8F047FDF7E4B8C14DD0F84E
:105A3000003105F10906002716E0D4F80831D4F842
:105A40000C2184F8FF709847D4F824310133C4F84E
:105A5000243100220123AE42C4F8003104F8028050
:105A600084F8048100F0EA80FF2B1946204615F8DF
:105A7000018FE2D01A460133EDE7AF4DD0F8003187
:105A800005F10906002716E0D4F80831D4F80C21F6
:105A900084F8FF709847D4F824310133C4F82431D6
:105AA00000220123AE42C4F8003104F8028084F8D9
:105AB000048100F0C380FF2B1946204615F8018FA2
:105AC000E2D01A460133EDE79C4DD0F80031AE1D0F
:105AD000002716E0D4F80831D4F80C2184F8FF70C0
:105AE0009847D4F824310133C4F82431002201232B
:105AF000B542C4F8003104F8028084F8048100F053
:105B00009D80FF2B1946204615F8018BE2D01A46DE
:105B10000133EDE7D0F80011FF290FD10025D0F8AF
:105B2000083180F8FF50D0F80C219847D4F8243180
:105B3000C4F8005101332946C4F8243120224B1CFB
:105B4000C4F80031625484F804215DE0D0F80011FB
:105B5000FF290FD10025D0F8083180F8FF50D0F888
:105B60000C219847D4F82431C4F800510133294658
:105B7000C4F8243120224B1CC4F80031625484F84C
:105B8000042154E1D0F80011FF290FD10027D0F8EB
:105B9000083180F8FF70D0F80C219847D4F82431F0
:105BA000C4F8007101333946C4F824314A1C20235B
:105BB000C4F80021635484F804313146EA68204671
:105BC000BDE8F047FDF716B811F0040636D1D0F85D
:105BD0000011FF290ED1D0F8083180F8FF60D0F80D
:105BE0000C219847D4F82431C4F8006101333146C0
:105BF000C4F824312A234A1CC4F80021635484F8D1
:105C000004311BE0D0F80031FF2B40F0A9810025C2
:105C10001946D4F80C21D4F8083184F8FF502046F6
:105C20009847D4F824315A1CC4F824212B4601216A
:105C30002622C4F80011E25484F80421BDE8F0875C
:105C400090F80431282B19D0D0F80011FF2940F02A
:105C50008B810027D0F80831D0F80C2180F8FF7034
:105C60009847D4F8243101333946C4F8243101224D
:105C70002023C4F80021635484F80431AA68304D0D
:105C800031462046FCF7B6FFEE1CD4F80031002761
:105C900015E0D4F80831D4F80C2184F8FF70984747
:105CA000D4F824310133C4F8243100220123AE4258
:105CB000C4F8003104F8028084F80481BED0FF2BC0
:105CC0001946204615F8018BE3D01A460133EEE75A
:105CD0001C4FD0F8003107F10A084FF0000916E018
:105CE000D4F80831D4F80C2184F8FF909847D4F800
:105CF00024310133C4F8243100220123B845C4F80B
:105D0000003104F802A084F804A100F01E81FF2BEA
:105D10001946204617F801ABE2D01A460133EDE7E9
:105D2000094DD0F8003105F11106002725E000BF2C
:105D30006C4C04082B4C0408374C0408444C0408F1
:105D4000904C0408944C04084B4C0408D4F80831D7
:105D5000D4F80C2184F8FF709847D4F8243101332B
:105D6000C4F8243100220123AE42C4F8003104F803
:105D7000028084F804813FF461AFFF2B194620466E
:105D800015F8018FE2D01A460133EDE7774FD0F8CE
:105D9000003107F109084FF0000916E0D4F8083186
:105DA000D4F80C2184F8FF909847D4F824310133BB
:105DB000C4F82431002201234745C4F8003104F817
:105DC00002A084F804A100F08280FF2B194620462F
:105DD00017F801AFE2D01A460133EDE7644DD0F871
:105DE000003105F10806002716E0D4F80831D4F890
:105DF0000C2184F8FF709847D4F824310133C4F89B
:105E0000243100220123AE42C4F8003104F802809C
:105E100084F804813FF412AFFF2B1946204615F891
:105E2000018FE2D01A460133EDE7D0F80031514D31
:105E30000027AE1C16E0D4F80831D4F80C2184F801
:105E4000FF709847D4F824310133C4F8243100227C
:105E50000123B542C4F8003104F8028084F80481BB
:105E60003FF4ECAEFF2B1946204615F8018BE2D02B
:105E70001A460133EDE7404DD0F8003105F10A062E
:105E8000002716E0D4F80831D4F80C2184F8FF700C
:105E90009847D4F824310133C4F824310022012377
:105EA000B542C4F8003104F8028084F804813FF45C
:105EB000C5AEFF2B1946204615F8018BE2D01A46D5
:105EC0000133EDE72A46BDE8F047FCF793BEEA68E8
:105ED000002A3FF4B3AEFF2B44D100271946D4F873
:105EE0000C21D4F8083184F8FF7020469847D4F884
:105EF0002431EA68591CC4F824113B4601212825A5
:105F0000C4F8001120463146E55484F80451FCF7EA
:105F100071FED4F80011FF2920D10025D4F80831F2
:105F2000D4F80C2184F8FF5020469847D4F8243147
:105F300001332946C4F8243101222923C4F8002161
:105F4000635484F80431BDE8F0873146AA682046DE
:105F5000FCF750FED4F80011FF29DED04A1CECE714
:105F6000591C65E6591CCAE74A1C81E65F4C0408C7
:105F7000774C0408744C0408844C04082DE9F84359
:105F800004460E4617461D46D3B19B68C3B92A4640
:105F90000120DFF8C8C101E093688BB953681B7812
:105FA000193BDBB2122B00FA03F106D811EA0C0FF1
:105FB00040F0C78011F4606F54D11268002AEBD111
:105FC0000023D4F81481C4F8143131462A462046FF
:105FD00000F0C6F8D4F80011FF2940F0A480002397
:105FE00084F8FF30D4F80C21D4F8083120469847C3
:105FF0002823237084F80431D4F824313A68591CDA
:106000000123C4F82411C4F80031002A00F097805D
:1060100031462046FCF7EEFDD4F80031FF2B40F06E
:106020008E8000271946D4F80C21D4F8083184F862
:10603000FF7020469847D4F824315A1CC4F8242114
:106040003B4601222920C4F800213146E0542A466B
:1060500084F804010123204600F082F8C4F814817A
:10606000BDE8F88394F80431D4F8001103F0FD0280
:10607000282A1ED0202B1CD0FF2912D1002384F8FF
:10608000FF30D4F80C21D4F8083120469847D4F8D2
:10609000243120220133C4F82431227001214A1C0A
:1060A0001AE04B1C2022C4F80031625484F8042109
:1060B0001946FF29F3D14FF00008D4F80831D4F87D
:1060C0000C2184F8FF8020469847D4F8243101330E
:1060D0004146C4F8243101222823C4F80021635426
:1060E0004FF0000984F80431D4F81481C4F81491F5
:1060F0004B462A463146204600F032F8D4F80031AB
:10610000FF2B23D11946D4F80C21D4F8083184F898
:10611000FF9020469847D4F8243129220133C4F84F
:1061200024312270012128224B1CC4F80031625412
:1061300084F804213A68002A3FF470AF68E75A1CDB
:1061400080E794F80431D4F8001193E72922591C10
:10615000C4F80011E25484F804213DE7073104003B
:10616000002A00F0AC802DE9F04F1F46D0F818311E
:1061700089B005464BBB884614464FF0010902E042
:10618000D5F818310BBBA368E3B9D4F804A09AF88A
:106190000060304617B9FAF73FF998B9E368C4F8D8
:1061A0000890292ED5F810B1C5F810315246414655
:1061B00028460DD02A2E15D0022E1DD0FFF7B0FB99
:1061C000C5F810B12468002CDAD109B0BDE8F08F11
:1061D00023680AF10C02FFF7D1FEC5F810B109B02F
:1061E000BDE8F08F23680AF1080200F0F1F8C5F865
:1061F00010B109B0BDE8F08F0026D5F81471DAF8B7
:106200000820C5F81461FCF7F5FCC5F8147118F006
:1062100004072FD0D5F80011FF2940F0CF80D5F822
:106220000831D5F80C2185F8FF6028469847D5F845
:10623000243101333146C5F8243101222E23C5F81B
:1062400000216B5485F804316368DC6820784628A7
:1062500002D135E0A4682078FAF7DEF80028F9D1F9
:10626000224641462846FCF7C5FCC5F810B109B0E6
:10627000BDE8F08F524ED5F8003106F1020915E065
:10628000D5F80831D5F80C2185F8FF709847D5F876
:1062900024310133C5F8243100220123B145C5F86A
:1062A000003105F802A085F804A1CDD0FF2B1946D6
:1062B000284616F801ABE3D01A460133EEE77047E3
:1062C000404ED5F8003106F10D074FF0000915E0FA
:1062D000D5F80831D5F80C2185F8FF909847D5F806
:1062E00024310133C5F8243100220123B742C5F817
:1062F000003105F802A085F804A108D0FF2B19464B
:10630000284616F801ABE3D01A460133EEE7E268FF
:106310002D49013201A834F0AFF901A802F0F0FCD8
:1063200028B301AED5F8003137184FF0000915E059
:10633000D5F80831D5F80C2185F8FF909847D5F8A5
:1063400024310133C5F8243100220123BE42C5F8AF
:10635000003105F802A085F804A10AD0FF2B1946E8
:10636000284616F801ABE3D01A460133EEE7D5F81C
:106370000031164E4FF00009F71C16E0D5F8083131
:10638000D5F80C2185F8FF909847D5F824310133D2
:10639000C5F8243100220123B742C5F8003105F8C1
:1063A00002A085F804A13FF455AFFF2B19462846FB
:1063B00016F801ABE2D01A460133EDE74A1C3DE77F
:1063C000AC490408B04904085C490408C049040801
:1063D0002DE9F84F04460F4690465BB11E469D6876
:1063E000002D42D01B68002BF9D132463946204699
:1063F000FFF7B6FED4F80011FF2940F0B18000236A
:1064000084F8FF30D4F80C21D4F80831204698479E
:10641000D4F8243120220133C4F82431227001231E
:106420005B22591CC4F80011E25484F80421D8F806
:106430000020002A40D1FF2945D10025D4F8083199
:10644000D4F80C2184F8FF5020469847D4F8243122
:1064500001332946C4F8243101225D23C4F8002108
:10646000635484F80431BDE8F88F5B681B782A2BED
:106470002BD12B46324639462046FFF771FED4F821
:106480000031FF2BCCD10022194684F8FF20D4F82C
:106490000831D4F80C21204698475B23237084F8F8
:1064A0000431D4F82431D8F8002001330121C4F894
:1064B0002431C4F8001132B139462046FCF79AFB6A
:1064C000D4F80011B7E74A1CC7E7DFF8B490D4F856
:1064D000003109F1020A16E0D4F80831D4F80C2191
:1064E00084F8FF509847D4F8243100220133C4F8CF
:1064F0002431CA454FF00103C4F8003104F802B05A
:1065000084F804B110D0FF2B1946204619F801BBBE
:10651000E2D01A46CA4503F10103C4F8003104F879
:1065200002B084F804B1EED1002332463946204649
:10653000FFF716FED4F80031FF2B19D100221946BF
:1065400084F8FF20D4F80831D4F80C21204698476D
:10655000D4F8243129220133C4F8243122700121D6
:1065600020224B1CC4F80031625484F8042188E7CF
:106570002922591CC4F80011E25484F804213BE795
:10658000A84B04082DE9F0411578312D03D0BDE862
:10659000F041FCF72FBB9368D3E901567EB32E443C
:1065A0000446D0F80031013E013D002716E0D4F842
:1065B0000831D4F80C2184F8FF709847D4F82431BE
:1065C00000220133C4F82431B5424FF00103C4F86E
:1065D000003104F8028084F8048110D0FF2B1946A2
:1065E000204615F8018FE2D01A46B54203F10103A7
:1065F000C4F8003104F8028084F80481EED1BDE8CB
:10660000F08100BF1378012B2DE9F041044641D9F8
:10661000302B3FD0062B3DD0D0F80071FF2F0E4617
:1066200015463ED14FF000083946D0F80831D0F871
:106630000C2180F8FF809847D4F824310133474675
:10664000C4F8243101222823C4F800213146E3553F
:106650002A46204684F80431FCF7CCFAD4F800111D
:10666000FF291CD10025D4F80831D4F80C2184F876
:10667000FF5020469847D4F8243101332946C4F806
:10668000243101222923C4F80021635484F8043101
:10669000BDE8F0812046BDE8F041FCF7ABBA4A1CEA
:1066A000F0E77A1CCFE700BF2DE9F04F926812683F
:1066B0001678662E83B003D0002003B0BDE8F08FBB
:1066C0001B68D3E9028999F800303B2B00F0108158
:1066D000002301934FF0FF33D0F82071C0F8203130
:1066E00053784C3B0D460446262B3AD8DFE803F09E
:1066F000B03939393939B03939393939393939391C
:1067000039393939393939393939393939393939F9
:106710008939393939393F00424629462046FFF741
:1067200031FF019A29462046FFF76CFFD4F800118B
:10673000FF2940F0EA800025D4F80831D4F80C2174
:1067400084F8FF5020469847D4F824310133294675
:10675000C4F8243101222923C4F80021635484F8A9
:1067600004310120C4F8207103B0BDE8F08FD0F8E7
:106770000011FF2940F0CB800026D0F80831D0F876
:106780000C2180F8FF609847D4F82431013331465A
:10679000C4F8243101222823C4F800212046635480
:1067A0004A46294684F80431FFF72CFF2946594D03
:1067B00042462046FFF7E6FE2E1DD4F800314FF08A
:1067C000000815E0D4F80831D4F80C2184F8FF80D3
:1067D0009847D4F824310133C4F82431002201232E
:1067E000AE42C4F8003104F8029084F80491B8D0A5
:1067F000FF2B1946204615F8019BE3D01A460133BA
:10680000EEE7454ED0F8003106F1040A17E04FF0EC
:10681000000384F8FF30D4F80C21D4F808319847ED
:10682000D4F824310133C4F8243100220123B245C5
:10683000C4F8003104F802B084F804B15ED0FF2B34
:106840001946204616F801BBE1D01A460133EEE79F
:10685000D0F80031FF2B10D100261946D0F80C21BA
:10686000D0F8083180F8FF609847D4F82431C4F894
:1068700000615A1CC4F824213346591C4FF0280CDF
:106880004A46C4F80011204604F803C0294684F89B
:1068900004C1DFF88890FFF7B5FE4246294620463E
:1068A000FFF770FE09F1030AD4F80031002616E064
:1068B000D4F80831D4F80C2184F8FF609847D4F854
:1068C00024310133C4F8243100220123D145C4F816
:1068D000003104F802B084F804B13FF41DAFFF2B7F
:1068E0001946204619F801BBE2D01A460133EDE7FC
:1068F000D9F80C300193D9F80890EBE642462946C6
:106900002046FFF73FFE4A460CE74A1C23E74A1C95
:1069100041E700BFA84C0408A04C0408AC4B040895
:106920002DE9F04FE5B090F800A0BAF15F0F00AF8D
:1069300005468846164600F0F3800822BB492846E3
:1069400033F0BCFE48B92B7A2E2B00F0D8805F2B99
:1069500000F0D580242B00F0D2804FF000092846AB
:1069600002F0CEF94201830008320A33ADEB020D8A
:1069700023F007030024EB462918ADEB030D112289
:106980004300B9F1010FC7F81CB0C7F828D0FD606B
:10699000BD61386339617B627A613C62FC62C7E940
:1069A0000D44C7E90F447C6400F0A080C0F0BF80B4
:1069B000EA7AB9F1020F05F10B0A14BF4FF044094E
:1069C0004FF043095F2AC7F818A000F0B98050467D
:1069D0007B6002F095F97B68002B40F32381002354
:1069E0000122CBF804303A62002800F01B81CBE989
:1069F00002A08BF80030494600235A4607F10C00EC
:106A0000F9F71EFCBC690546204602F079F9231807
:106A1000BB6114F80090B9F1000F6AD1002D68D065
:106A200007F148042A4607F5BE7107F5C470C4F89B
:106A30000881C4F80C61C4F8009184F80491C4F88A
:106A40001091C4F81491C4F82091C4F82491C4F8AA
:106A50001891C4F81C91C4F82891C4F82C91C4F87A
:106A60003091C4F83491C4F83891C4F83C91C4F81A
:106A70004091F9F749FCD4F83431D4F84061C4F8B6
:106A80004491012B06FB03F61A46B8BF0122D2003F
:106A9000012E334602F10802B8BF0123E846DB00AD
:106AA000ADEB020D083369462A46ADEB030D2046D7
:106AB000C4F82C111121C4F838D1C4F84061FCF796
:106AC00099F8D4F80011D4F8083104F80190204660
:106AD000C546D4F80C219847D4F81801B0FA80F0D4
:106AE000400907F5CA77BD46BDE8F08FBAF15F0FE0
:106AF00033D0002007F5CA77BD46BDE8F08F6B7A2A
:106B0000442B02D0492B7FF428AFAA7A5F2A7FF466
:106B100024AF492B14BF4FF003094FF002091EE7C1
:106B200043785A2B7FF409AF4FF0010917E707F1BB
:106B30000C00FAF705FEBB69054693F800906AE77A
:106B40002A7B5A2A7FF443AF0D35214607F10C000A
:106B5000BD61FBF737FD83464DE76B785A2BC8D1F3
:106B60000235494607F10C00BD61FBF72BFD7B693F
:106B7000DB07054652D5B86990F80090B9F12E0FA1
:106B80007FF449AF4378A3F16102192A3AD95F2B08
:106B900038D0303B092B41D8037802462E2B12D136
:106BA0005378303B092B0ED89378A3F13001092993
:106BB00002F10202F2D812F8013FA3F130010929D3
:106BC000F9D92E2BECD0D7E908139942BA6117DA1C
:106BD000D7F81CE04FEA011C0EEB0C030131121A2E
:106BE0005C6039620CD05C600EF80C40C3E90202B4
:106BF0002A464D2107F10C00F9F722FB0546BAE7BA
:106C00000023F5E7811C0A4611F8013BA3F1610C52
:106C1000BCF1190FF7D95F2BF5D0BFE7BB6993F82B
:106C20000090F8E64FF0000BE5E600BF3849040895
:106C30002DE9F04184B080B301B172B3002417464E
:106C40000E466A462B491D46CDE90044CDE9024473
:106C5000FFF766FE002847D0039B009CABB9DDF828
:106C600008806CB3B6B1204602F04AF83B689842FF
:106C70001CD3304632F01EFFC7F8008095B10023C8
:106C800020462B6004B0BDE8F08134B34FF001081A
:106C9000002EE8D1002FEFD1F0E713B16FF0020220
:106CA0001A600024204604B0BDE8F081421C214651
:106CB000304601F0FDFD204632F0FCFE3446DDE7B3
:106CC000002DEED0B8F1010F09D000246FF00103C0
:106CD00020462B6004B0BDE8F081002DE1D04FF0DC
:106CE000FF332B600024DDE7009832F0E3FE002D37
:106CF000EBD1D6E7B908000860B108B539B1FFF7A4
:106D00000FFE00280CBF6FF00100002008BD6FF0DF
:106D1000020008BD6FF00200704700BF81F0004123
:106D200002E000BF83F0004330B54FEA41044FEA70
:106D3000430594EA050F08BF90EA020F1FBF54EA0B
:106D4000000C55EA020C7FEA645C7FEA655C00F0A7
:106D5000E2804FEA5454D4EB5555B8BF6D420CDD78
:106D60002C4480EA020281EA030382EA000083EAFB
:106D7000010180EA020281EA0303362D88BF30BD9B
:106D800011F0004F4FEA01314FF4801C4CEA1131F1
:106D900002D0404261EB410113F0004F4FEA033350
:106DA0004CEA133302D0524263EB430394EA050FDB
:106DB00000F0A780A4F10104D5F1200E0DDB02FA4A
:106DC0000EFC22FA05F2801841F1000103FA0EF2DE
:106DD000801843FA05F359410EE0A5F120050EF1A4
:106DE000200E012A03FA0EFC28BF4CF0020C43FAD5
:106DF00005F3C01851EBE37101F0004507D54FF0E2
:106E0000000EDCF1000C7EEB00006EEB0101B1F531
:106E1000801F1BD3B1F5001F0CD349085FEA300077
:106E20004FEA3C0C04F101044FEA445212F5800F82
:106E300080F09A80BCF1004F08BF5FEA500C50F11F
:106E4000000041EB045141EA050130BD5FEA4C0C02
:106E5000404141EB010111F4801FA4F10104E9D18B
:106E600091F0000F04BF01460020B1FA81F308BF82
:106E70002033A3F10B03B3F120020CDA0C3208DD4E
:106E800002F1140CC2F10C0201FA0CF021FA02F129
:106E90000CE002F11402D8BFC2F1200C01FA02F199
:106EA00020FA0CFCDCBF41EA0C019040E41AA2BFBE
:106EB00001EB0451294330BD6FEA04041F3C1CDA86
:106EC0000C340EDC04F11404C4F1200220FA04F0A6
:106ED00001FA02F340EA030021FA04F345EA030150
:106EE00030BDC4F10C04C4F1200220FA02F001FA12
:106EF00004F340EA0300294630BD21FA04F0294694
:106F000030BD94F0000F83F4801306BF81F480112C
:106F10000134013D4EE77FEA645C18BF7FEA655C9F
:106F200029D094EA050F08BF90EA020F05D054EA71
:106F3000000C04BF1946104630BD91EA030F1EBF76
:106F40000021002030BD5FEA545C05D1400049417A
:106F500028BF41F0004130BD14F580043CBF01F56D
:106F6000801130BD01F0004545F0FE4141F4700153
:106F70004FF0000030BD7FEA645C1ABF194610462E
:106F80007FEA655C1CBF0B46024650EA013406BF2F
:106F900052EA033591EA030F41F4002130BD00BFEE
:106FA00090F0000F04BF0021704730B54FF48064AB
:106FB00004F132044FF000054FF0000150E700BF2C
:106FC00090F0000F04BF0021704730B54FF480648B
:106FD00004F1320410F0004548BF40424FF0000178
:106FE0003EE700BF42004FEAE2014FEA31014FEABB
:106FF00002701FBF12F07F4393F07F4F81F060510A
:10700000704732F07F4208BF704793F07F4F04BF54
:1070100041F40021704730B54FF4607401F0004531
:1070200021F000411CE700BF50EA010208BF704791
:1070300030B54FF000050AE050EA010208BF704782
:1070400030B511F0004502D5404261EB41014FF4EB
:10705000806404F132045FEA915C3FF4D8AE4FF0F3
:1070600003025FEADC0C18BF03325FEADC0C18BFD6
:10707000033202EBDC02C2F1200300FA03FC20FA27
:1070800002F001FA03FE40EA0E0021FA02F1144474
:10709000BDE600BF70B54FF0FF0C4CF4E06C1CEA8D
:1070A00011541DBF1CEA135594EA0C0F95EA0C0FFE
:1070B00000F0DEF82C4481EA030621EA4C5123EA71
:1070C0004C5350EA013518BF52EA033541F48011A0
:1070D00043F4801338D0A0FB02CE4FF00005E1FB53
:1070E00002E506F00042E0FB03E54FF00006E1FB9D
:1070F00003569CF0000F18BF4EF0010EA4F1FF04E0
:10710000B6F5007F64F5407404D25FEA4E0E6D411F
:1071100046EB060642EAC62141EA55514FEAC52030
:1071200040EA5E504FEACE2EB4F1FD0C88BFBCF5AC
:10713000E06F1ED8BEF1004F08BF5FEA500E50F15D
:10714000000041EB045170BD06F0004646EA010123
:1071500040EA020081EA0301B4EB5C04C2BFD4EB55
:107160000C0541EA045170BD41F480114FF0000E4E
:10717000013C00F3AB8014F1360FDEBF002001F0BC
:10718000004170BDC4F10004203C35DA0C341BDC36
:1071900004F11404C4F1200500FA05F320FA04F008
:1071A00001FA05F240EA020001F0004221F000413C
:1071B00010EBD37021FA04F642EB06015EEA430EAF
:1071C00008BF20EAD37070BDC4F10C04C4F12005DF
:1071D00000FA04F320FA05F001FA04F240EA020092
:1071E00001F0004110EBD37041F100015EEA430E63
:1071F00008BF20EAD37070BDC4F1200500FA05F283
:107200004EEA020E20FA04F301FA05F243EA020301
:1072100021FA04F001F0004121FA04F220EA020010
:1072200000EBD3705EEA430E08BF20EAD37070BD56
:1072300094F0000F0FD101F00046400041EB010136
:1072400011F4801F08BF013CF7D041EA060195F018
:10725000000F18BF704703F00046520043EB0303D2
:1072600013F4801F08BF013DF7D043EA06037047BF
:1072700094EA0C0F0CEA135518BF95EA0C0F0CD0CA
:1072800050EA410618BF52EA4306D1D181EA030110
:1072900001F000414FF0000070BD50EA410606BF0A
:1072A0001046194652EA430619D094EA0C0F02D14F
:1072B00050EA013613D195EA0C0F05D152EA033694
:1072C0001CBF104619460AD181EA030101F00041B2
:1072D00041F0FE4141F470014FF0000070BD41F0FB
:1072E000FE4141F4780170BD70B54FF0FF0C4CF4D5
:1072F000E06C1CEA11541DBF1CEA135594EA0C0FF4
:1073000095EA0C0F00F0A7F8A4EB050481EA030E40
:1073100052EA03354FEA013100F088804FEA033327
:107320004FF0805545EA131343EA12634FEA0222F5
:1073300045EA111545EA10654FEA00260EF00041B6
:107340009D4208BF964244F1FD0404F5407402D208
:107350005B084FEA3202B61A65EB03055B084FEA99
:1073600032024FF480104FF4002CB6EB020E75EB96
:10737000030E22BFB61A754640EA0C005B084FEABE
:107380003202B6EB020E75EB030E22BFB61A75463B
:1073900040EA5C005B084FEA3202B6EB020E75EB86
:1073A000030E22BFB61A754640EA9C005B084FEAFE
:1073B0003202B6EB020E75EB030E22BFB61A75460B
:1073C00040EADC0055EA060E18D04FEA051545EAFA
:1073D00016754FEA06164FEAC30343EA52734FEAA3
:1073E000C2025FEA1C1CC0D111F4801F0BD141EA1C
:1073F00000014FF000004FF0004CB6E711F4801F81
:1074000004BF01430020B4F1FD0C88BFBCF5E06F60
:107410003FF6AFAEB5EB030C04BFB6EB020C5FEA70
:10742000500C50F1000041EB045170BD0EF0004EC5
:107430004EEA113114EB5C04C2BFD4EB0C0541EAF7
:10744000045170BD41F480114FF0000E013C90E6F4
:1074500045EA060E8DE60CEA135594EA0C0F08BFB8
:1074600095EA0C0F3FF43BAF94EA0C0F0AD150EAB7
:1074700001347FF434AF95EA0C0F7FF425AF10464A
:1074800019462CE795EA0C0F06D152EA03353FF472
:10749000FDAE1046194622E750EA410618BF52EAEF
:1074A00043067FF4C5AE50EA41047FF40DAF52EAC3
:1074B00043057FF4EBAE12E74FEA4102B2F1E0433D
:1074C00024BFB3F5001CDCF1FE5C0DD901F0004CCB
:1074D0004FEAC0024CEA5070B2F1004F40EB83001B
:1074E00008BF20F00100704711F0804F21D113F147
:1074F0003872BCBF01F00040704741F480114FEA80
:107500005252C2F11802C2F1200C10FA0CF320FA08
:1075100002F018BF40F001004FEAC1234FEAD32325
:1075200003FA0CFC40EA0C0023FA02F34FEA43038F
:10753000CCE77FEA625307D150EA01331EBF4FF018
:10754000FE4040F44000704701F0004040F0FE4033
:1075500040F40000704700BF7BB972B90029BEBF7C
:1075600000204FF0004106E008BF00281CBF6FF06C
:1075700000414FF0FF3001F043B9ADF1080C6DE967
:1075800004CE002909DB002B1ADB00F04DF8DDF8F2
:1075900004E0DDE9022304B07047404261EB4101A1
:1075A000002B1BDB00F040F8DDF804E0DDE90223EE
:1075B00004B0404261EB4101524263EB4303704728
:1075C000524263EB430300F02FF8DDF804E0DDE9FD
:1075D000022304B0404261EB41017047524263EB29
:1075E000430300F021F8DDF804E0DDE9022304B0F4
:1075F000524263EB4303704753B94AB9002908BFAD
:1076000000281CBF4FF0FF314FF0FF3001F0F8B8F9
:10761000ADF1080C6DE904CE00F006F8DDF804E0E9
:10762000DDE9022304B070472DE9F047089E0446C7
:107630008846002B4BD18A42154667D9B2FA82F2AE
:107640004AB1C2F1200701FA02F320FA07F7954088
:1076500047EA030894404FEA154E230CB8FBFEF7A7
:107660001FFA85FC0EFB178843EA084307FB0CF161
:10767000994209D9EB1807F1FF3080F01B8199423C
:1076800040F21881023F2B445B1AA4B2B3FBFEF018
:107690000EFB103344EA034400FB0CFCA44509D95B
:1076A0002C1900F1FF3380F00781A44540F20481DA
:1076B00002382C4440EA0740A4EB0C0400271EB11A
:1076C000D4400023C6E900433946BDE8F0878B4229
:1076D00009D9002E00F0EB800027C6E900013846EA
:1076E0003946BDE8F087B3FA83F7002F47D18B42C4
:1076F00002D3824200F2FA80841A61EB0303012074
:107700009846002EE0D0C6E90048DDE702B9FFDE6A
:10771000B2FA82F2002A40F08F80491B4FEA154EE0
:107720001FFA85F80127B1FBFEFC230C0EFB1C1190
:1077300043EA014308FB0CF1994207D9EB180CF11D
:10774000FF3002D2994200F2CD808446591AA3B28A
:10775000B1FBFEF00EFB101443EA044408FB00F8F2
:10776000A04507D92C1900F1FF3302D2A04500F241
:10777000B6801846A4EB080440EA0C409FE7C7F126
:10778000200CBB4022FA0CFE4EEA030E01FA07F46D
:1077900020FA0CF521FA0CF34FEA1E482543B3FBFF
:1077A000F8F92C0C08FB19331FFA8EFA44EA03434C
:1077B00009FB0AF49C4202FA07F200FA07F10BD91E
:1077C0001EEB030309F1FF3080F087809C4240F2FA
:1077D0008480A9F1020973441B1BADB2B3FBF8F01E
:1077E00008FB103345EA034400FB0AFAA24508D916
:1077F0001EEB040400F1FF336BD2A24569D90238B5
:10780000744440EA0940A0FB0289A4EB0A044C45F9
:10781000C2464B4654D351D0002E69D0B1EB0A0575
:1078200064EB030404FA0CFCFD40FC404CEA050543
:10783000C6E90054002747E7C2F1200320FA03F706
:10784000954001FA02F021FA03F34FEA154E38434E
:10785000010CB3FBFEF71FFA85F80EFB173341EA64
:10786000034107FB08F38B4204FA02F407D96918B5
:1078700007F1FF3C2FD28B422DD9023F2944CB1A6E
:1078800081B2B3FBFEF00EFB103341EA034100FB73
:1078900008F38B4207D9691800F1FF3C17D28B42DD
:1078A00015D902382944C91A40EA07473BE7374649
:1078B000304609E70746E7E61846FBE64145ABD206
:1078C000B8EB020A69EB0E0201381346A4E76046E2
:1078D000E9E7184695E76746D1E781467CE7023835
:1078E0002C4447E7ACF1020C2B442FE7384608E75D
:1078F0003746E9E603685A004CBF43F0004323F0E3
:1079000000431844704700BF61B32DE9F84F01F1FF
:10791000FF3A90460646D146002707EB090404EBE0
:10792000D4746410E50071190846FFF7E3FFA2451F
:10793000834605F10800304409D0FFF7DBFFC3455B
:1079400000F1FF3005D8404509D2671CE5E7C34583
:1079500005D9A74202D004F1FF39DEE7002108462D
:10796000BDE8F88F08467047012807D0022807D0E5
:10797000044B00280CBF184600207047024870478F
:107980000248704755800008598000085D80000853
:1079900030B5254B83B004468D1E4BB301A9284654
:1079A000AFF30080F0B101992A46FFF7ADFF014621
:1079B000C0B1FFF79FFF4B68A064012B2ED0002BB6
:1079C00001F1040026DBFFF795FF0023C4E9130350
:1079D0000368002B12DBFFF78DFF002320611846A0
:1079E00003B030BD002323610923184603B030BD26
:1079F0000E490F48091AC9100191D5E7C3F3036076
:107A0000FFF7B2FF002814BF0023092320611846A6
:107A100003B030BD0123C4E91303D9E70023236178
:107A20000523184603B030BD000000000C5C0408BC
:107A3000745A04080368DA0710B5044606D49B0795
:107A400000F1480009D500F05FFC2368590709D50B
:107A50001A070ED5DB0613D510BD00F04DFC2368C8
:107A60005907F5D404F1D00000F056FC23681A073A
:107A7000F0D404F5A87000F057FC2368DB06EBD4C3
:107A800004F5E870BDE8104000F092BC036803B153
:107A900003441846704700BF09207047704700BF75
:107AA00070B504460D4608E02B6C63612A462369D5
:107AB000214601209847082808D1296C2046FFF765
:107AC00067FF06460028EFD031F0DEFB0728FBD128
:107AD0003046296CFFF7E2FF281D00F001FC00BFD3
:107AE0002DE9F0470C1D054617460FCCADF5727D0C
:107AF00003AE0FC60FCC0FC60FCC0FC694E80F0015
:107B000002ACD5F80C80D5F8189086E80F00002359
:107B1000236021E0236C6B614FF4F07221467AA858
:107B200000F0C6FE2B697AAA294630469847889B02
:107B3000CDE900498246636431462B462A4601203E
:107B4000C0470746F8B94FF4F0727AA9204600F012
:107B5000AFFEBAF1080F1CD1216C2846FFF718FFC1
:107B6000002F08BF0926074618BF0A260028D1D0D3
:107B7000A36B46F01001CDE900492A466364012059
:107B80002B46C04700B1092738460DF5727DBDE888
:107B9000F087BAF1070FF6D13846216CFFF77EFF68
:107BA00003A800F09DFB00BF406C7047F0B5CB6BA5
:107BB0000B640D1D0F4606460FCDF9B001AC0FC486
:107BC0000FCD0FC40FCD0FC495E80F004FF0FF3558
:107BD00084E80F00009506E033696A46314698470D
:107BE0000828044608D110993046FFF7D1FE002836
:107BF000F2D0092079B0F0BD6846FFF71BFF062CD4
:107C0000F7D139463046FFF74BFF00BF30B4DD6B8C
:107C1000C160826119461D64002230BC60E700BF6C
:107C200070B5C66843690B64BEB903690A46044669
:107C30000D46014602209847072807D0082803D19F
:107C400029462046FFF72CFF31F01EFB3046296CF9
:107C5000FFF724FF281D00F043FB0122FFF740FF40
:107C600031F012FBC2681AB1CA6B0A64002237E70E
:107C70009CE700BF704700BF836813B10146012035
:107C800018477047042907D8DFE801F00308060801
:107C900008000BB90F2A03D9022070470120704752
:107CA00000EB820218465368009A1360704700BFC9
:107CB00010B584B0002303AC0A4600941946FFF7C0
:107CC000E1FF039804B010BD042907D8DFE801F0F4
:107CD0000308060808000BB90F2A03D902207047D1
:107CE0000120704700EB8200009A1268426018463B
:107CF000704700BF10B584B004AC002344F8042DD5
:107D00000A4600941946FFF7DFFF04B010BD00BF1C
:107D1000F0B5D36B1364151D07460E460FCDADF5B8
:107D20000F7D17AC0FC40FCD0FC40FCD0FC495E856
:107D30000F004FF0FF3584E80F00169510E016A8ED
:107D4000FFF7D8FF314616A8B84716AA694678B992
:107D5000049B08209847052804460AD0092807D024
:107D600026996846FFF714FE6A460C210028E6D0E3
:107D7000092416A8FFF75EFE20460DF50F7DF0BD25
:107D80002DE9F04F0D46C96C89B00C1D164600F068
:107D9000030B0A6806941F46002B68D0130CD9B257
:107DA00012048DF81D30022304EB810405928DF836
:107DB0001C302B6DBBF1020F08BFAC6B13F001033D
:107DC00046D1019300F008030093D4F80090B9F174
:107DD000000F00F0F380022F45D0B4F80090B4F803
:107DE00002800434AB6C28F0010A0F2130469A441B
:107DF000FFF75EFF824534D829F0010353448342E4
:107E000094BF002001204FEA480808F0020809F05A
:107E1000010948EA0908B8F1010F3AD031D3B8F1A5
:107E2000020F1AD1236823F0004ABBF1000F66D17C
:107E300030B1009A002A6CD0BAF1000F00F09080A7
:107E4000002B00DA04340AF1010304EB8304BCE7DD
:107E5000304605A900F046FB78B1092009B0BDE81D
:107E6000F08F0020CFE7D4F804800834BAE712027C
:107E700003230592ADF81C309BE7082009B0BDE84C
:107E8000F08FBBF1000F02D0002840F0B480043422
:107E90009BE7BBF1000F18D1A8B1D4E90023991CCE
:107EA0004FEAD272D9D005F158010133049100F0A4
:107EB000B580201DFFF7EAFD04AB014628462FF0F0
:107EC0005DF9002867D108347FE70D213046D5F8E9
:107ED0002080FFF7EDFE8045F5D1AB6A9C42F2D1E0
:107EE0002046FFF707FD0F2102463046FFF702FF4D
:107EF00030462A460021FFF7FDFE0720AEE70D21A0
:107F00003046D5F82080FFF7D3FE804532D0236875
:107F100096E7BAF1000F23D005F1580304F10408E5
:107F2000CDF808B0DDF800900397A3461C4602E0A8
:107F30005745B94640D040460494FFF7A7FD04AB2F
:107F40000146002228462FF019F909F1010708F12E
:107F500004080028ECD0D1455C46DDE902B7D6D153
:107F600030460D21FFF7A4FE049B2862C5E90934C1
:107F7000062073E7AB6A9C42C9D104224FF0000887
:107F8000A318C5E90AA8C5E90C23236843454DDBBE
:107F90000123019357E780460D213046FFF788FE05
:107FA000B8F1020F28623ED12B46049A43F82C2FD9
:107FB0006B62AC62062051E75C46D1E705A930460A
:107FC00000F090FA00287FF448AF019B002B3FF4AB
:107FD00054AF0F213046FFF76BFE0E2102463046AC
:107FE000FFF788FE30461A4A0F21FFF783FE07206D
:107FF00009B0BDE8F08F2046FFF77CFC043407464B
:10800000AC6328462FF012F900283FF426AF304623
:108010003A460F21FFF76EFE07201FE730460D217D
:10802000FFF746FE2862049B6B62C2E70AF101007B
:1080300004EB8000FFF75EFC0F2102463046FFF79D
:1080400059FE30462A464146FFF754FE072005E711
:108050007D7B0308002393E6012391E602238FE64C
:108060002DE9F0410546C4B0042906D8DFE801F047
:108070004D2B05030900032B5FD0022044B0BDE85F
:10808000F081002BF9D1102AF7D82B68DC0600F11B
:10809000F48022AC2046019200F094F9A86B019A7A
:1080A0000023012606FA03F1114203D0016844F8C7
:1080B000231004300133042BF4D1A863204600F0D0
:1080C00077F90020DAE7012B4FEA124697B252D037
:1080D000052BD2D106EB0708B8F1200FCDD80F2E13
:1080E00040F29980B846002F40F0DB80AA6BAA636B
:1080F0000F2E40F2BE80B8F1000F02D002A800F0AF
:108100000BF9002044B0BDE8F081002BB5D1AC6B79
:1081100097B2281D012606FA03F1394203F1010343
:1081200002D0216801600434102B00F10400F2D168
:1081300012F40050E5D1AC63A0E7160C97B2F31926
:10814000102B9AD82B681A075DD422AC204600F079
:108150000DF904EBC601AB6B3FB103EBC702186826
:1081600041F8040B04339342F9D12046AB6300F08D
:10817000DBF8002082E7F219102A3FF67EAF0F2EBF
:108180003FF67BAF2A68D10708D5284622F00302C4
:1081900040F8482B019300F0B3F8019B019322AC07
:1081A000204600F0ADF8A96B019B002F00F09580F0
:1081B0007F0004EBC6044FF00008043C01EB87028B
:1081C00051F8040B44F8040F9142F9D1B8F1000FB3
:1081D0000FD002AC102E314638BF102104EBC10184
:1081E000843902EBC80452F8040B41F8040F94429E
:1081F000F9D1012B7FF47BAF22AC0432AA63204675
:1082000000F07AF87DE723F008032B6005F5A870ED
:1082100000F0ACF899E7B8F1100F2A6843D9D007FD
:10822000A8F110080BD5284622F0010242F0020204
:1082300040F8482B019300F06BF82A68019B510726
:1082400025D40F2E04D822A8019300F061F8019BD9
:10825000019302AC204600F063F8C6F1100100293A
:10826000AA6B019BB6DD22AC4F0004EBC60411469D
:10827000A3E722A800F048F83DE723F010032B60A5
:1082800005F5E870019200F09DF8019A01E7284693
:1082900022F0040240F8D02B019300F041F8019B3A
:1082A000CFE72A68CBE7D0070AD5284622F001029B
:1082B00042F0020240F8482B019300F029F8019B9C
:1082C000019322AC204600F023F8B846A96B019B2D
:1082D000002F7FF46DAF0A4609E70A468DE700BF1D
:1082E00000F1340191E838009C46A6464CF8045D44
:1082F00090E8FF0FE54600BD90EC210B704700BFF2
:1083000080EC210B704700BF90EC200B704700BF42
:1083100080EC200B704700BFD0EC200B704700BFF3
:10832000C0EC200B704700BFF0EC0201F0EC021132
:10833000F0EC0221F0EC0231F0EC0241F0EC0251E1
:10834000F0EC0261F0EC0271F0EC0281F0EC0291D1
:10835000F0EC02A1F0EC02B1F0EC02C1F0EC02D1C1
:10836000F0EC02E1F0EC02F1704700BFE0EC02013A
:10837000E0EC0211E0EC0221E0EC0231E0EC024121
:10838000E0EC0251E0EC0261E0EC0271E0EC028111
:10839000E0EC0291E0EC02A1E0EC02B1E0EC02C101
:1083A000E0EC02D1E0EC02E1E0EC02F1704700BF4A
:1083B000B0FC0181B0FC0191B0FC01A1B0FC01B1A5
:1083C000704700BFA0FC0181A0FC0191A0FC01A1AD
:1083D000A0FC01B1704700BFEC4600B52DE900508C
:1083E0002DE9FF1F4FF000032DE90C0001A9FFF755
:1083F000DDFBDDF840E012B0704700BFEC4600B591
:108400002DE900502DE9FF1F4FF000032DE90C006E
:1084100001A9FFF705FCDDF840E012B0704700BF8E
:10842000EC4600B52DE900502DE9FF1F4FF0000389
:108430002DE90C0001A9FFF715FCDDF840E012B0B2
:10844000704700BFEC4600B52DE900502DE9FF1F35
:108450004FF000032DE90C0001ABFFF7D7FBDDF86F
:1084600040E012B0704700BFEC4600B52DE9005067
:108470002DE9FF1F4FF000032DE90C0001AAFFF7C3
:1084800047FCDDF840E012B0704700BF027A82B9C5
:10849000437AABB14268013B10B4437213680321C5
:1084A000141D01721A02446002605DF8044B180E3C
:1084B00070470368013A02721A020260180E704790
:1084C000B020704700B585B003AA0023009219467A
:1084D0000C22FFF7D7FB039805B05DF804FB00BF43
:1084E000F0E700BF2DE9F043054685B00E464FF09A
:1084F00000083046FFF7CAFFB028044600F0B180FC
:10850000070620D500F0F003802B65D0902B36D0E5
:10851000A02B78D0B02B47D0C02B00F08A8000F081
:10852000F803D02B0BD100F00702013242F40022F5
:10853000052301212846FFF793FD0028D9D0092003
:1085400005B0BDE8F0830DF10C0900231946870042
:10855000CDF800900D222846FFF794FBFFB2039B55
:10856000CDF80090043760064CBFDF1BFF180023D6
:1085700019460D2228460397FFF7A6FBB9E700F03E
:108580000D030D2BDBD003AF002300F00F021946C3
:1085900000972846FFF776FB0023009719460D2227
:1085A0002846FFF791FBA4E7B1285FD0B22800F07E
:1085B000CC80B3287ED000F0FC03B42BBFD000F0F9
:1085C00007020132012342F4002219462846FFF730
:1085D00047FD00288DD0B2E73046FFF757FF240251
:1085E0000443B4F5004FAAD024010023A2B21946D7
:1085F0002846FFF735FD0028A1D114F4004F18BF1D
:108600004FF0010875E7C24302F007034FF47F62A1
:108610001A41010702F47F624FF0000348BF42F4A1
:10862000804219462846FFF71BFD00283FF461AF42
:1086300085E7C62851D0C7285AD000F0F803C02BD0
:1086400069D0C82875D0C9287FF479AF3046FFF7C4
:108650001DFF020300F00F0002F4702201300243FC
:1086600066E7B8F1000F14D0002069E73046FFF745
:108670000DFF00283FF463AF10F0F0037FF45FAF0D
:10868000024619462846FFF7EBFC00283FF431AFBD
:1086900055E703AC43460E22414600942846FFF7B7
:1086A000F1FA0094284643460F224146FFF70CFB9F
:1086B000404645E73046FFF7E9FE010300F00F00B2
:1086C00001F47021421C01230A4328461946FFF792
:1086D000C7FC00283FF40DAF31E73046FFF7D6FE68
:1086E000010300F00F0001F47021421C0323EBE7AB
:1086F0003046FFF7CBFE024600283FF420AF10F0D3
:10870000F0037FF41CAF04212846FFF7A9FC0028E2
:108710003FF4EFAE13E700F00F020132032342F4FF
:10872000202219462846FFF79BFC00283FF4E1AEC3
:1087300005E73046FFF7AAFE00F0F00200F00F0355
:108740001032013343EA0232F2E600230DF10C0944
:108750000D221946CDF800902846FFF793FA3046CF
:10876000FFF794FE02064FF002070CD5039B00F0C2
:108770007F00B840034430460393FFF787FE0306AB
:1087800007F10707F2D4039BCDF8009000F07F04B7
:1087900003F50172BC400023144419460D222846FB
:1087A0000394FFF791FAA4E610B5C36C84B05A683D
:1087B00003208DF80C00DC798DF80D40120208338F
:1087C000084601A901920293FFF78CFE04B010BD88
:1087D00008B5FFF785FE806C08BD00BF08B5FFF740
:1087E0007FFEC06CC37900EB8300083008BD00BF7A
:1087F00008B530F049FD00BF08B5FFF7F9FF00BF2D
:10880000704700BF000000000000000000000000F2
:1088100001F0FF01102A2BDB10F0070F08D010F831
:10882000013B013A8B422DD010F0070F42B3F6D135
:10883000F0B441EA012141EA014122F007047FF04E
:1088400000070023F0E80256083C85EA010586EAA5
:10885000010685FA47F5A3FA87F586FA47F6A5FAE1
:1088600087F68EB9EED1F0BC01F0FF0102F00702ED
:1088700032B110F8013B013A83EA010313B1F8D198
:108880000020704701387047002D06BF3546033879
:10889000073815F0010F07D1013015F4807F02BFB2
:1088A000013015F4C03F0130F0BC0138704700BF03
:1088B000844641EA000313F003036DD1403A41D3EB
:1088C00051F8043B40F8043B51F8043B40F8043BAA
:1088D00051F8043B40F8043B51F8043B40F8043B9A
:1088E00051F8043B40F8043B51F8043B40F8043B8A
:1088F00051F8043B40F8043B51F8043B40F8043B7A
:1089000051F8043B40F8043B51F8043B40F8043B69
:1089100051F8043B40F8043B51F8043B40F8043B59
:1089200051F8043B40F8043B51F8043B40F8043B49
:1089300051F8043B40F8043B51F8043B40F8043B39
:10894000403ABDD2303211D351F8043B40F8043BD9
:1089500051F8043B40F8043B51F8043B40F8043B19
:1089600051F8043B40F8043B103AEDD20C3205D3E9
:1089700051F8043B40F8043B043AF9D2043208D0E1
:10898000D2071CBF11F8013B00F8013B01D30B8853
:1089900003806046704700BF082A13D38B078DD031
:1089A00010F003038AD0C3F10403D21ADB071CBF03
:1089B00011F8013B00F8013B80D331F8023B20F86D
:1089C000023B7BE7043AD9D3013A11F8013B00F8A6
:1089D000013BF9D20B7803704B7843708B7883702E
:1089E000604670470000000000000000000000002A
:1089F0000000000000000000000000000000000077
:108A0000A2EB0300704700BF02780B78012A28BF51
:108A10009A42F5D16DE9044540EA0104CDE90267C7
:108A20006FF0000C4FEA447212B380EA010414F0B4
:108A3000070F6AD100F0070420F0070004F00305D7
:108A400021F007014FEAC505F0E8042314F0040FF4
:108A5000F1E804670CFA05F462EA040266EA040627
:108A60000AD063EA0403624667EA0407664603E045
:108A7000F0E80423F1E8046782FA4CF582EA060480
:108A8000A4FA8CF46CBB83FA4CF583EA0705A5FACB
:108A90008CF595B950E9022351E9026782FA4CF549
:108AA00082EA0604A4FA8CF483FA4CF583EA0705FB
:108AB000A5FA8CF52543DBD09CB92DBAB5FA85F41F
:108AC00024F0070427FA04F1DDE9026723FA04F32E
:108AD00003F0FF0001F0FF01FDE80445A0EB0100F9
:108AE000704724BAB4FA84F424F0070426FA04F197
:108AF000DDE9026722FA04F202F0FF0001F0FF0153
:108B0000FDE80445A0EB0100704714F0030F3CD1D1
:108B100010F0030428D150F8082B51F8083B82FAD2
:108B20004CF582EA0305A5FA8CF55DB950F8042CE2
:108B300051F8043C82FA4CF582EA0305A5FA8CF55B
:108B4000002DE8D02DBAB5FA85F424F0070423FAF5
:108B500004F122FA04F202F0FF0001F0FF01FDE847
:108B60000445A0EB010070474FEAC40420F0030065
:108B700050F8082B21F0030151F8083B0CFA04F4DB
:108B800062EA040263EA0403C9E710F003041AD09E
:108B9000A1EB040120F00300E40750F8042B06D0F9
:108BA0000FD28B785FFAA2F4E41A06D12BB1CB78FE
:108BB0005FFAB2F4E41A00D11BB920465DF8104BFD
:108BC000704701F1040150F8042BCC0721F0030198
:108BD00051F8043B48D824D222F07F4482FA4CF565
:108BE00094EA1325A5FA8CF50AD165B951F8043B2E
:108BF00084EA0204B4EB036F0ED150F8042BEBE7C8
:108C00004FEA132355E035F07F454DD10878FDE854
:108C10000445C0F1000070474FEA126203F0FF0301
:108C200047E002EA1C4482FA4CF594EA1345A5FA9F
:108C30008CF50AD165B951F8043B84EA0204B4EB1F
:108C4000034F0CD150F8042BEBE74FEA134330E00D
:108C500015EA1C4528D10B884FEA124229E04FEA59
:108C6000124203EA1C4324E002F0FF0482FA4CF5AE
:108C700094EA1365A5FA8CF50AD165B951F8043B5D
:108C800084EA0204B4EB032F09D150F8042BEBE77C
:108C90004FEA13630DE015F0FF0F05D10B684FEAA3
:108CA000122223F07F4304E04FF00000FDE804456A
:108CB000704712BA1BBA82FA4CF482EA0304A4FA8F
:108CC0008CF5B5FA85F402FA04F203FA04F34FEADC
:108CD0001260FDE80445A0EB13607047000000003F
:108CE0000000000000000000000000000000000084
:108CF0000000000000000000000000000000000074
:108D000090F800F06DE9024520F007016FF0000CCB
:108D100010F0070491F820F040F049804FF0000473
:108D20006FF00700D1E9002391F840F000F108004E
:108D300082FA4CF2A4FA8CF283FA4CF3A2FA8CF386
:108D40004BBBD1E9022382FA4CF200F10800A4FAED
:108D50008CF283FA4CF3A2FA8CF3E3B9D1E9042341
:108D600082FA4CF200F10800A4FA8CF283FA4CF378
:108D7000A2FA8CF37BB9D1E9062301F1200182FA32
:108D80004CF200F10800A4FA8CF283FA4CF3A2FA38
:108D90008CF3002BC6D0002A04BF04301A4612BA46
:108DA000B2FA82F2FDE8024500EBD2007047D1E949
:108DB000002304F00305C4F100004FEAC50514F0D8
:108DC000040F91F840F00CFA05F562EA05021CBFA9
:108DD00063EA050362464FF00004A9E74FF0FF3C49
:108DE00006E000BF4FF0010C02E000BF4FF0010CA5
:108DF0004DF804CD4FEA410C7FEA6C5C4FEA430C1E
:108E000018BF7FEA6C5C1BD001B050EA410C0CBF6C
:108E100052EA430C91EA030F02BF90EA020F0020CE
:108E2000704710F1000F91EA030F58BF994208BF35
:108E300090422CBFD8176FEAE37040F001007047F2
:108E40004FEA410C7FEA6C5C02D150EA013C07D149
:108E50004FEA430C7FEA6C5CD6D152EA033CD3D094
:108E60005DF8040B704700BF8446104662468C468E
:108E70001946634600E000BF01B5FFF7B7FF0028C1
:108E800048BF10F1000F01BD4DF808EDFFF7F4FFEA
:108E90000CBF012000205DF808FB00BF4DF808ED75
:108EA000FFF7EAFF34BF012000205DF808FB00BF98
:108EB0004DF808EDFFF7E0FF94BF012000205DF8BA
:108EC00008FB00BF4DF808EDFFF7CEFF94BF01206F
:108ED00000205DF808FB00BF4DF808EDFFF7C4FF68
:108EE00034BF012000205DF808FB00BF4FEA410CB1
:108EF0007FEA6C5C02D150EA013C0AD14FEA430C94
:108F00007FEA6C5C02D152EA033C02D14FF00000D0
:108F100070474FF0010070474FEA410212F500120E
:108F200015D211D56FF47873B3EB625212D94FEAB0
:108F3000C12343F0004343EA505311F0004F23FA9A
:108F400002F018BF404270474FF00000704750EAEF
:108F5000013005D111F0004008BF6FF000407047AC
:108F60004FF00000704700BF704770477047704770
:108F7000034B10B50446036000F0ECF8204610BD2A
:108F800030FA030810B50446FFF7F2FF4FF49C7166
:108F900020462EF0BBF9204610BD000010B5044657
:108FA00000F062F9014B2046236010BD30FA03083F
:108FB00000F0D1B8704704387047704710B50446C8
:108FC00010212EF0A3F9204610BDA0F10400F5E712
:108FD0000022C1608260044A10B502F10804203208
:108FE0000460426010BD00BF5CFA0308704704389B
:108FF0007047704710B5044610212EF087F92046BF
:1090000010BDA0F10400F5E70022C1608260044AAF
:1090100010B502F1080420320460426010BD00BFA8
:1090200084FA030870477047034B10B50446036089
:1090300000F0FAF9204610BDB4FA030810B5044652
:10904000FFF7F2FF4FF49C7120462EF05FF92046A7
:1090500010BD000010B5044600F02AFA014B20466E
:10906000236010BDB4FA030800F0DFB900220260EB
:1090700070477047704700F598730868496803C3E4
:109080007047704700F0D4BB10B504464FF4AE7182
:109090002EF03CF9204610BD10B50446D0F858011A
:1090A000FFF7E7FF2046BDE810401BF069BD10B593
:1090B0000446D0F8400158B10368DB68984738B1DE
:1090C000D4F8400103689B6898470023C4F84031F6
:1090D00010BD000010B5044600F06EFB014B2046A9
:1090E000236010BDECFA030890F8252012B1036844
:1090F0005B69184770470020704781807047C180C6
:1091000070470181704741817047704770477047D1
:1091100070477047C388D21A8388C91A036812B28D
:1091200009B210B45DF8044B5B6D18474FF6FF733E
:1091300083814FF0FF3303621368C361106070478F
:1091400090F825201AB190F8242002B118607047D9
:109150007047704770477047704730B4C568034622
:1091600044686A10ED079B6804EB020048BFA258F0
:1091700030BC48BFD358184743682BB183682BB91C
:10918000C06800F001007047184670470120704722
:1091900010B5044610212EF0B9F8204610BD10B5C8
:1091A00004464FF49C712EF0B1F8204610BD983063
:1091B000884208B505D11BF039FCBDE8084000F035
:1091C00047BB08BD70B50368044615461B6B98473E
:1091D0002368294620465B6BBDE8704018470000B5
:1091E000F8B51A4B0646018F1B888B4229D9184BBC
:1091F0001B682BB9174B6C21174A184830F04CF8F4
:1092000013F81120164B1B6853F82250154B1868A1
:1092100000F0AEFF2B68074628469B6B98472B68EB
:10922000044639469B6C2846984714FB00F42B688B
:109230003946A4B228465B6A98472044A6F84600FF
:10924000F8BD0023A0F84630FAE700BF945A012089
:10925000905A012050FB030808FC030892FB030806
:10926000985A01209C5A01202DE9F74F0446002509
:109270001DF052FA674B2746674AE5634FF0010A33
:1092800047F8403B04F16C0B2264FF2202AE6349B5
:1092900084F866204FF6FF7204F1980904F1E008A3
:1092A00026F8042D5846A4F84450A4F84650A4F8D3
:1092B0004850A4F84A50A4F84C50A4F84E50A4F8D2
:1092C0005050A4F85250E565A4F86050A4F86250DC
:1092D00084F8645084F865A0A566A4F87050A4F8DA
:1092E0007250A4F87450A4F87650A4F87850A4F8FA
:1092F0007A50A4F87C50A4F87E50C4F88850C4E991
:109300001555C4E92055A4F88C50A4F8922084F88F
:109310009420E1663146A4F88E5084F8905084F889
:1093200091A018F0C2FE484619F000F8404618F027
:10933000FDFF3B4A29463846C4F82821394AC4F87B
:109340002C41C4F830212A46C4F83451FFF73AFFC3
:1093500038464FF4F071FFF7D4FE38464FF4887169
:10936000FFF7D1FE4FF07F423946201DA2664FF035
:10937000FF3715F06FFF2A4629465846FFF722FFB0
:10938000032231465846ADF8042018F08EFE5946A7
:10939000201D15F05FFF4FF0020B48466F22782129
:1093A000FFF710FF324669464846ADF800A0ADF819
:1093B00004B018F0B4FD4846A4F8D0A0FFF710FFA1
:1093C00004F594724946201DC4F8C020C4E93577DD
:1093D00015F040FF4046C5227821FFF7F3FE3246E4
:1093E00069464046ADF800A0ADF804B018F097FD0E
:1093F0004046A4F81851FFF7F3FE201DC4F81C7175
:109400004146C4F8207115F025FF204603B0BDE8A1
:10941000F08F00BFDCFB0308E84104085042040859
:1094200040FB0308AF91000870477047704730B4A5
:10943000C568034644686A10ED079B6804EB0200A8
:1094400048BFA25830BC48BFD358184743682BB117
:1094500083682BB9C06800F0010070471846704758
:109460000120704710B5044610212DF04FFF204613
:1094700010BD10B504464FF49C712DF047FF2046F7
:1094800010BD00F19803994270B504460D4603D112
:109490001BF0CCFA00F0ECF904F1E0039D4205D199
:1094A00023682046DB6ABDE87040184770BD0000A5
:1094B0002DE9F04F044685B01DF02EF90025274612
:1094C000694B6A4A04F16C0BE56304AE47F8403B14
:1094D00001232264FF22664904F1980984F866207A
:1094E0004FF6FF7284F8653004F1E00826F8042D89
:1094F0005846A4F8445004F1040AA4F84650A4F8CD
:109500004850A4F84A50A4F84C50A4F84E50A4F87F
:109510005050A4F85250E565A4F86050A4F8625089
:1095200084F86450A566A4F87050A4F87250A4F8AA
:109530007450A4F87650A4F87850A4F87A50A4F89F
:109540007C50A4F87E50C4F88850C4E91555C4E98D
:109550002055A4F88C5084F89130A4F8922084F817
:109560009420A4F88E5084F89050E166314601931F
:1095700018F09BFD484618F0D9FE404618F0D6FE7C
:109580003C4AC4F834512946C4F8282138463A4A9E
:10959000C4F82C41C4F830212A46FFF713FE3846A0
:1095A0004FF4F071FFF7ADFD38464FF48871FFF7C7
:1095B000AAFD4FF07F4239465046A266022715F0B9
:1095C00049FE2A4629465846FFF7FCFD31465846D3
:1095D000ADF80C5018F069FD594650464FF0FF3574
:1095E00015F038FE484656227821FFF7EBFD019B27
:1095F00002A932464846ADF80830ADF80C7018F0B4
:109600008EFC032204F5947B4846A4F8D020FFF793
:10961000E7FD49465046C4F8C0B0C4E9355515F0D9
:1096200019FE4046B0227821FFF7CCFD019B32465F
:1096300002A94046ADF80830ADF80C7018F06FFC88
:109640004046A4F81871FFF7CBFD5046C4F81C51F2
:109650004146C4F82051C4F808B115F0FBFD20467E
:1096600005B0BDE8F08F00BF64FC0308E8410408C2
:10967000504204084CFC030883940008704770476C
:10968000704741607047704701230372704770470D
:109690007047704770477047704710B4C4680346FE
:1096A00041686210E4079B6801EB020048BF8A58DA
:1096B0005DF8044B48BFD358184743682BB1836803
:1096C0002BB9C06800F001007047184670470120B0
:1096D000704710B5044614212DF018FE204610BD29
:1096E00010B504460C212DF011FE204610BD10B51A
:1096F00004464FF4AE712DF009FE204610BD10B5A2
:10970000044610212DF002FE204610BD10B51BF0BE
:109710008DF90368BDE81040DB6B184770B5B2B037
:109720000446C0221C4902A8FFF7C2F8237C2F2B55
:1097300003D90123237232B070BD33B9174B1B78A4
:109740001BB11BF073F91BF077F90325013DF2D033
:10975000237C302BEFD832AA6089A18902EB8303E6
:10976000ADF80400ADF8061053F8C06CE38996FB21
:10977000F3F203FB126312FB01F2694613FB00F3E1
:109780006068ADF80220ADF8003003681B699847A7
:10979000237C01332374D9E790F10308345A012064
:1097A000044B1B6893F858200AB1D86C00B998682C
:1097B000704700BF385A0120F8B5044617460E46D8
:1097C0001BF022FA164B0025C4F854711C60294680
:1097D000144BC4F83C512360134BC4F84051C4F8F7
:1097E0004431124BC4F848511868C4F84C51C4F8BD
:1097F0005051C4F8586103689B689847284600F0A8
:109800007DFCFFF7CDFF25F088F9FFF7C9FF25F0B4
:10981000FFF9FFF7C5FF25F007FA2046F8BD00BFA6
:109820008C5A0120B4FC03089CFC0308385A012020
:10983000064BC0F84801C0F84C310023C0F8503145
:1098400000F5A273C0F84031704700BFD1990008FD
:10985000064BC0F84801C0F84C310023C0F8503125
:1098600000F5A273C0F84031704700BF799B000833
:10987000064BC0F84801C0F84C310023C0F8503105
:1098800000F5A273C0F84031704700BFE19C0008AA
:109890002DE9F047074690689946884603681546C3
:1098A000DDF820A01B6A9847B0F59C7F05D2424B9B
:1098B000A321424A42482FF0EFFC686803681B6A04
:1098C00098470F2803D83F4BA4213C4AF2E7E868A9
:1098D00003681B6A98470B2803D83B4BA521374ADE
:1098E000E8E71BF0A3F804301BF0EDF8D9F800000E
:1098F00010B10368DB689847D9F8000010B103681D
:109900001B689847386810B103685B699847D8F8B6
:10991000000010B103685B689847386810B10368AD
:109920001B689847D8F8000010B103689B689847F7
:10993000E868002103685B6A9847044620B1002369
:1099400043600372214B0360A868002103685B6ACF
:109950009847064608B1FFF77DFB68680021036859
:109960005B6A9847054610B13146FFF74DFBC9F8D1
:109970000040C8F800503E60E5B12B1DCAF8003029
:109980003046C5F808A03368F563DB6898472B6854
:1099900028461B689847214630461DF069F8236821
:1099A00020461B699847236820465B6998472846EC
:1099B000BDE8F0872B46E1E748FD03085DFF03089B
:1099C000D6FD030817FE0308BAFE030808FD0308C6
:1099D00007B5D0F8583100F59E710093044BD0F8CC
:1099E00054210448FFF754FF03B05DF804FB00BFA7
:1099F000805A01207C5A01202DE9F04706469068E4
:109A000098460F4603681546DDF820901B6A984774
:109A1000B0F59C7F05D2504BA321504A50482FF0FF
:109A20003BFC686803681B6A98470F2803D84D4BB6
:109A3000A4214A4AF2E7E86803681B6A984713289A
:109A400003D8494BA521454AE8E71AF0EFFF043057
:109A50001BF039F8D8F8000010B10368DB689847AC
:109A6000D8F8000010B103681B689847306810B13F
:109A700003685B699847386810B103685B6898476A
:109A8000306810B103681B689847386810B10368E4
:109A90009B689847E868002103685B6A984704461A
:109AA000A8B10023314A436003720374304B026053
:109AB0001A88304B1B889A4241D907320533D2109D
:109AC0004281062293FBF2F383810823C381A868B5
:109AD000002103685B6A9847824608B1FFF7BAFA2B
:109AE0006868002103685B6A9847054610B15146D3
:109AF000FFF78AFAC8F800403D60C6F800A045B3F9
:109B00002B1DC9F800305046C5F80890DAF800302F
:109B1000CAF83C50DB6898472B6828461B68984772
:109B2000214650461CF0A4FF236820461B69984735
:109B3000236820465B6998472846BDE8F0870621E0
:109B400005320733C181DB1092FBF1F28381428140
:109B5000BDE72B46D5E700BF48FD030861000408B8
:109B6000D6FD030817FE0308BAFE03082CFD030800
:109B70002A5A01202C5A012007B5D0F8583100F597
:109B80009E710093044BD0F854210448FFF734FF32
:109B900003B05DF804FB00BF805A01207C5A01200D
:109BA0002DE9F047074690689946884603681546B0
:109BB000DDF820A01B6A9847B0F59C7F05D2424B88
:109BC000A321424A42482FF067FB686803681B6A7A
:109BD00098470F2803D83F4BA4213C4AF2E7E86896
:109BE00003681B6A98470B2803D83B4BA521374ACB
:109BF000E8E71AF01BFF04301AF065FFD9F80000FF
:109C000010B10368DB689847D9F8000010B1036809
:109C10001B689847386810B103685B699847D8F8A3
:109C2000000010B103685B689847386810B103689A
:109C30001B689847D8F8000010B103689B689847E4
:109C4000E868002103685B6A9847044620B1002356
:109C500043600372214B0360A868002103685B6ABC
:109C60009847064608B1FFF799F96868002103682C
:109C70005B6A9847054610B13146FFF7A9F9C9F864
:109C80000040C8F800503E60E5B12B1DCAF8003016
:109C90003046C5F808A03368F563DB6898472B6841
:109CA00028461B689847214630461CF0E1FE236891
:109CB00020461B699847236820465B6998472846D9
:109CC000BDE8F0872B46E1E748FD0308680104087A
:109CD000D6FD030817FE0308BAFE030808FD0308B3
:109CE00007B5D0F8583100F59E710093044BD0F8B9
:109CF00054210448FFF754FF03B05DF804FB00BF94
:109D0000805A01207C5A012013B5002249B102ABD0
:109D1000019203F8052D0268946801AAA04702B0D9
:109D200010BD0846FBE7C0897047008A7047C088AD
:109D3000704780887047807A00F07F007047807A93
:109D4000C00970470020704700207047406A704784
:109D5000806A704770478B88C069DB0A0A6850F8D0
:109D600023001044704710B5C2B1137BB3B1547BCC
:109D7000D27A240204F4E0641443026A98B202EB3B
:109D8000840213888B4202D192F9020010BD05D8DB
:109D90000138043280B20028F3D1F7E70020F5E75C
:109DA00010B504462C212DF0B1FA204610BD00005C
:109DB00030B58BB00446BDF860500895BDF85C50D6
:109DC00007959DF8505006959DF84C5005959DF8C7
:109DD000485004959DF8445003959DF840500295D5
:109DE0009DF83C500195BDF8385000951CF09AFA4A
:109DF000064B20462360159BE361169B2362199B4B
:109E000063621A9BA3620BB030BD00BF74020408EA
:109E100030B5174D8FB02C78BFF35B8F14F0010471
:109E200022D128462DF088F8F0B13F2301221149B4
:109E30000993114B0A940893104B05941048CDE9EF
:109E400006430423CDE903320A23CDE90B440093F2
:109E5000CDE90144FFF7ACFF28462DF089F8094A07
:109E6000094907482DF04CFA05480FB030BD00BF36
:109E70009C0C00206875099058590408545904082E
:109E8000A00C002000000020559D0008704710B570
:109E9000044608212DF03AFA204610BD10B50024E2
:109EA00004600C6014601C6010BD000030B5174DDC
:109EB0008FB02C78BFF35B8F14F0010422D12846B9
:109EC0002DF03AF8F0B13F23012211490993114BCB
:109ED0000A940893104B05941048CDE906430423D7
:109EE000CDE903322823CDE90B440093CDE90144A9
:109EF000FFF75EFF28462DF03BF8094A094907485D
:109F00002DF0FEF905480FB030BD00BFCC0C00208D
:109F1000907509905059040860590408D00C00202D
:109F200000000020559D000830B5174D8FB02C78EB
:109F3000BFF35B8F14F0010423D128462CF0FCFF03
:109F4000F8B13F2311490A940993114B01940893E6
:109F5000104B114807930123CDE9054304930423D3
:109F6000CDE902431423CDE90B441A460093FFF7D1
:109F70001FFF28462CF0FCFF084A094906482DF02F
:109F8000BFF905480FB030BDFC0C0020A07509904A
:109F90005C59040864590408000D002000000020EA
:109FA000559D0008704710B5044604212DF0AEF908
:109FB000204610BD012908B508D003D3022909D0D5
:109FC000002002E000F012F8006808BD00F00EF872
:109FD0004068FAE700F00AF88068F6E70048704742
:109FE000F8020408042070470420704700487047B6
:109FF0002C0D002010B5054CFFF796FF2060FFF7F1
:10A0000055FF6060FFF704FFA06010BD2C0D00201D
:10A0100000207047002070470EB403B503AB002149
:10A0200053F8042B01931BF077FC02B05DF804EBAE
:10A0300003B070470CB407B504AB53F8042B01937D
:10A040001BF06AFC03B05DF804EB02B0704700003F
:10A0500010B5436C044673B3038F2BB9184BC5215D
:10A06000184A19482FF018F9C38E00EB43035B8C94
:10A070000BB31DF043FA238F012B03D8134BCB21D5
:10A08000134AEEE7E28E40F63F10531C9BB2092BB9
:10A09000194688BFA3F10A0104EB4101498C8142B2
:10A0A00009D10A2B04EB420228BF0023508C04EB99
:10A0B0004303588451842046BDE810401DF020B968
:10A0C00048030408750404085103040895030408B0
:10A0D000A30304081DF0DDB810B586B002AC84E817
:10A0E00006001A460AAB214605930193099B00938B
:10A0F000089B1AF039F806B010BD000038B5D8B981
:10A10000114B12481B681249BBB11A689C681A446B
:10A110001C4402605A681A440A606CB10D4B00225C
:10A120001A80FFF763FF0546FFF75EFF0A4B1C60CE
:10A130000A4B1D600A4B188038BD0A4B03600A4B5E
:10A140000B600A4B1C68E8E7380D00203C0D00202E
:10A15000400D0020440D0020905A0120985A012003
:10A16000945A0120D4760990B8760990D076099057
:10A17000044B1B6853F82100034B1B6803EB4000A2
:10A18000704700BF400D00203C0D0020012380F8E7
:10A19000781080F8793070470020704741640031B2
:10A1A000024B18BF01211970704700BF355A0120BA
:10A1B00000207047836B0BB10846184770474FF675
:10A1C000FF707047406803689B691847002070471C
:10A1D000B1F90430838001207047704780F8261061
:10A1E000704790F82600704710B50022B1F908407A
:10A1F000B1F90A10028042808480C18010BD002223
:10A20000028042808280C28070470177704701627D
:10A21000704780F82410704780F82510704701209F
:10A220007047983070478C3070478430704700001A
:10A23000034B902283F85A2383F85823704700BFBA
:10A2400000E100E0094A0A49D3680A48C3F30A0357
:10A25000013B9BB20B801169C1F30A0101390180F6
:10A260001364536B43F0010353637047006801406C
:10A27000A60D0020A40D0020014B986A704700BF76
:10A2800084680140024B0122996243F8602C7047B8
:10A2900084680140144AF0B55369DB0323D50023D9
:10A2A000C2F88430BFF34F8FD2F8803043F6E076A7
:10A2B000C3F3C904C3F34E33A5075B0103EA060CDD
:10A2C000284621464CEA0007013900F14040C2F817
:10A2D00074724F1CF6D1203B13F1200FEED1BFF367
:10A2E0004F8FBFF36F8FF0BD00ED00E070477047F8
:10A2F000704770473823002201FB0333C25490F8A3
:10A3000038300BB9036C83647047704780F84C1089
:10A31000704710B5044658212CF0F8FF204610BDB8
:10A3200010B504462C212CF0F1FF204610BD10B5CD
:10A330000446BC212CF0EAFF204610BD10B531B90F
:10A340000A4B40F2D2210A4A0A482EF0A5FFC0E982
:10A350000F120032084918BF01220A70194602681C
:10A36000BDE81040D2F88C20104700BF2108040837
:10A37000BC16040859080408345A012008B5094BD2
:10A380001B888B4203D8084B1B88934205D9074B87
:10A390009E21074A07482EF07FFF074B1980074B85
:10A3A0001A8008BD2A5A01202C5A0120BE07040831
:10A3B0007916040859080408305A0120325A01203D
:10A3C00008B531B1044B40F29711044A04482EF00D
:10A3D00063FF90F8390008BD44060408250C040802
:10A3E0005806040810B531B1064B40F29111064AE7
:10A3F00006482EF051FF406811460368BDE8104042
:10A400001B6B184744060408161104085806040874
:10A4100008B529B1034B7A21034A04482EF03CFFCA
:10A42000006908BD440604087F140408580604089F
:10A4300008B529B1054B8321054A06482EF02CFFAB
:10A4400041618160C0E9063208BD00BF44060408CE
:10A45000BB0D04085806040838B5044615F0E3F9A6
:10A4600023685D6E1AF0E2FA01462046A847236889
:10A47000084A2046D3F888500023A2F57F31A84728
:10A48000054B064A5A60064A1A649A644FF4FF2242
:10A490005A6438BD00FC03C04C0D0020E4150020B8
:10A4A00000F40BC015F0A6B915F0B0B915F06CB9F1
:10A4B00015F0DBBA10B5044615F002FF23682046FC
:10A4C000D3F8AC30BDE81040184790F87A301BB193
:10A4D000406803681B6818471846704710B590F825
:10A4E000784090F834100C4B8C421A7809D03AB965
:10A4F0000A490B4A08881488108001220C801A70BF
:10A5000010BD002AFCD0064A0449148808880C8033
:10A5100010800022F3E700BF2E5A01202C5A0120A0
:10A520002A5A012010B5044629B1274BA421274AF5
:10A5300027482EF0B1FE052A34D8DFE802F00329BF
:10A540002F34393E406803681B69984750B34FF079
:10A55000FF31606D06F028FD0023012294F83E10C3
:10A5600084F83B3084F83920A360636101B1226232
:10A5700084F83E306362E36A2BB90123206D84F8CE
:10A580003A3006F0FDFD606DBDE8104006F03CBDC0
:10A59000002380F8393084F83E3003E00362002362
:10A5A0008360436110BD0362002383604361F2E76F
:10A5B000002380F839300123EDE7003318BF012371
:10A5C00080F83D30EEE700BF440604089808040810
:10A5D0005806040870B50446164629B1304BE721E9
:10A5E000304A31482EF058FE90F8393033B12F4BB5
:10A5F0001B6893F86B20436913444361E36A002BA3
:10A600004CD0E269D4E905315943A36853439942D8
:10A6100020D2236A002B41D04FF0FF31606D06F04D
:10A62000C3FC236A0BB10023E362E36AF3B901259B
:10A63000606D06F0E9FC94F839300BB9236A3BB140
:10A64000E36A2BB90123206D84F83A3006F098FDB7
:10A65000284670BD94F84C000028DDD0CB1AB3FB1F
:10A66000F2F30BB96362D7E7013BFBE70022A36279
:10A6700094F83C503046E262E2682261A2680132FE
:10A68000A260336333685B699847002DCFD194F89B
:10A690003D30002BCCD184F83950C9E70125CAE7F9
:10A6A00044060408780A040858060408385A0120A9
:10A6B000034B4FF080629A604FF080729A6070474F
:10A6C00000E100E0084B4FF08062C3F88820BFF340
:10A6D0004F8FBFF36F8F4FF08072C3F88820BFF3A6
:10A6E0004F8FBFF36F8F704700E100E038B503462E
:10A6F00090F8380030B11E4B40F2F5111D4A1E484B
:10A700002EF0CAFD01229860D86083F83D2083F8BE
:10A7100038204FF4F07258619861D861186258621D
:10A720009862D8621863586383F8390083F83A0056
:10A7300083F83B0083F83C0083F83E00CA864FF460
:10A74000887281F834000A8708639A6C186102F5F0
:10A75000FF24D3E9101529448C4203D9074B582113
:10A76000074ACCE71A6302F57F329C645A6338BD0E
:10A7700094060408830F040858060408C406040855
:10A78000D0120408002370B583800646104B114D8B
:10A7900003602A6892F8581009B1D06C00B990682B
:10A7A0000368DB6A98472B68B0FA80F4D86C6409B8
:10A7B00028B10368DB6A9847002808BF01242CB938
:10A7C000054B2C21054A06482EF066FD304670BD2B
:10A7D00028050408385A0120040704084016040814
:10A7E0006207040870B5294E3578BFF35B8F15F00A
:10A7F000010548D130462CF09FFB002843D0244C63
:10A80000244B04F134002561E58425856585A58503
:10A81000C4E90035C4E902551BF0B3FC04F158004B
:10A8200017F020FB1C4B2046A3651C4B40F8843BD3
:10A83000FFF7A8FF1A4B3046C4F89050C4F8843094
:10A840002433C4F89C50C4F88C306423C4F8A4505A
:10A85000A4F8A030002384F8A850C4F8AC30C4F8A1
:10A86000B030C4F8B430C4F8B8300E4B84F8A950F6
:10A8700084F8AA50C4F898302CF07AFB0A4A204693
:10A880000A492CF03DFD024870BD00BF480D002074
:10A89000A80D00202441040848050408C005040848
:10A8A000D8400408B840040800000020EFA20008C7
:10A8B00010B5144C236823B3134B144A1B6C118836
:10A8C0008B4213D1124B198802F094FD226892F842
:10A8D0006A30013382F86A3000F098FB206815F086
:10A8E000EFFC0020BDE8104001F094B902F082FDB9
:10A8F000206803681B6A98470020BDE8104001F0FB
:10A90000B9B910BD385A012000680140A60D0020D9
:10A91000A40D00202DE9F74304464FF4707894F815
:10A920003A304FF0FF311BB9206D06F0EDFBF6E732
:10A93000606D06F039FB266BA36A276AB34265682F
:10A9400008BF666B37B32B68394628465B6A984761
:10A950000023236284F83B30606D06F055FB2B68C2
:10A960004FF4F072CDF8008031465F6928464FF40D
:10A970008873B8474FF0FF310746606D06F014FB4F
:10A9800094F83B30C3B1002384F83B30606D06F08F
:10A990003BFBC4E7636A002BDED02B682846D3E973
:10A9A00009939847616A01442846C847A368626AC8
:10A9B00067621344A360CFE7E6625FB12B68284665
:10A9C0009B6A98470138E060002384F83C7084F863
:10A9D0003A30DBE70123E360F6E7000008B5014801
:10A9E000FFF798FF4C0D002010B5044648212CF0CD
:10A9F0008DFC204610BD70B50368044604220D4648
:10AA00005E6A0023B0474FF0FF31606D06F0CCFA6C
:10AA1000382303FB0542D16A09B10021D16203FB4F
:10AA20000545012385F83B30002385F83930606DFA
:10AA3000BDE8704006F0E8BA38B500EB8103044683
:10AA40000D46114658680368DB689847294620463A
:10AA5000FFF7D1FF38BD70B50D461146044600EB37
:10AA600085025068026896681A46B0472946204613
:10AA7000FFF7C1FF70BD000070B5214C0025214ECD
:10AA80002149204600F048FD3246204920462CF05E
:10AA900037FC1F4C01201F4B2A46294684F83850AA
:10AAA00084F8395084F83A5084F83B5084F83C508C
:10AAB00084F83D0084F83E5065602360A56484F806
:10AAC0004C00C4E90255C4E90455C4E90655C4E97B
:10AAD0000855C4E90A55C4E90C55C4E91055C4E940
:10AAE000145506F0BBFA2065284606F01BFA3246DC
:10AAF000606520460849BDE870402CF001BC00BFED
:10AB0000E415002000000020640E0020F3A20008DD
:10AB10004C0D00200C060408EDA2000803685B6CD5
:10AB200018470120704703689B6A1847FEE700003A
:10AB30000E4B82B01A6B42F400021A631A6B02F4D5
:10AB400000020192019A1A6942F400021A611A691C
:10AB500022F400021A61064B064A1A61064A5A613B
:10AB60004FF08062054B9A6002B070470038024097
:10AB70001466012089AB00082DAB000800E100E05D
:10AB800040F2EF3070470000024B1B6858680368C2
:10AB90005B691847385A012008B50B280BD8DFE845
:10ABA00000F01206100A0A0A0A080808080801201C
:10ABB00008BD0520FCE7054B6F21054A05482EF02E
:10ABC0006BFB0020F4E70220F2E700BF2417040823
:10ABD000F61704083F17040808B50A2809D8DFE863
:10ABE00000F010060E0808080806060606000120F8
:10ABF00008BD054B9021054A05482EF04DFB00206D
:10AC0000F6E70220F4E700BF241704084018040800
:10AC10003F170408F8B50C46487FFFF7BDFF05460F
:10AC2000A77F3846FFF7B8FF06463846FFF7D4FF40
:10AC3000A38A628BD21A494B1A64A18A628B521A78
:10AC40009A61A18A228B521A1A615863A18AE28AF8
:10AC500042EA01425A642269DA636268DA60226871
:10AC6000402A70D010D8042A3BD0202A6BD0237FF2
:10AC700045EA0365394B45F40035DD61617FA27F0C
:10AC8000914267D0364A4BE0B2F5807F1BD0B2F5D7
:10AC9000007F23D0802AEAD1A068021DDA62227FD9
:10ACA00045EA026545F40035DD615E6222695A615C
:10ACB0000278EAB1012A35D02A4B4FF48D712A4A25
:10ACC0002A482EF0E9FA217F294A42EA0162DA6134
:10ACD000E2681A625E6222695A6120E0217F254A99
:10ACE000F3E7227F45EA026545F40035DD61F1E7CF
:10ACF000D9694288501E21F47F42012122F01002BE
:10AD000042EA0022DA61154BDA6942F02002DA6188
:10AD1000DA699206FCD410229A600029B2D0164A51
:10AD20001A60F8BDDA69408822F47F42217F013839
:10AD300022F01002FF3942F0100218BF012142EA4E
:10AD40000022DA61DFE7237F45EA0365034B45F420
:10AD50000035CBE742F20132E2E700BF00B002402B
:10AD6000012301000A170408B81704083F17040854
:10AD70000A000200090002000123020010B5887FCA
:10AD80000C46FFF729FF1C4B5863A18AE28A42EA6E
:10AD900001425A642269DA63628BA18A521A1A64E8
:10ADA0002268082A16D1A18A628B521A9A61A18A56
:10ADB000628B521A1A615862104A217F42EA01627C
:10ADC000DA61E2681A6222695A612269DA600C4A21
:10ADD0001A6010BD0022D8611A61E1680A0A4809A8
:10ADE000C1F3C40102F4784200F4FC6002430A4358
:10ADF0009A63044AECE700BF00B00240090001007A
:10AE00000123020001230300054B4FF08062036021
:10AE1000044BC3F88820BFF34F8FBFF36F8F704789
:10AE20007017040800E100E010B50446FFF7ECFFDE
:10AE30004FF45A6120462CF069FA204610BD0000FC
:10AE400070B505460A4B0C3000262C46602268601F
:10AE50002E726E7244F8203B214615F0A1FB05F5D9
:10AE60005A63E6602434A342FBD1284670BD00BF7C
:10AE700070170408034B1A68D207FCD423229A6087
:10AE8000704700BF00B00240094B5A69D2030ED58B
:10AE9000BFF34F8F08440029A0EB010203DDC3F884
:10AEA00068222039F7E7BFF34F8FBFF36F8F7047EA
:10AEB00000ED00E030B5104C2568ED07FCD42325EB
:10AEC0000904FF2BA56041F001014FF00205656305
:10AED0006164E0630AD00949656241EA0363E361A2
:10AEE000074B22626061E060236030BDE561039B37
:10AEF000A363044BF8E700BF00B002400900010063
:10AF0000010002000100030030B50F4C2568ED0779
:10AF1000FCD423251204FF2BA56042F001024FF060
:10AF2000020565636264E063E16008D01B0643F0DC
:10AF30000213E361054B65626061236030BD044B21
:10AF4000E3610123F9E700BF00B002400100020005
:10AF5000020002FF30B50B4C2568ED07FCD4232519
:10AF600012041B06A56042F00102022543F40033DF
:10AF700065636264E063E160E361034B65626061A5
:10AF8000236030BD00B00240010002000121002218
:10AF900008B5084606F062F80A4B186028B90A4B53
:10AFA00028210A4A0A482EF077F9002204210120BC
:10AFB00006F01EF9074B186018B9074B2C21034AFD
:10AFC000F0E708BD301600208B1804083F1904086C
:10AFD000D41804082C160020FD180408024B4FF06A
:10AFE000FF31186806F090B830160020014B186841
:10AFF00006F0C6B830160020024B0021186806F093
:10B0000083B800BF30160020FFF7F0BF00230348CD
:10B0100003491A46006806F031B900BF2C1600201B
:10B020000400002013B50023074C01A91A4620682C
:10B0300006F066F94FF0FF33002201A9206806F000
:10B040005FF902B010BD00BF2C160020704770479A
:10B05000704770470120704714207047142303FB8A
:10B06000010008307047142303FB010008307047CB
:10B07000012070474FF49C7070474FF49C7303FBA2
:10B080000100083070474FF49C7303FB0100083047
:10B090007047012070471020704700EB0110083006
:10B0A000704700EB0110083070470846FEF7C0BB40
:10B0B000034B10B50446036014F0B6F8204610BDEB
:10B0C000E019040810B50446FFF7F2FF1C212046E2
:10B0D0002CF01CF9204610BD034B10B5044603604C
:10B0E00014F0A2F8204610BDAC19040810B50446AF
:10B0F000FFF7F2FF4FF4A07120462CF007F920462D
:10B1000010BD0000034B10B50446036014F08CF82A
:10B11000204610BD7819040810B50446FFF7F2FF69
:10B12000182120462CF0F2F8204610BD084B10B52F
:10B130000446036000F5B670FFF7BAFF04F12C0077
:10B14000FFF7CAFF04F11400FFF7DCFF204610BD33
:10B15000141A040810B50446FFF7E8FF4FF43A71DB
:10B1600020462CF0D3F8204610BD00002DE9F34115
:10B17000FEF734FF00240546FEF734FF2346014660
:10B180002246284600941CF08DFC284B284A204675
:10B19000284D1A60FEF7B2FF274B284A28489A60CC
:10B1A0001CF0E8FB2B78BFF35B8FDB0738D4284615
:10B1B0002BF0C2FE002833D0224C234B04F5C67678
:10B1C00004F1140004F12C0804F5B6776060C4F8AB
:10B1D0000880E7602661236014F028F81B4B404686
:10B1E000636114F023F81A4B3846E36214F01EF83A
:10B1F000184B04F5C470C4F86C31FDF737FF2246D4
:10B2000004F5C4713046FDF765FF3046FEF710FBCC
:10B2100028462BF0ADFE104A104920462CF070F85D
:10B220000F4802B0BDE8F04100F076BC9C5A012006
:10B230005C27002034160020602700202019002001
:10B240000800002038160020141A04087819040891
:10B25000AC190408E0190408000000202DB1000812
:10B26000E026002070470000014814F0F0BA00BF4B
:10B27000E026002010B5044604212CF047F82046B3
:10B2800010BD10B504468C212CF040F8204610BDAE
:10B2900010B504461C212CF039F8204610BD10B51D
:10B2A00004467C212CF032F8204610BD2DE9F041F7
:10B2B0003E4C3F4D3F4B22463F4F28463F492B6077
:10B2C0002CF01EF83E4E3846FFF7BAFD22463D49A7
:10B2D00038462CF015F8DFF82881304621F0CAFDF9
:10B2E0002246394930462CF00BF840461AF0ECFC67
:10B2F0002246364940462CF003F822463449354868
:10B300002BF0FEFF3448002301223449C560038539
:10B3100080F82A30C362038680F8483080F84920DC
:10B3200080F84A3080F84B30436580F858304366E7
:10B33000816680F86C3080F86D3080F86E30284976
:10B34000C0E90176C0E90433C0E90633C0E9083337
:10B35000C0E90E33C0E91033C0E91333C0E9173335
:10B3600080F86F3080F87A2080F87B201D4A80F8C2
:10B37000703010604FF4F07243670A801A4980F809
:10B3800078300A804FF48872184980F879300A8042
:10B39000174980F834300A80164A1749137022463C
:10B3A000164B0360BDE8F0412BF0AABF000000205F
:10B3B0003C190020501E0408401900204DB0000820
:10B3C0006027002009AE00084FB0000851B0000807
:10B3D000A59F000808000020E026002001000001D1
:10B3E0002A5A0120385A0120305A01202C5A0120B3
:10B3F000325A01202E5A012053B00008781D04084B
:10B40000201900204069704790F844007047036B92
:10B4100023B9C06A003018BF01207047012070476F
:10B4200080687047043010B50C460FC884E80F00E0
:10B4300010BD000008B5034A40F21221024B034838
:10B440002DF02AFFA41C04084F030408BF1A0408A7
:10B450002DE9F0431D46436BADF51F7D80460C463C
:10B460001646002B51D0002203A8DFF8A890CDE9A2
:10B4700001320CF03BFD4FF4F4722490502124A8CB
:10B4800006F023FB3246214624A807F0DDFA01210D
:10B4900024A806F037FC022324A88DF8D83006F043
:10B4A000DEFCBDF898422B9BBDF89C729C42A89E86
:10B4B00028BF1C46419B9F4228BF1F4663001C4477
:10B4C000F61A479B9F421AD9012201A924A806F027
:10B4D00013FDD8F83430181998420ED959789A7853
:10B4E000C90009EA022201F4FC610A4313F8031BB4
:10B4F00042EAD10225F8022BEEE73544E1E724A821
:10B5000006F023FC24A806F033FB0DF51F7DBDE8F3
:10B51000F08300BF00F8FFFF0A4A02600022C0E982
:10B520000522C0E90722C0E90922C0E90B22C0E9CF
:10B530000D12C0E90F2280F84420C0E90322C0E9BF
:10B5400001227047841B040830B41546026B42B1D7
:10B55000046C806B0C1B204429461A4630BC2FF02B
:10B56000ADB8C06A0844F7E710B5036B73B1036C5C
:10B57000826BC91A5318525C98785C780004DB78A7
:10B5800040EA0420104340EA036010BDC36A5858E3
:10B59000FBE7036B43B1036CC91A836B5A18585C01
:10B5A000527840EA02207047C36A585A7047000038
:10B5B00070B50446006B0D461646D8B1E36B934256
:10B5C00008D209230D4A65210D4884F844300D4BFB
:10B5D0002DF062FE0368DB689847206B3246A16B52
:10B5E00003681B69984710B90D2384F84430A06B99
:10B5F000256470BDE06A0844FBE700BF2C1D040809
:10B60000BF1A0408681B04082DE9F843436904467F
:10B610002BB9214BAA21214A21482DF03DFE0822B9
:10B620008169FFF7C5FFA16943F2300646F264372E
:10B6300004312046FFF798FFA169A36A084400F18E
:10B6400008029A4221D2636909300822013320F0AE
:10B65000010120466361A161FFF7AAFFA5692046A9
:10B660002946FFF796FFA91C81462046FFF791FF68
:10B67000291D80462046FFF777FFB145DCD1B8454C
:10B68000DAD10028D8D0012004E001230020636132
:10B69000236AA361BDE8F883761A0408161C04081F
:10B6A000BF1A04082DE9F04F0746ADF51F7D8A4605
:10B6B0001446816908229846FFF77AFFBE6938462A
:10B6C000311DFFF751FF06F10801024605463846D5
:10B6D000FFF76EFF7B6B064633B93C4B40F2AB1174
:10B6E0003B4A3C482DF0D8FD002203A8CDE90132A9
:10B6F0000CF0FCFB4FF4F4722490502124A806F0C7
:10B70000E4F92A46314624A807F09EF9012124A82D
:10B7100006F0F8FA022324A88DF8D83006F09FFB33
:10B72000BAF90260479BB34205D2012201A924A8BD
:10B7300006F0E2FBF6E7BAF900904FEA4808BAF8DB
:10B7400004502B9B06FB08464D44BAF80240DFF834
:10B7500088B02DB29D4228BF1D46BAF8063009EBCD
:10B76000490A1C44419B24B29C4228BF1C46479B6B
:10B77000A3421FD2012201A924A806F0BDFB7B6BC6
:10B780004A465344AA4203F1030311D213F8020CB0
:10B7900013F8011CC0000BEA012100F4FC60014316
:10B7A00013F8030C41EAD00126F812100132E9E740
:10B7B0004644DCE724A806F0C8FA24A806F0D8F925
:10B7C00001200DF51F7DBDE8F08F00BF201A040891
:10B7D000BC1B0408BF1A040800F8FFFF70B503681B
:10B7E000002914BF0D4601250446DB6A9847A8428C
:10B7F00004D223682046DB6A9847054605F180534A
:10B80000E66910222046013B06EB031606F108010B
:10B81000FFF7CEFE06F110012046FFF7A5FE236AD2
:10B82000043B0344C4E9055370BD000000214822D5
:10B830002DE9F0410446816180F84410FFF7B8FE1D
:10B84000A6690423624A31462046FFF77DFE40B1D7
:10B850000323604AF22184F844305F4B5F482DF0A7
:10B860001BFD06F1080104235D4A2046A161FFF794
:10B870006BFE30B10423574AFA2184F84430594B07
:10B88000ECE706F10C010423574A2046A161FFF7BB
:10B890005BFE074638B105234E4A40F2011184F899
:10B8A0004430524BDAE706F110012046FFF75CFE08
:10B8B000054620B94E4B40F20711464ACEE706F145
:10B8C000140804234B4A20464146FFF73DFE00285A
:10B8D00046D0062384F844300423474A06F1180171
:10B8E0002046FFF731FE00283CD0072384F844307F
:10B8F0004544424F0C2220462946FFF759FE05F1E8
:10B90000080604233A4620463146FFF71DFE94F808
:10B910004430002845D1002B53D105F10C030435E8
:10B920002046A3612946FFF71FFE30442946606286
:10B930002046FFF719FE0644042220463146FFF751
:10B9400037FE04232E4A31462046FFF7FDFD00282E
:10B950003BD10123E6616361A3692362BDE8F08105
:10B960000127B9E7002FC3D006F120012046FFF7D9
:10B97000FBFD4FF47A7306F13001B0FBF3F0606029
:10B980002046FFF7F1FD06F14001A0602046FFF7D9
:10B99000EBFD06F14401E0602046FFF7E5FD206184
:10B9A000A6E773B9A36AAB42B7D9291D2046FFF7B2
:10B9B000DBFD08300C22054420462946FFF7F8FD40
:10B9C0009DE70A2384F84430C8E70B23FAE700BF59
:10B9D000F21A0408FF1C0408F71A0408BF1A040826
:10B9E000101B0408151B04082D1B0408321B040837
:10B9F000481B0408541B0408591B04085E1B040858
:10BA0000631B0408C0E90A2100220263FFF70EBF8E
:10BA1000002310B501630446C36208460B689B68A7
:10BA20009847A0622046BDE81040FFF7FFBE70B403
:10BA3000BDF80C40BDF810502AB123B1CDE9034543
:10BA400070BCFFF705BD70BC704700002DE9F04FDA
:10BA50009946436985B004460F4690462BB92A4B58
:10BA600077212A4A2A482DF017FC08228169FFF71E
:10BA70009FFDA56920462946FFF78BFDA91C83463B
:10BA80002046FFF786FD291D82462046FFF76CFD04
:10BA900005F10801A36A064642189A4227D243F2EA
:10BAA00030039B4517D146F264339A4513D190B1C8
:10BAB0000246A1612046FFF77BFD0E9B0146CDF8B3
:10BAC000008032462046CDE901933B46FFF7AFFFA9
:10BAD000636901336361A36933448EB1A361A369D0
:10BAE000626A013323F001039342A3610AD101206A
:10BAF000236A6061A36180F0010005B0BDE8F08FAA
:10BB00000833EBE70020F6E7761A0408491C04081E
:10BB1000BF1A04087047000038B50446FEF79CFCC5
:10BB2000084923682046084DD3F88C3098470023F5
:10BB3000284684F84A3000F07DF90123256184F815
:10BB4000703038BD00F807C0EC270020FEF794BB2A
:10BB5000FEF798BBF8B5FEF7A9FC134A0023C2F81C
:10BB60008430BFF34F8FD2F8803043F6E076C3F3D2
:10BB7000C904C3F34E33A5075B0103EA060C28464C
:10BB800021464CEA0007013900F14040C2F87472C6
:10BB90004F1CF6D1203B13F1200FEED1BFF34F8F96
:10BBA000BFF36F8FF8BD00BF00ED00E0FEF780BC73
:10BBB000FEF73EBBFEF77CBDFEF784BDFEF742BB41
:10BBC00013F0DCBD08B5054B01461B6800B101212F
:10BBD000184614F08FFB012008BD00BF385A012021
:10BBE00010B504460C212BF091FB204610BD00003F
:10BBF00004480023044A43608360044B0449036003
:10BC00002BF07EBBEC27002000000020681E0408FB
:10BC100015BB0008032823D8DFE800F0020B131A35
:10BC2000104B102110481A68B2FA82F2520903F040
:10BC300025B80C4B40215A68B2FA82F252090B48DF
:10BC4000F5E7084B80219A68B2FA82F25209F6E7CA
:10BC5000044B40210648DA68B2FA82F25209E6E75C
:10BC6000704700BFF827002000040240000802408F
:10BC700000180240032823D8DFE800F0020B131A53
:10BC8000104B102110481A68003218BF012202F030
:10BC9000F5BF0C4B40215A68003218BF01220B48F7
:10BCA000F5E7084B80219A68003218BF0122F6E7B9
:10BCB000044B40210648DA68003218BF0122E6E74B
:10BCC000704700BFF827002000040240000802402F
:10BCD0000018024003280FD8DFE800F00206090B25
:10BCE0001021064802F0CFBF40210548FAE7802125
:10BCF000FBE740210348F5E7704700BF000402401E
:10BD0000000802400018024008B5032813D8DFE8F5
:10BD100000F0020A0D0F1021084802F0A9FF431E8F
:10BD20005842584108BD40210548F6E78021FBE70D
:10BD300040210448F1E70020F1E700BF0004024081
:10BD4000000802400018024070B50024074D01268B
:10BD5000E0B2FFF7D9FF28B155F82430012B18BF06
:10BD600045F824600134052CF2D170BDF82700207D
:10BD7000024B7020024A1360DB6818471C00002049
:10BD80000828002073B50E4C0E461546236813B9DB
:10BD9000002002B070BD1B69702098470028F7D0C2
:10BDA0002368702001AA0DF106015B699847BDF870
:10BDB000043001203360BDF806302B60E9E700BF96
:10BDC0000828002010B586B0012306AC04F8012D28
:10BDD0004FF47A720094CDE901320A4601460448D4
:10BDE00002F016F810B1024801F0F9FF06B010BDDC
:10BDF000F06401207FB5002306AA4FF47A7C02F894
:10BE0000013D012300920A4601460748CDE9013C65
:10BE100002F0D8F810B1044801F0E1FF9DF81700D6
:10BE200007B05DF804FB00BFF06401204068704774
:10BE300041607047094A136843F080731360A2F5AC
:10BE40004E42074B4C3A11680B431360A2F57B62DC
:10BE5000136843F001031360704700BFFCED00E07E
:10BE600055CEACC5521A02EB5302B2FBF3F0704749
:10BE7000014B1868704700BF041000E010B503685C
:10BE800004461B6931B19847A26863689B1A18443D
:10BE9000606010BD9847A060FBE700000F490020DC
:10BEA000D1F8883043F47003C1F888300C4B1A681D
:10BEB00042F001021A6098601A6822F0847222F43B
:10BEC00080321A60074A5A601A6822F480221A6087
:10BED000D8604FF000638B60704700BF00ED00E05A
:10BEE000003802401030002408B5642005F000F846
:10BEF000FBE7000010B594B030220021022408A80E
:10BF00002EF01AF91422002103A82EF015F91D4B6A
:10BF1000192108A81A6C42F080521A641B6C03F0B5
:10BF200080530193019B184B1A6842F440421A60F7
:10BF300001221B6803F440430293029B4FF48033B9
:10BF4000CDE908234FF48003CDE90E434FF4D873B5
:10BF5000CDE91244CDE9101301F0FCFA01F06AFAC0
:10BF60000F2300200721CDE903344FF4A053CDE97E
:10BF700005034FF4805303A8079301F0CDFC14B0E0
:10BF800010BD00BF003802400070004030B54FF4D3
:10BF900080738FB04FF080720E4C06939F230992EE
:10BFA0000122009300230546694620460593CDE90A
:10BFB0000A2341F28832CDE90733CDE90C3302F090
:10BFC0001BFA41F288322946204602F0E1FA0FB00E
:10BFD00030BD00BF8C66012000B54FF4807391B076
:10BFE0004FF04072EF2808934FF0EB0302A90E4880
:10BFF00002934FF4406309934FF4005305934FF0BD
:10C000000003CDE90A320CBF06220A220F930792E1
:10C0100010AA019342F8403DCDE90D3302F02FFA0A
:10C0200011B05DF804FB00BF8C6601202DE980484B
:10C030009DB01022002101250FA800242EF07CF8CD
:10C0400002F0BAFB4FF0104CC64B0FA8ADF83C50B5
:10C050001294CDE910C302F0D1FB17230FA88DF87D
:10C060003D508DF844308DF84A5002F0C7FB042053
:10C0700002F0B2FBBFF34F8FBFF36F8FBA4BC3F821
:10C080005042BFF34F8FBFF36F8F5A6942F40032B3
:10C090005A61BFF34F8FBFF36F8FC3F88440BFF374
:10C0A0004F8FD3F8802043F6E076C2F3C904C2F381
:10C0B0004E32A507520102EA060C2846214640EA04
:10C0C0000C07013900F14040C3F860724F1CF6D1F3
:10C0D000203A12F1200FEED1BFF34F8F5A6942F48C
:10C0E00080325A61BFF34F8FBFF36F8F00F0C2FCF5
:10C0F0000024FFF7FFFE142200210FA82EF01CF8E9
:10C100009A4B10219A481A6B01274FF010084FF0F4
:10C11000030B42F010024FF4805A964D4FF0040981
:10C120001A631A6B944E02F010020492049A1A6B6E
:10C1300042F002021A631A6B02F002020592059A9B
:10C140001A6B42F001021A631A6B02F001020692A6
:10C15000069A1A6B42F040021A631A6B02F0400210
:10C160000792079A1A6B42F400721A631A6B02F470
:10C1700000720892089A1A6B42F008021A631A6B4E
:10C1800002F008020992099A1A6B42F480621A635B
:10C190001A6B02F480620A920A9A1A6B42F0200229
:10C1A0001A631A6B02F020020B920B9A1A6B42F47C
:10C1B00080721A631A6B02F480720C920C9A1A6BDA
:10C1C00042F080021A631A6B02F080020D920D9AFF
:10C1D0001A6B42F004021A6300221B6B03F0040383
:10C1E0000E930E9B02F04AFD01220821634802F0E3
:10C1F00045FD01224FF48051614802F03FFD0022CD
:10C20000C021604802F03AFD002240215E4802F061
:10C2100035FD0FA95648CDE90F87CDE9114B02F046
:10C22000A5FB08230FA955480F9301931294CDE95C
:10C23000107402F09BFB0FA95148CDE90FA7CDE97F
:10C24000114402F093FBC0220FA94E48CDE90F27FD
:10C25000CDE9114B02F08AFB40220FA94A480F9208
:10C260000092CDF848B0CDE9107402F07FFB47484A
:10C270004749848001600762C0E9054400F0D4FEAC
:10C2800044492846C5E90A44C5E90C44C5E90014F7
:10C29000C5E9024402F000FD394628463E4D02F051
:10C2A000BBFD009A3D49304672614FF4C072B460E4
:10C2B000B462C6E906244FF40062C6E9082A4FF0CA
:10C2C000020A0722C6E900140FA9CDF854A0C6E956
:10C2D0000398CDE90FA2CDE91192CDE913BA01F08F
:10C2E000E1F829464FF6FF7230460394C5E900781D
:10C2F000C5E9027401F0F6F8384600F0DFFB294684
:10C300004FF6FF723046C5E900A8C5E9027401F096
:10C31000E9F8019B29464FF6FF723046C5E900B89F
:10C32000C5E9023401F0DEF84FF40C734FF6FF72EA
:10C33000294603933046039BAF60EB60C5E9009844
:10C3400001F0D0F840F22B713046154D01F0E9F8BC
:10C350004FF0204343F2D202642040F215261A60C7
:10C3600020E000BF1B00000300ED00E000380240A9
:10C370000004024014660120586601200028024093
:10C3800000200240000802400018024044650120DD
:10C390000030024000B002400C280020400100A004
:10C3A000F064012000F08AFB494B4A4A28462C627F
:10C3B000C5E90023C5E90247C5E90444C5E90644C7
:10C3C00001F0B1FC2146284602F0F6FE214628463F
:10C3D000414D02F01DFF342221460FA82DF0ACFE86
:10C3E0003E4B2821352040F2352C2C61AC8685F857
:10C3F0003640C5E900340923C5E905130B23C5E917
:10C40000070340F21B132846C5E9096340F21D13D8
:10C41000C5E90244C5E90BC300F0E6FEFF214FF475
:10C42000806E4FF4F0724FF4887328460F941A937D
:10C43000ADF86C408DF86E40CDE914140521CDE9BE
:10C4400016E14FF04041CDE91024CDE91812224603
:10C450000FA9CDE9123A00F0A4FF2148214B046254
:10C46000C0E90037C0E902984FF4A0634FF0180804
:10C47000C0E90644C0E9048301F06AFF0FA8FFF792
:10C4800085FD9DF83C00FFF7A7FD5C2002F080F9D8
:10C4900012F07DFE02F00CFF02F009FF04F098FCA0
:10C4A000114A2146114804F0CDFC114B114A214696
:10C4B0001860114804F0C6FC104B114A2146186060
:10C4C000104804F0BFFC104B186004F09BFCFEE722
:10C4D00068474020005C004068650120006801401A
:10C4E0008C660120001000A0C41E0408E9BE0008EC
:10C4F000EC640120A01E0408BFF2000810660120B1
:10C500000C1F0408DDA90008546601200268034BD3
:10C510009A4201D100F0C0BA704700BF001000403D
:10C5200070470000214B70B51A6C88B0064642F087
:10C53000100201A903A81A641B6C03F010030293F4
:10C54000029B01F09BFA069B4BBB01F087FA184C4B
:10C55000184B236040F2E733E360174BB0FBF3F076
:10C5600001380023606020462361A360A36102F0CC
:10C57000F3FD054680B9204602F09AFC054658B9FD
:10C58000362002F0F7F80F2E0DD82A463146362015
:10C5900002F0BEF8094B1E60284608B070BD01F0DD
:10C5A0005DFA4000D3E70125F6E700BF00380240FE
:10C5B000D86601200010004040420F001400002007
:10C5C0000D4B82B00F216FF001001A6C42F08052C7
:10C5D0001A641A6C02F080520092009A5A6C42F46B
:10C5E00080425A6400225B6C03F480430193019BF8
:10C5F00002B002F08DB800BF00380240026882B07D
:10C60000084B9A420BD1D3F8302803F5006342F46B
:10C6100080521A631B6B03F480530193019B02B099
:10C62000704700BF0030024007B50E4B02689A42C7
:10C6300015D1A3F5F04305215A201A6B42F40002EC
:10C640001A6300221B6B03F400030193019B02F0A9
:10C650005FF85A2003B05DF804EB02F08BB803B02A
:10C660005DF804FB00B0024010B5A8B004461422E7
:10C67000002102A82DF060FD8422002107A82DF0E2
:10C680005BFD2268174B9A422AD14FF4803307A8EA
:10C69000079300F025FA08B1FFF742FF124C4FF460
:10C6A000C07201211148236B43F080032363236B85
:10C6B00003F080030093009B1223CDE902230323A0
:10C6C000CDE90413042302A9069302F04FF9236C69
:10C6D00043F400032364236C03F400030193019BE0
:10C6E00028B010BD005C004000380240001C024031
:10C6F00008B50A4B02689A420FD1094A80210948BD
:10C70000136C23F40003136402F018FA4FF48071E1
:10C710000448BDE8084002F011BA08BD005C0040C2
:10C7200000380240001C024070B5ACB00446142230
:10C73000002106A82DF000FD842200210BA82DF079
:10C74000FBFC2268484B9A4240F08C80082305206D
:10C7500001240B934FF4C07310930223CDE91130E1
:10C760004FF400330BA8CDE9154300F0B9F908B137
:10C77000FFF7D6FE3D4B002402250E265A6C06A973
:10C780003B4842F080625A645A6C02F08062009228
:10C79000009A1A6B42F010021A631A6B02F0100230
:10C7A0000192019A1A6B42F400721A631A6B02F436
:10C7B00000720292029A1A6B42F480621A631A6B38
:10C7C00002F480620392039A1A6B42F040021A63E9
:10C7D0001A6B02F040020492049A1A6B42F48072BF
:10C7E0001A631B6B03F480730593059B1023CDE93B
:10C7F0000635CDE908440A9602F0B8F84EF6FF7304
:10C8000006A91C480A96CDE90635CDE9084402F090
:10C81000ADF8F72306A918480A96CDE90635CDE903
:10C82000084402F0A3F84FF4805306A91348CDE959
:10C8300006350923CDE908440A9302F097F84FF42E
:10C84000464306A90E480A96CDE90635CDE90844C7
:10C8500002F08CF858202246052101F059FF58209B
:10C8600001F088FF2CB070BD006801400038024024
:10C87000001002400024024000280240001802403C
:10C88000002002402DE9F04114228AB00446002124
:10C890000DEB02002DF050FC22682C4B9A4251D136
:10C8A0002B4B0225032409269A6B4FF0040805A997
:10C8B000284842F0020200279A639A6B02F00202B3
:10C8C0000192019A1A6B42F010021A631A6B02F07D
:10C8D00010020292029A1A6B42F002021A631A6B59
:10C8E00002F002020392039A1A6B42F008021A63E2
:10C8F0001B6B03F008030493049BCDE90585CDE988
:10C90000084602F033F8402305A91348CDE9053560
:10C910000A23CDE90774099302F028F805A90E4807
:10C920000996CDE90585CDE9077402F01FF84FF4AB
:10C93000605305A909480996CDE90535CDE9077485
:10C9400002F014F80AB0BDE8F08100BF001000A0AA
:10C95000003802400010024000040240000C024077
:10C96000F0B587B01422002101A82DF0E5FB2A4B79
:10C970001E68002E4DD10122022703250C241A60C7
:10C9800001A9264B26489A6B42F001029A639B6BE1
:10C9900003F001030093009B4FF68373CDE9045429
:10C9A000CDE9013701F0E2FF48F2331301A91D4838
:10C9B0000594CDE90137CDE9036501F0D7FF4CF2CD
:10C9C000037301A918480594CDE90137CDE9036542
:10C9D00001F0CCFF4FF63F0301A914480594CDE9BF
:10C9E0000137CDE9036501F0C1FF282301A91048F3
:10C9F0000594CDE90137CDE9036501F0B7FF0823C0
:10CA000001A90C480594CDE90137CDE9036501F092
:10CA1000ADFF07B0F0BD00BF1C2800200038024069
:10CA20000010024000180240000C024000140240B6
:10CA3000001C0240000802400149002003F03EBDF6
:10CA4000C5BB00087047FEE7FEE7FEE7FEE770475C
:10CA5000014802F071BA00BFD8660120014800F019
:10CA60003FBC00BF68650120014802F045B900BF26
:10CA700014660120074A032008B5136843F4807345
:10CA8000136001F033FE0020FFF74CFDFFF798FD27
:10CA9000002008BD003C0240034A044B11681B788B
:10CAA0000B441360704700BF246701201000002072
:10CAB000014B1868704700BF2467012038B5044651
:10CAC000FFF7F6FF0546631C1EBF044B1B78E418F6
:10CAD000FFF7EEFF401BA042FAD338BD1000002044
:10CAE0002DE9F7430668044616F001060CD0B34B57
:10CAF0009A6822F400029A609A68416B0A439A602D
:10CB0000466BB6FA86F67609256815F4002511D02D
:10CB1000AA4AE16BD2F88C3023F440130B43C2F8DD
:10CB20008C30E56BB5F5801F13BFB5FA85F5002590
:10CB300001266D092368DF0210D5A04A216CD2F8C6
:10CB40008C3023F440030B43C2F88C30236CB3F5D4
:10CB5000800F00F09B81002B08BF0125236813F094
:10CB6000807F18BF0126980632D5944B944F1A6CDB
:10CB700042F080521A641B6C03F080530193019BB6
:10CB80003B6843F480733B60FFF792FF80463B684D
:10CB9000D90540F17D81894F3B6F13F4407340F01C
:10CBA0008281226B02F44073B3F5407F834B40F0E7
:10CBB000A081996822F0704221F4F81122F44072A9
:10CBC0000A439A60226B196FC2F30B020A431A6779
:10CBD0002368D8060CD5794BD3F88C2022F08072CC
:10CBE000C3F88C20D3F88C20A16B0A43C3F88C20A7
:10CBF0002368590408D5714A616ED2F8903023F445
:10CC000040330B43C2F8903023681A0408D56B4AAE
:10CC1000A16ED2F8903023F440230B43C2F8903039
:10CC20002368DB0308D5654AE16ED2F8903023F41F
:10CC300040130B43C2F8903023689F0308D55F4A26
:10CC4000216FD2F8903023F440030B43C2F89030A8
:10CC50002368580608D5594A616CD2F8903023F001
:10CC600003030B43C2F890302368190608D5534AD2
:10CC7000A16CD2F8903023F00C030B43C2F8903033
:10CC80002368DA0508D54D4AE16CD2F8903023F0DC
:10CC900030030B43C2F8903023689B0508D5474A00
:10CCA000216DD2F8903023F0C0030B43C2F89030CE
:10CCB00023685F0508D5414A616DD2F8903023F4AE
:10CCC00040730B43C2F890302368180508D53B4ADF
:10CCD000A16DD2F8903023F440630B43C2F890303A
:10CCE0002368D90408D5354AE16DD2F8903023F491
:10CCF00040530B43C2F8903023689A0408D52F4A5A
:10CD0000216ED2F8903023F440430B43C2F89030A8
:10CD100023685B0208D5294AA16FD2F8903023F02E
:10CD200080630B43C2F8903023689F020DD5234ADD
:10CD3000E16FD2F8903023F000630B43C2F89030DB
:10CD4000E36FB3F1006F08BF0125236813F0080FEC
:10CD500018BF0125580308D5184A616FD2F89030E2
:10CD600023F040730B43C2F890302368190209D5B1
:10CD7000124AD4F88010D2F8903023F080530B433D
:10CD8000C2F89030012E00F0B88023689A0100F1BB
:10CD9000B480012D78D1094D2B6823F080532B608E
:10CDA000FFF786FE06462B689F0000F12D81236861
:10CDB0001D0307D5E26B4AB104E000BF0038024012
:10CDC00000700040D8021DD5236CDBB99549D1F81D
:10CDD0008830D1F8882003F4403302F0E042134356
:10CDE000626943EA8213A26943EA0263C1F88830A8
:10CDF000D1F88C30A26A23F4F853013A43EA0223B3
:10CE0000C1F88C302368990215D5E36FB3F1006F38
:10CE100011D1844AD2F88830D2F8881003F07063B8
:10CE200001F0E0410B43616943EA8113216A43EA5F
:10CE30000143C2F8883023681A0719D57949D1F817
:10CE40008820D1F8883002F0706203F44033134335
:10CE5000626943EA8213E26943EA0273C1F88830E7
:10CE6000D1F88C30E26A23F440331343C1F88C309C
:10CE70006C4C236843F080532360FFF719FE05468E
:10CE800023689B0040F1C780002009E0012665E689
:10CE9000FFF70EFEA0EB080064287FF678AE0320B3
:10CEA00003B0BDE8F083226B02F4407293423FF47A
:10CEB00078AE3B6F3A6F23F4407342F480323A67A6
:10CEC0003A6F22F480323A673B673B6FDA077FF5AF
:10CED00068AEFFF7EDFD41F2883980463B6F9B0756
:10CEE0003FF55FAEFFF7E4FDA0EB08004845F5D93C
:10CEF000D5E79A6822F4F81263E64A4E336823F0C5
:10CF000080633360FFF7D4FD074633681B0175D497
:10CF10002368DF0712D5636B83B9D6F88430D6F85F
:10CF2000842003F4403302F070621343626843EAE2
:10CF30008213A26843EA0273C6F8843023681E0392
:10CF400003D5E26BB2F5801F05D0D8021ED5236C45
:10CF5000B3F5800F1AD1334AD2F88430D2F8841056
:10CF600003F4403301F0E0410B43616843EA81136D
:10CF7000E16843EA0163C2F88430D2F88C10636A36
:10CF800021F01F01013B0B43C2F88C302368D9010B
:10CF900011D5244AD2F88430D2F8841003F070639B
:10CFA00001F0E0410B43616843EA8113216943EAE0
:10CFB0000143C2F8843023689A010DD52369626861
:10CFC0001B0443EA8213E26843EA0263A26843EA6D
:10CFD0000273144AC2F88430124E336843F08063FF
:10CFE0003360FFF765FD074633681B013FF5D1AE9F
:10CFF000FFF75EFDC01B6428F6D950E7FFF758FD28
:10D00000C01B642881D94AE7FFF752FD801B6428C2
:10D010007FF6C9AE43E7FFF74BFD401B64287FF660
:10D020002FAF3CE70038024010B5044608B9012094
:10D0300010BD437F03F0FF0213B90277FFF7DEFA5A
:10D04000022363772379FBB92368144A5A61226863
:10D05000936823F01803936062792368E2B94FF074
:10D06000FF321A61002022686169936823F060032F
:10D070000B4393602268A169936823F080030B43FC
:10D08000936001236377D3E7D4E90212204602F0CC
:10D09000E9F80028E0D0CAE72269E2E7B71DC10439
:10D0A000F0B5D20105684C68EB688432C3F30B43DA
:10D0B00015441C446B6803F470436B6005680E688C
:10D0C000EB6815440136C3F30B43334443EA04438E
:10D0D0006B600568CC68EB68C3F30A031C44AB18AB
:10D0E0009D6805F470459D6005688B68EE68154481
:10D0F0000133C6F30A06334443EA0443AB60002518
:10D10000036813441C6924F007041C6103680C695C
:10D1100013441C61046891F83260144491F8317032
:10D12000D1F818C0A369A561046891F8303014449F
:10D1300043EA0C6343EA072343EA0643A361036817
:10D1400013445C6924F0FF045C6103684C69134478
:10D150005C6104681444E36923F4E06323F007038B
:10D16000E3610368D1E9074613443443DC61036893
:10D1700013449C6A9D6203684C6A13449C620B6969
:10D1800063B3012B2CD09C1E022C2BD9072B14BF70
:10D190000124022403681344DD6A05F0E025DD6202
:10D1A00003689D18D1E900639B1B8E6A6343744337
:10D1B000033343EA0443EB6204681444236B23F40F
:10D1C000FF6323F0070323630368C96A13441963E9
:10D1D00001688B5843F001038B50F0BD0424D9E75C
:10D1E0000324D7E70224D5E738B50446002870D0D9
:10D1F00090F8A13003F0FF021BB980F8A020FFF7E0
:10D2000093FA2268022384F8A130936923F07043D3
:10D2100093612268D4E9013091690343E0680343D4
:10D22000206903430B43936121682B4A8B681340A9
:10D230008B60216860698B6843EA0043A0690343FF
:10D240008B602168CB681340CB602168E069CB68B4
:10D2500043EA0043206A0343CB6021680B69134013
:10D260000B6121680B69606A43EA0043A06A0343CB
:10D270000B6121684B691A404A612268E16A53696F
:10D2800043EA0143216B0B435361216894F8360054
:10D29000CA6A94F8355002F07F42CA62226894F854
:10D2A0003430D16A0B4343EA052343EA00430020AC
:10D2B000D3622268536B43F0060353632268936979
:10D2C00043F0010393610123C4F8A40084F8A13062
:10D2D00038BD0120FCE700BF00F800F07047704740
:10D2E00070B5036804469E6B5D6B720715D56907C0
:10D2F00013D55A6B22F004025A6304220368DA63DE
:10D30000D0F8A43043F00103C0F8A430002380F823
:10D31000A12080F8A030FFF7E1FFB20717D5AB07D7
:10D3200015D522682046536B23F002035363022273
:10D330002368DA63D4F8A4301343C4F8A430042378
:10D3400084F8A130002384F8A030FFF7C7FFF0076E
:10D3500011D5E9070FD522682046536B23F001034E
:10D36000536301232268D36384F8A130002384F837
:10D37000A030FDF79DFA320712D52B0710D5226891
:10D380002046536B23F00803536308222368DA63B3
:10D39000012384F8A130002384F8A030FFF79FFF19
:10D3A00070BDF8B590F8A03006468C469646012B25
:10D3B0004FF002001DD0342401270D4686F8A1004D
:10D3C00004FB026486F8A07038340FCD0FC40FCD73
:10D3D0000FC40FCD0FC42B683046724661462360E0
:10D3E000FFF75EFE336800205F6286F8A17086F862
:10D3F000A000F8BD10B590F8A030012B4FF002034B
:10D4000014D00468012280F8A13080F8A020636B5A
:10D4100023F001036363064B196401684B6B1343EC
:10D420004B63002380F8A12080F8A030184610BD7F
:10D4300000680140194B37B51A6C194C42F0805204
:10D440001A641B6C03F080530193019B236843F41F
:10D4500080332360FFF72CFB05466368DA030CD5A5
:10D46000236843F400332360FFF722FB0C4C05468E
:10D4700063689B030AD5002006E0FFF719FB401BF9
:10D48000B0F57A7FE9D9032003B030BDFFF710FB78
:10D49000401BB0F57A7FEBD9F5E700BF00380240BA
:10D4A0000070004038B50D460446C8B190F82C30E5
:10D4B00003F0FF021BB980F82D20FFF751FA022379
:10D4C000211D206884F82C3001F0BEF962682946DD
:10D4D000206801F0EDF90123002084F82C3038BDDC
:10D4E0000120FCE770B5054690F82C000E46C0B24E
:10D4F000022810D000F0FB04012C10D10223286870
:10D5000085F82C3001F016FA3368022B04D105237C
:10D5100085F82C30002070BD85F82C40FAE70120FA
:10D52000F9E738B5044690F82C00C0B202280DD0B7
:10D5300094F82C50EDB2012D09D10223206884F813
:10D540002C3001F009FA002084F82C5038BD01205D
:10D55000FCE700002DE9F341044608B9012041E051
:10D560000368D80710D4236899075CD42368190787
:10D5700000F1A18023685A0700F1C280A069002849
:10D5800040F0288100202DE0904B9A6802F00C02B8
:10D59000042A07D09A6802F00C02082A0AD15B68B4
:10D5A0005A0207D5894B1B689B03DCD56368002BA7
:10D5B000D9D1D3E76268854BB2F5803F15D11A689F
:10D5C00042F480321A60636803B3FFF771FA7F4D4B
:10D5D00006462B689F03C6D4FFF76AFA801B6428AF
:10D5E000F7D9032002B0BDE8F0813AB91A6822F4F5
:10D5F00080321A601A6822F48022E3E7B2F5A02F85
:10D600001A68F4D142F480221A60D8E7FFF750FA82
:10D610006E4D06462B689803A5D5FFF749FA801B87
:10D620006428F7D9DDE7694B9A6812F00C0F07D030
:10D630009A6802F00C02082A11D15B6859020ED4D4
:10D64000624B1A68920702D5E268012A86D11A68ED
:10D65000216922F0F80242EAC1021A6086E7E36813
:10D660005A4DBBB12B6843F001032B60FFF720FA42
:10D6700006462B689F0707D52B68226923F0F8031D
:10D6800043EAC2032B6071E7FFF712FA801B0228FE
:10D69000EFD9A6E72B6823F001032B60FFF708FA08
:10D6A00006462B6898077FF561AFFFF701FA801BEC
:10D6B0000228F6D995E76369444D83B16B6F43F057
:10D6C00001036B67FFF7F4F906466B6F9B073FF5A5
:10D6D00051AFFFF7EDF9801B0228F6D981E76B6F98
:10D6E00023F001036B67FFF7E3F906466B6F9F07B3
:10D6F0007FF540AFFFF7DCF9801B0228F6D970E711
:10D70000324B1A6CD0002AD41A6C012642F0805297
:10D710001A641B6C03F080530193019B2C4D2B6802
:10D72000D9051ED5A268294B012A2AD11A6F42F0C9
:10D7300001021A67A368002B39D0FFF7B9F9234D0E
:10D74000074641F288382B6F9B072AD5002E3FF4FD
:10D7500015AF1E4A136C23F0805313640EE70026A6
:10D76000DCE72B6843F480732B60FFF7A1F90746D1
:10D770002B68DA05D6D4FFF79BF9C01B6428F7D9CC
:10D780002FE73AB91A6F22F001021A671A6F22F0D6
:10D790000402CEE7052A1A6FF5D142F004021A6797
:10D7A000C4E7FFF785F9C01B4045CCD919E7FFF75F
:10D7B0007FF9064D074641F288382B6F9807C5D58B
:10D7C000FFF776F9C01B4045F7D90AE70038024059
:10D7D00000700040384DAB6803F00C03082B41D0BB
:10D7E0002B68022823F080732B602ED1FFF760F99D
:10D7F00006462B68990122D4D4E907321343626AA2
:10D8000043F0005343EA8213E26A43EA0263A26AE6
:10D81000294C5208013A43EA02436B602B6843F0FB
:10D8200080732B60FFF744F9054623689A013FF5A2
:10D83000A9AEFFF73DF9401B0228F6D9D1E6FFF764
:10D8400037F9801B0228D4D9CBE6FFF731F904461B
:10D850002B689B017FF596AEFFF72AF9001B022883
:10D86000F6D9BEE601286B683FF4BCAE03F4800233
:10D87000E1698A427FF472AE03F03F02216A8A4274
:10D880007FF46CAE47F6C072616A1A40B2EB811F3A
:10D890007FF464AEA26A03F440315208013AB1EB5E
:10D8A000024F7FF45BAEE26A03F07063B3EB026F8A
:10D8B00014BF0120002095E600380240134908B546
:10D8C0008B6803F00C03042B03D0082B03D0104803
:10D8D00000E0104808BD4A684B68496802F03F0202
:10D8E00013F48003C1F388111ABF0A4800230848C3
:10D8F000A1FB0001F9F780FE044B5B68C3F3014311
:10D9000001335B00B0FBF3F0E4E700BF00380240F6
:10D910000024F40040787D012DE9F0410D460446D5
:10D9200010B90120BDE8F081474A136803F00F03E6
:10D930008B422AD323689E0732D42368D90746D462
:10D94000414A136803F00F03AB4269D823685A07B2
:10D9500072D423681B0707D53C4A2169936823F4D6
:10D96000604343EAC1039360FFF7A8FF374B384A8F
:10D970009B68C3F30313D35CD840364B1860364B17
:10D980001868FEF7CFFD0020CCE7136823F00F03E3
:10D990000B431360136803F00F038B42C1D1C9E737
:10D9A000580704D5294A936843F4E05393602368E9
:10D9B000264A13F0080F03D0936843F46043936042
:10D9C0009368A16823F0F0030B439360B5E76168A7
:10D9D0001E4B01291A681BD112F4003FA1D09A688E
:10D9E00041F28838194E22F003020A439A60FFF789
:10D9F0005FF80746B368626803F00C03B3EB820F6D
:10DA00009ED0FFF755F8C01B4045F3D9032089E7A6
:10DA1000022902D112F0007FE0E712F0020FDDE7E9
:10DA2000136823F00F032B431360136803F00F03F5
:10DA3000AB427FF476AF89E7044AE168936823F448
:10DA4000E0530B43936084E7003C024000380240FF
:10DA5000881E04080C00002014000020044B054A16
:10DA60009B68C3F38223D35C034A1068D840704795
:10DA700000380240981E04080C0000200F230360A9
:10DA80000B4B9A6802F0030242609A6802F0F002BF
:10DA900082609A6802F4E052C2609B68DB0803F47B
:10DAA000E0530361034B1B6803F00F030B607047E7
:10DAB00000380240003C024003689A69910701D592
:10DAC00000229A6203689A69D20703D49A6942F0E5
:10DAD00001029A617047000030B5039DC1F309014E
:10DAE00004682B43606843EA0243054A0B4342EA59
:10DAF000555223F0004320EA02000343636030BD27
:10DB0000FF63FF032DE9F041036805460F46904689
:10DB10009C6914F0100471D0002410222646DA61AA
:10DB20002B689A69900664D4002E38D044F004041F
:10DB300001202A689369D90505D54FF4807144F016
:10DB400001040120D1615A0506D52A684FF480618D
:10DB500044F008040120D1619B0551D52B684FF496
:10DB6000007244F00204DA612846FFF7A5FF2A6834
:10DB70000120536823F0FF7323F48B3323F4FF73E6
:10DB800023F0010353606B6C1C4320236C6485F805
:10DB90004130002385F8423085F8403032E07A1C6D
:10DBA000BFD0FEF785FFA0EB0800B84201D8002FD8
:10DBB000B6D12B68596895F842209869D2B2000412
:10DBC0000AD5490408D4202A06D05A6842F4804273
:10DBD0005A60FEF76DFF80462B689B699B069FD4B9
:10DBE000FEF766FFA0EB08001928F5D920240126CE
:10DBF00096E7002E9AD12022DA6197E7204698E72F
:10DC00000028B1D1BDE8F0812DE9F843DDF820808E
:10DC100004460F4691461D4623689B6937EA030375
:10DC20000CBF012600264E4502D00020BDE8F88337
:10DC3000424629462046FFF765FFF0B96B1CEBD042
:10DC4000FEF736FFA0EB0800A84201D8002DE3D173
:10DC500023689B6937EA03030CBF01230023B34207
:10DC6000DAD1636C43F020036364202384F84130ED
:10DC7000002384F8423084F840300120D6E770B5A4
:10DC800004460D46164623689B699B0601D5002075
:10DC900070BD324629462046FFF734FFB0B9FEF783
:10DCA00007FF801BA84201D8002DECD123689B6997
:10DCB00013F02003E7D1626C84F8403042F0200278
:10DCC0006264202284F8412084F842300120DFE79A
:10DCD00070B504460D46164623689B699B0701D51F
:10DCE000002070BD324629462046FFF70BFFC0B921
:10DCF0006A1CF1D0FEF7DCFE801BA84201D8002D83
:10DD0000EAD123689B6913F00203E5D1626C84F8C1
:10DD1000403042F020026264202284F8412084F8DE
:10DD200042300120DDE710B50446002855D090F8B8
:10DD3000413003F0FF021BB980F84020FEF794FC4D
:10DD400022682423002084F84130136823F0010363
:10DD50001360D4E9002323F0706313612268936891
:10DD600023F400439360E3682268012BA3680CBF8F
:10DD700043F4004343F4044393602368E268022AB7
:10DD80005A680CBF42F4006222F400625A602268B2
:10DD9000536843F0007343F4004353602268D36830
:10DDA00023F40043D3602268D4E904310B43A16912
:10DDB00043EA0123D3602268D4E907310B4313609F
:10DDC0002268136843F0010313602023606484F821
:10DDD0004130206384F8420010BD0120FCE710B5FB
:10DDE000044698B10268242380F84130136823F078
:10DDF00001031360FEF77CFC0020606484F840009F
:10DE000084F84100206384F8420010BD0120FCE743
:10DE10002DE9F74F984690F8413004460F46202BE5
:10DE20001646DDF830A0BDF8349040F0C780BAF156
:10DE3000000F02D0B9F1000F06D14FF400736364F4
:10DE4000012003B0BDE8F08F90F84030012B00F0C6
:10DE5000B5804FF0010B80F840B0FEF729FE192382
:10DE6000054600905A464FF400412046FFF7CCFE8D
:10DE70000028E5D1212360635FFA88F2394684F8EF
:10DE800041304023C4F824A084F842304C4B6064F5
:10DE9000204600934FF08073A4F82A90FFF71CFEF1
:10DEA0002A460E992046FFF713FF10BBB8F1010F69
:10DEB000236814D1F6B20022802120469E620E9B78
:10DEC0000095FFF7A1FEA0B9638DFF2B15D8628DD9
:10DED0004FF00073009092B22285D2B212E0320A63
:10DEE0000E9920469A622A46FFF7F2FE08B9236887
:10DEF000E0E7002384F84030A2E7FF224FF0807370
:10DF00000090228539462046FFF7E6FD2A460E9905
:10DF10002046FFF7DDFE002892D1626A236812785E
:10DF20009A62636A228D0133013A6362638D92B211
:10DF3000013B22859BB26385638D9BB2ABB1A2B9D5
:10DF4000009580210E9B2046FFF75EFE00287FF49F
:10DF500077AF638DFF2B29D9FF224FF0807300909C
:10DF6000228539462046FFF7B7FD638D9BB2002B13
:10DF7000CCD12A460E992046FFF781FE00287FF477
:10DF80005FAF23682022DA6121684B6823F0FF73BA
:10DF900023F48B3323F4FF7323F001034B6084F8E5
:10DFA000412084F8400084F842004AE7628D4FF037
:10DFB0000073009092B22285D2B2D2E7022040E7ED
:10DFC000002000802DE9F74F984690F84130044634
:10DFD0000F46202B1646DDF830A0BDF8349040F0F7
:10DFE000C980BAF1000F02D0B9F1000F06D14FF489
:10DFF00000736364012003B0BDE8F08F90F84030F7
:10E00000012B00F0B7804FF0010B80F840B0FEF715
:10E010004FFD1923009005465A464FF40041204613
:10E02000FFF7F2FD03460028E4D12222606339465F
:10E03000C4F824A084F84120402284F842204E4AAB
:10E040006064204600925FFA88F2A4F82A90FFF7F5
:10E0500043FD2A460E992046FFF73AFE18BBB8F159
:10E06000010F236815D1F6B20022402120469E629E
:10E070000E9B0095FFF7C8FDA8B9638DFF2B3F4BA2
:10E0800015D8628D00934FF0007392B22285D2B200
:10E0900012E0320A0E9920469A622A46FFF718FECD
:10E0A00008B92368DFE7002384F84030A2E70122A3
:10E0B00000934FF08073228539462046FFF70CFD10
:10E0C000009500220E9B04212046FFF79DFD0028AD
:10E0D00090D123685A6A636A1A70636A228D013389
:10E0E000013A6362638D92B2013B22859BB26385E4
:10E0F000638D9BB2ABB1A2B9009580210E9B2046E7
:10E10000FFF782FD00287FF475AF638DFF2B29D9BF
:10E1100001224FF080730090228539462046FFF798
:10E12000DBFC638D9BB2002BCAD12A460E99204698
:10E13000FFF7A5FD00287FF45DAF23682022DA6198
:10E1400021684B6823F0FF7323F48B3323F4FF73B0
:10E1500023F001034B6084F8412084F8400084F8E8
:10E16000420048E7628D4FF00073009092B2228522
:10E17000D2B2D2E702203EE70020008000240080D7
:10E180004B6A2DE9F04733B1B2F1406F03D08B6A8F
:10E190000468013B23618B690C6A002B67D005681A
:10E1A000002C35D08B68EB61CC694B6A05688F69B0
:10E1B000D1F820C0D1F83480D1F810E00E68D1E950
:10E1C0000BA9A4B144EA0A04144344EA090444EA4A
:10E1D00008042343CC6843EA0E0343EA0C032343B9
:10E1E0003B434C69334343EA84436B612AE04AEA88
:10E1F0000904144344EA0804234343EA0E0343EAB0
:10E200000C033B4333434E6943EA86466E612CE080
:10E210004E69CC69D1F80090B604D1F824804F6BD8
:10E22000D1E90BECACB11C43CB68144344EA0904BC
:10E2300044EA080444EA0E0444EA0C043C431C4348
:10E2400034436C61B2F1406F0FD003684A689A6141
:10E250000BE043EA0903134343EA080343EA0E03CE
:10E2600043EA0C033B4333436B61BDE8F08744B39F
:10E2700003688C68DC61CC69D1F8248005688E69FC
:10E28000D1F820C04B6BD1F810E0D1E90B796CB11B
:10E290003C43144344EA09042343CC6843EA08039B
:10E2A00043EA0E0343EA0C0323439AE747EA0904CF
:10E2B0002243134343EA080343EA0E0343EA0C03F1
:10E2C000A0E7CD694B6A7DB12B43CD6A0468134347
:10E2D0002B430D6B2B434D6B2B43CD682B434D696B
:10E2E00043EA85436361ADE7002BBED0CC6A00688A
:10E2F000234313430A6B13434A6B13434A6943EAAC
:10E3000082434361B1E72DE9F041069D04460F4683
:10E310001646984621688A683A4214BF01220022B4
:10E32000B24201D1002011E06B1CF4D0FEF7C0FB1B
:10E33000A0EB0800A84201D8002DEBD10423012056
:10E3400084F84130636C43F001036364BDE8F081FD
:10E3500037B50446FEF7ACFB0546002C48D094F8D0
:10E36000412002F0FF033AB984F840302046FEF71E
:10E3700089FA41F28833A3642068A16802680139F0
:10E3800022F4F85242EA0122202102600022A36C0A
:10E39000204600932B46FFF7B6FF20BB2168E569B6
:10E3A000E3680A682B43256A22F07F422B436568A5
:10E3B00022F0D00243EA056313430B602168D4E9DD
:10E3C00005324D681343226943EA0243094A2A4051
:10E3D00013434B602268136843F001031360012369
:10E3E000606484F84130002384F8403003B030BDCD
:10E3F0000120FBE7FEF8E0FF2DE9F34704468A46DB
:10E400009146FEF755FB94F840308046012B34D0FE
:10E410000123022784F8403094F84160F6B29E420E
:10E4200029D100220346CDF80090202162642046C5
:10E4300084F84170FFF767FF0546A8B902465146C8
:10E440002046FFF79DFEDAF824305BB9CDF8009046
:10E450004346324639462046FFF755FF054618B970
:10E460002368DF6084F84160002384F84030284648
:10E4700002B0BDE8F0873D46F6E70225F7E7F7B5BD
:10E48000044617460E46FEF713FB94F84020034659
:10E49000012A36D0012284F8402094F84120012A34
:10E4A0002DD1002282212046626484F84110A16CA3
:10E4B00000912021FFF727FF0546D0B9226879682F
:10E4C000136823F008030B4313607B68082B0AD101
:10E4D00023683A681A6310222368DA602268136896
:10E4E00043F4801313604FF0406231462046FFF73B
:10E4F00047FE002384F84030284603B0F0BD0225D3
:10E50000F7E70225F8E737B50446FEF7D1FA0546E6
:10E5100094F8410010F0020038D0002384F8403015
:10E520002368186810F004000BD01A6822F0040267
:10E530001A60E06B00F090F818B1636C43F00403CC
:10E54000636423689A6892061DD51A6802212046E2
:10E5500042F002021A600122A36C00932B46FFF7DF
:10E56000D2FE98B9236802222021DA600246A36C09
:10E57000204600932B46FFF7C6FE38B92268536940
:10E5800023F040635361012384F8413003B030BD70
:10E590002DE9F341044617468846FEF789FA2568B7
:10E5A0000646AA6994F84030012B53D0012384F821
:10E5B000403094F84100C0B2984249D100236364CE
:10E5C000B8F1000F3FD0222384F841302B6901338A
:10E5D000A3632B69C4F83080013363636B6923F054
:10E5E000406343F080636B6123689A61A36BB3B9A6
:10E5F00000973346012202212046FFF784FE28B906
:10E60000236802222046DA60FFF77DFF012384F8A9
:10E610004130002384F8403002B0BDE8F08100971B
:10E620003346012206212046FFF76DFE0028EDD17A
:10E6300095F82020236B1A70236B01332363A36B9F
:10E64000013BA363D2E7636C43F008036364E0E734
:10E650000220DEE70220DFE770B50446856DFEF795
:10E6600027FA064694F83530022B06D08023012085
:10E670006365002384F8343070BD2268136823F08A
:10E68000160313602268536923F080035361236CDF
:10E690000BB9A36C23B12268136823F0080313603D
:10E6A0002268136823F0010313602368186810F0D0
:10E6B000010009D1E26D3F239340AB60012384F850
:10E6C000340084F83530D7E7FEF7F2F9801B0528CF
:10E6D000EBD9202303206365002384F8350084F8F8
:10E6E0003430C9E77047704770470000074A00029E
:10E6F000D36800F4E06023F4E0631B041B0C43F0D8
:10E70000BF6343F400330343D360704700ED00E080
:10E71000164B70B5DC684FF0FF36C4F30224C4F129
:10E720000705231D042D28BF0425062B06FA05F333
:10E730008CBF033C0024002821EA030303FA04F3FE
:10E7400006FA04F422EA040443EA04034FEA03133A
:10E75000DBB206DB00F1604000F5614080F8003379
:10E7600070BD00F00F00024A1354F9E700ED00E01D
:10E7700014ED00E0002808DB4209012300F01F002F
:10E7800003FA00F0014B43F82200704700E100E07B
:10E7900000280DDB4309012200F01F00203302FA9C
:10E7A00000F0044A42F82300BFF34F8FBFF36F8F8E
:10E7B000704700BF00E100E0BFF35F8F044A536A77
:10E7C00023F4803353620022024B5A60704700BF2B
:10E7D00000ED00E090ED00E0064A40F00100064B3D
:10E7E0005860536A43F480335362BFF34F8FBFF3D3
:10E7F0006F8F704700ED00E090ED00E04378114A24
:10E800009360136923F0010313614368D360C37AF3
:10E81000017B1B0643EA017301780B43817A43EACB
:10E82000C143417B43EA8143817B43EA4143C17B4E
:10E8300043EA0143417A43EA0123017A43EA41036F
:10E840001361704790ED00E030B50A684D6AD1E978
:10E8500007342343154C92B902682B4322401343DB
:10E860004A6813438A681343CA6813430A69134307
:10E870004A6913438A6913430360002030BD02686C
:10E880002B4322F4F8421343036043684A68234051
:10E8900013438A681343CA6813430A6913434A69D6
:10E8A00013438A6913434360E7E700BF0080FFFF1B
:10E8B00030B5CB684D695C1E6B1E1B0543EA043402
:10E8C000CAB90B688268013B02F0704223431343CC
:10E8D0004A68013A43EA02138A68013A43EA02238A
:10E8E0000A69013A43EA02438A69013A43EA026348
:10E8F0008360002030BD836823F4700323F47043E9
:10E9000023438360C3684A6803F07043013A43EAD3
:10E9100002130A68013A13438A68013A43EA022360
:10E920000A69013A43EA02438A69013A43EA026307
:10E93000C360DEE710B5D1E9003402692343CC6837
:10E94000920D43EA4423920513438A68013A43EA4D
:10E9500042130361002010BD436923F47F5323F069
:10E960003E0343EA41014161002070472DE9F74F22
:10E970000023DFF8BCC16C4CDFF8B881DFF8B8E1E8
:10E9800001250A689D402A40954240F0B4804E68B7
:10E990005F00032506F00306BD40013EED43012E56
:10E9A00011D8866806EA0509CE68BE4046EA09061F
:10E9B0008660466826EA02094E68C6F300169E4045
:10E9C00046EA090646604E6806F00306032E07D0A5
:10E9D000C66806EA05098E68BE4046EA0906C660B2
:10E9E0004E6806F00306022E16D14FEAD30A03F052
:10E9F000070B4FF00F0900EB8A0A4FEA8B0BDAF88E
:10EA0000206009FA0BF926EA09090E6906FA0BF6E5
:10EA100046EA0906CAF82060066835404E6806F0E6
:10EA20000306BE40354305604D6815F4403F62D093
:10EA3000DCF8445023F0030603F003074FF00F09FE
:10EA400045F4804506F18046BF00CCF8445006F5F9
:10EA50009C36DCF8445005F480450195019D09FA87
:10EA600007F5D6F808A02AEA0509304DA84249D092
:10EA700005F58065A84247D005F58065A84245D0D8
:10EA800005F58065A84243D0404543D0704543D04A
:10EA900005F54065A84241D005F58065A8423FD004
:10EAA00005F58065A8423DD005F58065A84214BFF4
:10EAB0000A250925BD4045EA0905B560D6434D68DC
:10EAC000A768ED0254BF37401743A7604D68E76859
:10EAD000AD0254BF37401743E7604D686768AD0328
:10EAE00054BF3740174367604D682768ED0354BF34
:10EAF0003740174327600133102B7FF441AF03B039
:10EB0000BDE8F08F0025D5E70125D3E70225D1E741
:10EB10000325CFE70425CDE70525CBE70625C9E783
:10EB20000725C7E70825C5E7003C01400000024073
:10EB30000038024000100240001402402DE9F04F5E
:10EB40000022464DDFF81C91DFF81CA1DFF81CB154
:10EB5000012303FA02FE0EEA0104A64567D122F062
:10EB6000030602F0030C0F273D4B06F180464FEAE7
:10EB70008C0C984206F59C3607FA0CF7D6F80880FC
:10EB800007EA080858D003F58063984256D003F589
:10EB90008063984254D003F58063984252D003F5C5
:10EBA0008063984250D0484550D0504550D0584589
:10EBB00050D003F5805398424ED003F580639842BD
:10EBC0000CBF09230A2303FA0CF3434510D12B6829
:10EBD000E44323402B606B6823406B60EB68234069
:10EBE000EB60AB681C40AC60B36823EA0707B76012
:10EBF00056000323046802F0070CB3400F274FEAC6
:10EC00008C0CDB4307FA0CF71C400460D40800EBC3
:10EC10008404266A26EA07072762C4681C40C46089
:10EC2000446824EA0E04446084682340836001320F
:10EC3000102A8DD1BDE8F08F0023C4E70123C2E77D
:10EC40000223C0E70323BEE70423BCE70523BAE79A
:10EC50000623B8E70723B6E70823B4E7003C0140E2
:10EC6000000002400014024000180240001C024054
:10EC70000369194214BF0120002070470AB1816165
:10EC800070470904FBE7436901EA030221EA030133
:10EC900041EA02418161704710B5044640B390F8E3
:10ECA000393003F0FF021BB980F83820FDF7BCFCB7
:10ECB000226802236168002084F83930136823F445
:10ECC00040330B4313602268A168536B23F00703A2
:10ECD0000B4353632268E168136C23F47F5323F0E2
:10ECE0003F030B4313640123E06384F8393010BD04
:10ECF0000120FCE77047704770B5036804465E6802
:10ED00001D68F20715D5E90513D51A6822F480723B
:10ED10001A600122C36B43F00103C36303689A6066
:10ED2000042380F83930002380F83830436903B178
:10ED30009847B20617D5AB0415D52268136823F49B
:10ED400000531360202223689A60E36B43F00203B0
:10ED5000E363042384F83930002384F8383063698E
:10ED60000BB120469847300717D5290515D52268DD
:10ED7000136823F400631360082223689A60E36B2E
:10ED800043F00403E363042384F83930002384F858
:10ED9000383063690BB12046984772070CD56B0574
:10EDA0000AD522682046136823F480631360042286
:10EDB00023689A60FFF79EFFB00715D5A90513D504
:10EDC0002268136823F400731360022223689A6098
:10EDD000E36BE363012384F83930002384F838308F
:10EDE00023690BB120469847F20614D5EB0412D5DF
:10EDF00022682046136823F480531360102223688E
:10EE00009A60E36BE363012384F83930002384F8CC
:10EE10003830FFF770FF70BD70B590F83830012BB7
:10EE20004FF002032CD0012280F839301E4E80F8BA
:10EE300038200A018418D4E9075345EA0343093D01
:10EE4000012D656A96BF05F07F4543EA05632B43B4
:10EE50000568B9B9696A31400B436B62036882691E
:10EE60009A61C369093B012B04D8436A026823F005
:10EE70007F439362012380F83930002380F83830D3
:10EE8000184670BDE96931400B43EB618318016896
:10EE90009A690A61DB69093B012BEBD8636A026856
:10EEA00023F07F431362E5E7F0FFFC0070470000AA
:10EEB00090F83D30012B34D10268022380F83D30B8
:10EEC000D36843F00103D360174A036893421AD012
:10EED000B3F1804F17D0A2F57C42934213D002F5D4
:10EEE000806293420FD002F5806293420BD002F50C
:10EEF0007842934207D002F57052934203D0A2F5B4
:10EF00009432934207D19968084A0A40062A06D0EB
:10EF1000B2F5803F03D01A6842F001021A60002067
:10EF200070470120704700BF00000140070001004A
:10EF3000704770477047704770B503680446DD68D6
:10EF40001E69B2070ED5A9070CD56FF002021A612F
:10EF50000123037703689B699A0778D0FFF7E9FFDD
:10EF600000232377730711D568070FD523686FF047
:10EF7000040220461A610223237723689B6913F455
:10EF8000407F6AD0FFF7D5FF00232377310710D5E4
:10EF90002A070ED523686FF0080220461A61042361
:10EFA00023772368DB699B075DD0FFF7C2FF00234F
:10EFB0002377F10611D5EA060FD523686FF010020A
:10EFC00020461A61082323772368DB6913F4407F06
:10EFD0004FD0FFF7AEFF00232377F30708D5E807EC
:10EFE00006D523686FF0010220461A61FDF78EFAFC
:10EFF00016F4025F08D0290606D523686FF4025282
:10F0000020461A61FFF76FFBF20508D52B0606D5DF
:10F0100023686FF4807220461A61FFF765FB700663
:10F0200008D5690606D523686FF0400220461A61AC
:10F03000FFF781FFB20622D5AB0620D523686FF01B
:10F04000200220461A61BDE87040FFF74BBBFFF776
:10F050006FFF2046FFF76EFF82E7FFF769FF20464C
:10F06000FFF768FF90E7FFF763FF2046FFF762FFB7
:10F070009DE7FFF75DFF2046FFF75CFFABE770BD44
:10F08000334A0368904212D0B0F1804F0FD0A2F5FE
:10F090007C4290420BD002F58062904207D002F58C
:10F0A0008062904203D002F57842904219D14A68BA
:10F0B00023F070031343264A904229D0B0F1804FC9
:10F0C00026D0A2F57C42904222D002F58062904286
:10F0D0001ED002F5806290421AD002F5784290422A
:10F0E00016D01C4A904213D002F5806290420FD095
:10F0F00002F5806290420BD0A2F59832904207D080
:10F1000002F58062904203D002F58062904203D102
:10F1100023F44073CA6813434A6923F080031343FE
:10F1200003608B68C3620B688362094B984203D00B
:10F1300003F58063984201D10B69036301234361A6
:10F140000369DB0703D5036923F0010303617047FB
:10F15000000001400040014010B5044650B390F853
:10F160003D3003F0FF021BB980F83C20FFF79EFE04
:10F1700002232068211D84F83D30FFF781FF012321
:10F18000002084F8483084F83E3084F83F3084F81A
:10F19000403084F8413084F8423084F8433084F8B9
:10F1A000443084F8453084F8463084F8473084F899
:10F1B0003D3010BD0120FCE710B590F84130DBB2C6
:10F1C000202B23D190F84020012A1FD0012204686F
:10F1D00080F84020242280F84120226822F0010299
:10F1E00022600468226822F4805222600468226847
:10F1F0001143216001680A6842F001020A6080F848
:10F200004130002380F84030184610BD0220FCE752
:10F2100010B590F84120D2B2202A21D190F8403088
:10F22000012B1DD00123046880F84030242380F88E
:10F230004130236823F0010323600468236823F42A
:10F24000706343EA0121216001680B6843F0010308
:10F250000B60002380F8412080F84030184610BD34
:10F260000220FCE7CB0710B50BD51F2313F1FF33AA
:10F2700006D321FA03F4E407F8D5082A15D002D8FA
:10F280003AB101200EE0102A0DD0182AF9D1062B30
:10F29000F7D803685961016800208B6823F01803D0
:10F2A0001A438A6010BD072BF2E70F2BF0E7704777
:10F2B00008B5FBF7D7FFBDE80840FBF757BFFBF7E2
:10F2C000D3BF00F108034FF0FF3243600361C0E990
:10F2D00002230023036070470023036170474368E3
:10F2E0004B609A688A609A68516099600861036807
:10F2F0000133036070470A68531C30B50AD10369B3
:10F300005A684A6091608B605960086103680133F4
:10F31000036030BD00F108035C6825689542EFD8B2
:10F320002346F9E7D0E9012103699160D0E9011290
:10F3300051605A68824204BF82685A6000220261AA
:10F340001A68013A1A601868704710B5044602F04E
:10F3500091F9A46B02F0B4F9B4FA84F0400910BD3D
:10F3600070B51546026C0446866B42B905689DB9B6
:10F37000806801F07DFAA5600136A66370BD6DB9A5
:10F380004068F9F795FA6368226C1344A2689342C7
:10F39000636001D3236863600020EDE7C068F9F77C
:10F3A00087FA236CE2685B4221681A448A42E26071
:10F3B0003EBFA2689B18E360022DEDD10EB1013E65
:10F3C000EAE73046D8E7034608461A6C10B462B143
:10F3D000D9689C681144A142D9605DF8044B24BFF0
:10F3E0001968D960D968F9F763BA5DF8044B7047BA
:10F3F00070B5044602F03EF994F8455004F1240635
:10F400006DB2002D14DCFF2304F1100684F84530A2
:10F4100002F056F902F02EF994F844506DB2002D26
:10F4200012DCFF2384F84430BDE8704002F048B994
:10F43000636A002BE7D0304601F02EF908B101F0E5
:10F44000BBF9013D6DB2DCE72369002BE9D0304602
:10F4500001F022F908B101F0AFF9013D6DB2DEE72C
:10F4600038B50D46044650B94FF0500372B683F3D9
:10F470001188BFF36F8FBFF34F8F62B6FEE702F0C4
:10F48000F9F82268D4E90F3062604343D1181B1A9F
:10F490001344A1600021E360FF23A16384F844309A
:10F4A00084F8453095B9236963B104F1100001F087
:10F4B000F3F838B10A4B4FF080521A60BFF34F8F08
:10F4C000BFF36F8F02F0FCF8012038BD04F110008B
:10F4D000FFF7F7FE04F12400FFF7F3FEF2E700BFA9
:10F4E00004ED00E013B51C4650B94FF0500372B65E
:10F4F00083F31188BFF36F8FBFF34F8F62B6FEE7C0
:10F5000053B94FF0500372B683F31188BFF36F8F76
:10F51000BFF34F8F62B6FEE75AB1B1B94FF0500357
:10F5200072B683F31188BFF36F8FBFF34F8F62B64C
:10F53000FEE751B14FF0500372B683F31188BFF369
:10F540006F8FBFF34F8F62B6FEE750230193019B8D
:10F55000502B0AD04FF0500372B683F31188BFF3DB
:10F560006F8FBFF34F8F62B6FEE7002908BF2246B8
:10F57000019B0123226084F84630C4E90F0119463B
:10F580002046FFF76DFF9DF81030204684F84C3080
:10F5900002B010BDF8B50D461746064650B94FF0FB
:10F5A000500372B683F31188BFF36F8FBFF34F8F91
:10F5B00062B6FEE74843503001F020FF044660B1D8
:10F5C000002380F8463055B9206001212046C4E967
:10F5D0000F65FFF745FF84F84C702046F8BD00F139
:10F5E00050030360F1E713B513460C4650B94FF0D2
:10F5F000500372B683F31188BFF36F8FBFF34F8F41
:10F6000062B6FEE788420AD24FF0500372B683F327
:10F610001188BFF36F8FBFF34F8F62B6FEE70222F0
:10F62000009200221146FFF75DFF00B1846302B033
:10F6300010BD10B50C4650B94FF0500372B683F3AD
:10F640001188BFF36F8FBFF34F8F62B6FEE788421A
:10F650000AD24FF0500372B683F31188BFF36F8F55
:10F66000BFF34F8F62B6FEE702220021FFF792FF41
:10F6700000B1846310BD00002DE9FF478846019268
:10F680001F46044650B94FF0500372B683F31188F9
:10F69000BFF36F8FBFF34F8F62B6FEE761B9036CA4
:10F6A00053B14FF0500372B683F31188BFF36F8FDD
:10F6B000BFF34F8F62B6FEE7022F0DD1E36B012B34
:10F6C0000AD04FF0500372B683F31188BFF36F8FE7
:10F6D000BFF34F8F62B6FEE701F07AF860B9019E82
:10F6E0005EB14FF0500372B683F31188BFF36F8F92
:10F6F000BFF34F8F62B6FEE700264FF00009DFF838
:10F70000E8A037E0019D1DB901F0DAFF002050E0CC
:10F7100016B902A801F004F801F0D2FF00F092FD42
:10F7200001F0A8FF94F84430FF2B01D184F84490F5
:10F7300094F84530FF2B01D184F8459001F0C0FFCB
:10F7400001A902A800F0F8FF002846D101F092FFBD
:10F75000A26BE36B9A422FD101F0B2FF019904F141
:10F76000100000F05DFF2046FFF742FE00F00AFEA9
:10F7700050B3012601F07EFFA26BE36B9A4201D3E6
:10F78000022FBFD13A4641462046FFF7E9FD636AA2
:10F790001BB104F1240000F07FFF38B1124B4FF091
:10F7A00080521A60BFF34F8FBFF36F8F01F088FF55
:10F7B000012004B0BDE8F08701F082FF2046FFF78A
:10F7C00017FE00F0DFFDD4E74FF08053CAF8003099
:10F7D000BFF34F8FBFF36F8FCBE72046FFF708FED5
:10F7E00000F0D0FD92E700BF04ED00E000220B46E0
:10F7F00013B5114600900120FFF774FE044638B19E
:10F80000002383601A4603601946C360FFF734FF84
:10F81000204602B010BD38B5044650B94FF0500331
:10F8200072B683F31188BFF36F8FBFF34F8F62B649
:10F83000FEE7856800F0C6FF85420AD1E368013B18
:10F84000E36023B91A4619462046FFF715FF012049
:10F8500000E0002038BD10B5024600210120FFF76E
:10F8600099FE044638B1002383601A4603601946A6
:10F87000C360FFF701FF204610BD2DE9F84389461C
:10F8800090461F46044650B94FF0500372B683F3BA
:10F890001188BFF36F8FBFF34F8F62B6FEE761B978
:10F8A000036C53B14FF0500372B683F31188BFF36A
:10F8B0006F8FBFF34F8F62B6FEE7022F0DD1E36B60
:10F8C000012B0AD04FF0500372B683F31188BFF3B7
:10F8D0006F8FBFF34F8F62B6FEE701F0D3FFEFF3F8
:10F8E00011864FF0500372B683F31188BFF36F8F08
:10F8F000BFF34F8F62B6A26BE36B9A4201D3022F24
:10F9000022D194F845503A46494620466DB2FFF759
:10F9100027FD6B1C13D1636A0BB901200BE004F1C6
:10F92000240000F0B9FE0028F7D0B8F1000FF4D0A1
:10F930000120C8F8000086F31188BDE8F88301357E
:10F940006DB284F84550E8E70020F4E770B50D4645
:10F95000044650B94FF0500372B683F31188BFF3D9
:10F960006F8FBFF34F8F62B6FEE7036C53B14FF05A
:10F97000500372B683F31188BFF36F8FBFF34F8FBD
:10F9800062B6FEE7036863B9836853B14FF0500372
:10F9900072B683F31188BFF36F8FBFF34F8F62B6D8
:10F9A000FEE701F06FFFEFF311864FF0500372B6E0
:10F9B00083F31188BFF36F8FBFF34F8F62B6A26BD3
:10F9C000E36B93421CD994F8453001325BB2A263D9
:10F9D0005A1C10D1636A0BB9012009E004F124001C
:10F9E00000F05AFE0028F7D0002DF5D00120286045
:10F9F00086F3118870BD01335BB284F84530EBE7C4
:10FA00000020F5E72DE9F04385B00F46044601924A
:10FA100050B94FF0500372B683F31188BFF36F8F64
:10FA2000BFF34F8F62B6FEE761B9036C53B14FF07D
:10FA3000500372B683F31188BFF36F8FBFF34F8FFC
:10FA400062B6FEE700F0C4FE60B9019E5EB14FF001
:10FA5000500372B683F31188BFF36F8FBFF34F8FDC
:10FA600062B6FEE700264FF00008DFF8E0903BE0CA
:10FA7000019D1DB901F024FE002052E016B902A834
:10FA800000F04EFE01F01CFE00F0DCFB01F0F2FD88
:10FA900094F84430FF2B01D184F8448094F8453029
:10FAA000FF2B01D184F8458001F00AFE01A902A8CC
:10FAB00000F042FE00283DD12046FFF746FC98B3F7
:10FAC000019904F1240000F0ABFD2046FFF790FC03
:10FAD00000F058FC38B94FF08053C9F80030BFF33C
:10FAE0004F8FBFF36F8F012601F0C4FDA56B002D72
:10FAF000BED0013D39462046FFF765FCA56323696A
:10FB000063B104F1100000F0C7FD38B10F4B4FF0A6
:10FB100080521A60BFF34F8FBFF36F8F01F0D0FD9B
:10FB2000012005B0BDE8F0832046FFF761FC00F03E
:10FB300029FCD8E72046FFF75BFC00F023FC2046B9
:10FB4000FFF703FC0028CED096E700BF04ED00E0ED
:10FB50002DE9FF410446019150B94FF0500372B6B0
:10FB600083F31188BFF36F8FBFF34F8F62B6FEE749
:10FB7000056C55B14FF0500372B683F31188BFF393
:10FB80006F8FBFF34F8F62B6FEE700F021FE60B9C2
:10FB9000019D55B14FF0500372B683F31188BFF346
:10FBA0006F8FBFF34F8F62B6FEE72E460027DFF858
:10FBB000308151E0019B73B955B14FF0500372B6DB
:10FBC00083F31188BFF36F8FBFF34F8F62B6FEE7E9
:10FBD00001F076FD5EE016B902A800F0A1FD01F08B
:10FBE0006FFD00F02FFB01F045FD94F84430FF2B32
:10FBF00001D184F8447094F84530FF2B01D184F88A
:10FC0000457001F05DFD01A902A800F095FD0028F6
:10FC10004AD12046FFF799FB00283FD023683BB923
:10FC200001F028FDA06800F0E3FD054601F048FD65
:10FC3000019904F1240000F0F3FC2046FFF7D8FB03
:10FC400000F0A0FB38B94FF08053C8F80030BFF384
:10FC50004F8FBFF36F8F012601F00CFDA36B002BBC
:10FC6000A8D0013BA363236813B900F099FEA060FC
:10FC7000236963B104F1100000F00EFD38B1184B98
:10FC80004FF080521A60BFF34F8FBFF36F8F012583
:10FC900001F016FD284604B0BDE8F0812046FFF7CC
:10FCA000A7FB00F06FFBD6E72046FFF7A1FB00F0B3
:10FCB00069FB2046FFF749FB0028CCD0002DE9D096
:10FCC00001F0D8FC616A19B1236B1968C1F13801E0
:10FCD000A068002500F012FE01F0F2FCDAE700BF98
:10FCE00004ED00E070B50D46044650B94FF05003E6
:10FCF00072B683F31188BFF36F8FBFF34F8F62B675
:10FD0000FEE7866800F05EFD864204D1E3680120CC
:10FD10000133E36070BD29462046FFF719FF002834
:10FD2000F8D0E3680133E360F4E72DE9F84389464E
:10FD30009046054650B94FF0500372B683F31188D0
:10FD4000BFF36F8FBFF34F8F62B6FEE761B9036CED
:10FD500053B14FF0500372B683F31188BFF36F8F26
:10FD6000BFF34F8F62B6FEE701F08CFDEFF3118712
:10FD70004FF0500372B683F31188BFF36F8FBFF358
:10FD80004F8F62B6AC6B1CB395F844604946284669
:10FD9000013C76B2FFF717FBAC63731C13D12B69E0
:10FDA0000BB901200BE005F1100000F075FC0028F4
:10FDB000F7D0B8F1000FF4D00120C8F8000087F3A5
:10FDC0001188BDE8F883013676B285F84460E8E72B
:10FDD0002046F4E70023074A30B552F8335002EBCF
:10FDE000C3041DB942F83310606030BD0133082BE5
:10FDF000F3D1FAE7286701200023084A10B502EB87
:10FE0000C3014C68844204D1002042F833004860AA
:10FE100010BD0133082BF2D1FAE700BF286701209B
:10FE200010B5044650B94FF0500372B683F31188F1
:10FE3000BFF36F8FBFF34F8F62B6FEE7FFF7DCFFB4
:10FE400094F8463023B92046BDE8104001F06ABB63
:10FE500010BD70B504460D46164601F00BFC94F833
:10FE60004430FF2B02D1002384F8443094F845300D
:10FE7000FF2B02D1002384F8453001F021FCA36B55
:10FE80002BB93246294604F1240000F0E5FB204658
:10FE9000BDE87040FFF7ACBA2DE9F041044601F02F
:10FEA000E9FB2E4B2E4D1A682E4F01321A602E6838
:10FEB000002E48D12C601B68012B1FD14FF0140875
:10FEC00008FB06700136FFF7FCF9382EF8D1DFF891
:10FED000C080254E4046FFF7F4F93046FFF7F1F9B0
:10FEE0002248FFF7EEF92248FFF7EBF92148FFF728
:10FEF000E8F9214BC3F80080204B1E60204A1368AC
:10FF0000013313601F4A63641168E36A8B4200D9AE
:10FF100013601420211D00FB0370FFF7E0F901F0CE
:10FF2000CFFB194B1B6863B12B68DA6AE36A9A420C
:10FF300007D2164B4FF080521A60BFF34F8FBFF3BA
:10FF40006F8FBDE8F081104B1B68002BD6D12B685A
:10FF5000DA6AE36A9A42D1D82C60CFE78C2C002071
:10FF6000202800202C280020B82C0020D42C002091
:10FF7000002D0020EC2C0020242800202828002020
:10FF80009C2C0020A02C0020E82C002004ED00E098
:10FF9000A42C002010B590F85D3004463BB9006BEE
:10FFA00001F0C0FA2046BDE8104001F0BBBA012BB9
:10FFB000F9D0022B0AD04FF0500372B683F31188A8
:10FFC000BFF36F8FBFF34F8F62B6FEE710BD000027
:10FFD00080B5144E144F154C154D23686BB9154B55
:10FFE0001B68012B06D94FF080533B60BFF34F8F46
:10FFF000BFF36F8FFCF720FDEDE701F03BFBF368EB
:020000040801F1
:10000000D3F80C8008F10400FFF78CF92B68013B52
:100010002B602368013B236001F052FB4046FFF751
:10002000B9FFDAE7002D002004ED00E0902C00205D
:100030008C2C00202C280020064A13681968064BD7
:1000400019B94FF0FF321A6070471268D268D2684F
:100050005268F8E724280020CC2C00202DE9F04736
:100060004FEA820907460D46A5214A469846A9F15E
:100070000409DDE90964206B2AF05EF8236B9944DA
:1000800029F00709A5B36B1E04F134020F3513F8EC
:10009000011F02F8011B197809B1AB42F7D1002307
:1000A00084F84330089D4FF0000A201D372DC4F816
:1000B00050A028BF3725E562E564C5F13805FFF794
:1000C0000BF904F11800FFF707F9C4F858A02461F0
:1000D0004246A561394664624846C4F854A084F893
:1000E0005CA001F09DFA206006B13460BDE8F087A5
:1000F00084F83450D6E70000F8B5164B0546164E86
:100100000F461C6830680430FFF70CF96B1C33464F
:1001100007D137B1316811480431BDE8F840FFF725
:10012000DEB864191A68546007D30D4A106819685C
:10013000BDE8F8400431FFF7DEB80A4A10681968D4
:100140000431FFF7D8F8084B1A68A24200D91C60A6
:10015000F8BD00BF142D002020280020EC2C00202A
:100160002828002024280020CC2C002070B586B040
:10017000DDE90B5455B94FF0500372B683F3118883
:10018000BFF36F8FBFF34F8F62B6FEE754B94FF0E6
:10019000500372B683F31188BFF36F8FBFF34F8F95
:1001A00062B6FEE760260596059E602E0AD04FF0E7
:1001B000500372B683F31188BFF36F8FBFF34F8F75
:1001C00062B6FEE725630225059E84F85D5004AD06
:1001D000029401950A9D0095FFF740FF2046FFF726
:1001E0005BFE049806B070BD2DE9F043074685B06C
:1001F000900088461646994601F000F90546E8B198
:10020000602001F0FBF80446A8B1002305633246E4
:10021000414680F85D300D9B0290384601930C9B5F
:1002200000934B46FFF71AFF2046FFF735FE0120EB
:1002300005B0BDE8F083284601F074F94FF0FF30B7
:10024000F6E70000024A136801331360704700BFED
:10025000982C0020014B1868704700BF142D002017
:100260002DE9F84F3C4B1B68002B6DD13B4B1C68B4
:1002700001341C60CCB93A4B1A68126852B14FF085
:10028000500372B683F31188BFF36F8FBFF34F8FA4
:1002900062B6FEE7334A1968106818601160324A86
:1002A000136801331360FFF7C7FE304D4FF0000BAA
:1002B0002F4F2B68A34211D93A682E4BD16A1422D2
:1002C0004A439A58022A28BF4FF0010B2A4A126863
:1002D000002A0CBF58460120BDE8F88FDFF8809057
:1002E000DFF89CA0D9F8002012681AB94FF0FF324D
:1002F0002A60E1E7D9F80020D268D66871688C429C
:1003000001D22960D8E706F104084046FFF70AF851
:10031000B16A19B106F11800FFF704F8F06ADAF8CB
:100320000010884201D9CAF800001422114B41463E
:1003300002FB0030FEF7D3FF3868F16AC26A9142CF
:1003400028BF4FF0010BCDE70C4A4FF0000B1368AC
:1003500001331360BAE700BF982C0020142D002051
:100360002428002028280020D02C0020CC2C00207D
:10037000202800202C280020182D0020942C00205C
:10038000A02C00202DE9F041304C236853B94FF0E8
:10039000500372B683F31188BFF36F8FBFF34F8F93
:1003A00062B6FEE701F066F92368013B236024682A
:1003B0002CB1002401F084F92046BDE8F081244BE3
:1003C0001B68002BF5D0234D234EDFF8A0801DE0E5
:1003D000EB68DC68271D04F11800FEF7A3FF384620
:1003E000FEF7A0FFE36A3268934200D9336014201D
:1003F000394600FB0380FEF772FF184BE26A1B6868
:10040000DB6A9A4202D3164B01221A602B68002B3A
:10041000DED10CB1FFF710FE124D2C6844B1104E26
:100420000127FFF71DFF00B13760013CF9D12C60B7
:100430000B4B1B68002BBCD00B4B4FF080521A604B
:10044000BFF34F8FBFF36F8F0124B3E7982C0020C9
:100450008C2C0020D42C0020A02C00202028002050
:10046000182D0020942C002004ED00E02C28002002
:1004700008B540B90F4B4FF080521A60BFF34F8F51
:10048000BFF36F8F08BD0C4B196851B14FF050038B
:1004900072B683F31188BFF36F8FBFF34F8F62B6CD
:1004A000FEE7FFF7CFFEFFF727FEFFF76BFF002801
:1004B000E0D0E7E704ED00E0982C002038B50D46C9
:1004C000044608B9044B1C6801F0D4F86565BDE822
:1004D000384001F0F5B800BF2028002008B9044BCF
:1004E0001868436D0BB1084618471846704700BF9F
:1004F0002028002010B588B0002407AA06A905A866
:10050000CDE9054400F03CFF059B079A0293069B4A
:1005100019491A48CDE900432346FFF727FEE0B109
:1005200000F09CFA01281AD14FF0500372B683F301
:100530001188BFF36F8FBFF34F8F62B6104B4FF030
:10054000FF3221461A600F4B18600F4B1C600F4B97
:100550001868FFF7C3FF01F02FF908B010BD013094
:10056000FBD14FF0500372B683F31188BFF36F8F46
:10057000BFF34F8F62B6FEE7301F0408D1FF0008BB
:10058000CC2C0020E82C0020142D00202028002056
:10059000F8B51E4B1A681E4B12B101221A60F8BD45
:1005A0001C4E01211A603068FFF798FF1A4D1B4A54
:1005B0004FF0140C2B6817460CFB03F154585018DD
:1005C000ACB14468083164680A4400219442446034
:1005D00004BF62684260142202FB03725268D26850
:1005E00032602B603068BDE8F840FFF777BF53B941
:1005F0004FF0500372B683F31188BFF36F8FBFF3D0
:100600004F8F62B6FEE7013BD6E700BF982C002073
:10061000182D002020280020A02C00202C280020AD
:1006200010B50C4650B94FF0500372B683F31188E1
:10063000BFF36F8FBFF34F8F62B6FEE7054B1968AC
:100640001831FEF758FE20460121BDE81040FFF7A3
:1006500053BD00BF2028002038B50D46144650B9C0
:100660004FF0500372B683F31188BFF36F8FBFF35F
:100670004F8F62B6FEE7074B19681831FEF72FFE61
:10068000002C21460CBF28464FF0FF30BDE8384013
:10069000FFF732BD2028002038B5C368DC6854B9A4
:1006A0004FF0500372B683F31188BFF36F8FBFF31F
:1006B0004F8F62B6FEE704F118052846FEF732FEBA
:1006C000114B1B68D3B9251D2846FEF72BFE0F4A98
:1006D000E36A11688B4200D913600D4A1420294641
:1006E00000FB0320FEF7FBFD0A4BE26A1B68DB6A96
:1006F0009A4206D90120084B186038BD29460748A0
:10070000F0E70020F9E700BF982C0020A02C002083
:100710002C28002020280020182D0020D42C002078
:10072000034B1B680360034B1B684360704700BFAB
:10073000D02C0020142D0020F8B50C46054650B9E9
:100740004FF0500372B683F31188BFF36F8FBFF37E
:100750004F8F62B6FEE751B94FF0500372B683F384
:100760001188BFF36F8FBFF34F8F62B6FEE700F0C3
:1007700081FF0F4B6868196823680A1A5E1C0DD048
:100780000C4E2F683668B74201D088420DD993428B
:1007900009D99B1A28462360FFF7C2FF002400F006
:1007A0008FFF2046F8BD002323600124F7E700BF38
:1007B000142D0020D02C0020014B01221A6070471C
:1007C000182D0020014B1868704700BF202800201A
:1007D000054B1B6833B1054B1B68002B0CBF022077
:1007E0000020704701207047E82C0020982C002042
:1007F000F8B5044640B31B4AC36A11681646C96A75
:100800008B4226D28269002A04DB3268D26AC2F1A6
:10081000380282611422144D02FB035362699A422A
:1008200013D1271D3846FEF77DFD33680F4ADB6A7A
:100830001168E3628B4200D913601420394600FB33
:100840000350FEF74CFD0120F8BD3368DB6AE3621C
:10085000F9E71368C06CDC6AA0422CBF00200120BD
:10086000F2E700BF202800202C280020A02C002028
:1008700038B508B9002038BD1D4B1C6884420AD029
:100880004FF0500372B683F31188BFF36F8FBFF33D
:100890004F8F62B6FEE7236D53B94FF0500372B627
:1008A00083F31188BFF36F8FBFF34F8F62B6FEE7FC
:1008B000E16A013BE26C23659142DBD0002BD9D188
:1008C000251D2846FEF72EFDE36CC3F13802E362D6
:1008D000A261084A11688B4200D91360064A1420AD
:1008E000294600FB0320FEF7FAFC0120C3E700BF06
:1008F00020280020A02C00202C28002070B50446C1
:10090000002846D0026D52B94FF0500372B683F3FF
:100910001188BFF36F8FBFF34F8F62B6FEE7C36CD2
:10092000994238BF1946C36A8B4232D0012A30D16E
:10093000184A126882420AD14FF0500372B683F30C
:100940001188BFF36F8FBFF34F8F62B6FEE78269E6
:10095000114D002A4FF01402C16202FB0353A8BFDD
:10096000C1F138014269A8BF81619A4211D1061DC7
:100970003046FEF7D7FC094AE36A11688B4200D97A
:1009800013601420314600FB0350BDE87040FEF7B1
:10099000A6BC70BD202800202C280020A02C002000
:1009A000044B1A681AB119680A6D01320A65186891
:1009B000704700BF20280020F7B5114C00F05AFE08
:1009C0002568BDB90F4F104E3846FEF77AFC304609
:1009D000FEF777FC0D4B0E4A10211F600A200D4BCD
:1009E0001E6000950C4BFEF77DFD206010B10B4999
:1009F000FFF7F0F903B0BDE8F04000F061BE00BFC2
:100A0000402E0020C42D0020D82D00201C2D0020B9
:100A1000242D0020202D0020F02D0020351F04085B
:100A2000914208B5416000610AD8D21A83699A429E
:100A30000DD2011D074B1868FEF75DFC002008BDB4
:100A40009A4201D2994202D2011D034BF3E70120E1
:100A5000F5E700BF202D00201C2D002010B588B028
:100A6000FFF7AAFF134B1B68B3B1002407AA06A91E
:100A700005A8CDE9054400F08FFC059B079A029379
:100A8000069B0D49019302230C4800932346FFF770
:100A90006DFB0B4B186050B94FF0500372B683F3E7
:100AA0001188BFF36F8FBFF34F8F62B6FEE701204F
:100AB00008B010BD402E00203A1F0408A50B010805
:100AC000442E002030B5154685B01A46034650B96D
:100AD0004FF0500372B683F31188BFF36F8FBFF3EB
:100AE0004F8F62B6FEE70D4C206878B1052902935E
:100AF000CDE900150CDCFFF76BFE002302286946E8
:100B000020680CBF089A1A46FEF7B6FD05B030BD46
:100B100000236946FEF7B1FEF8E700BF402E002033
:100B20002DE9F3411D4D4FF000082B681A6832B9CA
:100B30001B4A11681360296002B0BDE8F081DB68D0
:100B4000DC681E68271D3846FEF7ECFB236A20464A
:100B5000984794F828305B07E7D5A36933449E4251
:100B600006D26360394624612868FEF7C4FBDCE7DF
:100B70000023CDF80080324620461946FFF7A2FF39
:100B80000028D2D14FF0500372B683F31188BFF31F
:100B90006F8FBFF34F8F62B6FEE700BF1C2D0020A2
:100BA000202D00202DE9F04F844D87B0DFF818820A
:100BB0002F462A68136853B3D3680024D3F80090F3
:100BC000DFF808B2FFF73EFBFFF744FB8246DBF895
:100BD00000305E4698421DD3CBF800002CB3784B12
:100BE0001B681A68B2FA82F25209764BA9EB0A0125
:100BF0001868FFF72EF9FFF7C5FB88B94FF080534F
:100C0000C8F80030BFF34F8FBFF36F8F08E00124A7
:100C10009946D5E7FFF784FFCBF800A0FFF7B2FBBA
:100C2000DFF8A0914FF0000A83E0814532D8FFF74A
:100C3000A9FB3B68DB68D3F80CB00BF10400FEF7AE
:100C400071FB9BF8283058071BD5DBF818104B4672
:100C5000524658464944FFF7E3FEB0B1009423469C
:100C60004A4621465846FFF72DFF70B94FF0500312
:100C700072B683F31188BFF36F8FBFF34F8F62B6E5
:100C8000FEE723F001038BF82830DBF820305846CC
:100C90009847C5E72246A8E794F828305A46A16944
:100CA000204643F0010384F82830039B1944FFF7E2
:100CB000B7FE00283DD0236A2046984794F8283094
:100CC000590736D5A269002303992046CDF800A024
:100CD0000A441946FFF7F6FE58BB4FF0500372B6B0
:100CE00083F31188BFF36F8FBFF34F8F62B6FEE7B8
:100CF00094F8283023F0010384F8283019E094F8A0
:100D00002830039943F00103A16184F8283051B9D8
:100D10004FF0500372B683F31188BFF36F8FBFF3A8
:100D20004F8F62B6FEE75B465A4659442046FFF7AE
:100D300077FE002202A9D9F80000FEF763FE002822
:100D40003FF437AF029B002B03DA039BDDE904017C
:100D50009847029B002BECDB049C636913B1201DB8
:100D6000FEF7E0FAFFF776FA33688346984201D23D
:100D7000FFF7D6FE029BC6F800B0092BD9D801A216
:100D800052F823F0990C0108990C0108990C0108FC
:100D9000F10C0108FF0C0108AD0D0108990C0108C8
:100DA000990C0108F10C0108FF0C010894F8283097
:100DB0009A079FD4204600F0B5FBBAE71C2D00200F
:100DC000202D0020402E002004ED00E0EC2D00201E
:100DD000EFF3058313B16FF005007047EFF3108256
:100DE000074B12B9EFF3118212B11A68022AF2D03E
:100DF000186810B901221A6070474FF0FF30704731
:100E0000A830002008B5EFF3058313B16FF005009B
:100E100008BDEFF310820A4B12B9EFF3118212B141
:100E20001A68022AF2D01A68012A05D102221A6031
:100E3000FFF760FB0020EBE74FF0FF30E8E700BF73
:100E4000A8300020F0B5144687B000220B4605926A
:100E5000EFF3058232BBEFF3108212B9EFF3118288
:100E60001AB1224A1268022A1CD0D8B1002C36D0FE
:100E7000A5692168002D08BF18256A1E2F46372A4C
:100E800031D86268D2072ED4666976B1B208D4E947
:100E900002CEBCF1000F0AD0BEF15F0F02D9246967
:100EA00004B1AEB9059807B0F0BD8022EFE7BEF1FE
:100EB000000FF7D12469002CF4D105AC92B2CDE932
:100EC0000074FFF791F901281CBF00230593E9E79F
:100ED000CDE9014C0095FFF749F90590E2E71827A5
:100EE00080222146E9E70020DDE700BFA83000208E
:100EF00008B5EFF3058313B16FF0050008BDEFF3FC
:100F0000108313B9EFF311831BB1054B1B68022B40
:100F1000F2D00028F2D0FFF7ABFA0020EEE700BFD6
:100F2000A830002070B50446EFF3058313B1002507
:100F3000284670BDEFF3108212B9EFF311821AB197
:100F4000184A1268022AF2D004B1636803F001065D
:100F50001B07ECD4B4B1D4E9021389B14F2BE6D905
:100F6000DEB10420FEF742FC05460028DFD02168F0
:100F70002846FEF72FFF002EDAD045F00105D7E70F
:100F8000002BD4D15EB10420FEF765FC0546002895
:100F9000CDD0002CEBD12146EAE70120E2E7012089
:100FA000F2E700BFA8300020034620F0010010B592
:100FB00003F001030C46EFF3058212B16FF0050058
:100FC00010BDEFF3108212B9EFF311821AB10D4A7E
:100FD0001268022AF2D088B1214663B1FEF782FE80
:100FE000012801D10020EBE7002C14BF6FF00100B5
:100FF0006FF00200E4E7FEF7ABFDF1E76FF00300EE
:10100000DEE700BFA830002008B5034620F001004D
:1010100003F00103EFF3058212B16FF0050008BD84
:10102000EFF3108212B9EFF311821AB10A4A126873
:10103000022AF2D068B13BB1FEF7EDFB01280CBFEC
:1010400000206FF00200EAE71A461946FEF714FB8B
:10105000F4E76FF00300E2E7A830002073B50E4616
:101060001546EFF305831BB10024204602B070BD86
:10107000EFF3108313B9EFF311831BB1214B1B68FE
:10108000022BF1D00028EFD0B042EDD3EDB1D5E97D
:101090000232C3B14F2AE7D9012826D10322009298
:1010A00000221146FEF71EFA04460028DCD0CEB11D
:1010B00000231A461946FEF7DFFA012812D020460F
:1010C000FEF7AEFED0E7002ACED1012804D10322DC
:1010D0000021FEF75FFAE7E73146FEF7AAFA044679
:1010E0000028C1D045B9294607E01A463146FEF727
:1010F0007AFA04460028B7D029682046FEF76AFE2F
:10110000B3E700BFA830002013B50C4618B96FF044
:10111000030002B010BDEFF305836BB1002CF6D1D4
:1011200002AA214642F8044DFEF7FFFD012813D123
:10113000019BA3B90020ECE7EFF3108313B9EFF3A1
:1011400011831BB10C4B1B68022BE7D02146FEF725
:10115000FFFC0128EED05CB96FF00200D9E7074B25
:101160004FF080521A60BFF34F8FBFF36F8FE1E7EC
:101170006FF00100CDE700BFA830002004ED00E0D3
:1011800013B568B3EFF3058353B102A9002441F806
:10119000044DFEF7DBFB012814D06FF0020014E0D1
:1011A000EFF3108313B9EFF311831BB10E4B1B68E0
:1011B000022BEAD000231A461946FEF75DFA0128F1
:1011C00002D0EAE7019B13B9002002B010BD074B23
:1011D0004FF080521A60BFF34F8FBFF36F8FF3E76A
:1011E0006FF00300F1E700BFA830002004ED00E03D
:1011F00073B51446EFF305831BB10025284602B0F2
:1012000070BDEFF3108313B9EFF311831BB11A4BC9
:101210001B68022BF1D00028EFD00029EDD004B3D9
:10122000D4E90232ABB14F2AE7D92269002AE4D0CF
:1012300001FB00F56669AE42DFD300250095FEF79D
:1012400051F905460028D8D021682846FEF7C2FD8E
:10125000D4E7002AD1D12369002BCED16369002BBA
:10126000CBD10022FEF796F905460028C5D0002C08
:10127000EAD12146E9E700BFA830002013B51C469B
:10128000EFF3058323B1D8B96FF0030002B010BDAE
:10129000EFF3108313B9EFF311831BB1164B1B68E7
:1012A000022BF0D00028EFD00029EDD000232246F9
:1012B000FEF7E2F9012811D0DCB96FF00200E5E792
:1012C0000029E1D0002CDFD102AA234642F8044DC8
:1012D000FEF7D3FA0128F0D1019B0BB90020D5E726
:1012E000064B4FF080521A60BFF34F8FBFF36F8FE2
:1012F000F4E76FF00100C9E7A830002004ED00E03A
:1013000013B51C46EFF3058323B1D0B96FF003008A
:1013100002B010BDEFF3108313B9EFF311831BB1CB
:10132000154B1B68022BF0D00028EFD00029EDD020
:101330002246FEF767FB012810D0D4B96FF00200F7
:10134000E6E70029E2D0002CE0D102AA42F8044DE1
:10135000FEF7EBFC0128F1D1019B0BB90020D7E788
:10136000064B4FF080521A60BFF34F8FBFF36F8F61
:10137000F4E76FF00100CBE7A830002004ED00E0B7
:10138000034B0360034B0B6080231360704700BF67
:1013900048300020482E0020034B0360034B0B60B5
:1013A0004FF4807313607047AC340020AC300020E1
:1013B000104B10B51A68824219D35C68191988421B
:1013C00001BF416818460919596041684418A24292
:1013D00008D1094C2468A24204D052680A444260F1
:1013E0001A6812689842026018BF186010BD134650
:1013F000E0E700BF145A01200C3500202DE9F04130
:101400000446FEF71FFF3F493F4D0B68F3B93F4AC3
:10141000002056073E4E1BBF07323E4B3E4B22F08C
:101420000702706018BF9B1A32601344083B23F018
:101430000703C3E90000981A0B60C2E90030374B7C
:101440001860374B18604FF000432B602F6827421D
:1014500052D1002C41D004F1080358071CBF23F0DF
:1014600007030833002B47D02D4A166890469E424A
:1014700042D3274A15686868984201D22868B8B9EB
:101480000968A94238D02968146811606A68D21ABC
:10149000102A14D9E81841070DD04FF0500372B646
:1014A00083F31188BFF36F8FBFF34F8F62B6FEE7F0
:1014B0002A460546DFE742606B60FFF779FF6B68FD
:1014C00008341649F61A1F4308680023C8F800605C
:1014D00086426F602B6038BF0E60FEF753FF6307D4
:1014E0000CD04FF0500372B683F31188BFF36F8FA7
:1014F000BFF34F8F62B6FEE70024EEE72046BDE85B
:10150000F08100BF0C350020085A01201035002062
:10151000145A0120085A0120F8240100105A012011
:101520000C5A012010B50446002832D0194A50F850
:10153000043C126813420AD14FF0500372B683F391
:101540001188BFF36F8FBFF34F8F62B6FEE750F87D
:10155000081C51B14FF0500372B683F31188BFF3EA
:101560006F8FBFF34F8F62B6FEE723EA020340F8A6
:10157000043CFEF767FE084A54F8043CA4F1080056
:1015800011680B441360FFF713FFBDE81040FEF72E
:10159000F9BE10BD085A01200C5A0120002382B068
:1015A00001930F4B1B6801330AD04FF0500372B602
:1015B00083F31188BFF36F8FBFF34F8F62B6FEE7DF
:1015C0004FF0500372B683F31188BFF36F8FBFF3F0
:1015D0004F8F62B6019B002BFCD002B0704700BF5A
:1015E0001800002008480068006880F308884FF061
:1015F000000080F3148862B661B6BFF34F8FBFF36B
:101600006F8F00DF00BF000008ED00E0DFF80C0086
:10161000016841F4700101607047000088ED00E04E
:101620004FF0807321F0010140F8202C443803640E
:10163000034BC16383636FF002030362704700BF13
:101640009D150108000000000000000000000000DF
:10165000074B19680868B0E8F04F80F30988BFF3BA
:101660006F8F4FF0000080F311887047AFF3008058
:10167000202800204FF0500372B683F31188BFF387
:101680006F8FBFF34F8F62B60B4A13680133012B84
:1016900013600FD1094B1B6813F0FF0F0AD04FF0F6
:1016A000500372B683F31188BFF36F8FBFF34F8F70
:1016B00062B6FEE7704700BF1800002004ED00E0AE
:1016C000094A136853B94FF0500372B683F3118877
:1016D000BFF36F8FBFF34F8F62B6FEE7013B13601E
:1016E0000BB983F311887047180000200000000038
:1016F000EFF30980BFF36F8F154B1A681EF0100FC0
:1017000008BF20ED108A20E9F04F10602DE9090094
:101710004FF0500072B680F31188BFF34F8FBFF3C4
:101720006F8F62B6FEF734FF4FF0000080F3118830
:1017300009BC19680868B0E8F04F1EF0100F08BF28
:10174000B0EC108A80F30988BFF36F8F704700BF39
:101750002028002008B54FF0500372B683F311889B
:10176000BFF36F8FBFF34F8F62B6FEF779FD18B1ED
:10177000034B4FF080521A60002383F3118808BD99
:1017800004ED00E00023084A084913600B604FF4A1
:101790007A71074B1B68B3FBF1F30649013B0B6001
:1017A00007231360704700BF10E000E018E000E07E
:1017B0000C00002014E000E02C4B13B51A78002137
:1017C000D2B20192FF221A701B78294ADBB28DF83F
:1017D00003309DF8033003F0500313700722254BAC
:1017E0001A609DF80300541E00060FD401B11A6060
:1017F0001A68032A13D04FF0500372B683F311888E
:10180000BFF36F8FBFF34F8F62B6FEE79DF80320E3
:1018100001215200D2B28DF803202246E1E71202E4
:10182000002402F4E0621A60019B104ADBB21370DC
:10183000114B1A6842F470021A601A6842F0704242
:101840001A60FFF79FFF0D4B1C60FFF7DFFE0C4A8D
:10185000136843F040431360FFF7C4FEFEF798FEA1
:10186000FFF79CFE204602B010BD00BF00E400E080
:101870001C5A0120205A012020ED00E01800002011
:1018800034EF00E0EFF305830F2B10D9124A9B5C75
:10189000124A12789A420AD94FF0500372B683F373
:1018A0001188BFF36F8FBFF34F8F62B6FEE70C4B0B
:1018B0000C4A1B68126803F4E06393420AD94FF0A4
:1018C000500372B683F31188BFF36F8FBFF34F8F4E
:1018D00062B6FEE7704700BFF0E300E01C5A01204B
:1018E0000CED00E0205A01207047002070470000F6
:1018F000002337B58DF807300D4B1A780AB901224D
:101900001A700324C5B2013CA8212846FAF772FADE
:1019100014F0FF048DF807009DF80730DBB203D107
:101920009DF8070003B030BD512BECD1F8E700BFA4
:10193000265A012013B500240221C0B28DF80740B9
:10194000FAF758FA8DF807009DF8073003F00F03F7
:101950008DF807309DF80730052B01D98DF8074029
:101960009DF80720034B9DF807005A7000229A70DB
:1019700002B010BD265A01202DE9F74F294D174618
:1019800000248946AB786A788DF807409A4241D99D
:10199000092B42D8244AD15C244A12F803B0244AC5
:1019A00012F803A0234AD45C5FFA80F8224E404626
:1019B000FAF720FA8DF807009DF80730594640469F
:1019C0003380FAF717FA8DF8070051469DF8073073
:1019D000404632881B0203F470631343A9F80030B9
:1019E0003380FAF707FA8DF8070021469DF8073093
:1019F00040463380FAF7FEF98DF807009DF807306E
:101A000032881B0203F47063134333803B80AB784E
:101A10000133AB7003B0BDE8F08FA246A346214668
:101A2000C2E700BF265A0120421F04084C1F0408C9
:101A3000561F0408601F0408245A01200122A42113
:101A4000C0B2FAF7BFB90022A421C0B2FAF7BAB9FE
:101A5000FFF7F9BF70470000024B1A780AB901225C
:101A60001A707047265A0120436810B504464BB1DE
:101A70005B6A0121984723692BB1C8236361002366
:101A8000C4F8343110BD64236361FBE7436810B5CB
:101A900004460BB19B6A984700236360636110BDE5
:101AA00008B54368842200211B6898470022C0F8CB
:101AB000802008BD08B543684FF48C7200211B6874
:101AC00098470022C0F8142108BD0023502970B5A2
:101AD000436004461546036809D00D225A6150221E
:101AE00003689A610368D96103681B689847B5F574
:101AF000F47F23680BD0162220465A614FF4F4720B
:101B000023689A612368DD6123681B6898474FF456
:101B1000F472002120462668E56828F00DFB0123B9
:101B2000204626602361E5600CF090F800232046F3
:101B3000A360A361C4F8B430C4F8C430C4F8B830AA
:101B4000C4F8C830C4F8BC30C4F8CC30C4F8C030D5
:101B5000C4F8D030C4F83431C4E92933C4E92B3394
:101B600005F0D0F9204603F059FEC823636170BD2B
:101B7000FFF78CBF70B543690446C83B0A2B00F2DF
:101B8000B280DFE803F00610BBAAAAAAAAAAAAB0EC
:101B9000AA00D0F8C8315B689847A36920469B68C3
:101BA0009847C9236361D4F8C83120461B68984719
:101BB000012806462AD1656A032D29D0042D6BD051
:101BC000012D40F0868084F8280084F82900D4F89C
:101BD000A83100220221C4E90B33494B84F8581084
:101BE000C4E90E2300230122C4E9103384F84830ED
:101BF0006365E265C4F88830E366C4E91322C4E98A
:101C000019334FF48072CA2322666361304670BD77
:101C1000D4F81C310BB103233BE0D4F82831C3B115
:101C200094F82C31002B33D0012B0CD02368742274
:101C30004FF0FF3120465A61236894F82C219A61B5
:101C400023685B68984784F82850022384F8293079
:101C5000BDE7D4F8D8301868996D0128D3F8B020C2
:101C600010D1022901D1032AD5D02368C3E9060186
:101C70001A6271222368012120465A6123685B6839
:101C80009847C8E75228F0D14729EED1422AECD133
:101C9000022384F82830D8E7D4F82831B3B194F877
:101CA0002C319BB1022B0CD0236874224FF0FF31F2
:101CB00020465A61236894F82C219A6123685B6856
:101CC0009847052384F828300423BFE784F8285078
:101CD000FAE7002384F82830B8E7D0F8C831BDE827
:101CE00070401B6818470368152200265A61036874
:101CF00042699A6103681B68984787E7012685E770
:101D00000000F03F70B5436904460E46C83B012B06
:101D100008D9036815225A61036842699A61036809
:101D20001B6898472046FFF725FF022805460AD181
:101D300036B12368352220465A6123681B689847CC
:101D40002046FFF791FE284670BD38B5436904462A
:101D5000A3F1CD02012A20D8036C13BBD0F88C204C
:101D6000436F9A4205D2036845225A6103681B6893
:101D70009847D4F8B83120465B689847D22363610E
:101D8000D4F8C8315D69BDB1A369204601259B69BE
:101D900098472046FFF768FE13E0CF2BEED0D22BFA
:101DA000EED02368152220465A61236862699A6141
:101DB00023681B689847E3E71B682046984700287C
:101DC000DED1284638BD2DE9F04142690446D0F8FD
:101DD000B831CC2A06D01B6898470023C4F88C3051
:101DE000CC23636104F18C050026D4F8B8319B68DC
:101DF0000BBB636C0120002B0CBFCD23CE23636192
:101E0000BDE8F081A2683AB153602046A368626FD2
:101E10009A60A3681B689847D4F8BC312A462046CC
:101E2000D4F88C70D3F8048000231946C047D4F846
:101E30008C30BB4211D0D4F88C30626F9342E1D326
:101E4000D4F8B83120465B689847D4F8B8312046BA
:101E50001B689847C4F88C60C7E70020D0E710B52E
:101E600043690446CA2B09D105F0FEF9236C1BB166
:101E7000CF230120636110BDCB2363616369CB2B4A
:101E80002DD1D4F8C8311B6903B3A36813B11B6803
:101E900020469847D4F8C83120461B689847002848
:101EA000E9D0022812D0A268002AEED020F0020069
:101EB0000128EAD1536801335360A26891688B42CC
:101EC000E3DBD4F848310B449360DEE7D4F890307C
:101ED000C4F898302046BDE81040FFF774BFCC2B03
:101EE000F8D02368152220465A61236862699A61F6
:101EF00023681B689847EDE7F7B5436904460E462B
:101F00001746CD2B08D0036815225A610368426931
:101F10009A6103681B689847D4F88C20636F9A42D3
:101F20000BD323687E2220464FF0FF315A6123688D
:101F30005B689847002003B0F0BDA3683BB15A60CE
:101F40002046A368626F9A60A3681B68984702AA3C
:101F500000232046314642F8043DD4F8BC315D6888
:101F60003B46A847D4F88C3001980344C4F88C3021
:101F7000E1E738B58469054663684BB9E36898477B
:101F800030B92B68192228465A612B681B6898477C
:101F90006368013B636023685A1C2260187838BD6F
:101FA0002DE9F04180460E46D0F8D0414FF400476D
:101FB000D4E90351B5F5004F1EDB30782E4B00F00D
:101FC0007F0253F822C0A2684FEA2C474FEA2C2E1A
:101FD000ED1B05FA01F1E5608A423CDB511AAF4284
:101FE000E760A16020F07F014AB22EDD82EA0E0296
:101FF0003270C009BDE8F0810139002921611ADA87
:10200000D8F8B4316BB94046FFF7B3FFFF28054657
:1020100008D14046FFF7ADFFFF28FAD010B1C8F84D
:10202000B4010025A36845EA0325236913F10802DA
:10203000A56004D42261E3685B00E360B8E709337C
:102040002361002BF7D1E760F5E782EA0C023270DA
:1020500080F08000CDE7B5F5004FCADA20F07F02AE
:10206000AF4253B203DD83EA0C033370F0E783EA37
:102070000E033370BDE700BF6C1F04082DE9F84F55
:10208000D0F8E0200446D0F8D05100F5AA77D0F877
:102090009831002A00F09D80D0F89C2173BBBABB18
:1020A000D4F8A031D4F8A42113B1013B93422FD12D
:1020B0000D2A2DDCBA464FF00008D4F85031D4F880
:1020C000982143453CDCD4F8A031002B7CD1002A78
:1020D00078D1794B4FF000086B60C146D4F850318D
:1020E000434500F390800023C5E902336FF00F03EE
:1020F0002B61D4F818316B63BDE8F88F9A4207DB87
:10210000D0F8B031934203DBD0F85031012BC7D067
:102110002368112220465A612368D4F898219A61D5
:102120002368D4F89C21DA612368D4F8A0211A62CC
:102130002368D4F8A4215A6223681B689847B9E73A
:102140005AF8043BD4F8A000D3F804904FEA0921D0
:1021500000EB010B8AB14258002A0EDA226876237E
:102160004FF0FF312046536100232268C2F81890D7
:102170002268D361226852689047D4F89861D4F8F5
:102180009C21B24202DA08F1010896E75BF82620AA
:10219000D4F8A01122EAE27291420DD0226876238F
:1021A0004FF0FF31204653612268C2F81890226830
:1021B000D661226852689047D4F8A4214BF82620B3
:1021C0000136DCE73D4B85E70AB93D4B82E73D4BE5
:1021D00080E76BB9D0F8A03153B9D0F8A4313BB93E
:1021E000D0F89C313F2B0CDCD0F8B021934208D0C2
:1021F00023687D224FF0FF3120465A6123685B68D7
:102200009847314B66E7D4F8E03057F804AB2BB170
:10221000D4F898312BBBD4F8A03113BBDAF8146092
:102220000F2E08D92368322220465A6123689E6106
:1022300023681B68984705EB8606B36B33B9636860
:102240004022012120461B689847B06340220021AC
:10225000B06B27F071FF05EB8803C3F81490C3F847
:102260002490D4F8E03023BBD4F8B031F3B1DAF8DD
:1022700018600F2E08D92368322220465A6123683D
:102280009E6123681B68984705EB8606B36F3BB9D0
:1022900063684FF48072012120461B689847B0673D
:1022A0004FF480720021B06F27F046FF08F101085B
:1022B00014E7D4F89831D9E741280108112701081B
:1022C000BF2601089B250108732301082DE9F84367
:1022D000D0F8CC310446D0F8D0519B68984730B93B
:1022E0002368192220465A6123681B6898470026F4
:1022F00004F5AA77B046D4F85031B3420ADC002383
:10230000C5E902336FF00F032B61D4F818316B630A
:10231000BDE8F883D4F8E03057F8049B2BB1D4F82B
:1023200098318BB9D4F8A03173B9D9F81430402260
:1023300000210E3355F8230027F0FEFE05EB86033F
:10234000C3F81480C3F82480D4F8E03073B9D4F80B
:10235000B0314BB1D9F818304FF4807200211E33E0
:1023600055F8230027F0E8FE0136C4E7D4F8983189
:10237000EFE72DE9F04F87B0D0F818310446D0F8D8
:10238000D061049133B1736B0BB9FFF79FFF736B8F
:10239000013B73633369013300F09380D4F8AC31AF
:1023A0004FF00008039306F1B8030593D4F86C319D
:1023B000434540F38680049B204653F82830009321
:1023C00004EB8803D3F8707104EB870306EB8707EF
:1023D000D3F8543101935B6906EB830902937B6A5E
:1023E000D9F838501D442946FFF7DAFD40BB786222
:1023F0007B69009A1380D4F8B031002B00F0B780CD
:10240000019B00279B6906EB830AE318029307EB05
:102410004705DAF8783020461D442946FFF7C0FD0D
:10242000002840F0A480691C20460137FFF7B8FD62
:10243000002866D1D4F8B0310335BB42F3DC34E078
:10244000691C2046FFF7ACFD831C824620461D44D4
:102450002946FFF7A5FD834638B1D9F83850143521
:1024600029462046FFF79CFDD0B9029B234493F8F0
:10247000E8209946012303FA02F2BBEB620F26DA49
:1024800000220E35D9467A625FEA6B0B2DD1BAF184
:10249000000F33D109F101097B694B447B61A7E748
:1024A0004FEA4B0BBBF5004F0FD1236875224FF05D
:1024B000FF3120465A6123685B6898474FF0FF332D
:1024C0003361012007B0BDE8F08F0135C8E799F806
:1024D000F820012303FA02F2BBEB620FCCBF0AF132
:1024E00003020AF101029200CBE729462046FFF7DA
:1024F00057FD0028C8D049EA0B09C5E76FEA09096A
:10250000CAE7023505992046FFF74AFD29460190A2
:102510002046FFF745FD8146A8B129462046FFF732
:102520003FFD80B1029B4FEA4909DAF8782093F821
:102530000851BD42ACBFBD25D925154429462046CA
:10254000FFF72EFDB0B90E35CB465FEA690918D109
:10255000019BFBB90BF10102039B009953F8273053
:1025600021F81320D4F8B031BB423FF750AF08F147
:1025700001081BE74FEA4909B9F5004F95D001352D
:10258000DCE729462046FFF70BFD0028DDD04BEAAB
:10259000090BDAE76FEA0B02DEE72DE9F04FD0F81E
:1025A000182185B004460D46D0F8D0A14AB1DAF81A
:1025B00034200AB9FFF78AFEDAF83420013ACAF863
:1025C0003420DAF81020013275D0D4F854210120DB
:1025D0004FF0FF37D4F8ACB19169D4F8A421D5F805
:1025E000009000FA02F3D4F89C61009307FA02F31A
:1025F0000193002E34DC01F11E03D4F898510293AC
:102600000AF1B8030393D4F89C21AA4253DB6A1E53
:10261000029BB54202EB42025AF8231001EB02077B
:1026200005DD39462046FFF7BBFC002843D15BF8A7
:102630002510013509EB410839F91110C1B1B91C58
:102640002046FFF7ADFC0028DDD0B8F900100029C6
:102650008AB2B4BF019B009B1A44A8F80020D2E7BD
:102660005BF8262039F91220002AC4D1013EC0E7C8
:10267000791C2046FFF794FC58B103992046FFF7D8
:102680008FFCDDE90032002818BF1346A8F800309F
:10269000B9E7D4F89C110337A942C8DA226875213A
:1026A000204651614FF0FF312268526890474FF049
:1026B000FF32CAF81020012005B0BDE8F08F2DE9E7
:1026C000F041D0F8183106468846D0F8D05133B1E1
:1026D0006B6B0BB9FFF7FAFD6B6B013B6B63D6F8C5
:1026E000A4310127B83500249F40D6F86C31A342AD
:1026F00002DC0120BDE8F08129463046FFF750FC9E
:1027000020B158F8242013883B4313800134ECE7B0
:102710002DE9F04FD0F8183185B004460D46D0F8B9
:10272000D07133B17B6B0BB9FFF7D0FD7B6B013BF5
:102730007B633B6901331DD02B68D4F8ACA10093B7
:10274000D4F85431D4F89861D3F8188007F1B8035D
:1027500007EB88090293D4F89C31B3420ADB751E5B
:10276000D9F87830204605EB45051D442946FFF78A
:1027700017FCB0B1012005B0BDE8F08F0136D4F8E8
:102780009C310335B3420CDA236875224FF0FF31D8
:1027900020465A6123685B6898474FF0FF333B61DE
:1027A000E8E7691C2046FFF7FBFB0028E6D002356E
:1027B00002992046FFF7F4FB294601902046FFF7D7
:1027C000EFFB8346B0B129462046FFF7E9FB88B10D
:1027D00004EB0801D9F878204FEA4B0B91F8085127
:1027E000B542ACBFBD25D925154429462046FFF783
:1027F000D7FB88B90E355A465FEA6B0B13D1019BA4
:10280000E3B90132D4F8A4115AF8263001368A40CF
:10281000009921F813209EE74FEA4B0BBBF5004FC0
:10282000B2D00135E1E7294620460392FFF7B8FB15
:10283000039A0028E0D042EA0B02DDE7D243E1E749
:102840002DE9F04F85B0D0F818310546D0F8D07199
:10285000039133B17B6B0BB9FFF738FD7B6B013B09
:102860007B633B6901336ED005F5B8734FF0000808
:102870000193D5F86C31434565DD039B284653F839
:1028800028300293019B53F8046B019305EB8603F8
:1028900007EB8606D3F854315B6907EB8309009395
:1028A000736AD9F838401C442146FFF779FB48B9D0
:1028B0007062D5F8A42108F1010873699340029A67
:1028C0001380D6E7611C2846FFF76AFB831C82460B
:1028D00028461C442146FFF763FB834638B1D9F8EC
:1028E0003840143421462846FFF75AFBD0B9009BE4
:1028F0002B4493F8E8209946012303FA02F2BBEB3C
:10290000620F26DA002373620E34D9465FEA6B0B3E
:102910002ED1BAF1000F34D109F1010973694B448A
:102920007361C6E74FEA4B0BBBF5004F0FD12B6825
:1029300075224FF0FF3128465A612B685B68984733
:102940004FF0FF333B61012005B0BDE8F08F01344B
:10295000C8E799F8F820012303FA02F2BBEB620FF3
:10296000CCBF0AF103020AF1010292007262CBE7C6
:1029700021462846FFF714FB0028C7D049EA0B0977
:10298000C4E76FEA0909C9E710B54368BC22012111
:1029900004461B689847164A0346C4F8D00100F164
:1029A000780143F8382B002243F8042B8B42DA637A
:1029B000FAD1712380F8B830D4F8E03073B1626A8C
:1029C00001216368204612021B68984700234FF0DC
:1029D000FF31C4F8A000626A9A4200DC10BD00F525
:1029E000807240F8041B9042FBD10133F3E700BF33
:1029F0007D2001087047000010B57B220368044663
:102A00004FF0FF315A6103685B689847A369034A36
:102A100001201A600222A3695A6010BD3421040803
:102A200070B50D1E064608DD84696368AB4205DBA0
:102A300022685B1B2A446360226070BDED1A304639
:102A4000E3689847F1E7704770B5044616460D46AF
:102A500001B132B923682B2220465A6123681B68D2
:102A60009847A16929B963681C2220461B689847CA
:102A7000A061A369064A9A60064ADA60064A1A61AA
:102A8000064A5A61064AC3E900569A6170BD00BF02
:102A9000F5290108F9290108212A0108576E0108C2
:102AA000472A0108D0F85021D0F8C031012A05DDAD
:102AB0000122DA610022C3E905227047D0F84821DB
:102AC000D0F85411013AD0F89400904234BFCA684B
:102AD000CA6CEEE70022C0F89420FFF7E3BF0020A5
:102AE00070472DE9F04F00F5AA7B8DB00446D0F871
:102AF000C0515F4600264FF001080DF12009D4F8BF
:102B00005031B34213DCAE690DF12008EB69B342DA
:102B100022DCD4F89430D4F8482101339342C4F82D
:102B200094306BD22046FFF7BDFF03203AE057F800
:102B3000041B6068CB684968D4F894201231CDF842
:102B400000805A43D0F820A055F821102046D047E5
:102B500049F826000136D2E76F69D4F86431BB42E8
:102B60004FF0000343D86B610136CFE75CF804EB0C
:102B70004FF000090798DEF8382042430392DEF850
:102B80003C204A4511DC0133D4F850219A42EDDC57
:102B9000D4F8D03105F1200120465B68984758BB36
:102BA000C5E905760DB0BDE8F08F09EB060058F8D1
:102BB00023208A4652F820200398024404928A0077
:102BC000059200220499DEF8380001EBC211904210
:102BD000069102EB0A0102DC09F10109CFE7059930
:102BE000069801EB8201013229440862EAE7FA0102
:102BF000DC4619460792C7E70137AEE7D4F8C8317B
:102C00002046DB6898470420CCE72DE9F04F0446C6
:102C10008BB0D0F8C031D0F8486108910493D4F853
:102C20009020D4F898309A421ADBD4F89C3003D123
:102C3000D4F894209A4213D9731ED4F8D8500027A0
:102C40000993636AD4F89C20BB4213DC0132D4F8A8
:102C50004801C4F89C2082422CBF0420032006E0D7
:102C6000D4F8C83120461B6898470028D7D10BB04C
:102C7000BDE8F08F6B6B13B901375835E1E7049964
:102C80004FEA8708EB6800266068414400965A4383
:102C9000066A896C2046B047D4F89C30099A0590A2
:102CA0009342EE6820D20396D4F8D43143444FF0D7
:102CB00000085B680693089B53F827B0039B984570
:102CC000DADA059B4FF0000A53F82830D146079313
:102CD000079B03EBC912EB694B450FD8AB6A08F1B0
:102CE00001080BEB830BE9E72A6AB2FBF6F306FB5C
:102CF0001323002B08BF33460393D5E7CDF800A07C
:102D00005B4629462046069E09F10109B0476B6AD9
:102D10009A44DDE72DE9F041D0F8C05104462B6913
:102D200013B3036D002B4AD0D0F8E030002B46D00F
:102D3000D0F8A030002B42D02B6F3BB9426A18214B
:102D400043684A4301211B68984728670022D5F849
:102D500070C0D4F8D8604FF0180E1046636A9A42DB
:102D600007DB60B3174BEB600023C4F89C30BDE871
:102D7000F081336D1BB3198809B35988F9B1198AE9
:102D8000E9B1198CD9B1598AC9B19B88BBB111027B
:102D9000D4F8A0707B187958002910DB0EFB02C113
:102DA00003F1140853F8047F41F8047F1F68002FD3
:102DB00018BF01204345F5D101325836CEE7024B0A
:102DC000D1E700BF472F01080B2C01082DE9F04F78
:102DD000D0F864318FB0D0F8C0610446013B0C914B
:102DE0000793D0F84831013B0893B369029306F189
:102DF00020030D93F369029A934213DCD4F89C30BC
:102E0000D4F848210133C4F89C30D4F8943001330D
:102E10009342C4F8943080F08F802046FFF742FE42
:102E200003201FE0D6F81480079B984505D900239E
:102E30007361029B01330293DCE7D4F8B03133B104
:102E4000D4F86C210021306AD20127F075F9D4F84A
:102E5000D03120460D995B689847002868D1029BC5
:102E6000C6E905830FB0BDE8F08F04EB8903D3F802
:102E700054516B6B53B92B6C9B4409F10109D4F885
:102E800050314B45F1DC08F10108CDE76A68D4F810
:102E9000D431029903EB82035B680993079B984541
:102EA00034BFAB6BAB6C0693AB6A4B430C9951F8D8
:102EB000222002EB830304936B6C03FB08F30A9359
:102EC00000230393039AEB6B9342D6DDD4F894303E
:102ED000089A93421CD24FEA8B034FF0000A0B93DF
:102EE0000A9B0593069B9A4518DA0B9B29462046B8
:102EF000099F03EB8A02059B0AF1010A3244009301
:102F0000049B126AB847059A6B6AD3180593E9E7E0
:102F1000DDE902231344EA6C9A42DCDCAB6B049AD1
:102F20009B44AB6A02EB83030493039B0133C8E722
:102F30004FF00009CB46A2E7D4F8C8312046DB6841
:102F4000984704208EE72DE9F04F0546C7B0D0F82A
:102F5000C031D0F8484123911F93D5F89030D5F86F
:102F600098108B4203DCD5F8C8215069A0B1631ECC
:102F7000D5F8D8604FF0000825936B6AD5F89C20EF
:102F800043451EDC0132D5F84801C5F89C20824239
:102F90002CBF0420032011E08B420AD1D5F89811F0
:102FA000D5F89C30002908BF0133D5F89410994218
:102FB000DDD81368284698470028CED147B0BDE831
:102FC000F08F736B1BB908F101085836D5E7259BC4
:102FD000F068934240F25D814300824600210E91E9
:102FE00069680F6A1F9901EB8801896C002A00F05B
:102FF0005E810024013A0344424328460094B847C6
:10300000F3681E9400EB83001F9B18220C901B6F2B
:1030100002FB0833D5F8D42102EB88020593336D07
:1030200052681F8C2292239AB3F802E052F82820AB
:10303000B3F810C05C8A99880D9224221B885A43E9
:1030400012924FEACE1213924FEA0E2214924FEAD6
:10305000CC1215924FEA0C22169203EBC30203EB3B
:1030600083031792FA012193E30118923A021A930B
:103070002302012719921B93CB011C930B021D9372
:10308000002303930AF1FF332493039B53459ADAF9
:103090000C9B53F8049B0C931E9B1BB1039B002BB2
:1030A00000F00B810C9B53F8083C06930E9B23B158
:1030B000249B039A934200F003810C9B1B680793A7
:1030C000069BF269B3F90030013A1193B9F9003067
:1030D000209200221C46079BDDF844B0B3F9003073
:1030E00008940493CDE90A22012226A948460993AF
:1030F0000CF047F8209B0B9A9342099B40F2E38027
:10310000069AB2F980200F92B9F980200992079AA5
:10311000B2F980201092059A5168B1B1BDF99A2098
:103120009AB90998221A12984243139800F1D28052
:1031300002440029149892FBF0F204DD07FA01F131
:10314000914200DC4A1EADF89A20059A9168B9B107
:10315000BDF9A820A2B9049A1298ABEB020242432F
:10316000159800F1C58002440029169892FBF0F2F0
:1031700004DD07FA01F1914200DC4A1EADF8A820F7
:10318000059AD168C9B1BDF9B820B2B9049A0898B6
:103190005A44A2EB400217984243189800F1B680B7
:1031A00002440029199892FBF0F204DD07FA01F1BC
:1031B000914200DC4A1EADF8B820059A1269D2B1DE
:1031C000BDF9AA10B9B911990F98091ACB1A10991B
:1031D0000B4421994B431A9900F1A6800B44002A15
:1031E0001B9993FBF1F304DD07FA02F29A4200DC2B
:1031F000531EADF8AA30059B5A69D2B1BDF99C3077
:10320000BBB9099923460B440899A3EB41031799CD
:103210004B431C9900F196800B44002A1D9993FBA7
:10322000F1F304DD07FA02F29A4200DC531EADF816
:103230009C300A9B26AA3146229C009328460D9B6F
:1032400009F18009A047069B0A9A8033CDF844B063
:10325000DDF83CB00693079B80330793736AD3185D
:10326000109A0A930B9B01330B93089B0B991C46F6
:10327000099B0893049B0492209A8A42BFF434AFBE
:103280000D9AB36A02EB83030D93039B01330393FF
:10329000FBE6336AB3FBF0F100FB113ABAF1000F21
:1032A00002D0534601219AE603468246FAE700928D
:1032B0002846B84701231E93A6E6CDF81890F5E6F8
:1032C000CDF81C90FCE6049ACDF83CB01092089A18
:1032D000099220E7821A0029149892FBF0F205DD8A
:1032E00007FA01F19142D8BF01F1FF3252422AE7B9
:1032F000821A0029169892FBF0F205DD07FA01F117
:103300009142D8BF01F1FF32524237E7821A0029B9
:10331000199892FBF0F205DD07FA01F19142D8BF4E
:1033200001F1FF32524246E7CB1A002A1B9993FB68
:10333000F1F305DD07FA02F29A42D8BF02F1FF333A
:103340005B4256E7CB1A002A1D9993FBF1F305DD8A
:1033500007FA02F29A42D8BF02F1FF335B4266E7F6
:103360002DE9F04F436885B00E4674221B68012199
:10337000054698472C4B0027C5F8C001044603605A
:1033800000F14809294B076783607EB3D5F8D86000
:10339000CA466B6ABB4207DC254B6360254BC4E918
:1033A000033905B0BDE8F08FD5F8E030D6F80C80D1
:1033B0000BB108EB48086B680137B168583656F80E
:1033C0003C0CD3F814B00BF0C2FE56F84C1C039022
:1033D00056F8380C0BF0BBFE0122039B1146CDE9D9
:1033E00000082846D8474AF8040BD2E76B684FF428
:1033F000A062012128465B68984704F12003024639
:1034000043F8042B4B4502F18002F9D1D5F8B011F5
:1034100019B94FF4A06226F08FFE074B6360074B8B
:10342000E36000232361BCE7D52A0108152D0108BC
:10343000E32A01080B2C0108DF2A0108CD2D010821
:10344000F8B543680546D0F8DC414FF480621B684C
:1034500001219847A0606B684FF4806201212846E3
:103460001B689847E0606B684FF480620121284632
:103470001B68984720616B6828464FF480620121E1
:103480001B689847174F60610023DFF868C0164E2D
:10349000164D17480CFB0371A268091442F823105B
:1034A00006FB03F2E168A2F56202A2F5A242121441
:1034B00041F8232005FB03F1226901F5B60101F56E
:1034C000D24142F8231000FB03F2616902F5321287
:1034D00002F5506241F823200133B3F5807FD9D142
:1034E000F8BD00BF800B4DFFA2C501002E49FFFFB4
:1034F000E6A7FFFFE96601002DE9F04F87B0D0F89D
:10350000DC41056FC3EB8202D0F84C01D4F814E023
:10351000029001950592D4E902C0039020690490BD
:10352000109A013A109202D507B0BDE8F08F059AC3
:1035300008689C1850F80480486850F8049088681F
:1035400050F804A0002053F8044B019A0334904231
:10355000E6D01AF8007018F80050029A5CF827605C
:10356000154419F800B0049A0130AE5D0FFA8BFBD8
:1035700004F8016C52F827705EF82B60039A3E4401
:103580003614AE5D04F8026C52F82B60AD5D04F8A1
:10359000035CDAE72DE9F04FD0F8DC41C3EB82029F
:1035A000099DA669076F013D01D5BDE8F08F9C1804
:1035B000086853F8049B50F804C0486850F804E0C9
:1035C000886850F804800020B842ECD01EF8004013
:1035D0001CF800B004F5807456F824A056F82B406F
:1035E000544418F800A00AF5007A56F82AA054446A
:1035F000241409F800400130E6E72DE9F041069D6A
:10360000C3EB8202066F013D01D5BDE8F081981839
:103610000C6827584C6854F800C08C6854F800E0D7
:10362000002053F8044BB04204F10304EBD017F828
:10363000008004F8018C1CF8008004F8028C1EF84D
:103640000080013004F8038CEDE72DE9F047466A6D
:10365000C3EB8202089FD0F870E0C6F10008013F7A
:1036600018D403EB020C00200BE051F8204054F872
:103670000C501C6805EB0E0904444D45344404D13C
:103680000130B042F1DB0433E9E715F801AB04F88F
:1036900008A0F2E7BDE8F087F0B5059DC3EB820214
:1036A000076F013D00D5F0BD08680024184450F8AC
:1036B00002C053F8040BBC4200F10300F1D01CF827
:1036C0000460013400F8036C00F8026C00F8016C2F
:1036D000F1E72DE9F04FD0F8DC4187B0056FC3EB7F
:1036E0008202D0F84C71D4F814E001950592D4E927
:1036F00002C0029020690390109A013A109202D5FC
:1037000007B0BDE8F08F059A08689C1853F8045B71
:1037100006594868005900F1FF3A88680259C8689C
:10372000013A0059009200F1FF38019830440490AA
:10373000049A04359642DFD0009A16F8010B12F86D
:10374000019F1AF801BF5CF829400FFA8BFB009229
:103750000444C4F1FF043C5D05F8044C039C5EF88E
:103760002B2054F829401444029A00EB2444C4F15D
:10377000FF043C5D05F8034C52F82B402044C0F197
:10378000FF00385C05F8020C18F8010F05F8010C71
:10379000CEE7704713B50C4611461A46036F2068F2
:1037A0000193049B009300230BF0D9FC02B010BDE1
:1037B00070B543681C22012104461B6898474B4B97
:1037C000C4F8DC010546036094F82820636A013AD6
:1037D000042A12D8DFE802F0030D0D0F0F00012BB1
:1037E0000DD023680B2220465A6123681B68984736
:1037F00005E0032BF4E7042BF2E7002BF1DD94F84E
:10380000291094F82830022945D0042956D00129DE
:103810005DD103F0FD02A167012A14D1344B582178
:1038200000206B601346626A9A4205DC636D002BD0
:103830005AD00123E36770BDD4F8D82001FB0322DE
:1038400001335063EFE7022B46D12A4B4FF440621D
:10385000204644F68B466B606368D4F8DC511B68E5
:1038600098470023A86141F62F51043849F2466574
:1038700006FB03F240F8042F05FB03F2C0F8002416
:1038800001FB03F2013302F50042B3F5807FC0F87B
:103890000028EDD1CAE703229342A26705D1164B57
:1038A0006B602046FFF7CCFDC0E7012B02D1134B24
:1038B0006B60BBE7022B0FD1114BF9E7052BA1671A
:1038C00001D1104BECE7042B06D10F4BF0E79942E6
:1038D00002D1636AA367F8E723681C2220465A6175
:1038E00023681B689847A1E7A36FA3E793370108F4
:1038F0009537010895350108F93401089936010812
:10390000FB350108D33601084B3601082DE9F04F8D
:103910000025D0F8D4318BB08046D0F8D89003F190
:10392000040A2C46AB46D8F824305B4502DC0BB0C9
:10393000BDE8F08FD9E9092303EB022340F20772B7
:10394000934200F0B580B3F5E16F4CDA40F20242E9
:10395000934200F0C38023DC40F20222934200F045
:103960009E800EDCB3F5817F00F0C68040F201221C
:10397000934200F0B58040F20112934276D1A94DF6
:103980008EE040F20332934200F08C8040F2063227
:10399000934200F0AF80B3F5017F67D1A24D7FE085
:1039A00040F20A52934200F0A1800DDCB3F5816F22
:1039B00000F09E8040F20552934275D040F20442DE
:1039C000934253D1994D6BE040F2066293426DD021
:1039D00040F20C62934200F0878040F2036293420F
:1039E00044D1934D5CE040F60B32934264D01FDC2F
:1039F000B3F5016F76D00DDC40F6040293426BD034
:103A000040F60802934279D040F20E7293422DD1D3
:103A1000884D45E040F6052293425BD040F60A22ED
:103A2000934247D040F6091293421FD1824D37E0AE
:103A300040F6076293424BD00DDC40F60C429342B5
:103A40003CD040F60D5293423AD040F606429342A3
:103A50000CD17A4D24E040F60F72934234D0B3F586
:103A6000716F12DA40F60E6293422BD0D8F8003014
:103A700007225A61D8F80030D9F824209A61D8F882
:103A80000030D9F82820DA6143E041F2080293427D
:103A90001CD041F210029342E8D1694D00E0694D1B
:103AA00000243EE0684DFBE7684DF9E7684DF7E715
:103AB000684DF5E7684DF3E7684DF1E7684DEFE7CE
:103AC000684DEDE7684DEBE7684DE9E7684DE7E7DE
:103AD000684DE5E7684DE3E7684DE1E7684DDFE7EE
:103AE000684DDDE7684DDBE7684DD9E7684DD7E7FE
:103AF000684DD5E7684DD3E7684DD1E798F8483071
:103B0000012B0CD0A3B3022B2FD0D8F800303122D8
:103B10005A61D8F8003040461B68984701E0604D74
:103B200001244AF8045BD9F83430CBB1DAF82430F8
:103B3000A34215D0D9F8506096B1012CCAF82440A0
:103B400018D0022C28D0002C61D1D9F85430B21EE4
:103B50007E36043B32F8021F964243F8041FF9D127
:103B60000BF1010B09F15809DDE64E4D1C46D8E773
:103B70004D4D95E7D9F8541000224C4836F81230D4
:103B800030F912707B4303F500631B1341F82230B8
:103B90000132402AF2D1E3E7D9F85430019306F11B
:103BA00080030993424B0893089B0027B3EC027BE8
:103BB0000893019B02933E4B8DED047B0393039B83
:103BC00036F817000137B3EC027B8DED067B0393CB
:103BD000F3F7E6F9DDE90423F3F75CFADDE9062300
:103BE000F3F758FA4FF07F530022F3F753FAF3F745
:103BF00063FC029B082F43F8040B0293DFD1019B67
:103C0000103620330193099B9E42CDD1A8E7D8F806
:103C10000030312240465A61D8F800301B6898477E
:103C20009EE700BFF190010831D30108498E0108D9
:103C3000A1C001080DC701081591010891B901083B
:103C40002DAC01087D9001088D8F0108C58C0108FD
:103C50000D8B010875880108E99301080197010897
:103C6000F19A0108999E010855A30108A1A701082E
:103C700091B1010815B601085DBC0108ADBE01088F
:103C8000FDC10108CDC2010805C301088DCA0108A4
:103C900055CD01089DCF0108E1D1010809D40108E3
:103CA00069820108317F01083585010878210408FF
:103CB000382104082DE9F0414368542201210646C9
:103CC0001B6800259847124B0446C6F8D4014FF0F4
:103CD000580844F82C3BD6F8D870736AAB4201DC24
:103CE000BDE8F08173684FF48072012130461B6893
:103CF000984708FB05734FF4807200215865013521
:103D000026F01AFA4FF0FF3344F8043BE5E700BF12
:103D10000D3901082DE9F04704699A46074689469E
:103D2000D4F8B4311546D0E90086002B46D055456D
:103D300046DAD4F8D0315B6A63B9236878224FF051
:103D4000FF3120465A6123685B689847D4F8D03128
:103D500001225A62C5F1190509FA05F919252FE062
:103D600056B9A3692046DB68984710B90020BDE822
:103D7000F087A369D3E9008608F1010398F8008071
:103D8000013EB8F1FF0F15D196B9A3692046DB6853
:103D900098470028EAD0A369D3E90026531C12787B
:103DA000013EFF2AF0D02AB1C4F8B4219846BEE7FC
:103DB0001A46F3E748EA092908359846182DCFDD59
:103DC000C7E90086C7E902950120D0E7F8B5069D4E
:103DD00006468C46144695421F4608DD2B46FFF7E3
:103DE00099FF10B94FF0FF30F8BDD6E902C4621B4D
:103DF0001B494CFA02F351F825100B4057F82510D7
:103E000099420FDB102DC6E902C220DD3369792209
:103E10004FF0FF311B685A61306903685B6898474F
:103E20000020E1E7002A4FEA430408DC0123614651
:103E30003046FFF76FFF0028D4D0D6E902C2013A1E
:103E400001354CFA02F303F001032343D6E7D7F818
:103E50008C201235134457F825100B44587CC3E7C7
:103E6000F821040870B5D0F8D0510822D0F8CC1150
:103E70000024EB68064693FBF2F28B6913448B61D6
:103E8000EC60D0F8CC319B68984780B105F1140103
:103E900023462246D6F85001984209DC2A61D6F81A
:103EA0001831AB62D6F8B43103B96B62012070BD32
:103EB00041F8042B0133EDE72DE9F04FD0F8A431A0
:103EC0008FB006468A460293D0F81831D0F8D05108
:103ED00033B96F6A7FB1AB6A0120013BAB6207E087
:103EE000AB6A002BF5D1FFF7BDFF0028F1D1002010
:103EF0000FB0BDE8F08FB36905F11008089609AC62
:103F00001A6805F1100B5B6804920593DFF80891BD
:103F1000B8E80F00D5E902EC0FC4D8F800302360F0
:103F2000D6F86C31BB420EDCB3695C46049A1A6069
:103F3000059AB36909AE5A600FCEC5E902EC0FC409
:103F400033682360C7E75AF82730BCF1070F0393A3
:103F500006EB8703D3F8708106EB8803D3F854315E
:103F60005B6905EB8303DC6A0CDC00236246714667
:103F700004A8FFF7CFFE0028B9D0DDE906ECBCF1BC
:103F8000070F38DDACF108034EFA03F3DBB203F19F
:103F9000240254F82220002A3BD01C44ACEB020C33
:103FA00094F89044CCB1644509DD234662467146DD
:103FB00004A8FFF7AFFE002899D0DDE906ECACEBD2
:103FC000040C59F82420013C4EFA0CF359F8241043
:103FD00013409942ACBF9C1A1C460EAB013703EB51
:103FE000880858F8103C1C44029B48F8104C9C4030
:103FF000039B1C8094E7012300936246234671468D
:1040000004A8FFF7E3FE041EFFF671AFDDE906EC3E
:10401000C8E70923F0E700BFF82104082DE9F04FB5
:10402000D0F818318DB080460C46D0F8D06133B945
:10403000736A7BB1B36A0120013BB36207E0B36AE4
:10404000002BF5D1FFF70EFF0028F1D100200DB0B5
:10405000BDE8F08F376917B1013F3761EAE7D8F85B
:104060009C31CDF82C800293D8F8A431D6F83CA02E
:104070000393D8F8AC31D8F898910493D8F8183055
:10408000DFF804B11A685B68079208932368D6E9E1
:1040900002120593029B99456ADC072A09DC00237A
:1040A00007A8FFF737FE0028D0D0DDE90912072A5C
:1040B00035DDA2F1080341FA03F3DBB203F124007A
:1040C0005AF82000002835D05344121A93F890046F
:1040D00010F00F054FEA20142ED0AA42A14407DAAF
:1040E0002B4607A8FFF716FE0028AFD0DDE909121E
:1040F000521B5BF82500013D41FA02F35BF82540B5
:1041000003409C42039CA8BF1B1A0498A34050F88C
:104110002900059C24F8103009F10109BAE70123B0
:10412000009307A85346FFF751FE00288EDBDDE918
:104130000912CDE70923F3E70F2C02D109F10F098A
:10414000EAE70127A74094B1A24208DA234607A86C
:10415000FFF7E0FD00283FF479AFDDE909120A4BD3
:10416000121B53F8240041FA02F303401F44013F9D
:10417000D8F81830079818600898D8F818305860A0
:10418000C6E9021269E700BFF82104082DE9F043EF
:104190000127D0F8A43187B004469F40D0F81831E9
:1041A0008946D0F8D051CBB9A369002605941A6886
:1041B0005B6801920293D5E90212D4F86C31B342E4
:1041C00017DCA369019818600298A3695860012060
:1041D000AB6A013BC5E90212AB6207E0AB6A002B98
:1041E000E2D1FFF73FFE0028DED1002007B0BDE896
:1041F000F083002A59F8268007DC012301A8FFF785
:1042000089FD0028F1D0DDE90312013A013641FAB7
:1042100002F3DB0742BFB8F800303B43A8F8003098
:10422000CBE700002DE9F04FD0F81831D1B00646A9
:104230000F46D0F8D0814BB9D8F8243093B1D8F8D4
:1042400028300120013BC8F8283008E0D8F8283091
:10425000002BF1D1FFF706FE0028EDD1002051B070
:10426000BDE8F08FD6F89C2101210BAD2E6106929E
:10427000D6F8A421D7F800909140D6F89871039110
:104280004FF0FF3101FA02F2B1690792D6F8AC2182
:1042900008920A682A604A68D8F810106A60029189
:1042A000D8E90242002940F00081D8F83C308B4622
:1042B0000993069B9F420BDDB3690B9919600C991A
:1042C000B3695960029BC8E90242C8F81030B6E7EA
:1042D000072A0ADC002321462846FFF71BFD002899
:1042E0006FD0D5E90242072A62DDA2F108030998DE
:1042F00044FA03F3DBB203F1240150F82110002942
:104300006CD00344521A93F8900410F00F034FEA54
:10431000201A049367D0012B0AD0336879213046E4
:10432000049259614FF0FF3133685B689847049AF3
:10433000002A08DC012321462846FFF7EBFC002871
:104340003FD0D5E90242013A079944FA02F313F04B
:10435000010F039B08BF0B460493089B53F82730BB
:10436000059339F91330002B68D0002A07DC0123AC
:1043700021462846FFF7CEFC18B3D5E90242013AA0
:1043800044FA02F3D9070ED5059B39F91310039BA4
:10439000194208D100298BB2ACBF039907990B448D
:1043A000059929F811300137069BBB42D5DA48E060
:1043B000012300932146099B2846FFF707FD0028AB
:1043C0000EDA10AB0022BBF1000F3FF447AF0BF148
:1043D000FF3B53F82B1029F81120F4E70923E8E7F5
:1043E000D5E9024291E7BAF10F0FB6D0012303FAE3
:1043F0000AF30293BAF1000F15D0524508DA53467A
:1044000021460BA8FFF786FC0028DAD0DDE90D4233
:10441000274BA2EB0A0253F82A1044FA02F30B408E
:10442000029919440291029B002B3FF445AF069B71
:104430009F4215DD029B013B02933DE71AF1FF3AD3
:10444000B1D2049B53B1089B049953F8273029F843
:10445000131010A941F82B300BF1010B013728E79D
:10446000089B53F8275039F91530E3B1002A08DCCE
:10447000012321460BA8FFF74DFC0028A1D0DDE960
:104480000D42013A44FA02F3DB070CD539F9151055
:10449000039B194207D100298BB2ACBF039907993E
:1044A0000B4429F815300137C1E79B46BFE700BF31
:1044B000F82104082DE9F04F93B0D0F818310746E1
:1044C000D0F8D061079133B9756A7DB1B36A012024
:1044D000013BB36207E0B36A002BF5D1FFF7C2FCE2
:1044E0000028F1D1002013B0BDE8F08FD7F8AC312F
:1044F00006F110080C970DAC059306F1600AD7F889
:10450000B031DFF8A4B20693BB691A685B68089201
:104510000993B8E80F00D6E902EC0FC4D8F80030D0
:10452000A8462360D7F86C3143450FDCBB690DAD5D
:10453000089A06F110041A60BB69099A5A600FCDF7
:10454000C6E902EC0FC42B682360BFE7079BBCF1F0
:10455000070F5AF8044B53F8283003930CDC002360
:104560006246714608A8FFF7D5FB0028BAD0DDE9FE
:104570000AECBCF1070F4BDDACF108034EFA03F374
:10458000DBB203F1240254F82220002A4ED01C444E
:10459000ACEB020C94F89044DAF84C30DAF8249042
:1045A0000493002B00F0A180CCB1A44509DA234686
:1045B0006246714608A8FFF7ADFB002892D0DDE9FE
:1045C0000AECACEB040C5BF82420013C4EFA0CF333
:1045D0005BF8241013409942ACBF9C1A1C4607EBB1
:1045E0008803D3F8702112AB03EB820252F8103C1F
:1045F0001C44039B42F8104C1C800124049B9C42E9
:1046000016DB069B9C4240F3828008F1010889E793
:104610000123009362462346714608A8FFF7D6FBA4
:10462000041EFFF65FAFDDE90AECB5E70923F0E70A
:10463000BCF1070F0DDC00236246714608A8FFF7A6
:1046400069FB00283FF44EAFDDE90AECBCF1070F2F
:1046500037DDACF108034EFA03F3DBB203F12402B9
:1046600059F82220002A3AD04B44ACEB020C93F8C4
:10467000900410F00F054FEA201332D0AC451C44D3
:104680000ADA2B466246714608A8FFF743FB00286A
:104690003FF428AFDDE90AECACEB050C5BF8252014
:1046A000013D4EFA0CF35BF8251013409942039933
:1046B000A8BF9B1A059A52F8242021F81230013421
:1046C0009CE70123009362464B46714608A8FFF71A
:1046D0007DFB0028FFF606AFDDE90AECC9E70923F8
:1046E000F0E70F2B91D10F34E9E774B1A4450ADA52
:1046F00023466246714608A8FFF70CFB00283FF4EA
:10470000F1AEDDE90AECACEB040C012479E7BCF175
:10471000070F0DDC00236246714608A8FFF7FAFA7E
:1047200000283FF4DFAEDDE90AECBCF1070F25DD20
:10473000ACF108034EFA03F3DBB203F1240259F89B
:1047400022204AB34B44ACEB020C93F8900410F0D7
:104750000F054FEA201321D0AC451C440ADA2B4642
:104760006246714608A8FFF7D5FA00283FF4BAAEB2
:10477000DDE90AECACEB050C013442E701230093C0
:1047800062464B46714608A8FFF720FB0028FFF65B
:10479000A9AEDDE90AECDAE70923F0E70F2B7FF495
:1047A00034AF0F34E8E700BFF82104082DE9F04FDB
:1047B00091B0D0F818310746D0F8D06105914BB9C7
:1047C000D6F82480B8F1000F0FD0B36A0120013B66
:1047D000B36207E0B36A002BF2D1FFF743FB002876
:1047E000EED1002011B0BDE8F08FBB6906F11005D5
:1047F0000A970BAC1A6806F1600A5B680692079389
:10480000DFF890B20FCDD6E902EC0FC42B6823601D
:10481000D7F86C3143450FDCBB690BAD069A06F146
:1048200010041A60BB69079A5A600FCDC6E902EC02
:104830000FC42B682360C8E7059BBCF1070F5AF82B
:10484000044B53F8283003930CDC00236246714676
:1048500006A8FFF75FFA0028C3D0DDE908ECBCF139
:10486000070F4ADDACF108034EFA03F3DBB203F1A4
:10487000240254F82220002A4DD01C44ACEB020C38
:1048800094F89044DAF84C30DAF824900493002B32
:1048900000F0A080CCB1A44509DA234662467146F7
:1048A00006A8FFF737FA00289BD0DDE908ECACEB4F
:1048B000040C5BF82420013C4EFA0CF35BF8241046
:1048C00013409942ACBF9C1A1C4607EB8803D3F8EF
:1048D000702110AB03EB820252F8103C1C44039B86
:1048E00042F8104C1C800124049B9C4215DB3F2C99
:1048F00040F3828008F101088AE7012300936246B1
:104900002346714606A8FFF761FA041EFFF669AF59
:10491000DDE908ECB6E70923F0E7BCF1070F0DDC91
:1049200000236246714606A8FFF7F4F900283FF419
:1049300058AFDDE908ECBCF1070F37DDACF1080337
:104940004EFA03F3DBB203F1240259F82220002AC5
:104950003AD04B44ACEB020C93F8900410F00F05E6
:104960004FEA201332D0AC451C440ADA2B4662468B
:10497000714606A8FFF7CEF900283FF432AFDDE913
:1049800008ECACEB050C5BF82520013D4EFA0CF36E
:104990005BF82510134099420399A8BF9B1A3C4A23
:1049A00052F8242021F8123001349DE701230093AE
:1049B00062464B46714606A8FFF708FA0028FFF644
:1049C00010AFDDE908ECC9E70923F0E70F2B91D11F
:1049D0000F34E9E774B1A4450ADA2346624671460A
:1049E00006A8FFF797F900283FF4FBAEDDE908ECD5
:1049F000ACEB040C01247AE7BCF1070F0DDC0023BB
:104A00006246714606A8FFF785F900283FF4E9AE33
:104A1000DDE908ECBCF1070F25DDACF108034EFA27
:104A200003F3DBB203F1240259F822204AB34B44CA
:104A3000ACEB020C93F8900410F00F054FEA201332
:104A400021D0AC451C440ADA2B466246714606A8C2
:104A5000FFF760F900283FF4C4AEDDE908ECACEBE9
:104A6000050C013443E70123009362464B4671462F
:104A700006A8FFF7ABF90028FFF6B3AEDDE908ECB6
:104A8000DAE70923F0E70F2B7FF434AF0F34E8E7C0
:104A9000D03A0408F82104082DE9F04F032AADF2BA
:104AA0001C5D0446164602911F4607D9036834224E
:104AB0005A6103689E6103681B689847029B002B3C
:104AC0004CD004EB8603D3F8B45045B923683422A4
:104AD00020465A6123689E6123681B6898473B689B
:104AE0003BB963684FF4B262012120461B689847C6
:104AF00038603E684FF001094FF000084FF0090B95
:104B0000C6F88C5015F809A00AEB0807B7F5807FA6
:104B100006DD23682046C3F814B023681B68984755
:104B200008F1FF3804AB98441AF1FF3A1BD209F19F
:104B30000109B846B9F1110FE4D1002304AA0DF51B
:104B40008A7A4FF0010BD35599469DF8108004AA3C
:104B500012F8092022B349465B1A0AE004EB8603E7
:104B6000D3F8C450B1E708F8019FDDE74AF82120E7
:104B7000013104A85A188946405C4045F6D00BFA2A
:104B800008F3934208DC236809212046009259610A
:104B900023681B689847009A530008F10108D6E77C
:104BA00005F10109331D05F1110C4FF0FF3EC84618
:104BB00045A818F8011B41B350F82210511A996406
:104BC00018F8011C0A44511E50F821101960E045E4
:104BD00003F10403EDD1304B4FF48062002106F164
:104BE0009000736425F0A8FA01234FF0000CC3F184
:104BF000080201214FF0010A019201FA02F20CF1C0
:104C0000110103924A19009227E0C3F800E0DEE7A1
:104C100045AA019852F82C2002FA00FB06EB8B0EF5
:104C20000BF28F400EF18C0E3044009A4EF8043F88
:104C3000127800F8012FC0F5916207323244114614
:104C4000039A11440A465A44002AEEDC009A0AF1FB
:104C5000010A0CF1010C0132009299F80020524532
:104C6000D6DA013309F10109092BC0D1029A22B128
:104C7000113547441E46BD4203D10DF21C5DBDE80F
:104C8000F08F15F8013B0F2BF5D9236820465E61A4
:104C900023681B689847EEE7FFFF0F002DE9F84FE8
:104CA000D0F8E0200446D0F8D0B100F5AA75D0F8CD
:104CB0009831002A00F0C580D0F89C2193BB002ACF
:104CC0003AD1D4F8A031D4F8A42113B1013B9342D6
:104CD00032D10D2A30DCA9460027D4F85031D4F85F
:104CE0009821BB4240DCD4F8A031002B7FD1002AB0
:104CF0007BD1BA4B00270BF11408CBF80430B9462E
:104D0000D4F85031BB4277DC0023CBF810300023BD
:104D1000CBE90233CBF82430D4F81831CBF8283063
:104D2000BDE8F88F9A4207DBD0F8B031934203DB3D
:104D3000D0F85031012BC4D02368112220465A618B
:104D40002368D4F898219A612368D4F89C21DA6109
:104D50002368D4F8A0211A622368D4F8A4215A62E7
:104D600023681B689847B6E759F8043BD4F8A000BD
:104D7000D3F804804FEA082100EB010A8AB14258B7
:104D8000002A0EDA226876234FF0FF312046536165
:104D900000232268C2F818802268D3612268526812
:104DA0009047D4F89861D4F89C21B24201DA0137D7
:104DB00093E75AF82620D4F8A01122EAE272914231
:104DC0000DD0226876234FF0FF31204653612268D0
:104DD000C2F818802268D661226852689047D4F8D9
:104DE000A4214AF826200136DDE77D4B82E70AB987
:104DF0007C4B7FE77C4B7DE7D4F8982155F8043B4A
:104E00007AB9D4F8A02142B95A690121204602F1A9
:104E10000B030BEB8303FFF73FFE48F8049B0137BE
:104E20006EE79E690021204606F10B0332460BEB2C
:104E300086060BEB8303FFF72FFEF36ACBF83C30BB
:104E4000EBE783B9D0F8A0316BB9D0F8A43153B9EE
:104E5000D0F8DC20D0F89C310AB93F2B0CDCD4F818
:104E6000B0219A4208D023687D224FF0FF312046BE
:104E70005A6123685B689847D4F8B0313F2B45D01E
:104E80005A4B00260BF11407CBF80430B146D4F886
:104E90005031B3423CDC0BF1600104F5B8750020E1
:104EA0004FF0060C524E4FF0010E524FD4F86C31B9
:104EB00083427FF72CAF55F8043B04EB8303D3F810
:104EC0005421536910335BF8233041F8043B936954
:104ED00014335BF823304B62536B002B65D0D4F84E
:104EE000B081B8F10F0FD2E9092300F089802CDCE2
:104EF000B8F1030F47D0B8F1080F58D0B8F1000F40
:104F000040F0AD80C1F84CE00130CFE73A4BB8E754
:104F100055F8048B01212046D8F8142002F1100323
:104F20000BEB8303FFF7B8FDD4F8B0314BB1D8F8E1
:104F300018200021204602F114030BEB8303FFF736
:104F4000ABFD47F8049B0136A1E7B8F1230F03F14D
:104F5000FF3A02F1FF3964D0B8F1300F6FD0B8F1E9
:104F6000180F7CD1BAF1050F28BF0523B9F1050F41
:104F700003F1FF3328BF052203EB8303013A1344F7
:104F800056F8233010E003F1FF38B8F1020F02F1B8
:104F9000FF3828BF0223B8F1020F28BF022202EB1C
:104FA0004303033B57F823300133CB64ACE703F1F1
:104FB000FF38B8F1030F02F1FF3828BF0323B8F11F
:104FC000030F03F1FF3328BF032203EB4303013A2E
:104FD00013440A4A52F82330E6E700BFB93E0108FD
:104FE0001D4001088D41010825420108B544010812
:104FF000AC23040838230408AD47010848230408FB
:1050000003F1FF38B8F1040F02F1FF3828BF042381
:10501000B8F1040F28BF042202EB8303184A053BB2
:10502000D8E7BAF1060F28BF0623B9F1060F28BF4B
:105030000622013B013A0CFB0323124ACAE7BAF1EC
:10504000070F28BF0723B9F1070F03F1FF3328BF6C
:105050000722C3EBC303013A13440B4ABAE703F137
:10506000FF38B8F1080F02F1FF3828BF0823B8F164
:10507000080F28BF082202EBC303044A093BA9E733
:105080006C23040810240408A0240408382204080F
:1050900038B54368D822012105461B689847174B4D
:1050A000C5F8D00104460360D5F8E03043B9036584
:1050B00003644365436483658364C365C36438BD27
:1050C0006A6A01216B68284612021B689847002310
:1050D0004FF0FF31C5F8A0006A6A9A4205DC002350
:1050E000C4E90B33C4E90D33E9E700F5807240F8F9
:1050F000041B9042FBD10133EEE700BF9D4C010839
:10510000D0F8C831014A1A60704700BFD95201086F
:1051100038B50A4A0025D0F8C83104461A60012281
:10512000C3E904559A6103681B699847D4F8CC31E8
:1051300020461B689847C4F8A05038BDD9520108D2
:105140002DE9F843D0F85021044600F5AA77012A4A
:1051500036D1D0F85431D969C0F86411196AC0F851
:105160006811D868596A1D6A1A64C3E91112B5FB3F
:10517000F0F100FB1151002908BF0146C3E90E22DE
:10518000D9640023C4F86C21C4F87031B8460026F5
:105190004FF03609D4F850319E4278DBD4F8D03144
:1051A00020461B689847D4F8C03120461B689847B2
:1051B000D4F8C021D4F8C83152681A60BDE8F88329
:1051C000013A032A0CD903681B225A610368D0F8FC
:1051D00050219A6104220368DA6103681B689847CA
:1051E000D4F838310025D4F8A811B846E0694FF05A
:1051F0000E09594309F0A6FFD4F83C31D4F8A811A0
:10520000C4F864015943206A09F09CFFC4F86C514A
:10521000C4F86801D4F850319D42B7DA58F8043B1D
:1052200099685A6AD3F81CC04A43D86899635A648B
:1052300000FB01F6D8631E64BCFBF1F201FB12C255
:10524000002A08BF0A46196A9A64B1FBF0F200FB13
:105250001212002A08BF0246DA64D4F86C313344D3
:105260000A2B06DD23682046C3F8149023681B68C8
:105270009847002E01DC0135CCE7D4F86C31013EB3
:105280005A1C5C33C4F86C2144F82350F1E758F8F9
:10529000047B3B6DF3B93B69032B03F1280503D86D
:1052A00004EB8502526842B922682046C2F8149085
:1052B0002268936123681B689847636804EB85053F
:1052C000842201211B682046984784226968F3F7ED
:1052D000EFFA386501365DE72DE9F84FD0F8C8716F
:1052E00004467B69F3B94FF00108A34ED4F8CC31E2
:1052F00020465B6898470128814618D0022813D1C0
:1053000001237B61BB69002B00F08C81D4F8CC3188
:105310001B693BB123683D2220465A6123681B6804
:10532000984701E04FF002094846BDE8F88FBB6995
:10533000002B00F06581012B40F0B280226A4FF60D
:10534000DC739A4202DCE2699A420ADD23682A226F
:1053500020465A614FF6DC7223689A6123681B6805
:105360009847D4F8D430082B0AD02368102220465E
:105370005A612368D4F8D4209A6123681B6898473F
:10538000636A0A2B0CDD23681B2220465A612368BE
:10539000626A9A610A222368DA6123681B68984767
:1053A000D4F8D8504FF0000A4FF0130BC4F83881EE
:1053B000C4F83C81636A9A450FDBD4F8DC302BB922
:1053C000D4F8E0307BB3D4F8503163B30823C4F889
:1053D000A8313F23C4F8AC6139E0AB68013B032B33
:1053E00003D8EB68013B032B06D923682046C3F89A
:1053F00014B023681B689847AB680AF1010AD4F817
:10540000382158359A42ACBFC4F83821C4F8383135
:10541000D4F83C2155F84C3C9A42ACBFC4F83C212E
:10542000C4F83C31C6E7D4F89C313F2B00F094809F
:1054300049DC0F2B00F081803ADC032B71D0082B64
:1054400076D0002B4FD1C4F8A881C4F8AC61C4F861
:10545000B0314FF0000AD4F8A831D4F8D850D34670
:10546000C4F84031C4F84431626AD4F8A831924596
:10547000C0F29080D4F83C11206A594309F062FED2
:10548000636AD4F85021C4F848019A42D4F8C8316C
:1054900004DBD4F8E020002A00F0AD80C3F81080CF
:1054A000D4F85031002B40F0A8800223BB611DE7E7
:1054B000232B47D0302B4AD0182B14D10522C4F807
:1054C000A8212E4A31E08F2B4ED007DC632B47D02A
:1054D000782B47D0502B06D1092378E7C32B47D030
:1054E00019DCA82B42D02368112220465A61236878
:1054F000D4F898219A612368D4F89C21DA61236852
:10550000D4F8A0211A622368D4F8A4215A6223682F
:105510001B6898479DE7E02B2CD0FF2BE3D110238D
:1055200055E70222C4F8A821154AC4F8AC218EE739
:105530000322C4F8A821134AF7E70422C4F8A821DB
:10554000114AF2E70622C4F8A821104AEDE7072223
:10555000C4F8A8210E4AE8E70822C4F8A82174E795
:105560000A2334E70B2332E70C2330E70D232EE721
:105570000E232CE70F232AE7D03A0408443D040801
:10558000103C0408603C0408C43C0408E83D0408DE
:10559000B83E04086B620AF1010AD4F8A831A86881
:1055A000AB62D4F83821E369D4F8A81158435143C9
:1055B00009F0C8FDE861E868D4F83C21236AD4F812
:1055C000A8115843514309F0BDFD2862A868E3695A
:1055D000D4F83811584309F0B5FDE862E868236A49
:1055E000D4F83C11584309F0ADFDC5F850B0C5E9F9
:1055F0000C08583538E71A6152E70023BB6193E67F
:105600003B6933B92368242220465A6123681B680A
:105610009847D4F85031002B3FF468AE2046FFF78E
:105620008FFD81E6D4F89030D4F898209A427FF725
:1056300079AEC4F8983077E670B5D0F8A811044672
:10564000C26A036B4A43C0699A420ED809F07AFDD8
:10565000D4F8A8112067206A09F074FD012360675F
:10566000C4F84031C4F8443157E05D00AA420CD878
:10567000400009F067FD2067206AD4F8A8114000B7
:1056800009F060FD02236067EAE71D44AA420ED8D4
:1056900000EB400009F056FD2067206AD4F8A811FD
:1056A00000EB400009F04EFD03236067D8E79D0042
:1056B000AA420CD8800009F045FD2067206AD4F882
:1056C000A811800009F03EFD04236067C8E71D446F
:1056D000AA420ED800EB800009F034FD2067206A52
:1056E000D4F8A81100EB800009F02CFD05236067B9
:1056F000B6E7062505FB03F6B24215D8684309F064
:1057000021FD2067206AD4F8A811684309F01AFD2A
:10571000C4F840516067C4F84451D4F8D83000222E
:10572000616A91426EDC70BDDD00EE1AB2420ED8A5
:10573000C0EBC00009F006FD2067206AD4F8A8116C
:10574000C0EBC00009F0FEFC0723606788E7AA42AF
:105750000CD8C00009F0F6FC2067206AD4F8A81124
:10576000C00009F0EFFC0823606779E71D44AA42F6
:105770000ED800EBC00009F0E5FC2067206AD4F8E1
:10578000A81100EBC00009F0DDFC0923606767E7A2
:105790000A2505FB03F6B242B0D90B2505FB03F63B
:1057A000B242ABD90C2505FB03F6B242A6D90D25B2
:1057B00005FB03F6B242A1D90E2505FB03F6B24262
:1057C0009CD9C3EB03139A424FEA00130DD8181A61
:1057D00009F0B8FC2067206AD4F8A811C0EB0010CB
:1057E00009F0B0FC0F2360673AE7184609F0AAFCFD
:1057F0002067206AD4F8A811000109F0A3FC102347
:1058000060672DE7D4F840110132583343F8341C57
:10581000D4F8441143F8301C82E7000010B5436807
:105820001C22002104461B689847084BC4F8C80195
:105830000360074B4360074B8360074BC360002343
:10584000C0E904330123836110BD00BFD9520108B0
:105850001151010841510108015101082DE9FF478B
:10586000D0F8BC419A4605468846236B914604F120
:1058700008073BB9D0F8C0313946DB689847B8B162
:1058800001232363D5F8446104F13402D5F8C4112F
:105890002846CDF800803346CDE9019AD1F804803E
:1058A0003946C047636BB34224BF0023C4E90C33BD
:1058B00004B0BDE8F0872DE9F04FD0F8BC411F4699
:1058C0008BB00546236B8846164673B9236CD0F817
:1058D000C0210E33D26854F82310904700285CD0C2
:1058E00001232363E36C0133E364636C012B10D069
:1058F000022B37D0002B50D10022E16C6263D5F827
:105900004431013BA364D5F84831994248D0012382
:105910006364236C04F13402CDF80080284603F15F
:105920000E01D5F8C431CDE901675E6854F8211045
:10593000A36CB047626BA36C9A422ED3E36C012B2D
:105940006BD0236C83F00103236400232363D5F819
:10595000443101336363D5F844310233A364022335
:1059600063641AE0236C04F13402CDF80080284609
:1059700003F10E01D5F8C431CDE90167D3F80490E5
:1059800054F82110A36CC847626BA36C9A4204D3ED
:10599000002363643368BB42AED30BB0BDE8F08F25
:1059A000D5F8BCC16FF0404ED5F8D8006B6A9A426A
:1059B000ADDA816AC368D0F830A04B43D5F8441102
:1059C00093FBF1F9BAFBF3F103FB11A1002918BF16
:1059D0000B462AB9591E91FBF9F10131CCF8481058
:1059E000DCF8401073444FEA49094FF0000B0E31C8
:1059F0009B005CF8211051F8221001EB030A0433DC
:105A00001944CB4502DB01325830CFE7DAF80030D9
:105A100041F82B300BF1010BF3E7D5F844310020AE
:105A2000D5F8D8200133D5F8BC91059209936B6A5B
:105A3000984286DA059A059B916ADB68D5F844217D
:105A40005943D9F8383091FBF2F153F82070D9F866
:105A50003C3053F820C0099B01FB03F26FF00303B5
:105A600003FB01FE4FEA82080A4407EB0E0307EB33
:105A7000080A9200E04407930EEB0C0307EB020BBD
:105A8000069302EB0C0308930023994204DC059B68
:105A9000013058330593CAE7079A069E96465AF88E
:105AA00023204EF8232058F8232046F8232057F8C7
:105AB0002320089E4BF823205CF8232046F823205F
:105AC0000133E2E71FB5D0F8C4410091CDE90123CD
:105AD000002364681A461946A04704B010BD0000B0
:105AE0002DE9F04F024685B0D0F8BC4151B10229F2
:105AF0007ED003680321596103681B6805B0BDE8C7
:105B0000F04F1847D0F8D8319B68002B6DD03A4B36
:105B10006360D0F84431D0F8BCC10193D0F8D830DC
:105B20000CF1080B0093019B02330393536A9942D3
:105B300009DB0023C4E91033E3640023C4E90C3318
:105B400005B0BDE8F08F009BD2F84451D8689B6A3D
:105B50004343DCF8380093FBF5F350F821E0DCF820
:105B60003C005BF8045B50F82160039803FB00F9EC
:105B7000002048451FDB01986FF001074FEA4309F9
:105B800058434FEA800807FB0300800005EB080A32
:105B9000371828444644002502974D4513DB6FF023
:105BA000030000FB03E50020834218DC009B013169
:105BB00058330093BAE755F8208046F820804EF815
:105BC00020800130D5E7029FB8465AF8257048F882
:105BD000257050F8257046F825700135DDE7DEF8B0
:105BE000006045F820600130DEE7044B6360A4E705
:105BF000034B6360A4E700BFB75801085D58010874
:105C0000C55A01082DE9F84F43680D46502201217D
:105C10001B68044698473E4BC4F8BC010646036027
:105C200035B12368032220465A6123681B689847D0
:105C3000D4F8D831D4F844519B682BB3012D06DC3D
:105C40002368302220465A6123681B689847626A9D
:105C5000012163682046D4F8BC81D2001B6800276C
:105C6000D4F844519847C8F83800636A05F1040A2B
:105C700000EB8300C8F83C00D4F8D890636AD4F8ED
:105C800044519F420ADB0235D4F8D87008364FF0F1
:105C90000008636A434521DCBDE8F88FD9F80C3071
:105CA0000121D9F8280009F158095843636890FB8D
:105CB000F5F505FB0AFB1B6820464FEACB02984727
:105CC000D8F8383000EB850543F8275005EB8B05F5
:105CD000D8F83C3043F827500137CFE7FA6808F18D
:105CE0000108BB6A583757F8341C5343D4F8442191
:105CF000606893FBF2F357F83C2C6B43D0F80890A4
:105D000020464A430121C84746F8040BC1E700BFBB
:105D1000E15A01082DE9F04786690446D6E9005C9E
:105D2000C0E93712C0F8E430BCF1000F07D1F368C6
:105D3000984710B90020BDE8F087D6E9005CBCF1B7
:105D400001022F7800F08B806B1C551E93F80080A9
:105D500000F08E8001331A78013DC4F8D42000F0A1
:105D6000908001331A78013D4FEA0222226200F04E
:105D7000918001331978013D226A0A44226200F0C1
:105D8000928001331A78013D4FEA0222E26100F06D
:105D9000938001331978013DE2690A44E26100F021
:105DA0009480013303F101091B78D4F8B421012157
:105DB00063622046236808EB0727013D9A61083F8C
:105DC000E269DA61226A1A62626A5A6266222368AA
:105DD0005A6123685B689847D4F8CC311B6933B1AA
:105DE00023683C2220465A6123681B689847236A2F
:105DF00023B1E36913B1636A002B06DC2368212217
:105E000020465A6123681B689847636A03EB430383
:105E1000BB4206D023680C2220465A6123681B68C7
:105E20009847D4F8D8304BB9626A58216368204645
:105E30004A4301211B689847C4F8D800D4F8D870A9
:105E40004FF000084FF0670A5837636A434545DC56
:105E5000D4F8CC3101201861C6E900956BE7F368EE
:105E60002046984700283FF465AFD6E900326CE73A
:105E7000F3682046984700283FF45CAFD6E9003528
:105E800069E7F3682046984700283FF453AFD6E906
:105E9000003567E7F3682046984700283FF44AAF8B
:105EA000D6E9003566E7F3682046984700283FF4B6
:105EB00041AFD6E9003565E7F368204698470028EA
:105EC0003FF438AFD6E9003564E7F36820469847D9
:105ED00000283FF42FAFD6E9003563E747F8548C2C
:105EE0003DB9F3682046984700283FF423AFD6E930
:105EF000009599F80030013D47F8583C2CD009F145
:105F000001031A78013D4FEA221102F00F0247F80F
:105F1000501C47F84C2C28D0013303F101091B78A1
:105F200057F8582C012147F8483C20462368013D8A
:105F300008F1010858379A6157F8A82CDA6157F828
:105F4000A42C1A6257F8A02C5A622368C3F814A034
:105F500023685B68984778E7F368204698470028ED
:105F60003FF4E8AED6E90035CBE7F3682046984722
:105F700000283FF4DFAED6E90035CEE70D2A2DE943
:105F8000F04102EB030604460D46036870D90A7817
:105F90004A2A6FD14A78462A6CD18A78492A69D12F
:105FA000CA78462A66D10A79002A63D10122C0F84C
:105FB0001C21497980F820110129AA7980F8212132
:105FC000EA7980F822212F7A6A7A02EB0722A0F878
:105FD0002421AF7AEA7A02EB0722A0F826210ED01C
:105FE0007A224FF0FF315A61036890F820219A61BC
:105FF000036890F82121DA6103685B689847236899
:10600000012194F8202120469A6194F82121DA6137
:10601000B4F824211A62B4F826215A6294F8222195
:106020009A62592223685A6123685B6898472A7BE1
:106030006B7B13430DD023685C22012120465A61FB
:1060400023682A7B9A6123686A7BDA6123685B682C
:1060500098472A7B0E3E6B7B12FB03F202EB420257
:10606000B24232D023685A225A6123689E6123E0EB
:10607000052A28D92A784A2A25D16A78462A22D19F
:10608000AA78582A1FD1EA78582A1CD12A79D2B97D
:106090006A79112A05D0132A05D0102A05D16E225B
:1060A000E2E76F22E0E77022DEE75B225A612368B5
:1060B0006A799A612368DE612368204601215B6862
:1060C000BDE8F04118474F22CEE7BDE8F0812DE949
:1060D000F843856904466B6833B32E683778B3F1AB
:1060E00001084FEA072928D0013616F8017B5D2206
:1060F000236801214F4420465A612368023FD4F8A7
:10610000B4219A612368DF6123685B68984708F1CE
:10611000FF33002F2E606B6004DDA36939462046F3
:106120001B699847012003E0EB68984710B90020ED
:10613000BDE8F883D5E90063D0E7EB6820469847CF
:106140000028F4D0D5E90068CFE72DE9F041846953
:106150000646D4E9007585B9E3683046984750B9DA
:106160000020BDE8F081D6F8CC219369013393611A
:10617000C4E90075EFE7D4E900753B78013D0137CC
:10618000FF2BF0D1ADB9E368304698470028E7D03F
:10619000D4E9003593F80080013D5F1CB8F1FF0F92
:1061A000F0D0D6F8CC219369B8F1000F03D10233B7
:1061B000DDE73B46EEE7A3B1336877224FF0FF31CE
:1061C00030465A61D6F8CC21336892699A613368B7
:1061D000C3F81C8033685B689847D6F8CC3100223E
:1061E0009A61C6F8B4810120C4E90075B9E710B519
:1061F000D0F8B43104460BB3D4F8CC31D4F8B42180
:10620000596901F1D0039A421ED123686422032107
:1062100020465A61D4F8CC21236852699A612368D8
:106220005B6898470023C4F8B431D4F8CC2101202E
:106230005369013303F00703536104E0FFF785FF5F
:106240000028D9D1002010BDA36920465B6998477A
:106250000028EAD1F6E70023D0F8CC21C0F8D830E6
:10626000C0F89030C0F8B4319361C2F8A430C2E9EC
:10627000033370472DE9F04F8669CBB0044675684B
:10628000FDB13268013D177825D0013292F80090B7
:10629000013D02F1010B09EB072905AFA9F1020944
:1062A000B9F1100F1FDCB9F1000F06D022680C21E4
:1062B000204651612268126890470120C6E900B566
:1062C00003E0F368984718B900204BB0BDE8F08FA1
:1062D000D6E90025D6E7F368204698470028F3D092
:1062E000D6E90025D2E735B9F3682046984700285B
:1062F000EAD0D6E900B5236852229BF8008001213C
:106300005A61204623680BF1010ACDF80480013D53
:10631000C3F81880D34623685B68984700223A7018
:1063200092460122002D40F09A80F36820460292A6
:1063300098470028C8D0029AD6E9001501F1010B50
:106340000978013DB95401328A44112AEAD1226800
:10635000A9F1110379784FF0580920460293916111
:10636000B978D161F978116239795162797991629C
:10637000B979D162F9791163397A516302212268BE
:10638000C2F814902268526890472268797A2046B1
:106390009161B97AD161F97A1162397B5162797B65
:1063A0009162B97BD162F97B1163397C516302211F
:1063B0002268C2F81490226852689047BAF5807F2C
:1063C00002DC029B534506DA22680921204651610E
:1063D0002268126890474FF000090AAAD14540D1BF
:1063E00018F0100F029BA3EB090917BFA8F11003C7
:1063F00008F12D0808F121080193019B04EB88089E
:10640000032B08D922681F2120465161226893611D
:10641000226812689047D8F8002022B92046FBF77E
:1064200049FBC8F80000BE46D8F800200DF1240A48
:10643000F4460832BCE80300D44542F8080C42F8A0
:10644000041CE646F4D19CF8001011704FF48072E1
:10645000D8F800000AA91130F2F72AFA20E75946C5
:106460006CE74DB9F36820460392984700283FF443
:106470002BAF039AD6E900B59BF80010013D0BF154
:10648000010B09F8021009F10109A7E72DE9F74FFF
:106490000446D4F8B43143BBD4F8CC31DB68002BCC
:1064A00048D1A5696A68002A36D02B68013A93F86A
:1064B000008038D00133B8F1FF0F02F1FF3603F14D
:1064C00001091F7801D1D82F0BD02368372220462D
:1064D0005A612368C3F818802368DF6123681B684A
:1064E0009847C4F8B471C5E90096D4F8B431CF2BFD
:1064F00065DCCD2B2ADAC42B00F0918232DCC12B73
:1065000000F098811DDC012B00F0D583C02B00F03A
:106510008881236846221BE0EB682046984770B1CB
:10652000D5E90032C2E7EB682046984738B1D5E993
:106530000032C0E72046FFF708FE0028D5D1002032
:10654000E4E0C22B00F07981C32BE2D123683E2224
:106550005A6120462368D4F8B4219A6123681B68E5
:1065600098475AE1C92B00F06C81EFDBCB2BEDD0C3
:1065700040F36981A6697568002D00F0EB813368EE
:10658000013D1F7800F0EF81013393F80080013D59
:1065900003F101094FF01D0B08EB0728A8F10208D1
:1065A000B8F1000F00F3E88106D023680C222046E2
:1065B0005A6123681B689847C6E900952DE1DB2BDB
:1065C00000F0318200F3A580D82B00F0ED80C0F2FE
:1065D0007283D92B00F0B181DA2B9AD1D4F8CC3167
:1065E000A6691B69D6E9007533B9236840222046A5
:1065F0005A6123681B68984735B9F3682046984765
:1066000000289CD0D6E90075013D97F8009000F075
:106610001D81013797F80080013D08EB092800F043
:106620001E817B1C93F8009069225F1C2368012166
:1066300020465A61013D2368C3F8189023685B68BF
:10664000984709F10303B8EB430F08D1B9F1040FE0
:1066500005DCB9F1000F09D1D4F8E03033B9236873
:106660000C2220465A6123681B6898474FF0000AA5
:10667000C4F85091D14500F3FB803DB9F368204642
:10668000984700283FF45BAFD6E900753B78013DA1
:10669000C4F8983100F03F8101373B78013DC4F8E0
:1066A0009C3100F0418101373B7801212046013DBA
:1066B0001A1103F00F0307F10108C4F8A021C4F870
:1066C000A431D4F8982123689A61D4F89C21DA6126
:1066D000D4F8A0211A62D4F8A4215A626B2223684C
:1066E0005A6123685B689847D4F8CC3100225A611C
:1066F000B9F1000F04D0D4F890300133C4F89030D1
:1067000000230120C6E90085C4F8B43103B0BDE818
:10671000F08FEF2B41DCE02B80F2C582DC2B00F008
:10672000D782DD2B7FF4F5AEA6697368002B00F0ED
:1067300096823568013B95F8008000F0998201351A
:106740002A785F1E02EB0822042A06D023680C2256
:1067500020465A6123681B689847002F00F09182F9
:10676000013595F80080013F4FEA082800F0928239
:10677000013515F8013B5422013F0121984423685B
:1067800020465A612368C3F8188023685B689847DD
:10679000C4F81881356077603FE0FE2B7FF4B9AE16
:1067A000D4F8CC31DB6983E22368682201212046DA
:1067B0005A6123685B689847D4F8CC31DB6833B101
:1067C00023683F2220465A6123681B68984704F1DA
:1067D000E80204F1F80000230121052502F8013B3D
:1067E0009042D173D577F9D140F2011284F8283064
:1067F000C4F83031C4F81831C4F81C31A4F8202191
:106800004FF0011284F82231C4F8283184F82C3179
:10681000D4F8CC31C4F82421D9600023C4F8B431B1
:1068200037E6002301211A462046FFF773FA0028B5
:10683000F3D184E60023002201E00023012200219D
:10684000F2E70123F7E701231A46F8E7F368204649
:10685000984700283FF473AED6E90075DAE6F3688E
:106860002046984700283FF46AAED6E90035D9E6BD
:106870003DB9F3682046984700283FF460AED6E95A
:106880000075013D97F800B034D07B1C5F1C013DC2
:106890001B780020D4F8D880626A904233DB2168EC
:1068A0002046009304234B612168C1F818B0216889
:1068B00009688847009B04EB8A016A2220460AF196
:1068C000010AC1F85481191103F00F03C8F814101C
:1068D000C8F818302168C1F818B0D8F81430CB6166
:1068E000D8F818300B62012123685A6123685B686D
:1068F0009847BFE6F3682046984700283FF41FAE4C
:10690000D6E90035C2E7D8F800108B45D3D0013066
:1069100008F15808C1E7F3682046984700283FF47B
:106920000EAED6E90075B8E6F36820469847002811
:106930003FF405AED6E90075B6E623685722204637
:1069400001215A6123685B68984700230220C4F83C
:10695000B431DBE6F3682046984700283FF4EFADFA
:10696000D6E900350CE6F3682046984700283FF446
:10697000E6ADD6E9003508E63DB9F368204698470C
:1069800000283FF4DCADD6E90095013D99F8007090
:1069900026D009F1010393F800A003F10109226850
:1069A0005123012120465361013D2268A8F10208CC
:1069B00097612268C2F81CA02268526890471F2F76
:1069C00008D922682046C2F814B02268976122686C
:1069D000126890470F2F27440BDD87F8F8A0DFE5FA
:1069E000F3682046984700283FF4A9ADD6E9003562
:1069F000D1E70AF00F014FEA1A12914287F8E81026
:106A000087F8F8207FF6CCAD22681E212046516120
:106A10002268C2F818A023681B689847C0E5204682
:106A2000FFF728FC03E7A5696B68D3B12968013B30
:106A30000E781FD001310F7803F1FF394A1C07EBA4
:106A40000627023F002F1EDC08D021680C20009290
:106A500048612046216809688847009AC5E90029ED
:106A6000DBE6EB682046984700283FF468ADD5E99F
:106A70000013DCE7EB682046984700283FF45FAD41
:106A8000D5E90013D7E7013FB9F1000F07D1EB6853
:106A90002046984700283FF452ADD5E900291678E2
:106AA000532102F1010B2268331106F00F065161E8
:106AB000204622680121009309F1FF39966122687E
:106AC000D361226852689047032E08D9226820219A
:106AD000204651612268966122681268904704EB53
:106AE0008606D6F8A42022B92046FAF7D9FFC6F8C0
:106AF000A400009BD6F8A460BBB17F2F71DCB21E4E
:106B000006F17E01012022F8020F9142FBD14FEAEB
:106B1000670ABAF1100F5ED013DCBAF1040F63D02C
:106B2000BAF1090F18D06C4A17E03F2F59DCB21E9A
:106B300006F17E01012022F8020F9142FBD1BA46F4
:106B4000E7E7BAF1240F48D0BAF1310F47D0BAF1D4
:106B5000190FE8D1614A00E0614A02EB8A039046CE
:106B60005A460193019B434540D12168896E012912
:106B700028DD06F1800B4FF05F0830881036216861
:106B80000192886136F80E0CC86136F80C0C086268
:106B900036F80A0C486236F8080C886236F8060C9B
:106BA000C86236F8040C086336F8020C48632046C5
:106BB0002168C1F8148021684B6802219847B345C9
:106BC000019ADAD1009BA7EB0A07002B3FF43AAFFA
:106BD000A7EB0A0736E7434ABFE7434ABDE7434A04
:106BE000BBE74FF0400A9EE7414AB6E7009B2BB354
:106BF000B9F1000F07D1EB682046984700283FF411
:106C00009EACD5E9002992F800B0B9F101034FEA32
:106C10000B2B0AD0511C4A1C097803F1FF398B4415
:106C200058F8041B26F811B09CE7EB6820469847FB
:106C300000283FF484ACD5E90013ECE7B9F1000F6C
:106C400007D1EB682046984700283FF478ACD5E997
:106C5000002992F800B009F1FF390132E0E7F3684A
:106C60002046984700283FF46AACD6E9005361E516
:106C7000F3682046984700283FF461ACD6E90053FA
:106C80005EE5F3682046984700283FF458ACD6E903
:106C9000005766E5F3682046984700283FF44FAC5C
:106CA000D6E9005765E5D4F8CC21D83B52F823301B
:106CB00020469847BBE523685E22012120465A61A1
:106CC0002368D4F8B4219A6123685B689847A4E5E7
:106CD0002046FFF7FCF9AAE5D03A0408443D040831
:106CE000603C0408C43C0408E83D0408B83E0408BD
:106CF000103C04080B2A2DE9F041044605682DD903
:106D00000E78412E2AD14E78642E27D18E786F2EA0
:106D100024D1CE78622E21D10E79652E1ED1CB7969
:106D20000A7A4E7A02EB03228B7A4F7903EB062321
:106D3000CE7A897901EB0721C5E90836C5E9061243
:106D40004E22036801215A6103685B68984701235A
:106D500084F82C61C4F82831BDE8F0815021134437
:106D60002046696121688B6101212368BDE8F041FB
:106D70005B6818472DE9FF47876904467A68002A4F
:106D800038D03B68013A1E783ED001331D7802F1BD
:106D9000FF3803F1010905EB0625023D0D2D3BDC13
:106DA000002D3EDDAA460026B8F1000F37D1FB6862
:106DB0002046984708B3D7E9003803F101091B784A
:106DC00008F1FF380DF806300136B245ECD1D4F8A1
:106DD000B431AD1BE02B26D0EE2B35D023684622F4
:106DE00020465A612368D4F8B4219A6123681B684D
:106DF00098471EE0FB68984718B9002004B0BDE82A
:106E0000F087D7E90032BDE7FB68204698470028A5
:106E1000F3D0D7E90032B9E74FF00E0AC3E74B468B
:106E2000CBE70026D3E72B46324669462046FFF7DC
:106E3000A5F8002DC7E9009804DDA369294620467E
:106E40001B6998470120D9E72B4632466946204600
:106E5000FFF750FFEDE72DE9F0417C2203680F4674
:106E6000D0F8B4615A610546036807F101089E61D4
:106E700008F00708036808F1D008D9614FF0FF3126
:106E800003685B689847BF2E31DDA6F1D003072B5E
:106E90002BD8B04529D0BB1C03F00703D033B34235
:106EA00023D07B1E03F00703D033B3421FD0BC1E98
:106EB00004F00704D034B44214BF012402242B6828
:106EC0006322042128465A612B689E612B68DC618D
:106ED0002B685B689847022C0BD0032C02D0002350
:106EE000C5F8B4310120BDE8F0810324E7E70224AE
:106EF000E5E72846FFF729F90028F4D0D5F8B46172
:106F0000C1E7000038B54368AC22002104461B6885
:106F100098470E4BC4F8CC010022036000F16005D5
:106F20000B4B0C4943600C4BC161836000F12003A3
:106F3000026643F8041BAB421A64FAD1074B0362A2
:106F400083652046BDE83840FFF785B957620108E0
:106F50008D640108CF600108EF610108756D0108BB
:106F600038B5D0F8B8510446AB68002B2ED00021BC
:106F7000A960D0F8E0311B689847D4F8C4310221E9
:106F800020461B689847D4F8BC3102211B68204674
:106F90009847A368CBB1EA68DA60D5E90223002AF2
:106FA000A26814BF022101210B441361236C63B159
:106FB000D4F8C8315B6943B9E16EA268002913694E
:106FC00014BF022101210B44136138BD436D6BB125
:106FD000D0F8883053B9C36D002B37D0C36E002B67
:106FE00034D0AB69C0F8E0310123AB60D4F8D431C0
:106FF00020461B689847D4F8C03120469B689847C4
:10700000636C002BC5D12B6923B9D4F8DC31204641
:107010001B689847D4F8D83120461B689847636DA1
:107020002BB1D4F8E0312046A9681B689847AA68BC
:107030002046D4F8C431002A1B6814BF0321002164
:107040009847D4F8BC3100211B68A0E7636E1BB1E0
:107050006B69C4F8E031C9E723682F2220465A61E2
:1070600023681B689847C1E7426D10B5D0F8B84156
:107070001AB1D0F8E0319B689847E3680133E360C8
:1070800010BD10B5C36C0246002B42D1D0F83001C0
:10709000002840D192F82830032B39D1536A032BB2
:1070A00036D192F82930022B32D1936F032B2FD196
:1070B000D2F8D830996802292AD1196E012927D12E
:1070C000D3F8B810012923D1D968022920DC596EE0
:1070D00001291DD1D3F8BC10012919D1596AD2F860
:1070E0004041A14214D1DC6FA14211D1D3F8D44068
:1070F000A1420DD1996AD2F84421914208D1D3F826
:107100008020914204D1D3F8D800431A5842584104
:1071100010BD0020FCE71846FAE72DE9F04143696D
:107120000446CA2B08D0036815225A6103684269D5
:107130009A6103681B68984720460026FEF77CFA90
:10714000D4F8D830626AB24242DDE26C0120D4F851
:1071500040E1002A14BF4FF0080C4FF0040C0AE085
:107160009968D4F838714143490097FBF1F501FB68
:10717000157121B9400000FB0EF26245F0DD5A6244
:107180000125E16CD4F844E1002914BF4FF0080850
:107190004FF0040805FB0EF0404508DD4100986201
:1071A0008A4211DC52009042C8BF9A620DE0D96851
:1071B000D4F83CC1694349009CFBF1F701FB17C1BE
:1071C0000029EBD16D00E5E7596201365833B9E784
:1071D000D4F8D8500026626AB24209DC94F829300B
:1071E000013B042B39D8DFE803F024343436360071
:1071F000AB680136686A5835D4F83821D4F8A8113C
:107200005843E3695143584307F09CFF55F84C3C01
:1072100045F82C0C55F8300CD4F83C21D4F8A811C2
:107220005843236A5143584307F08CFF45F8280C14
:10723000D1E70123A367636D8BB9A36FE367204692
:10724000FFF71FFF68B1D4F83C31C4F88030BDE8C7
:10725000F0810323EEE70423ECE7A267EBE70123C9
:10726000ECE70123F1E70000F8B543681C22012197
:1072700004461B68002698476F4BC4F8B8010360AA
:107280006E4B866043602046D4F8B851FFF745FF47
:1072900063684FF4B062012120461B68984700F5EF
:1072A000807307463146C4F84C314FF4807222F0A7
:1072B00043FF07F1FF03314603F8011F0131B1F528
:1072C000807FF9D107F2FF1307F27F32FF2103F825
:1072D000011F9342FBD100264FF4C072002107F535
:1072E000607022F029FF8022D4F84C1107F5A060CD
:1072F000F1F7DEFAEE602046FFF7C3FEAE61C5E9A6
:107300000406636D13B3226C02B3636C002B75D15A
:10731000A36F032B4FF0010378D063660023C4E909
:107320001A33C4F88830636E2BB1204606F0BCFFD8
:10733000D4F8E0316B61E36E0BB9A36E5BB120460C
:1073400007F08CFED4F8E031AB6104E0C4E91966C3
:10735000E666002BD9D1636C4BB92B692046002B14
:107360005FD000F00FFAE16E204600F08FFB204660
:10737000FCF7A0FCD4F8E4302046002B57D0FBF7F4
:1073800003FBD4F8C8311B69002B53D1216C0031A9
:1073900018BF01212046FBF7E3FF616C11B92046BD
:1073A000FEF730FC636820469B699847D4F8C831E3
:1073B00020469B689847A168F9B1236CEBB9D4F8D3
:1073C000C8311B69CBB1D4F8E020636A12B103EB7A
:1073D0004303023300224A60D4F84801A1684343C2
:1073E0008B60A368DA60E36E9342A3680CBF02224D
:1073F00003221A61EB680133EB60F8BD2368302289
:1074000020465A6123681B68984781E7D4F8882092
:107410000AB1A36687E7E26D0AB1E36683E76366B4
:1074200081E7FCF7C5F9204600F054FC9BE7FDF727
:107430002FFEA6E70121ADE7616F01086970010821
:10744000D0F8D83100225A62426FDA62704770B5C4
:10745000059D1446D0F8D8312A68DE68049B03EBFA
:1074600082032268B0472B6801332B602368013305
:10747000236070BD2DE9F04FD0F8D85189B0D3F812
:1074800000902E69D5F81CE04B4601966E69D0F845
:107490004C410296AE690D68039655F8225004954A
:1074A0004D68896855F82250049E059551F8225080
:1074B000026FDDF814805208A91806910699063368
:1074C00002368D4226D10623006F5343C00709EBD5
:1074D00003011CD505982D78865C03985EF826700C
:1074E00050F825003844029F57F8266004EB2040EE
:1074F000049F17F81220019F57F82550A71834440D
:107500007D5D8D70805C4870A25C09F8032009B035
:10751000BDE8F08F15F801AB019918F8017B51F81F
:107520002AC00399A44451F82AA05EF827105144B8
:1075300016F802AC079102991CF80AB051F82770AE
:10754000079903F804BC274404EB214111F80AB061
:1075500003F805BC17F80AA003F806AC16F801AC4E
:107560001CF80AC003F801CC11F80A1003F8021C39
:1075700017F80A1003F8031CA0E72DE9F04FD0F824
:10758000D8518BB0D0F84C412E69D5F81CA0039689
:107590006E690496AE690D68059655F8326005EB84
:1075A000C2056D68B646069607954D68896855F818
:1075B000225051F822800895056F1A686D085B68A3
:1075C000DDF81CC008EB05010092019309910899B0
:1075D00002910999063206330EF1020E88450CF12C
:1075E000020C3AD10623009A006F6B43C00702EBEE
:1075F0000301019A1A442DD598F80000039E089FB4
:1076000056F820E07F5D059E5AF827C056F8200006
:107610000EEB04068444049850F8277004EB2C4CBD
:1076200006983C4410F8150016F800E081F802E0D6
:107630001CF800E081F801E0215C0098C154079932
:1076400011F81510705C90701CF801005070625CAD
:107650000199CA540BB0BDE8F08F18F8019B03994B
:1076600051F829B0029911F8016B029105995AF865
:10767000267051F829101EF8029C3944049F57F8CF
:1076800026600BEB040704EB214117F809B02644F0
:1076900002F804BC11F809B002F805BC16F809900C
:1076A00002F8069C1EF8019C17F809B002F801BC0C
:1076B00011F809B002F802BC16F8099002F8039C10
:1076C0001CF8029C17F809B003F804BC11F809B0C3
:1076D00003F805BC16F8099003F8069C1CF8019CF9
:1076E00017F8097003F8017C11F8091003F8021C5F
:1076F00016F8091003F8031C6BE72DE9FF41DDE9DB
:107700000AC8D0F8D8411646D8F80030656A0CEBA4
:107710008302DDB1A36A012504F120000193002357
:107720000095194607F01BFD00236362D8F800306E
:107730002B44C8F80030E36A5D1B636AE56213B945
:1077400033680133336004B0BDE8F081E76A0C9D13
:10775000022FA5EB03055CF8233028BF0227029314
:10776000BD4228BF3D46E768022D17BF236A536814
:10777000039301230CBF0393636202AB3268B847E3
:10778000D4E70000F8B543683022012104461B68A5
:107790009847374BC4F8D80105460360002383603F
:1077A000216FA26F4A438262D4F83C11022959D159
:1077B000304B01214360304BC360204663685B68F7
:1077C0009847286263684FF48062D4F8D851012149
:1077D0001B6820469847286163684FF48062012146
:1077E00020461B689847686163684FF480620121F6
:1077F00020461B689847A861636820464FF4806262
:1078000001211B6898471D4FE8610023DFF884C001
:107810001B4E1C4C1C480CFB03712A69091442F8CE
:10782000231006FB03F26969A2F56202A2F5A242E7
:10783000121441F8232004FB03F1AA6901F5B601F3
:1078400001F5D24142F8231000FB03F2E96902F589
:10785000321202F5506241F823200133B3F5807FE4
:10786000D9D1F8BD094A03624260094AC260A9E75A
:1078700041740108FB7601087B750108800B4DFF00
:10788000A2C501002E49FFFFE6A7FFFF4F740108C4
:1078900075740108E9660100022937B5D0F8C441C2
:1078A00024D0032919D000292AD1426D82B1184A67
:1078B0006260E2683AB9436801210091DD69A1681C
:1078C0002369A847E0600023C4E9053303B030BD55
:1078D000D0F8D8315B686360F5E7A26822B9026826
:1078E000516103681B6898470A4BF4E7A2682AB9FC
:1078F00002680321516103681B689847064BEAE759
:1079000002680321516103681B689847DBE700BFE9
:107910001D790108837901080F7A01082DE9F041EA
:1079200088B0D0F8C48105460F9C109E2768A6EB4E
:10793000070C08AE002746F8047DD0F8D8710597EB
:10794000D8F810700196BC4594BFCDF808C00297D6
:10795000D8F80C600096059E7668B0472168D5F887
:10796000E03128460E9A5E6802EB8102079BD8F848
:107970000C10B0472368079A1344236008B0BDE891
:10798000F0812DE9F04FD0F8C44185B092469B4676
:10799000A26905468946DDF83C8023693AB9426808
:1079A00001210091D669A1686269B047E06022694F
:1079B0004946A7692846029204F11802D5F8D83141
:1079C0000192E268009252465E685B46B047A66943
:1079D000BE4210D9D5F8E031F61BE1680022D3F899
:1079E00004902846334601EB8701C847D8F8003099
:1079F0001E44C8F800602269A369934204D36369F6
:107A0000134463610023A36105B0BDE8F08F2DE945
:107A1000FF41D0F8C44107460B9EA169D4E9043266
:107A200029B945680091ED69A168A847E0606369DC
:107A30007D6FA169ED1A236932685B1A0A989D422D
:107A400028BF1D460C9B9B1A00EB82029D4228BF5B
:107A50001D46E36803930398D7F8E03100EB8101FA
:107A60003846D3F804802B46C04733682B44336034
:107A7000A36922691D449542A56104D36369134437
:107A800063610023A36104B0BDE8F0812DE9F341F7
:107A900043680E461C2201211B68044600279847B4
:107AA000154B0546C4F8C4010360C0E90277636D55
:107AB000BBB1D4F83C3103616168226FA06F9EB105
:107AC00000FB02F6D1F81080606F194607F03FFB0B
:107AD0002B693A460121CDE9000333462046C047D1
:107AE000A86002B0BDE8F0818E68424301212046C3
:107AF000B047E860F5E700BF99780108D0F83C216D
:107B0000D0F8D831DA65426F1A6670472DE9F04F28
:107B100085B0D0F8D841D0F83C31054602928A466B
:107B2000E26DDDF83C809A420FDBD0F8D8300026B9
:107B30004FF0580B039304F13403039A0BFB062117
:107B40006A6AB24233DC0023E365D8F80030E26DA4
:107B5000D5F83C611099B01ACE1A216E8E4228BF1A
:107B60000E46D5F8DC11864228BF06462846009608
:107B7000D1F804900E9901EB830304F10C01C8477E
:107B8000D8F800303344C8F80030236E9B1B2366BE
:107B9000E36D1E44E665D5F83C319E4204DB029B52
:107BA000029A1B680133136005B0BDE8F08F029A9A
:107BB00003F104091868283B12685AF826708446B5
:107BC0009200D9F82C00013600FB02722846674665
:107BD000B8474B46B1E71A60704700221A607047F9
:107BE000F0B51F680023D0F83C11994200DCF0BDCD
:107BF00057F82310046F52F823500C44A14201D3CC
:107C00000133F0E715F8016B01F8026B01F8016C24
:107C1000F4E72DE9F34705461E68D0F8D801A2F134
:107C200004094B680024034493F8967093F88C8001
:107C300007F1FF3AD5F83C31A34202DC02B0BDE8BF
:107C4000F08756F824302A6F59F8040F1A449342EB
:107C50000CD3012F08DD2B6F324621463046CDE98B
:107C600000A3631C07F07BFA3C44E3E710F801EB48
:107C700041469C4609B94344E9E70CF801EB013958
:107C8000F8E72DE9F341054617461E6800244FF03A
:107C90000108D5F83C31A34202DC02B0BDE8F08116
:107CA00056F824302A6F57F814101A4493420AD316
:107CB0002B6F214632463046CDE90083631C0234E7
:107CC00007F04DFAE5E711F8010B03F8020B03F892
:107CD000010CEBE72DE9F84F4368A022012104468F
:107CE0001B6898473F4BC4F8D801074603603E4BDA
:107CF000436000238360D4F8303133B123681A2203
:107D000020465A6123681B689847D4F8D86007F169
:107D10000C054FF00008DFF8E090DFF8E0A0636AA0
:107D2000434501DCBDE8F88FF068B36AD6F808C0B7
:107D30004343D4F84401D6F824E0D4F84011D4F8F1
:107D400038B193FBF0F3D4F83C01AB65726B32B9F8
:107D5000264BAB6208F1010858360435DFE70EFB0D
:107D60000CF292FBF1F1594503D1834201D1204B32
:107D7000EFE7BBEB410F19D1834211D1C5F828A021
:107D80006368D4F83811206FD3F808B007F0DFF932
:107D9000D4F83C31024601212046D8472860D9E773
:107DA000B0EB430F02D1C5F82890E9E79BFBF1F255
:107DB00001FB12B169B990FBF3F103FB110343B965
:107DC0000C4BAB6207EB080383F88C2083F896100A
:107DD000D6E72368272220465A6123681B68984704
:107DE000CEE700BFFD7A01080D7B0108DB7B0108AF
:107DF000D77B0108137C0108837C0108E17B010823
:107E000000B50368B3B0DB686946984733B05DF8E6
:107E100004FB0029034610B504680BDAE26E12B1C8
:107E2000A26E022A02DDA26818469047E36E013373
:107E3000E36610BDA36E8B42FBDBA368BDE8104078
:107E4000184702680023D36602685361704730B553
:107E5000026887B00C465369002B21DD516F9942AF
:107E60001EDB116F51F8231011B99361136F19685C
:107E70000846034613F8015B05BB536B2046059388
:107E8000136B0493D36A0393936A0293536A019327
:107E9000136A0093D2E9062322F0EEFB07B030BD4F
:107EA000906F0028E1D0D16F9942DEDCD2F880508B
:107EB0009D42DADB591A50F82110D5E7252D09D15A
:107EC0004378732BD9D11832204607B0BDE8304033
:107ED00022F0D2BB1846CCE710B5036804469B6875
:107EE00098472046BDE81040F9F7D0BD0A4A0B4933
:107EF00002600B4A01677E2142600A4A82600A4A98
:107F0000C2600A4A02610022C0E91A224261C0E945
:107F10001D12C0E91F227047D97E0108642504089C
:107F2000137E0108017E01084F7E0108437E01088F
:107F30002DE9F04FC3B0D1F854C0D0F84C61023AEB
:107F40004C9C02A90CF1200A9FEDC25ADFEDC24AF7
:107F50009FEDC24ADFEDC23A0194B2F91200B2F9C4
:107F60002250B2F93280B2F942B0B2F95240B2F9BD
:107F70006290B2F972E032F9027F07EE907AB8EEC1
:107F8000E77AFCEC017A67EE277A002840F0D78088
:107F9000002D40F0D480B8F1000F40F0D080BBF14C
:107FA000000F40F0CC80002C40F0C980B9F1000FE8
:107FB00040F0C580BEF1000F40F0C180C1ED007AF5
:107FC000C1ED087AC1ED107AC1ED187AC1ED207AC1
:107FD000C1ED287AC1ED307AC1ED387AE24501F180
:107FE0000401BAD11C1F0AA91C339FED9E2A9FEDE4
:107FF000994ADFED992A9FED993ADFED993A11ED13
:10800000087A203151ED0C7A37EE027A11ED0A6AC6
:1080100051ED0E6A51ED0F4A77EE875A54F8045F1E
:1080200037EE677A019A76EE867A019F76EEC66A17
:10803000A818A342B0EE675A35EEA76A75EEE75A64
:1080400051ED0D7A16EE845A77EE056A37EE457AD1
:1080500011ED0B5A75EE270A35EE675A51ED097A84
:1080600074EEA71A74EEE74A30EEA11A75EE247A80
:1080700071EEE01A67EEA27AB0EE670A44EEE37A98
:1080800076EE014A05EE430A36EE416AFDEEE44A19
:10809000BDEEC66A14EE902A30EE415AC2F30902D0
:1080A000B25CF0EE450AEA5516EE102A36EE856A05
:1080B000C2F3090251EE840A76EEC56ABDEEC66AC5
:1080C000B25CC271FDEEE66A16EE102A77EEE07A37
:1080D000C2F30902B25C427016EE902A77EE206A73
:1080E000C2F3090237EE607AFDEEE66AB25CBDEEDD
:1080F000C77A827116EE902AC2F30902B25C8270CE
:1081000017EE102A35EEA77AC2F3090275EEE77A68
:10811000BDEEC77AB25CFDEEE77A427117EE102A27
:10812000C2F30902B25CC27017EE902AC2F30902D0
:10813000B25C02717FF463AF43B0BDE8F08F07EE2D
:10814000105ADCED0F6ADCED371AF8EEC75A07EE6D
:1081500010BA65EEA66AF8EEC75A9CED1F7A65EE76
:10816000875A07EE109AB8EEC76A9CED2F7A35EE63
:10817000A73A77EEE57ADCED175A26EE076A36EE77
:10818000867A76EEC66AB0EE476A33EE072A33EE99
:10819000473A07EE100A16EE856AF8EEC76A9CEDBC
:1081A000077A66EE876A07EE108A77EE862A77EE00
:1081B000C67AB8EEC76A07EE104A66EE255AB8EEE0
:1081C000C76A9CED277A26EE076A07EE10EAB8EE3A
:1081D000C77A35EE861A36EE656A27EE217A76EE94
:1081E000875A36EEC77A71EE251A76EE076A75EE73
:1081F000C15A66EEA46AF0EE660A47EE636A46EE7E
:10820000440A30EEE16AB0EE461A15EE851A36EEF3
:10821000C17A72EE216A32EE612AC1ED006A72EE15
:10822000866A32EEC66A81ED382AC1ED086A77EEB9
:10823000816A77EEC17A81ED306AC1ED106AC1EDD5
:10824000287A73EE077A33EE477AC1ED187A81ED1A
:10825000207AC3E6F304B53F5E83EC3F753D2740CB
:10826000D48B8A3F008000432DE9F04FC5B04C6DA0
:10827000023A029304A9D0F84C3103F1800B04F1C7
:1082800020030393B2F97230B2F91290B2F922705E
:10829000B2F932C0B2F94260B2F95200B2F962806A
:1082A000019354F804EB32F9023F0EFB03F3B9F1EA
:1082B000000F65D1002F63D1BCF1000F60D1002EFB
:1082C0005ED100285CD1B8F1000F59D1019D002D7D
:1082D00056D10B600B620B640B66C1F88030C1F89D
:1082E000A030C1F8C030C1F8E030039B0431A34294
:1082F000C8D10CAB0093029BA3F1040A1C33029378
:108300004E9B5AF8049F009C09EB0302009B0099C6
:1083100054F8206C51F8141C53E9070354E9048500
:1083200054E902E7002840F09880002B40F0958047
:10833000002940F09280B8F1000F40F08E80002DAF
:1083400040F08B80BEF1000F40F08780002F40F09E
:108350008480C6F349184E991BF8083009F801309B
:1083600053709370D370137153719371D371009BD9
:1083700020330093029B9A45C2D145B0BDE8F08FEF
:10838000E56B05FB07FEE76F4FF4B5757743D4F84F
:10839000BC6006FB08F8FE18DB1BAEEB08070EEB13
:1083A000080A6F43019D06EB0A08A6EB0A06CAEB12
:1083B000272703EB070EDB1BE7690093E36D07FB41
:1083C00009F703FB0CFCD4F89C305843D4F8DC309C
:1083D00003FB05FA0CEB0005A0EB0C0C40F2D913E3
:1083E00007EB0A09A7EB0A070CEB070A05EB0900E4
:1083F000A9EB050503FB0AFA6FF4277303FB0CFCDA
:108400004FF4B5734FEA2A2A5D4340F215130AEB85
:108410002C2C5F43009BACEB000CCAEB272A08EB2B
:108420000007A8EB0000CCEB25250F60C1F8E000A9
:108430000EEB0C00AA440862AEEB0C00C1F8C000C1
:1084400058195B1B0864C1F8A03006EB0A03A6EBC1
:108450000A06C1F880300E6647E708EB060C4FF4B9
:10846000B574A6EB080803EB0E06A3EB0E030CEBAA
:10847000060E63434C19691AC519C6EB2323C71BA3
:10848000ACEB0606019408EB030CC819A8EB030338
:1084900004EB050840F2D91460436FF4277461437C
:1084A000019C00122D1B4FF4B57400EB2121654394
:1084B00040F21514A1EB080167434E9CC1EB252542
:1084C000C0EB27200EEB0807AEEB080EC7F34917E9
:1084D0002844CEF3491E1BF8077009F804701BF8F6
:1084E0000E70D7710CEB0107ACEB0101C7F3491714
:1084F000C1F349111BF8077057701BF801109171F7
:1085000059195B1BC1F34911C3F349131BF801103F
:1085100091701BF8033053713318301AC3F34913A9
:10852000C0F349101BF8033013711BF80030D370EF
:108530001DE700002DE9F04FC7B00493D0F84C318F
:10854000486D06A980330293931E019300F1200326
:108550000593019B019AB3F912A0B2F95280B2F9C6
:108560006260B2F9724050F804EB32F902CFB3F90D
:108570002270B3F932500EFB0CFCB3F94230019279
:10858000BAF1000F65D1002F63D1002D61D1002B0E
:108590005FD1B8F1000F5CD1002E5AD1002C58D118
:1085A0004FEA8C030B600B620B640B66C1F88030E2
:1085B000C1F8A030C1F8C030C1F8E030059B0431EB
:1085C0008342C6D10EAB0193049BA3F104091C3373
:1085D000059359F8043F509A03939A18019B53F856
:1085E000200C53F8045C103053E907A653E905E763
:1085F00053E90384BAF1000F40F0B480002E40F03C
:10860000B180BEF1000F40F0AD80002F40F0AA8095
:10861000B8F1000F40F0A680002C40F0A380002DA0
:1086200040F0A080C0F34910029B509C1B5C039853
:10863000035553709370D370137153719371D37149
:10864000019B20330193059B9945C2D147B0BDE8FA
:10865000F08FC26B4FEA4C3C02FB07F9D0F8BC70BC
:1086600041F251127743C66F09EB070E734302FBC9
:108670000EFE5E0341F67E020CF5806302FB09E903
:1086800006EB030B764A9B1B02FB07EEABEB0902E2
:1086900009EB0B0703920EEB0306D0F8DC20A3EBEB
:1086A0000E0302FB04F9D0F89C4042F2A15204FBF5
:1086B00008F8C46D04FB05FCC56905FB0AFA09EB63
:1086C0000C0508EB0A0E05EB0E045443654A02FB49
:1086D0000545654A02FB0E4409EB0A0E634A02FB9C
:1086E0000EFE40F68E1205EB0E0BA64402FB09B9F6
:1086F00043F20B0B5E4A0BFB0AEE08EB0C0A44F24A
:10870000B31B02FB0AFA5544544446F2542A0BFBAD
:1087100008440AFB0C5A07EB0E05A7EB0E0EED12F0
:108720004FEAEE270D6006EB0A05A6EB0A0AC1F830
:10873000E070ED124FEAEA260D621D191C1B039B27
:10874000ED12C1F8C0604B44E4120D64DB12C1F8B5
:10875000A0400B66039BA3EB09094FEAE923C1F88C
:1087600080302BE7331941F2511107EB000CC01B8D
:108770004B4341F67E014FEA4C3C01FB063638493B
:1087800001FB0434430306EB0C07ACEB0606E118CF
:108790000AEB080C1B1B0EEB0504049142F2A151DD
:1087A00004EB0C0048432F4901FB04042E4901FB54
:1087B0000C000AEB050C2D4901FB0CFC40F68E1158
:1087C00004EB0C0B844401FB05B543F20B0B284969
:1087D0000BFB0ACC0EEB080A44F2B31B01FB0AFAAE
:1087E00002995044544446F2542A0BFB080007EB0C
:1087F0000C080AFB0E44A7EB0C0CC8F38948CCF319
:10880000894C11F808E003998846509908F801E06E
:10881000029911F80C700499D7710F190299C7F3D6
:108820008947CF5D049957700C1B0299C4F3894A9C
:1088300011F80A4094711C18181AC4F38944C0F343
:1088400089400C5D94700B5C53717319751BC3F3F5
:108850008943C5F38945CB5CD3704B5D1371EFE65B
:10886000DFC4FFFF3BC1FFFF84F3FFFF33E3FFFFE4
:10887000FDADFFFF2DE9F04FB9B04E6D971E04938B
:10888000043ED0F84C310DF11C0C8033019302F101
:108890000C03059337F9022F40F6122456F8043FD3
:1088A00042F6C6090CF1040C5343306CD6F8801024
:1088B0005B03D6F8C02003F580630293B7F920303C
:1088C0005843B7F940305943B7F960305A4341F63D
:1088D0003743A1EB020E00EB020803FB0EFE431A26
:1088E00004FB03F5029B0EEB05041C44844B03FBC5
:1088F0000144029BA1EB080109FB08336FF41F79C7
:1089000042F6415809FB0232B7F9109072440392C3
:108910007C4A02FB0033306AD6F8A0202B4400FBCF
:1089200009F9356EB7F930004543B7F9500009EB46
:10893000050E504341F6EF5202FB0EFBA9EB050E6C
:1089400040F273528144054402FB0EFE6E4AABEBCB
:108950000E0ADE4441F2A33B5543039A0BFB09F98F
:1089600043F6DE3BAE44CA440BFB009902EB0A001F
:10897000A2EB0A0A4D444FEAEA22C012CCF8A42026
:1089800004EB0E02A4EB0E044CF8040CD212E41219
:10899000CCF818205A195D1B029BD212CCF88840E3
:1089A00008FB0131059BED12CCF83420C912BB4203
:1089B000CCF86C50CCF850107FF46CAF049B0EA830
:1089C000A3F104091833049359F8043F1C30429A68
:1089D00050F8205C9F18039350F8283C50F8304C16
:1089E0005A1B41F6374350F8386C04EB050803FB7B
:1089F00002FE50F8283C40F612221036E31A50F8D6
:108A00002CAC760302FB03FC50F8283C0EEB0C0167
:108A10001A463B4B314403FB021142F6C6036FF486
:108A20001F7203FB086302FB0532364D05FB04335E
:108A300050F8245C7244634450F834CC02930CEB3D
:108A40000A0441F6EF5303FB04FBACEB0A0440F2CB
:108A50007353AC44AA445C432B4BABEB040E5C4415
:108A600041F2A33B03FB0AFA019B0BFB0CFC43F610
:108A7000DE3B5444E6440BFB05CC02EB0E05E2441E
:108A8000A2EB0E0EC5F38945CEF3894E5D5D039BC7
:108A90009C46429B0CF80350019B13F80E20BA71C0
:108AA0000A19091BC2F38942C1F389419A5C7A70A1
:108AB0005A5C029B7A7103EB0A02019BC2F3894262
:108AC0009A5C029BBA70A3EB0A0A019BCAF3894A1B
:108AD00013F80A303B7150F8283CA3EB080842F623
:108AE000415303FB0868019BC8F3894813F8083019
:108AF000FB70049B4B457FF467AF39B0BDE8F08F46
:108B000015C5FFFFF1B0FFFFE1D3FFFF2DE9F04FE7
:108B1000A7B0D0F84C414D6D961E04F180000A328A
:108B2000043D02AF0090019236F9021F42F2317407
:108B300055F8042F0437B6F940004A43D5F88010A1
:108B4000B6F920C04143520341F2A160B6F930901A
:108B500002F58062B6F9508041435018A2EB410201
:108B6000296CD21201FB0CF1B6F910C061432C6ED6
:108B700000EB010E04FB09F9401AD5F8A040296A60
:108B800004FB08F840F6B63401FB0CF1A8EB090B26
:108B900001EB080C01EB090AA1EB090104FB0CFC39
:108BA000A1EB08080CEB4A3A4FEA88080EEB0A01E1
:108BB000AEEB0A0E0CEB4B3CC91247F8041C4FEA13
:108BC000EE21796702EB0801A2EB08027961FA65F0
:108BD00000EB0C02A0EB0C0CD2124FEAEC20FA6274
:108BE000019A7864B2429FD108A8A3F1040E03F160
:108BF00014095EF804AF41F2A161309B42F2317476
:108C000050F8082CF1450AEB030750F8183C01FB1B
:108C100002F250F8048C03F1100300F118004FEA3F
:108C2000433303EB0201A3EB420350F8282C04FB6F
:108C300002F240F6B63401EB0206A1EB020150F855
:108C40002C2C02EB080504FB05F550F8244C02EB34
:108C5000040CA2EB0402A8EB040B009C05EB4C3CBB
:108C6000A2EB080805EB4B3506EB0C02A6EB0C0655
:108C70004FEA4838C2F38942C6F38946A25C309C69
:108C80000AF80420009A009C925D7A7103EB0802B6
:108C9000A3EB0803C2F38942C3F38943A25C7A7051
:108CA000E35C3B7101EB0503A1EB0505C3F38943CD
:108CB000C5F38945E35CBB70635DFB7099D127B058
:108CC000BDE8F08F2DE9F04F9DB0D0F84C014D6D0F
:108CD000961E80300832043D03AF41F64C1E4FF41F
:108CE000356C0090019236F9021F043755F8042FB5
:108CF000B6F920404A43296CB6F940906143D5F853
:108D00008040286A520304FB09F9B6F910A002F565
:108D10008062B6F930B001EB0904A1EB090100FB58
:108D20000AFA286E0CFB01F10EFB04F800FB0BFBAA
:108D3000541841F69A20A2EB810208EB0409A4EB37
:108D400008040AEB0B08D21200FB08F841F271008C
:108D50007A6200FB0A8A3B48019A00FB0B8809EB08
:108D60000A0BA9EB0A0AB24204EB0809A4EB0808B3
:108D70004FEAEB2B4FEAEA2A4FEAE92947F804BC0D
:108D80004FEAE824C7F84CA0C7F81090BC63AAD1FA
:108D9000A3F1040E08A9103341F64C1A4FF43569BB
:108DA00001935EF8048F41F69A20269B143151F806
:108DB000185C08EB030C51F8204C51F8283C621960
:108DC000641B103351F81CBC09FB04F451F8247CDB
:108DD0005B030AFB02F21E19A3EB84039519B21A76
:108DE00007EB0B06C3F38943464341F2710000FBD6
:108DF0000767144800FB0B6605EB070B0098ED1B9B
:108E0000CBF3894BC5F3894510F80BB0269808F8C9
:108E100000B00098455D8CF804509519921BC5F37D
:108E20008945C2F38942455D8CF80150825C8CF81B
:108E30000320C35C8CF80230019B7345B1D11DB097
:108E4000BDE8F08F5CBAFFFF2DE9F04F93B0D0F88A
:108E50004C514C6D961E80350632043C02AF41F2F7
:108E6000511841F67E0EDFF820C136F9021F043793
:108E700054F8040FB6F92090B24200FB01F1206CC7
:108E8000B6F910A000FB09F0B6F930B001EB00090B
:108E9000A1EB0001206A4FEA890900FB0AFA206E63
:108EA0004FEA810100FB0BF00AEB000B08FB0BFB08
:108EB0000BF5806B0EFB0ABA0CFB00B04FEAEA2AF6
:108EC0004FEAE02009EB0A0BA9EB0A0A01EB0009C3
:108ED000A1EB000047F804BCC7F82CA0C7F80C9021
:108EE000F861C2D106A81F1F03F10C0E41F2511AFE
:108EF00041F67E09DFF8908057F8043F10301C9A45
:108F000050F8184CBE4503EB020C50F8202C50F8DA
:108F100014BC50F81C6C02F11002019302EB040126
:108F2000A2EB040206EB0B044FEA41310AFB04F406
:108F30004FEA4233019A09FB064608FB0B4401EB5A
:108F4000060BA1EB06010093CBF3894B1C9BC1F3ED
:108F5000894115F80BB002F803B06B5C8CF8033054
:108F6000009B2344C3F38943EB5C8CF80130009BE6
:108F7000A3EB0402C2F38942AB5C8CF80230BBD194
:108F800013B0BDE8F08F00BFDFC4FFFF2DE9F04F45
:108F90008BB0D0F84C014E6DA2F1020C149F8030C2
:108FA000043E04320DF1040E41F2A16942F231781F
:108FB0003CF9024F0EF1040E56F8041FBCF9205084
:108FC000624501FB04F1346CBCF910B004FB05F4FC
:108FD0004FEA4131356A01F5806109FB04F405FB74
:108FE0000BF501EB040AA1EB440108FB05F54FEA80
:108FF000E1210AEB050BAAEB050ACEF808104FEAAF
:10900000EB2B4FEAEA254EF804BCCEF81450CFD132
:109010001E1F04A9083341F2A16842F2317E51F8C3
:109020000C2C0C3151F8104C103251F8145C08FB28
:1090300004F456F804AF52030EFB05F50AEB070CD7
:10904000B34202EB0409A2EB440209EB050BA9EBC6
:109050000509C2F38942CBF3894BC9F3894910F85A
:109060000BB00AF807B010F809508CF80250825C77
:109070008CF80120D3D10BB0BDE8F08FF0B54F6D67
:10908000D0F84C413968B2F9000080343E6A41435F
:10909000B2F91000B2F902C046430431059D7018C0
:1090A000891B7E6806FB0CF6B2F912C07A6A02FBD5
:1090B0000CF2D3F800C0B718B21A0CEB050EC619A3
:1090C000C01BC6F3C906C0F3C900A65D0CF8056055
:1090D000205C8EF8010058688B18891AC3F3C90305
:1090E0004619C1F3C901E35C4355635C7370F0BD7D
:1090F00010B54C6DB2F9001022684A43D0F84C11FB
:109100000432C2F3C9020A4492F880101A68029B22
:10911000D15410BD2DE9F04FD1B04C6DA2F1020831
:109120000693043CD0F84C3108A803F1800A02F100
:109130000E03079338F9023F41F2A16654F8045F29
:109140000430B8F940905D43226CB8F92030B8F98A
:1091500060106D035A43D4F8803005F58065B8F986
:10916000307003FB09F9D4F8C030B8F950C04B4354
:10917000B8F970E07343E918A5EB43030093A2EB41
:10918000090373430193DDE900355E1902EB09031E
:1091900042F687256B4342F2AB256A4340F2DC7509
:1091A00005FB09F9CD18CB1AA5EB090513448A1A5A
:1091B000216A4A4402938B4B0392B8F91020514321
:1091C000226E7A43D4F8A07007FB0CFCD4F8E07050
:1091D0005A4341F6175307FB0EF701EB0C0B01EB5B
:1091E000070903FB0BFB40F67A73A1EB0C0103FBB1
:1091F00009F90BEB090EAEEB0203ACEB070ECF1B2C
:10920000049342F6914303FB0EF3A2EB030E059386
:109210001A4442F23173DE445F43049B4A44E91826
:10922000ED1A029BC912ED1240F8041CF119F61B4D
:10923000C0F8FC50C912F612C16103EB0E01A3EB9A
:109240000E0EC0F8DC60C9124FEAEE23C163C0F80D
:10925000BC30039B1344DB12C365039B9A1AD212E2
:10926000C0F89C20DDE90032A3EB4203DB12C367A8
:10927000079B43457FF45EAF069B10AA043B009317
:10928000069B20330693009B41F2A16752F8105CC5
:109290002032194652F8249C51F8043F0593059B4F
:1092A00000915A995C1852F8403C52F8381C10331F
:1092B0005E0352F8283C7B43F018A6EB430301936E
:1092C0004B1B7B4342F687270293DDE901369E194B
:1092D0004B197B4342F2AB27794340F2DC7707FB23
:1092E00005FEC518C31A3F4FA5EB0E050B44411AE6
:1092F00052F83C0C7144039341F6175300EB090EEE
:10930000049152F8341C794352F82C7C00EB070B83
:10931000A7EB090803FB0BFB40F67A7303FB0EFE79
:1093200042F691430BEB0E0C03FB08F852F82C3C71
:10933000ACEB010CA1EB0807C01A42F231734144B7
:109340005F44A0EB090905EB0C00A5EB0C0571448B
:1093500003FB09F9C0F38940059BC5F389451AF859
:1093600000009E465A9B0EF803001AF80500039B66
:10937000207206EB0900A6EB0906C0F38940C6F38C
:1093800089461AF8000060701AF80600E071D819D2
:10939000DF1BC0F38940C7F389471AF80000A070AB
:1093A0001AF80730A371049B0B44C3F389431AF8DE
:1093B0000330E370049B591AC1F389411AF8013054
:1093C0006371DDE90131A3EB41030099C3F38943E4
:1093D0001AF803302371069B8B427FF454AF51B0CF
:1093E000BDE8F08FCFD8FFFF2DE9F04FD9B0496D20
:1093F000A2F1020C06930439D0F84C3103F1800835
:1094000002F10E0308AA07933CF902EF41F271053D
:1094100051F8043F0432BCF9400003FB0EFED1F8C2
:109420008030BCF920B0434342F29D404FEA4E3EAB
:10943000BCF9609000FB03F440F6FC500EF5806E22
:1094400043430EEB040AAEEB0300E31A41F69A2401
:10945000AEEB4303BCF950E0DB1200930B6C03FB53
:109460000BFBD1F8C03003FB09F30BEB030904FB42
:1094700009F405FB0B4BA14D05FB03490C6ABCF934
:1094800070500AEB0B07A0EB090300EB0906BCF9CF
:109490003000AAEB0B0B0193BCF910305C430B6E50
:1094A0004343D1F8A00000FB0EFED1F8E000684372
:1094B00003EB00091B1A40F6E310584302904FEAF1
:1094C0004E30039041F66F6000FB09F00490DDE937
:1094D000020500EB050A049D42F6B34000FB045070
:1094E0005044059040F214706043451BAA4441F279
:1094F000CF2505FB09F9DDE90205281A41F28C4563
:10950000A0EB0330E31A6543A3EB0E0E42F65303C0
:10951000A5EB09056343059C4FEA8E0E3C19A3EBAE
:109520000903E4121B1A284442F8044C059C3F1B13
:10953000F418F61AFF12E412F612C2F81C71D46184
:10954000C2F8FC60009B7344D363009BA3EB0E0343
:10955000C2F8DC30019B0344DB12D365019B181A6F
:109560000BEB0A03ABEB0A0ADB12C012D3674FEA1C
:10957000EA25079BC2F8BC006345C2F89C507FF403
:1095800043AF069B10AAA3F1040B243305935BF8A9
:10959000043F42F29D446299203252F8300C59182F
:1095A000049352F8403C04FB00FC40F6FC5452F893
:1095B000386C103352F8285C604352F83C7C5B03F3
:1095C00003EB0C0AACEB000C1C1A7019A3EB4C0358
:1095D000009341F69A23434341F2710000FB0639A0
:1095E000464800FB053041F66F650AEB0906AAEB19
:1095F000090A23180193231A52F82C0C02934FEAFC
:10960000403C52F8343C52F8240C1C181B1A40F60B
:10961000E31003946C4342F6B345584305FB074EF1
:1096200040F214750CEB0009ACEB00007D43CE4416
:10963000A0EB03302C1BFB1A039DA14441F2CF2465
:10964000CCEB433C42F653036C4341F28C457B43E5
:109650006F43049D1B1B3C1B629F1B1A204406EB9F
:109660000E04A6EB0E06C4F38944C6F3894618F827
:109670000440EC5518F806404C72019C1C44C4F39D
:10968000894418F804404C70019CE51AC5F38945DB
:1096900018F805300B72009B6344C3F3894318F834
:1096A00003308B70009BA3EB0C0CCCF3894C18F8A7
:1096B0000C30CB71029B0344C3F3894318F8033089
:1096C000CB70029B181AC0F3894018F800308B71D8
:1096D0000AEB0903AAEB0909C3F38943C9F38949D2
:1096E00018F803300B7118F809304B71059B5B4576
:1096F0007FF44DAF59B0BDE8F08F00BF5CBAFFFFFB
:109700002DE9F04FE3B0496DA2F1020B0893043943
:10971000D0F84C318033019302F10E0309930AAB68
:109720003BF902CF40F6C95951F8046F0433BBF935
:1097300020200C6C06FB0CFCBBF9408045F27E1629
:109740005443BBF96050D1F880204FEA4C3CD1F82B
:10975000C00002FB08F2BBF950E06843151A04EBA5
:1097600000087543161B09FB06F9A8EB02060296D2
:109770000CF58066029F42F66C3C0CFB076C05EB17
:109780000907D34E674406FB027641F66A47039603
:1097900044F2B53606FB00C675190E6E0495CD4D24
:1097A00005FB04CA0AEB090541F2745A0595CA4D36
:1097B00005FB08C805F6BE3505FB00800D6A06905E
:1097C000C648444343F6396000FB0244BBF97000CD
:1097D00004EB08020792BBF910205543BBF9302077
:1097E0005643D1F8A020AC1902FB0EFED1F8E020C0
:1097F0000EEB04087C434243B94F08EB02004FF4E0
:109800004C6805EB020908FB00F805EB0E000AFBAB
:1098100000FA40F6B83000FB098904EB0A0048441E
:1098200007FB050506EB0E00A7F2AD7707FB0080EE
:1098300044F2582707FB06072744AA4C04FB0E00F6
:10984000A94C504406EB020A04FB0AFA44F24734DE
:1098500004FB02A45744A14442F20B0404FB0EFE95
:10986000A24C04FB06EEA4F2F76404FB02EE049A99
:109870002A44F044D21243F8042C049A551B039A4C
:109880003A44ED12D212C3F83C51DA61039AD71B65
:10989000069A0244FF12D212C3F81C71DA63069AC8
:1098A000101A059A4A44C012D212C3F8FC0002985A
:1098B000DA65059AA2EB0909079A42444FEAE924BE
:1098C000D212C3F8DC40DA67079AA2EB080845F623
:1098D000AD0202FB10C24FEAE824D212C3F8BC402A
:1098E000C3F89C20099A5A457FF41AAF089A12AB24
:1098F000A2F1040E283209925EF8042F45F27E1C74
:109900006C9940F6C95A53F8084C203308920A441F
:1099100053F8301C53F8385C081B53F8407C05EBB7
:10992000040853F82C9C0CFB00FC481B10370AFB66
:1099300000FAA8EB010002907803029E42F66C3711
:1099400007FB06070CEB0A0661483E4400FB01607A
:1099500041F66A46039044F2B53000FB047060445F
:1099600004905C4800FB057B0BEB0A0041F2745B42
:109970000590594800FB087800F6BE3000FB0480D3
:1099800043F6396406905548454353F8340C04FBBC
:10999000015553F83C4C05EB08012518079109EBDC
:1099A000050853F8241C754304EB090608EB010C69
:1099B0004FF44C680BFB06FB04EB010A08FB0CF8A8
:1099C00040F6B83605EB0B0C06FB0A8A444ED4442D
:1099D00006FB04CC00EB0904A6F2AD7606FB04847A
:1099E00044F2582606FB00462E443E4D05FB094432
:1099F0003D4D5C4400EB010B05FB0BFB44F247358E
:109A000005FB01B55E44AA4442F20B0505FB09F9CA
:109A1000364D05FB0099A5F2F765019805FB019904
:109A200004996C9D6144C844C1F38941415C089824
:109A300041550499A1EB0C000199C0F38940095CE0
:109A40000198917203993144C1F38941415C51708D
:109A500003998E1BC6F38946815D51720699214494
:109A6000C1F38941415C917006990C1BC4F3894490
:109A7000015D117205995144C1F38941415CD17076
:109A80000599A1EB0A0ACAF3894A10F80A10D171A4
:109A900007994144C1F38941415C11710799A1EBD8
:109AA0000808C8F3894810F808100298917145F623
:109AB000AD0101FB10770199C7F38947C95D517169
:109AC000099A72457FF418AF63B0BDE8F08F00BF0C
:109AD000B4C5FFFF91CFFFFF05DBFFFF7DD3FFFF85
:109AE00076E2FFFFDAD9FFFF75C6FFFF0DD1FFFF5A
:109AF0002DE9F04FEBB0496DA2F1020A0893D0F8BE
:109B00004C3103F180080B1F009302F10E030993FF
:109B10000AAB009940F6F7093AF9022F043351F8DD
:109B2000044FBAF940B05443D1F88020BAF96050DC
:109B300002FB0BFB42F23172D1F8C060640302FBFE
:109B40000BFBBAF920700A6C6E4304F58064009137
:109B5000574342F6B632760304EB0B007A437F0399
:109B6000A4EB0B0BBAF930C0BD1B02EB060ED21BE7
:109B70006119961B0191611B0BEB0602029100EB30
:109B80000E010592ABEB06020391A0EB0E010692CB
:109B900041F68D3E04910099BAF910200C6E0F6ABF
:109BA00004FB0CFCD1F8A0405743BAF95020BAF995
:109BB00070005443D1F8E02042F6CF1142433E19E1
:109BC00001FB0CFBAE49951901FB0CF00EFB05FEE9
:109BD00040F65B0505FB06E10BEB01050791A94982
:109BE000AEEB0B0B09FB0759A5184D43A1F6DB5152
:109BF000461901FB04660799ACEB040441F2511CC1
:109C00000E4443F2C62101FB02BB9F4901FB070042
:109C10009E49AB4401FB0200BA1A01F2534141F6DE
:109C20007E07151970440CFB05F501FB04540399DC
:109C300007FB025201EB0907A1EB090901994FEA61
:109C4000E925FF12C3F85C518D188A1A43F8047C89
:109C5000ED12D212DD61C3F83C21059A3244D212D2
:109C6000DA63059A961B069A5A44F612D212C3F882
:109C70001C61DA65069AA2EB0B0B029A22444FEAAA
:109C8000EB25D212C3F8FC50DA67029A141B049A2F
:109C90000244E412D212C3F8DC40C3F89C20049AB8
:109CA000101A099AC0125245C3F8BC007FF431AFB4
:109CB000089B12AAA3F1040B2C33089352F8186CDA
:109CC00042F6B6305BF8043F40F6F70A4FEA463EEC
:109CD000749952F8204C704352F8086C2032079364
:109CE00010340B4452F8305C760342F23171640355
:109CF00052F83C9CAEEB060C4D4304EB0C0761198B
:109D0000651BA4EB0C0400EB060CA0EB0E00019409
:109D100041F68D3E01EB0C04861BA1EB0C0152F8C1
:109D2000240C02940391A91952F82C4C0491A91BFC
:109D300042F6CF1552F8346C059152F8341C009756
:109D40004D434F49524F714309EB040600EB060C9B
:109D50000EFB0CFC40F65B0E0EFB06CE05EB0E0672
:109D60000AFB096604EB000A0696464E06FB0AFA51
:109D700001EB0A0607FB0466434F07FB0911434F3B
:109D80007644ACEB050E07FB001143F2C62552F8F2
:109D9000347C05FB00E5A9EB00003C1B41F2511EA1
:109DA000554401EB0C0A00EB040C3A4F029941F6C2
:109DB0007E090EFB0CFC07FB04C4069F09FB00C0D8
:109DC00001EB070E079FCEF3894E18F80EC0BE4672
:109DD000749F0EF807C0069FCF1BC7F3894718F87A
:109DE0000770DF72009F0744C7F3894718F80770B0
:109DF0005F70009F381AC0F3894918F809009872FB
:109E000004983044C0F3894018F800009870049812
:109E1000861BC6F3894618F8060058720598284430
:109E2000C0F3894018F80000D8700598451BC5F3A9
:109E3000894518F80500187201982044C0F389403C
:109E400018F8000018710198041BC4F3894418F82D
:109E50000400D87103985044C0F3894018F80000FA
:109E600058710398A0EB0A01C1F3894118F8011059
:109E70009971089B5B457FF421AF6BB0BDE8F08F13
:109E8000AFEEFFFF8BDEFFFF5CEAFFFF8CC0FFFF42
:109E9000B0D0FFFFDFC4FFFF2DE9F04FF9B0951EF2
:109EA0000D93D0F84C31803301934B6DA3F1040B2B
:109EB00002F10E030F9310AB35F9021F40F219396E
:109EC0005BF8042F42F6F13EB5F9400042F2E01C87
:109ED0004A43DBF84060B5F9601041F6026852036E
:109EE000DBF8E070043302F580620592B5F92020BA
:109EF0005643DBF880205043DBF8C0200CFB06FC07
:109F00004A438118821A049242F2F942DDE90404BC
:109F10004A4309FB004040F67C490EFB062E0EEB3F
:109F20000004069441F20C047443A41A2218049C01
:109F300007924FF4226209FB04094A43ACEB020C7E
:109F40000CEB090042F6502C0890D24800FB062288
:109F500005984A44099240F6F252514341F6FE52A6
:109F60006243DBF8A040121ACB4800FB06FAAAEBCA
:109F7000010AAAEB02000A90C84800FB0611B5F9D5
:109F800030008A1AB5F910100B92DBF820204A43F2
:109F9000DBF860104143B5F9500002926043B5F917
:109FA00070407C4342F23E57039454180CFB04F477
:109FB00041F6CB2C0C9414186743039C02EB040964
:109FC0000C9C08FB09FA04EB070EB54CD64404FBC5
:109FD00002EE0C18B34A54430C9A0CFB014C944407
:109FE000B14A02FB0044E2190E92039A8F18AF4A5D
:109FF0007A4344F294670C929444039A14460C9A60
:10A0000007FB0427AA4A574400EB040A02FB0AFA9A
:10A010000E9A5244BA4440F6D5271446029A07FBDA
:10A0200009F940F6332707FB0292A24F07FB0122F2
:10A03000411A08FB01F840F64E41424401FB0088FA
:10A040006FF45F51039801FB008806997144C14485
:10A05000C91243F8041C0699A1EB0E0E4FEAEE213B
:10A06000C3F87C1108996144C912D9610899A1EB20
:10A070000C0C4FEAEC21C3F85C1107992144C9127A
:10A08000D96307990C1B0A995144E412C912C3F809
:10A090003C41D9650A99A1EB0A0A0B9911444FEA90
:10A0A000EA27C912C3F81C71D9670B998A1AD21210
:10A0B000C3F8FC20099A4A44D212C3F89C20099A9A
:10A0C000A2EB0909049A4FEAE921961B42F6415294
:10A0D000C3F8DC10059902FB06160F9AF612AA4285
:10A0E000C3F8BC607FF4E8AE0D9B18AC043B05934D
:10A0F0000D9B30330D93059B40F2193954F8101C19
:10A1000042F6F13E1A4654F818CC42F2E01742F2F9
:10A110003E5652F8043F41F6026807FB0CF7203424
:10A120000C9305920C9B829A134454F8402C1032E5
:10A130005203049254F8282C88188A1A039242F287
:10A14000F942DDE90315424309FB015540F67C491C
:10A150000EFB0C2E0EEB0501069141F20C0101FBEA
:10A160000CF1891A4A19039907924FF4226209FBEC
:10A17000015954F82C5C4243BF1A07EB090142F61F
:10A1800050270891434901FB0C2240F6F2514A4402
:10A1900041430398099241F6FE5242430498121A31
:10A1A0003D4800FB0CFAAAEB010AAAEB02000A9058
:10A1B0003A4800FB0C1154F8340C8A1A0B9254F8EC
:10A1C0003C2C1118029207FB01FB5119354F4E43ED
:10A1D00054F8241C02EB01090BEB060E304908FB76
:10A1E00009FAD64401FB02EE41192F4A794341F6A0
:10A1F000CB2707FB001702FB051154F8242C5F4402
:10A2000000EB020B294A314444F2946602FB0BFB3B
:10A2100054F8242C06FB02B65F44564405EB020AB0
:10A22000234A02FB0AFA029A5144B24440F6D52668
:10A2300006FB09F940F6332606FB02921D4E06FB8B
:10A240000022281A08FB00F840F64E40424400FB6A
:10A25000058854F8245C6FF45F5000FB058806986D
:10A26000019D7044829EC144C0F38940285C0C9DCE
:10A27000A8550698019DA0EB0E0E0198CEF3894ECD
:10A2800010F80E00187308983844C0F38940285C11
:10A29000587011E0EED7FFFF8CFAFFFF4BE6FFFF8F
:10A2A0005BBFFFFF2BF5FFFFB1CDFFFFC2DAFFFF62
:10A2B000F8EAFFFF16F1FFFF0898C71BC7F38947AD
:10A2C000E85DD87207980844C0F38940285C98700C
:10A2D0000798411AC1F38941695C99720A995144FE
:10A2E000C1F38941695CD9700A99A1EB0A0ACAF3E2
:10A2F000894A15F80A1059720B991144C1F3894122
:10A30000695C19710B9904988A1A42F64151C2F39B
:10A310008942AA5C1A72099A4A44C2F38942AA5C29
:10A320005A71099AA2EB0909C9F3894915F809205C
:10A33000DA71039AA2EB0C0201FB0202C2F389421A
:10A34000AA5C9A710D9B059A93427FF4D4AE79B0C2
:10A35000BDE8F08F2DE9F04FFFB04E6DA2F1020B7A
:10A360000C93043ED0F84C3103F1800E02F10E0341
:10A370000D930EAB3BF902CF40F6122056F8042F96
:10A3800042F6C601BBF9404042F2623802FB0CFCC7
:10A39000D6F88020BBF92090043362434FEA4C3C4E
:10A3A00041F637440CF5806C00FB02F751435443EF
:10A3B0000CEB07050CEB01003944ACEB040AD64A60
:10A3C000091BACEB4101BBF950C0C9120191316CC2
:10A3D00001FB09F7BBF96090D6F8C01001FB09F149
:10A3E00041F2A3397C1808FB04F840F6BD0404FBD5
:10A3F000078402FB018802F6E5225143021902920A
:10A40000021B09FB0719BBF91000039205EB0802B8
:10A41000BBF930100492A5EB0802376A40F6F268E7
:10A4200005920AEB09024743D6F8A0000692AAEB70
:10A43000090200FB0CFC42F6B72A079241F6140908
:10A44000326E07EB0C05D6F8E0004A43BBF97010FA
:10A4500009FB05F9BC184143B0480AFB04FA42F273
:10A460005264089149036C4302EB0C05099454446F
:10A470000C4400FB07400A90A94800FB0794BF1A50
:10A4800008FB07F8A8EB010804EB08006FF4A264CE
:10A490006C430B90641AA34800FB0245A24800FBE2
:10A4A0000C440998AA44ACEB0205044442F6F84077
:10A4B00045439E48294400FB0C11894441F29951BF
:10A4C00001FB0255089A0A993A444544A2EB0C0C48
:10A4D000029A0A444FEA8C0CD21243F8042C029AD6
:10A4E000521A0B99D212C3F89C21049A5244D212E8
:10A4F000DA61049AA2EB0A0A4FEAEA22C3F87C2145
:10A50000069A2244D212DA63069A141B019A624414
:10A51000E412DA65019AC3F85C41A2EB0C00079AD9
:10A520004A44C3F83C01D212DA67079AA2EB090940
:10A530004FEAE922C3F81C21059A2A44D212C3F833
:10A540009C20059A551B039A0A44ED12D212C3F8B7
:10A55000FC50C3F8BC20039A521AD212C3F8DC2074
:10A560000D9A5A457FF406AF0C9B16AC043B019341
:10A570000C9B34330C93019B40F6122054F8205C62
:10A5800042F6C6011A4654F8187C103542F6B7292F
:10A5900052F8043F41F6140B6D0320340B930192E3
:10A5A0000B9B889A134454F8302C00FB02F641F6BA
:10A5B00037405143504305EB060805EB010C31448D
:10A5C0002A1A554E091A42F26230A5EB410154F89D
:10A5D000285C02917919414340F6BD0000FB071049
:10A5E00006FB051106F6E526754341F2A33606FB88
:10A5F00007560CEB0005ACEB000054F82C7C0395DF
:10A60000049008EB0100A8EB010154F8245C0590CC
:10A6100040F6F26806919119921B6D03079108921A
:10A6200054F8341C54F83C2C5018D61909FB00F986
:10A6300042F252600BFB06FB00FB06FA37486FF450
:10A64000A26609EB0A0CAC4400FB02CC00F21B2012
:10A6500000FB02B0521A08FB02F80992A8EB0508A9
:10A66000324A40440A90C81946432E48761B00FBE4
:10A67000016081442C4800FB076606EB0A007E1A45
:10A6800042F6F84A0AFB06FA05EB0A0602FB0766E1
:10A69000099AD21B5E4441F2995B0B9F05EB423550
:10A6A000039A0BFB01A162444144B846C2F38942BC
:10A6B000889F1EF8022008F80720039AA2EB0C07D7
:10A6C000C7F389471EF807205A73059A4A44C2F314
:10A6D00089421EF802205A70059AA2EB0909C9F3B3
:10A6E00089491EF809201A73079A0244C2F3894265
:10A6F0001EF802209A70079A101AC0F389401EF8BB
:10A700000020DA72029A2A44C2F389421EF802201B
:10A71000DA70029A551B0BE0FCC8FFFFF0DBFFFF6D
:10A720000BDEFFFF6EF2FFFF09B4FFFFE6C9FFFF7C
:10A73000C5F389451EF805209A72089A3244C2F37F
:10A7400089421EF802201A71089A961BC6F38946A0
:10A750001EF806205A72069A0A44C2F389421EF86D
:10A7600002205A71069A511AC1F389411EF801203C
:10A770000A991A72049A0A44C2F389421EF8022006
:10A780009A71049A501AC0F389401EF80020DA71B9
:10A790000C9B019A93427FF4EEAE7FB0BDE8F08F40
:10A7A0002DE9F04FADF5077DA2F1020A0B93D0F829
:10A7B0004C31486D03F1800B02F10E0304380C9309
:10A7C0000EAB3AF9022F42F29D4750F8045F043372
:10A7D000BAF940105543046CBAF92020BAF9606008
:10A7E0006D035443D0F8802005F580655143D0F8BF
:10A7F000C020724340F6FC5656437A4342F6136734
:10A80000A5EB060805EB020E921B661A2144A5EB88
:10A8100042024FF4BB757C43019242F6CE2275434F
:10A820004A430EEB020CA8EB02022A440CEB05078C
:10A830002244029740F6C747039241F282127743BF
:10A840004A43AEEB02054244D21BED1B42F2317784
:10A85000121B0495056E059241F64C12BAF9704030
:10A8600051434FF4356288445643AEEB010141F643
:10A870009A2E08EB060241F2710806928A19079295
:10A880007200BAF9506008920899019A0A44BAF91C
:10A8900010100992026A4A43BAF930104D43D0F8B9
:10A8A000A0104E4307FB06F1D64E0091D0F8E01001
:10A8B0006143A5EB010CA2EB010902EB0C0407FBC1
:10A8C00009F70EFB04F406FB0C4E009E08FB024841
:10A8D000CD4C44F6A36C6C430A94CC4C654342F6D1
:10A8E000025404FB0964CA4E02EB01090CFB014C43
:10A8F00006FB02440A9EACEB050C3444009EBF1BD1
:10A9000041F2682606FB09F940F6397606FB029209
:10A91000009E921B0A9E3244BE4E06FB0191009E91
:10A9200031440D4402996144C91243F8041C029950
:10A93000A1EB0C0C4FEAEC21C3F8BC110699414481
:10A94000C912D9610699A1EB08084FEAE821C3F8BA
:10A950009C1109993944C912D9630999CF1B0399EC
:10A960001144FF12C912C3F87C71D96503998A1A80
:10A97000D212C3F85C21079A7244D212DA67079A9E
:10A98000A2EB0E0E4FEAEE22C3F83C21049A2A44B1
:10A99000D212C3F89C20049A551B059A2244ED124A
:10A9A000D212C3F81C51C3F8BC20059A141B019A9B
:10A9B000E412C3F8FC400899A2EB4102D212C3F89A
:10A9C000DC200C9A52457FF4FCAE0B9B16ACA3F135
:10A9D000040938330D9359F8043F40F6FC50909A1F
:10A9E00042F6136E0C9341F69A28134454F8207CD7
:10A9F00054F8082C2034103754F8386C00FB02FC53
:10AA000042F29D407F0354F8301C4243A7EB0C00F8
:10AA10000EFB06FEBD18A2EB0C02A6EB010C3144A6
:10AA2000A7EB42024FF4BB77009242F6CE2207FB1F
:10AA30000CF74A43AE18821A3A443E4472440196D7
:10AA400040F6C746029241F2821206FB0CF64A43D8
:10AA5000AF1A0244921BBF1BA2EB0E02039754F8DD
:10AA6000347C049241F64C1251434FF43562084451
:10AA700002FB0CFC691A42F2317500EB0C026148D2
:10AA8000059201EB0C0206924FEA4C0207920799DD
:10AA9000009A0A4454F82C1C05FB01FC54F8241CB1
:10AAA0000892A7EB010E54F83C2C02EB0E06A2EB29
:10AAB000010A08FB06F641F2710805FB0AF500FBE6
:10AAC0000E6042F6025E08FB026844F6A366099037
:10AAD000A5EB0C054C480EFB0ACE41F2682A7843E0
:10AAE00006FB01E60A904948474300F2717000FBFB
:10AAF00002EE0A98F61B704402EB010E0AFB0EFEF2
:10AB000040F6397A0B900AFB02E20A98A2EB0C029B
:10AB10000244404800FB01E10C986144844690984F
:10AB20000F4401993144C1F389411BF801100CF81D
:10AB3000001001998E1BC6F389461BF80610997305
:10AB400005994144C1F389411BF8011059700599D9
:10AB5000A1EB0800C0F389401BF800105973089955
:10AB60002944C1F389411BF80110997008994D1BC4
:10AB7000C5F389451BF80510197302991144C1F3F7
:10AB800089411BF80110D97002998A1A0999C2F3F8
:10AB900089421BF80220DA72069A0A44C2F38942FB
:10ABA0001BF802201A71069A521AC2F389421BF846
:10ABB00002209A72039A3A44C2F389421BF8022097
:10ABC0005A71039AD71BC7F389471BF807200B99C3
:10ABD0005A72049A0A44C2F389421BF802209A71FD
:10ABE000049AA2EB010E0799CEF3894E1BF80E20B2
:10ABF0001A72009AA2EB4102C2F389421BF80220AA
:10AC00000AE000BF5CBAFFFF66E5FFFFF6D4FFFF76
:10AC100067DCFFFF2FE4FFFFDA710D9B4B457FF4EC
:10AC2000DAAE0DF5077DBDE8F08F00BF2DE9F04FDE
:10AC3000ADF50F7D0C93D0F84C3103F18008931ED5
:10AC400000934B6DA3F1040E02F10E030D930EABB6
:10AC5000009942F6CF1B40F6D40542F6634631F91F
:10AC6000022F0433D84F00915EF8041F5143009A1D
:10AC7000B2F940004903DEF8802001F580614243CB
:10AC800041F251100BFB02FB424345F2032001EB62
:10AC90000B04A1EB0B0B01EB0209891A009AB2F924
:10ACA00020A0DEF8402002FB0AFA009AB2F960C048
:10ACB000DEF8C02002FB0CFCAAEB0C025543564305
:10ACC00041F6CD4200FB0C6002FB0A5207FB0A6A08
:10ACD000BE4E06FB0C5C2518201A42F64E36019536
:10ACE000029009EB0200A9EB0202DEF8A0500390EB
:10ACF000049201EB0A02DEF820000592A1EB0A02A1
:10AD000041F2555A06920BEB0C020792ABEB0C0288
:10AD100042F2FC2C0892009AB2F910205043009A9B
:10AD2000B2F93010DEF860204A430099B1F95010B2
:10AD3000A0EB020B4D430099B1F970404719DEF8C2
:10AD4000E0100AFB07FA61438418664342F2E97493
:10AD500004FB07F944180CFB04F441F6B64C06EB6F
:10AD600009070994441A0CFB04FC40F6235404FB25
:10AD70000BFB099C2744964C04FB0074954F0A94E6
:10AD80000CEB0A045C4407FB00404FF48E64924FC6
:10AD90000B905019444340F24D2000FB0240064402
:10ADA0008E4800FB0544A81A4C4442F6095909FB99
:10ADB00000F007FB0509099FCA4443F61A7909FB0D
:10ADC00002090A448648D94400FB02FB42F21820DB
:10ADD00000FB01B05E4446F2854B3844814F7A4314
:10ADE0000BFB012B4A446FF45979DC4405EB010B52
:10ADF0004F44491B0A9D07FB0BFB00EB0B0940F678
:10AE000023505C444143019828448C445144C0126F
:10AE100043F8040C0198471B03983044FF12C012FA
:10AE2000C3F8DC71D8610398861B05982044F6129C
:10AE3000C012C3F8BC61D8630598041B0798484446
:10AE4000E412C012C3F89C41D8650798A0EB090032
:10AE5000C012C3F87C0108986044C012D8670898F3
:10AE6000A0EB0C0C4FEAEC20C3F85C0106980844F8
:10AE7000C012C3F89C000698411AC912C3F83C11CD
:10AE800004991144C912C3F8BC1004998A1A0B9989
:10AE9000D212C3F81C21029A0A44D212C3F8DC2051
:10AEA000029A541A0D9A0099E4128A42C3F8FC409F
:10AEB0007FF4CEAE0C9B16AD043B00930C9B3C3351
:10AEC0000D93009B42F6CF1C55F8200C41F2511A0D
:10AED0001A4655F808EC103040F6D40B52F8043FEF
:10AEE00045F20329400320350C930C9B0092989A5D
:10AEF000991855F8303C0AFB03FA0CFB03FC55F893
:10AF0000383C00EB0A0600EB0C04A3EB0E02A0EBAE
:10AF10000C0CA0EB0A0042F6634A0BFB02FB0AFB97
:10AF200002F741F6CD429A4602FB03B2264B09FBDB
:10AF30000E7903FB0A7A03F2EE2355F82C7C03FB0F
:10AF40000EBB04EB090342F2FC2E0193A4EB0903B0
:10AF500055F83C4C0293B31804EB07090393B31A5A
:10AF600055F8342C42F64E36049300EB0A03059351
:10AF7000A0EB0A0355F8240C41F2555A06930CEB4A
:10AF80000B030AFB09FA0793ACEB0B0342F2E97BD4
:10AF900041F6B64C0893A3180BFB09FBA4EB02097E
:10AFA0005E4323180EFB03FE231A0CFB03FC40F642
:10AFB000235303FB09F306EB0B090993F144044BFC
:10AFC00003FB0499099B0FE0C2ECFFFFB0EFFFFF0A
:10AFD000D6B6FFFF42C5FFFF7AE7FFFFFADBFFFFB0
:10AFE000ABEAFFFF17D8FFFFCDF828900CEB0A095A
:10AFF0009944634B03FB04944FF48E69614B0B94AB
:10B00000D41909FB04F440F24D2909FB024903FB62
:10B01000074403F538634E44A7EB02095C4442F64B
:10B02000095B0BFB09F903FB079B099BDA4443F619
:10B030001A7B0BFB029902449944534B03FB02FB1E
:10B0400042F2182303FB00B35E4446F2854B9E4454
:10B050004E4B5A430BFB002B4A446FF45979DC44A6
:10B0600007EB000B4B44C01B0A9F03FB0BFB40F696
:10B0700023535843019B5C44DE443B440C9F84446F
:10B080005044C3F38943B946989F18F8033009F830
:10B090000730019B0A9FDB1BC3F3894318F8033079
:10B0A000CB73039B3344C3F3894318F803304B70CD
:10B0B000039B9E1BC6F3894618F806308B73059BCD
:10B0C0002344C3F3894318F803308B70059B1C1B82
:10B0D000C4F3894418F804304B73079B7344C3F3DB
:10B0E000894318F80330CB70079BA3EB0E0ECEF309
:10B0F000894E18F80E300B73089B6344C3F38943E1
:10B1000018F803300B71089BA3EB0C0CCCF3894CA3
:10B1100018F80C30CB72069B0344C3F3894318F82C
:10B1200003304B71069B181AC0F3894018F80030A1
:10B130008B72049B1344C3F3894318F803308B715B
:10B14000049B9A1AC2F3894218F802300B9A4B7288
:10B15000029B1344C3F3894318F80330CB71029B5D
:10B160009C1A009AC4F3894418F804300B720D9BA2
:10B1700093427FF4A6AE0DF50F7DBDE8F08F00BFC2
:10B1800042C5FFFFFADBFFFFABEAFFFF17D8FFFF67
:10B190002DE9F04FCFB0023A0393D0F84C31486D0F
:10B1A0000EA903F1800800F120030493B2F912A064
:10B1B000B2F92260B2F93250B2F94230B2F952B06B
:10B1C000B2F962E0B2F9724050F804CB32F9027F72
:10B1D0000CFB07FCBAF1000F40F07981002E40F023
:10B1E0007681002D40F07381002B40F07081BBF11F
:10B1F000000F40F06C81BEF1000F40F06881002C20
:10B2000040F065814FEA8C030B600B620B640B66A8
:10B21000C1F88030C1F8A030C1F8C030C1F8E030CA
:10B22000049B04318342C1D1039B16AD043B0093C0
:10B23000039B1C330D93009B42F6CF1C55F8200C4A
:10B2400041F2511A1A4655F808EC103040F6D40B6A
:10B2500052F8043F45F20329400320350C930C9B20
:10B260000092589A991855F8303C0AFB03FA0CFBE7
:10B2700003FC55F8383C00EB0A0600EB0C04A3EB8A
:10B280000E02A0EB0C0CA0EB0A0042F6634A0BFB8B
:10B2900002FB0AFB02F741F6CD429A4602FB03B2DB
:10B2A000D14B09FB0E7903FB0A7A03F2EE2355F822
:10B2B0002C7C03FB0EBB04EB090342F2FC2E019332
:10B2C000A4EB090355F83C4C0293B31804EB0709AF
:10B2D0000393B31A55F8342C42F64E36049300EB20
:10B2E0000A030593A0EB0A0355F8240C41F2555AC2
:10B2F00006930CEB0B030AFB09FA0793ACEB0B0369
:10B3000042F2E97B41F6B64C0893A3180BFB09FB0C
:10B31000A4EB02095E4323180EFB03FE231A0CFB69
:10B3200003FC40F6235303FB09F306EB0B090993D7
:10B33000F144AE4B03FB0499099BCDF828900CEB2C
:10B340000A099944AA4B03FB04944FF48E69A94B54
:10B350000B94D41909FB04F440F24D2909FB02496E
:10B3600003FB074403F538634E44A7EB02095C4432
:10B3700042F6095B0BFB09F903FB079B099BDA44C7
:10B3800043F61A7B0BFB0299024499449A4B03FB48
:10B3900002FB42F2182303FB00B35E4446F2854BE6
:10B3A0009E44964B5A430BFB002B4A446FF4597949
:10B3B000DC4407EB000B4B44C01B0A9F03FB0BFB59
:10B3C00040F623535843019B5C44DE443B440C9FAE
:10B3D00084445044C3F38943B946589F18F8033056
:10B3E00009F80730019B0A9FDB1BC3F3894318F858
:10B3F0000330CB73039B3344C3F3894318F8033002
:10B400004B70039B9E1BC6F3894618F806308B735E
:10B41000059B2344C3F3894318F803308B70059BC5
:10B420001C1BC4F3894418F804304B73079B734406
:10B43000C3F3894318F80330CB70079BA3EB0E0EC0
:10B44000CEF3894E18F80E300B73089B6344C3F398
:10B45000894318F803300B71089BA3EB0C0CCCF359
:10B46000894C18F80C30CB72069B0344C3F3894314
:10B4700018F803304B71069B181AC0F3894018F86E
:10B4800000308B72049B1344C3F3894318F80330D4
:10B490008B71049B9A1AC2F3894218F802300B9AF6
:10B4A0004B72029B1344C3F3894318F80330CB71EA
:10B4B000029B9C1A009AC4F3894418F804300B725A
:10B4C0000D9B93427FF4B7AE4FB0BDE8F08FC76BD2
:10B4D00041F251194FEA4C3C7743D0F8BC6006FB6F
:10B4E0000EF607EB060E09FB0EFE41F67E0909FB80
:10B4F00007E9434F07FB06EEC66F73435F030CF586
:10B500008063FE18DB1B09EB0607A6EB0906009615
:10B510000EEB0306A3EB0E030196D0F8DC6002935A
:10B5200042F2A15306FB04F9D0F89C4004FB0BF651
:10B53000C46D04FB05FCC56905FB0AFA09EB0C05A3
:10B5400006EB0A0E05EB0E045C432E4B03FB054590
:10B550002D4B03FB0E4409EB0A0E2C4B03FB0EFE96
:10B5600040F68E1305EB0E0BA64403FB09B943F21C
:10B570000B0B274B0BFB0AEE06EB0C0A44F2B31B3A
:10B5800003FB0AFA019B5544544446F2542A0BFB30
:10B5900006440AFB0C5A07EB0E05A7EB0E0EED1244
:10B5A0004FEAEE270D6003EB0A05A3EB0A0A029BA4
:10B5B000ED12C1F8E0704FEAEA260D621D191C1B5E
:10B5C000009BED12C1F8C0604B44E4120D64DB1225
:10B5D000C1F8A0400B66009BA3EB09094FEAE927DD
:10B5E000C1F880701CE600BFC2ECFFFFD6B6FFFFBB
:10B5F00042C5FFFFFADBFFFFABEAFFFF17D8FFFFF3
:10B60000DFC4FFFF3BC1FFFF84F3FFFF33E3FFFF16
:10B61000FDADFFFF2DE9F04FC5B04F6DA2F1020C5B
:10B620000E320293043FD0F84C310DF1300E0492EB
:10B6300080333CF9021F40F6122557F8042F42F6DA
:10B64000C60A0EF1040E4A433C6CD7F88000520340
:10B65000D7F8C01002F580620092BCF92020544354
:10B66000BCF940205043BCF96020514341F63742B9
:10B67000A0EB010802FB08F8221A05FB02F6009A6B
:10B6800008EB06051544BA4A02FB005562189146BC
:10B690000392009A0AFB09226FF41F7909FB01212A
:10B6A000BCF9109041440191B24901FB04223C6A6B
:10B6B000D7F8A010324404FB09F93E6EBCF93040C3
:10B6C0006643BCF9504009EB06084C4341F6EF5184
:10B6D00001FB08FBA9EB060840F27351A144264484
:10B6E00001FB08F8A449ABEB080AD84441F2A33B9C
:10B6F0004E4301990BFB09F943F6DE3BB044CA44C3
:10B700000BFB049901EB0A04A1EB0A0A4E444FEA31
:10B71000EA21E412CEF8BC1005EB0801A5EB080500
:10B720004EF8044CC912ED12CEF81C109119961B5C
:10B73000039AC912CEF89C50801A42F64152CEF8B4
:10B740003C10F6120099CEF87C6002FB0010049ABF
:10B75000C0126245CEF85C007FF46BAF029A14AD64
:10B76000043A0092029A18320B92009A40F6122480
:10B7700055F8206C42F6C600114641F2A33E103641
:10B7800041F6140B51F8042F203576030A920091EC
:10B790000A9A4E990A4455F8301C04FB01F741F609
:10B7A000374448434C4306EB070806EB000C38448B
:10B7B000A6EB040955F8387C001B42F262346F494D
:10B7C000A6EB400055F8286C0190B819604340F68C
:10B7D000BD0404FB070401FB060001F6E5214E430E
:10B7E0000CEB04010291ACEB04010EFB076755F86A
:10B7F0002CEC039108EB000155F8246C0491A8EBA4
:10B80000000155F8340C7603059109EB070140F669
:10B81000F2680691A9EB070142F6B729079155F89E
:10B820003C1C0C1801EB0E0709FB04F942F25264B0
:10B830000BFB07FB04FB07FA514C00EB0E0709EB6F
:10B840000A0CB44404FB01CC04F21B2404FB01B435
:10B85000091A08FB01F8A1EB0E01A8EB0608444405
:10B8600008946FF4A2647C43464FA41B07FB004777
:10B87000B944454F07FB0E44AEEB0007544442F673
:10B88000F84A0AFB07FA099406EB0A0706EB413669
:10B8900002993E4C614404FB0E770A9CC1F3894136
:10B8A000A6464E9C595C5F4441F2995B0EF8041029
:10B8B00002990BFB00A0A1EB0C0C4044CCF3894C8B
:10B8C00013F80C10517304994944C1F38941595C30
:10B8D000099C51700499A1EB0909C9F3894913F82E
:10B8E0000910117306992144C1F38941595C917083
:10B8F00006990C1BC4F38944195DD1720199314436
:10B90000C1F38941595CD17001998E1BC6F38946F8
:10B91000995D917207993944C1F38941595C11715C
:10B920000799CF1BC7F38947D95D51720599014427
:10B93000C1F38941595C51710599081AC0F38940D6
:10B94000195C0898117203990144C1F38941595C4B
:10B95000917103990C1AC4F38944195DD1710B9A42
:10B9600000998A427FF401AF45B0BDE8F08F00BF77
:10B9700015C5FFFFF1B0FFFFE1D3FFFFFCC8FFFFDC
:10B98000F0DBFFFF6EF2FFFF09B4FFFFE6C9FFFF28
:10B990002DE9F04FBBB0D0F84C014D6D961E8030B4
:10B9A0000E32043D0AAF0190029236F9021F42F2B4
:10B9B000317055F8042F0437B6F940404A43D5F8A2
:10B9C0008010B6F920C06143520341F2A164B6F978
:10B9D000309002F58062B6F9508061435418A2EBB2
:10B9E0004102296CD21201FB0CF1B6F910C041439F
:10B9F000286E04EB010E00FB09F9641AD5F8A000CB
:10BA0000296A00FB08F840F6B63001FB0CF1A8EB00
:10BA1000090B01EB080C01EB090AA1EB090100FB82
:10BA20000CFCA1EB08080CEB4A3A4FEA88080EEB35
:10BA30000A01AEEB0A0E0CEB4B3CC91247F8041C92
:10BA40004FEAEE21C7F89C1002EB0801A2EB0802B6
:10BA5000F961FA6704EB0C02A4EB0C0CD2124FEA6A
:10BA6000EC24FA63029AFC65B2429ED1A3F1040B66
:10BA700012AA1433099352F8187C42F6B63052F8E1
:10BA8000205C40F6F70800FB07F44FEA473E52F807
:10BA9000087C10355BF8043F203244997F036D0326
:10BAA0000893AEEB070C0B4452F8306C42F2317144
:10BAB00005EB0C0052F83C9C4E430290A5EB0C00A9
:10BAC000A91904EB070CA4EB0E04AE1B039001EBC9
:10BAD0000C00E71BA1EB0C0152F82C5C41F68D3EEB
:10BAE0000591F11952F8244C0691F11B09EB050759
:10BAF0000490079142F6CF1052F8341C04EB070C67
:10BB000005EB040A00FB01F652F8340C0EFB0CFCAA
:10BB10004D4940F65B0E41434C480EFB07CE00FBFF
:10BB20000AFAA0F6DB5006EB0E0708FB097801EBDA
:10BB30000A0700FB0577464800FB09114548774492
:10BB4000ACEB060E00FB041143F2C62652F8340C8F
:10BB500006FB04E6A9EB0404451B614441F2511EB7
:10BB60003D4804EB050C41F67E0956440EFB0CFCE7
:10BB700000FB05C5049809FB04C400EB080E0198FE
:10BB8000CEF3894E10F80EC00898864644980EF8F9
:10BB900000C00498A0EB08080198C8F3894810F881
:10BBA00008C0029883F80BC000EB040C0198CCF39A
:10BBB000894C10F80CC083F801C00298041B01984E
:10BBC000C4F3894910F8094006989C72C419019879
:10BBD000C4F38944045D06989C70C71B0198C7F3A1
:10BBE0008947C45D07985C7284190198C4F389443D
:10BBF000045D0798DC70861B0198C6F38946845D56
:10BC000003981C7244190198C4F38944045D039895
:10BC10001C71451B0198C5F38945445D0598DC718D
:10BC200044180198C4F38944045D5C710598411A75
:10BC30000198C1F38941415C9971099B5B457FF48F
:10BC40001AAF3BB0BDE8F08FAFEEFFFF8BDEFFFF1A
:10BC50005CEAFFFF8CC0FFFFDFC4FFFF2DE9F04F60
:10BC6000AFB0D0F84C014D6D961E80300E32043DC1
:10BC700006AF41F64C1E4FF4356C0090019236F938
:10BC8000021F043755F8042FB6F920404A43296CA7
:10BC9000B6F940906143D5F88040286A520304FB0E
:10BCA00009F9B6F910A002F58062B6F930B001EBDF
:10BCB0000904A1EB090100FB0AFA286E0CFB01F153
:10BCC0000EFB04F800FB0BFB541841F69A20A2EB84
:10BCD000810208EB0409A4EB08040AEB0B08D2125A
:10BCE00000FB08F841F27100FA6300FB0A8A6E4813
:10BCF000019A00FB0B8809EB0A0BA9EB0A0AB24276
:10BD000004EB0809A4EB08084FEAEB2B4FEAEA2AF8
:10BD10004FEAE92947F804BC4FEAE824C7F87CA0B9
:10BD2000C7F81C90FC65AAD1191F0EAA1033019107
:10BD30000593019B42F29D4052F8104C2032194667
:10BD400052F8387C00FB04FE40F6FC5051F8043FEA
:10BD5000444352F8286C049341F27100049B019112
:10BD6000389952F83CCC591852F8403C10335B03D8
:10BD700003EB0E0BAEEB040E1D1BBC19A3EB4E0325
:10BD8000029341F69A23634300FB073A464800FBBF
:10BD9000063440F6E3100BEB0A07ABEB0A0B2E1947
:10BDA0002B1B52F82C4C03934FEA443E52F8343C80
:10BDB00052F8244C03EB04091B1B00FB03F441F66F
:10BDC0006F6000FB09F542F6B3400EEB040AAEEBE0
:10BDD000040400FB0C5840F21470A4EB0334ACEBE9
:10BDE000030300FB0CF0D044CEEB433E42F653037A
:10BDF000451B009803FB0CF3AA4441F2CF2505FB39
:10BE000009F541F28C4909FB0CFC5B1BACEB050905
:10BE100007EB0805A7EB08071B1BC5F389454C4436
:10BE2000C7F38947455D0498844638980CF800505C
:10BE30000098C55D4D72F518F61AC5F38945C6F32D
:10BE40008946455D4D70835D0B72029B7344C3F35D
:10BE50008943C35C8B70029BA3EB0E0ECEF3894E1D
:10BE600010F80E30CB71039B2344C3F38943C35CAA
:10BE7000CB70039B1C1BC4F38944035D8B710BEBDC
:10BE80000A03ABEB0A0AC3F38943CAF3894AC35CCA
:10BE90000B7110F80A304B71059B01998B427FF4AE
:10BEA00048AF2FB0BDE8F08F5CBAFFFF2DE9F04F2F
:10BEB000A5B0D0F84C014D6D961E80300E32043D79
:10BEC00004AF41F2511841F67E0EDFF8C0C136F9D9
:10BED000021F043755F8044FB6F92090B24204FB14
:10BEE00001F12C6CB6F910A004FB09F4B6F930B0DE
:10BEF00001EB0409A1EB04012C6A4FEA890904FB58
:10BF00000AFA2C6E4FEA810104FB0BF40AEB040BD6
:10BF100008FB0BFB0BF5806B0EFB0ABA0CFB04B4A1
:10BF20004FEAEA2A4FEAE42409EB0A0BA9EB0A0AD2
:10BF300001EB0409A1EB040447F804BCC7F85CA0BA
:10BF4000C7F81C90FC63C2D1A3F104080CAA0C33FF
:10BF5000039358F8043F203252F8386C52F8284CBA
:10BF60002E9902935D18331941F2511152F82C9C0D
:10BF700052F83CAC4B4341F67E0109EB0A0E01FB43
:10BF80000636424901FB043452F8401C52F8303C5A
:10BF90001031CF18CB1A5B037F03E1181B1B06EB94
:10BFA000070CBF1B009152F8246C52F8341C01930B
:10BFB00042F2A153741804EB0E015943344B03FBB6
:10BFC0000414344B03FB0E1106EB0A0E324B03FB39
:10BFD0000EFE40F68E1304EB0E0B8E4403FB06B6EA
:10BFE00052F8343C43F20B0B0BFB0AEE09EB030A4D
:10BFF0002A4B44F2B31B03FB0AFA52F8343C514477
:10C00000544446F2542A0BFB09110CEB0E090AFBAF
:10C010000344ACEB0E0E029BC9F38949CEF3894E63
:10C0200010F809909A462E9B0AF80390009B10F88E
:10C030000EC085F807C003EB040C1C1B019BCCF35E
:10C04000894CC4F3894A10F80CC085F801C010F877
:10C050000A40AC715C18591AC4F38944C1F3894190
:10C06000045DAC70435C6B71BB19BE1BC3F38943A9
:10C07000C6F38946C35CEB70835D2B71039B43451C
:10C080007FF467AF25B0BDE8F08F00BFDFC4FFFFCE
:10C090003BC1FFFF84F3FFFF33E3FFFFFDADFFFF75
:10C0A0002DE9F04F95B0D0F84C414E6D971E80347D
:10C0B0000A32043E0DF1080C41F2A16842F2317ED1
:10C0C00037F9020F0CF1040C56F8041FB7F9205091
:10C0D000BA4201FB00F1306CB7F910A000FB05F08B
:10C0E0004FEA4131356A01F5806108FB00F005FB3C
:10C0F0000AF501EB0009A1EB40010EFB05F54FEA43
:10C10000E12109EB050AA9EB0509CCF814104FEA67
:10C11000EA2A4FEAE9254CF804ACCCF82C50CFD1F0
:10C1200008A8A3F1040E03F108095EF804AF41F278
:10C13000A1611E9B42F2317550F8082CF1450AEBC3
:10C14000030750F8183C01FB02F250F8048C03F18D
:10C15000100300F118004FEA433303EB0201A3EB95
:10C16000420350F8282C019340F6B63305FB02F247
:10C1700001EB0206A1EB020150F82C2C02EB0805A2
:10C1800003FB05F550F8243C02EB030CA2EB030281
:10C19000A8EB030B1E9B05EB4C3CA2EB080805EB40
:10C1A0004B3506EB0C02A6EB0C064FEA4838C2F3FF
:10C1B0008942C6F38946A25C0AF80320019BA25D6E
:10C1C0007A7103EB0802A3EB0803C2F38942C3F3BD
:10C1D0008943A25C7A70E35C3B7101EB0503A1EB40
:10C1E0000505C3F38943C5F38945E35CBB70635D13
:10C1F000FB709AD115B0BDE8F08F00002DE9F04F2B
:10C20000D0F84C418BB0486D951E803401AF043896
:10C21000063235F9026F50F8041FB5F910C0AA4272
:10C2200001FB06F1066A06FB0CF601EB060CA1EB1E
:10C23000060147F804CF3961EBD11F1F06A804336C
:10C2400041F2511A41F67E09DFF87C80019357F8DC
:10C2500004EF1030149A50F8185C0EEB020C50F8F2
:10C26000202C50F814BC50F81C6C0432149B51194B
:10C27000521B06EB0B0549030AFB05F5520309FBAC
:10C28000065608FB0B5501EB060B891BCBF3094B3C
:10C29000C1F3094114F80BB00EF803B0615C019BC7
:10C2A0008CF803105119521BBB42C1F30941C2F370
:10C2B0000942615C8CF80110A25C8CF80220C6D1A6
:10C2C0000BB0BDE8F08F00BFDFC4FFFFF0B5496DD4
:10C2D000B2F900701D680B68D0F84C017B43B2F9CD
:10C2E00002704A6880300433059C7A432E199918ED
:10C2F0009B1AC1F3C901C3F3C903415C2955C35C4F
:10C300007370F0BD2DE9F04FADF50F7D0C93D0F8B3
:10C310004C3180330193931E00934B6DA3F10408BD
:10C3200002F10E030D930EAB009942F6CF1B40F6BF
:10C33000D40542F6634631F9022F42F2FC2ED84F63
:10C340000433009158F8041F5143009AB2F9400099
:10C350004903D8F8802001F58061424341F2511031
:10C360000BFB02FB424345F2032001EB0B04A1EB64
:10C370000B0B01EB0209891A009AB2F920A0D8F838
:10C38000402002FB0AFA009AB2F960C0D8F8C02037
:10C3900002FB0CFCAAEB0C025543564341F6CD427E
:10C3A00000FB0C6002FB0A5207FB0A6ABD4E06FB4B
:10C3B0000C5C2518201A42F64E360295039009EBC4
:10C3C0000200A9EB0202D8F8A0500490059201EBFC
:10C3D0000A02D8F820000692A1EB0A0241F2555A4F
:10C3E00007920BEB0C020892ABEB0C0241F6B64C39
:10C3F0000992009AB2F910205043009AB2F9301015
:10C40000D8F860204A430099B1F95010A0EB020B14
:10C410004D430099B1F970404719D8F8E0100AFB74
:10C4200007FA61438418664342F2E97404FB07F992
:10C4300044180EFB04FE441A06EB09070CFB04FC2F
:10C4400040F62354774404FB0BFB974C04FB007429
:10C45000964F0A940CEB0A045C4407FB00404FF42F
:10C460008E64934F0B905019444340F24D2000FBD3
:10C47000024006448F4800FB0544A81A4C4442F68B
:10C48000095909FB00F007FB05096FF45977CA4405
:10C4900043F61A7909FB02090A448748D94400FB8C
:10C4A00002FB42F2182000FB01B05E4446F2854BCD
:10C4B00086448248424338440BFB012B4A44DC4407
:10C4C00005EB010B491B0A9D00FB0BFB40F62350BB
:10C4D000414302985C44DE4428448C445144C012D9
:10C4E00043F8040C0298471B04983044FF12C01212
:10C4F000C3F8DC71D8610498861B06982044F612B4
:10C50000C012C3F8BC61D8630698041B0898704435
:10C51000E412C012C3F89C41D8650898A0EB0E0E37
:10C520004FEAEE20C3F87C0109986044C012D86736
:10C530000998A0EB0C0C4FEAEC20C3F85C010798BB
:10C540000844C012C3F89C000798411AC912C3F8E6
:10C550003C1105991144C912C3F8BC1005998A1AF7
:10C56000D212C3F81C21039A0B990A44D212C3F8C1
:10C57000DC20039A541A0D9A0099E4128A42C3F8F7
:10C58000FC407FF4D1AE0C9B16AAA3F104093C3306
:10C59000049341F25113059359F8043F203252F8A5
:10C5A000385C52F8280C989903935C182B1805995D
:10C5B00052F82C8C4B4341F67E0152F834EC01FBCF
:10C5C00005353F4952F83CAC01FB003052F8401CA5
:10C5D00052F8303C08EB0A0C1031CE18CB1A760317
:10C5E0005B03AF19761B52F8245CC1181B1A05EBCC
:10C5F0000E000091029342F2A15300EB0C0159434B
:10C60000304B03FB0010304B03FB0C1105EB0A0C05
:10C610002E4B03FB0CFC40F68E1300EB0C0B8C44F2
:10C6200003FB05B543F20B0B294B0BFB0ACC08EBC4
:10C630000E0A44F2B31B03FB0AFA019B5144504417
:10C6400046F2542A0BFB08110AFB0E0007EB0C0EF6
:10C65000A7EB0C0CCEF3894ECCF3894C13F80EE00B
:10C66000039B9846989B08F803E0019B13F80C7015
:10C67000009BE7711F18019BC7F38947DF5D009B93
:10C680006770181A019BC0F3894A13F80A00029BCD
:10C69000A0715818019BC0F38940185C1AE000BFD4
:10C6A000C2ECFFFFB0EFFFFFD6B6FFFF42C5FFFFB2
:10C6B0007AE7FFFFFADBFFFFABEAFFFF17D8FFFFC8
:10C6C000DFC4FFFF3BC1FFFF84F3FFFF33E3FFFF46
:10C6D000FDADFFFF029BA070591A019BC1F3894178
:10C6E0005B5C019963717319751BC3F38943C5F3CF
:10C6F0008945CB5CE3704B5D2371049B4B457FF414
:10C700004BAF0DF50F7DBDE8F08F00BF2DE9F04F69
:10C71000EFB04E6DA2F1020B0A93043ED0F84C31FB
:10C720008033009302F10C030B930CAB3BF902CF67
:10C7300042F2623856F8042F42F6B72ABBF940108D
:10C74000043302FB0CFCD6F88020BBF92090514347
:10C7500042F6C6024FEA4C3C02FB01F440F61222BC
:10C760000CF5806C02FB01F741F637420CEB04003C
:10C7700051433C440CEB0705BC4A641AACEB010E78
:10C78000ACEB4404BBF950C0E1120191316C01FBE8
:10C7900009F7BBF96090D6F8C01001FB09F141F22E
:10C7A000A3397C1808FB04F840F6BD0404FB078499
:10C7B00002FB018802F6E522514302190292021B94
:10C7C00009FB0719BBF91000039205EB0802BBF93E
:10C7D00030100492A5EB0802376A40F6F268059221
:10C7E0000EEB09024743D6F8A0000692AEEB090211
:10C7F00000FB0CFCD6F8E000079241F61409326EFB
:10C8000007EB0C054A43BBF9701009FB05F9BC188E
:10C8100041430AFB04FA42F25264089149036C4313
:10C8200002EB0C050AEB040E2046914C8E4404FBEF
:10C8300007EE04F21B2404FB0794BF1A08FB07F859
:10C84000A8EB0108444409946FF4A2646C43894D39
:10C85000641A05FB0245AA44874D05FB0C44ACEB6A
:10C860000205044442F6F84045438448294400FB4D
:10C870000C11894441F2995101FB0255089A3A443E
:10C880004544A2EB0C0C029A72444FEA8C0CD21273
:10C8900043F8042C029AA2EB0E0E4FEAEE22C3F8E4
:10C8A0006821049A5244D2129A61049A0999A2EB1F
:10C8B0000A0A4FEAEA22C3F84C21069A2244D2120D
:10C8C0005A63069A141B019A6244E4121A65019A8B
:10C8D000C3F83041A2EB0C00079A4A44C3F8140194
:10C8E000D212DA66079AA2EB09094FEAE922C3F8E5
:10C8F000F820059A2A44D212C3F88820059A551BBD
:10C90000039A0A44ED12D212C3F8DC50C3F8A420F3
:10C91000039A521AD212C3F8C0200B9A5A457FF4D8
:10C9200005AF0A9B13A8A3F104093433039341F61E
:10C930003743049359F8043F1C30789A50F8205C30
:10C940009F18029350F8283C50F8304C5A1B049B17
:10C9500050F8386C04EB050803FB02FE50F8283C45
:10C9600040F612221036E31A50F82CAC760302FB84
:10C9700003FC50F8283C0EEB0C011A46404B3144A6
:10C9800003FB021142F6C6036FF41F7203FB086338
:10C9900002FB05323B4D05FB043350F8245C724426
:10C9A000634450F834CC01930CEB0A0441F6EF5386
:10C9B00003FB04FBACEB0A0440F27353AC44AA44FF
:10C9C0005C43314BABEB040E5C4441F2A33B03FBF5
:10C9D0000AFA009B0BFB0CFC43F6DE3B5444E64496
:10C9E0000BFB05CC02EB0E05E244A2EB0E0EC5F3E9
:10C9F0008945CEF3894E5D5D029B9C46789B0CF881
:10CA00000350009B13F80E20BA710A19091BC2F3D8
:10CA10008942C1F389419A5C7A705A5C019B7A71B0
:10CA200003EB0A02009BC2F389429A5C019BBA7035
:10CA3000A3EB0A0A009BCAF3894A13F80A303B7138
:10CA400050F8283CA3EB080842F6415303FB086862
:10CA5000009BC8F3894813F80830FB70039B4B45D3
:10CA60007FF468AF6FB0BDE8F08F00BFFCC8FFFF78
:10CA7000F0DBFFFF6EF2FFFF09B4FFFFE6C9FFFF27
:10CA800015C5FFFFF1B0FFFFE1D3FFFF2DE9F04F28
:10CA9000D3B0496DA2F1020A08930439D0F84C31A1
:10CAA0008033009302F10A0309930AAB3AF902EFCB
:10CAB00041F68D3951F8042F40F6F70BBAF9604072
:10CAC000043302FB0EFED1F88050BAF94020BAF9C7
:10CAD00020C04FEA4E3E554342F23172D1F8C06059
:10CAE0000EF5806E55430A6C664302FB0CFC42F661
:10CAF000B63276030EEB050002FB0CF24FEA4C3C1B
:10CB0000AEEB050502EB0608A2EB0C02ACEB06044B
:10CB1000BAF910C0961B0EEB0407AEEB0404AA1979
:10CB2000BAF930E0029400EB08040592AA1B0394C2
:10CB3000A0EB08000C6E06920A6A04FB0EFED1F808
:10CB4000A04002FB0CFCBAF9502004905443BAF9FF
:10CB50007000D1F8E0200CEB04060197424342F646
:10CB6000CF10774F02EB060800FB0EF5754809FB66
:10CB700008F840F65B0900FB0EF009FB068905EB9F
:10CB800009060BFB0C6604EB020B07966E4E06FBC8
:10CB90000BFB00EB0B0607FB04666C4FAEEB0404CB
:10CBA00041F2511E4E4407FB0C00A8EB0509684FEB
:10CBB00043F2C62507FB020007F2534705FB029527
:10CBC000ACEB0202404441F67E0C02EB04085D44EB
:10CBD0000EFB08F807FB048E039F079C0CFB0282E8
:10CBE0003C44E41243F8044C079C3F1B019C144452
:10CBF000FF12E412C3F804715C61019CA21AD21204
:10CC0000C3F8EC20059A3244D212DA62059A961BD8
:10CC1000069A2A44F612D212C3F8D4605A64069ACD
:10CC2000551B029A7244ED12D212C3F8BC50DA6559
:10CC3000029AA2EB0E04049A0244E412D212C3F840
:10CC4000A4405A67049A101A099AC0125245C3F8B0
:10CC50008C007FF42BAF089B10A841F2A16BA3F1CD
:10CC6000040C03F12C085CF8049F42F231745C9BC5
:10CC700040F6B63750F8082CE04509EB030650F8AB
:10CC8000183C0BFB02F250F804EC03F1100300F126
:10CC900018004FEA433303EB0201A3EB420350F8C1
:10CCA000282C019304FB02F250F8243C01EB02050E
:10CCB000A1EB020150F82C2CAEEB030A02EB0E04A0
:10CCC00007FB04F450F8247C1744A2EB0302009BFA
:10CCD00004EB4737A2EB0E0E04EB4A3405EB0702D8
:10CCE000A5EB07054FEA4E3EC2F38942C5F38945DD
:10CCF0009A5C5C9B09F80320009B5A5D019B727152
:10CD000003EB0E02009BC2F389429A5C019B727096
:10CD1000A3EB0E03009AC3F38943D35C337101EB99
:10CD20000403A1EB0404C3F38943C4F38944D35C33
:10CD3000B370135DF37096D153B0BDE8F08F00BFB0
:10CD4000B0D0FFFFAFEEFFFF8BDEFFFF5CEAFFFF1F
:10CD50008CC0FFFF2DE9F04FBBB0496DA2F1020C72
:10CD600006930439D0F84C3103F1800802F108032E
:10CD700008AA07933CF902EF41F69A2551F8043FBF
:10CD80000432BCF9400003FB0EFED1F88030BCF940
:10CD900020B0434342F29D404FEA4E3E00FB03F475
:10CDA00040F6FC500EF5806E43430EEB040AAEEBEA
:10CDB0000300E31ABCF96040AEEB4303BCF950E05A
:10CDC000DB1200930B6C03FB0BFBD1F8C030634309
:10CDD0000BEB03046C4341F2710505FB0B4B6E4DED
:10CDE00005FB03430C6ABCF970500AEB0B07C6182D
:10CDF000C31ABCF93000AAEB0B0B0193BCF910303D
:10CE00005C430B6E4343D1F8A00000FB0EFED1F84B
:10CE1000E000684303EB00091B1A40F6E310584397
:10CE200002904FEA4E30039041F66F6000FB09F02C
:10CE30000490DDE9020500EB050A049D42F6B340CB
:10CE400000FB04505044059040F214706043451BB1
:10CE5000AA4441F2CF2505FB09F9DDE90205281AAC
:10CE600041F28C45A0EB0330E31A6543A3EB0E0EB1
:10CE700042F65303A5EB09056343059C4FEA8E0E6A
:10CE80003C19A3EB0903E4121B1A284442F8044C92
:10CE9000059C3F1BF418F61AFF12E412F612C2F8B2
:10CEA000B0701461C2F89C60009B73445362009B95
:10CEB000A3EB0E03C2F88830019B0344DB1293639B
:10CEC000019B181A0BEB0A03ABEB0A0ADB12C01228
:10CED000D3644FEAEA25079B5067634515667FF4E4
:10CEE00049AF069B0DA941F64C1A4FF43569A3F1E1
:10CEF000040C243301935CF804EF1431449B51F883
:10CF0000184C0EEB030751F8200C51F8283C02197D
:10CF1000001B103351F81CBC09FB00F051F8246CC5
:10CF20005B030AFB02F21D18009341F69A23541981
:10CF3000AA1A06EB0B055D4341F2710303FB06568B
:10CF4000154B03FB0B5504EB060BA41B449BCBF3C7
:10CF5000894BC4F3894418F80BB00EF803B018F8E5
:10CF60000440009B3C715419521BA3EB8003C4F393
:10CF70008944C2F38942C3F3894318F804407C70A2
:10CF800018F80220FA7018F80330BB70019B634553
:10CF9000B1D13BB0BDE8F08F5CBAFFFF2DE9F04F97
:10CFA000A7B00493D0F84C31486D06A980330293A2
:10CFB000931E019300F110030593019B019AB3F9AD
:10CFC00012A0B2F95280B2F96260B2F9724050F820
:10CFD00004EB32F902CFB3F92270B3F932500EFBF1
:10CFE0000CFCB3F942300192BAF1000F68D1002F66
:10CFF00066D1002D64D1002B62D1B8F1000F5FD152
:10D00000002E5DD1002C5BD14FEA8C030B600B61CD
:10D010000B620B630B640B650B660B67059B04319E
:10D020008342CAD1049B0AA841F2511941F67E08F5
:10D030001E1F03F11C0CDFF894E156F804BF1030FA
:10D04000309A50F8184CB4450BEB020750F8202CDE
:10D0500050F814AC50F81C5C02F11002029B02EB79
:10D060000401A2EB040205EB0A044FEA413109FB7B
:10D0700004F44FEA423208FB05450EFB0A4401EB7B
:10D08000050AA1EB0501CAF3894AC1F3894113F8E6
:10D090000AA0309B0BF803A0029B5B5C0299FB701B
:10D0A00002EB0403A2EB0402C3F38943C2F38942F7
:10D0B000CB5C7B708B5CBB70BFD127B0BDE8F08FC1
:10D0C000C26B4FEA4C3C02FB07F9D0F8BC7041F24E
:10D0D00051127743C66F09EB070E734302FB0EFE36
:10D0E0005E0341F67E020CF5806302FB09E906EB64
:10D0F000030B364A9B1B02FB07EEABEB090209EB65
:10D100000B0703920EEB0306D0F8DC20A3EB0E0313
:10D1100002FB04F9D0F89C4042F2A15204FB08F84B
:10D12000C46D04FB05FCC56905FB0AFA09EB0C0597
:10D1300008EB0A0E05EB0E045443254A02FB054595
:10D14000244A02FB0E4409EB0A0E234A02FB0EFEA0
:10D1500040F68E1205EB0E0BA64402FB09B943F212
:10D160000B0B1E4A0BFB0AEE08EB0C0A44F2B31B36
:10D1700002FB0AFA5544544446F2542A0BFB084475
:10D180000AFB0C5A07EB0E05A7EB0E0EED124FEA49
:10D19000EE270D6006EB0A05A6EB0A0A0F67ED12F3
:10D1A0004FEAEA260D611D191C1B039BED120E664A
:10D1B0004B44E4120D62DB120C650B63039BA3EB83
:10D1C00009094FEAE9230B6428E700BFDFC4FFFF2A
:10D1D0003BC1FFFF84F3FFFF33E3FFFFFDADFFFF24
:10D1E0002DE9F04F95B0D0F84C014C6D951E00F133
:10D1F000800E0432043C02AE0093019235F9021F06
:10D2000040F6B63354F8042F0436B5F940004A43CB
:10D21000D4F88010B5F920704143520341F2A16067
:10D22000B5F9309002F58062B5F95080414350184D
:10D23000A2EB4102216CD212794342F23177794359
:10D24000B5F9107000EB010C401A216A7943276E82
:10D2500007FB09F9D4F8A07007FB08F801EB090AED
:10D2600001EB0807A8EB090B5F43019B07EB4A3A68
:10D27000AB4207EB4B3BA1EB09070CEB0A01ACEB14
:10D280000A0CA7EB08084FEAE1214FEA880846F8A4
:10D29000041C4FEAEC21B16302EB0801A2EB080287
:10D2A000B160F26200EB0B02A0EB0B0B4FEAE22243
:10D2B0004FEAEB2072613062A0D1009B05A941F2D8
:10D2C000A16C42F2317B1D1F143355F8049F0C31C1
:10D2D0001E9A51F8100CAB4209EB020651F8182CBB
:10D2E0000CFB00F051F8144C02F110021E9F0BFBD6
:10D2F00004F44FEA423202EB0008A2EB400208EBD2
:10D30000040AA8EB0408C2F38942CAF3894AC8F3A5
:10D3100089481EF80AA009F807A01EF80840B47052
:10D320001EF802207270D0D115B0BDE8F08F000059
:10D330002DE9F04F8BB04C6DD0F84C61951E02A9D1
:10D34000043C803602F1020C0F4641F2511841F6BE
:10D350007E0E019335F9022F043154F8040FB5F90C
:10D360002090AC4500FB02F2206CB5F910A000FB48
:10D3700009F0B5F930B0234B02EB0009A2EB000233
:10D38000206A4FEA493900FB0AFA206E4FEA42321E
:10D3900000FB0BF00AEB000B08FB0BFB03FB00B0E0
:10D3A0000EFB0ABA09EB0A0BA9EB0A0A02EB000909
:10D3B000A2EB000041F804BCC1F814A0C1F804902D
:10D3C000C860C7D1002107EBC10057F83120019B8D
:10D3D00002F50042446853F8215001311019121B24
:10D3E000149B0429C0F30940C2F3094205EB030C66
:10D3F000305CE854B25C8CF80120E4D10BB0BDE89D
:10D40000F08F00BFDFC4FFFF70B54C6DB2F9006054
:10D410002168D0F84C017143B2F91060226A803063
:10D420000431049D72438C18891AC4F3C904C1F3F2
:10D43000C901065D1C686655425C5B685A5570BD43
:10D4400010B40268382454610268916103685DF881
:10D45000044B1B6818472DE9F04F8B6885B0814657
:10D460000C464FEAC31B8B69002601F1300A03FB0F
:10D470000BF803922369B34202DC05B0BDE8F08FDC
:10D480009B1B6569E169AB426268A8BF2B46A56931
:10D490003544491B551B8B42A8BF0B46AB42A8BF66
:10D4A0002B46002BE9DD03FB0BF5236853F8262000
:10D4B000039B009543B1434651464846676BB847C6
:10D4C0006369A8441E44D5E7434651464846276B46
:10D4D000F5E700002DE9F84F4FF6F07306460D46CC
:10D4E00014469A42D0F8049002D90121FFF7A8FF10
:10D4F00014F007031CBF0834E41A012D08D933685F
:10D500000F2230465A6133689D6133681B68984723
:10D5100009EB85080027D8F83400C8B9F7B91D4BC6
:10D5200004F1100A53F82530CAF580359D4228BF12
:10D530001D4605EB0A0B3046594600F0DBFB78B977
:10D540006D08312DF5D802213046FFF779FFF0E75D
:10D550008368A34211D207460068DEE70E4BDFE77F
:10D56000D9F84C10002325445944C9F84C10856063
:10D57000C0E900335FB9C8F8340043681A191033A2
:10D5800042608268121B82601844BDE8F88F3860E0
:10D59000F3E700BFBC390408B439040801292DE9B8
:10D5A000F04104460D4617469846466807D0036882
:10D5B0000F225A610368996103681B6898472946DE
:10D5C0003C222046FFF786FF069900220762C0E949
:10D5D000011807990260C1608262B26CC262B064D5
:10D5E000BDE8F08101292DE9F04104460D461746BA
:10D5F0009846466807D003680F225A61036899610C
:10D6000003681B68984729463C222046FFF762FFC3
:10D61000069900220762C0E9011807990260C160FB
:10D620008262726CC2627064BDE8F08101292DE9EA
:10D63000F04106468846456812D903680F225A61B0
:10D640000368996103681B68984705EB880400220A
:10D65000E36BE2630BBB616B636369BBBDE8F081A5
:10D66000F3D16C6C002724B9AF6C6C645FB9AF6404
:10D67000EBE7A36A2BB1A76204F13001A36B30463C
:10D680009847E46AEFE7BB6A2BB1BC6207F130014F
:10D69000BB6B30469847FF6AE8E7D3E900879A6892
:10D6A00019463046174410373A4600F02CFBEB6C15
:10D6B000DF1B4346EF64CDE78B683046D1E9007449
:10D6C0001C441034224600F018FBEB6C39461C1B3E
:10D6D000EC64C2E710B504460121FFF7A7FF002163
:10D6E0002046FFF7A3FF20466168542200F005FBA7
:10D6F000002320466360BDE8104000F011BB2DE917
:10D70000F04702EB030816464A6805460C46DDF86A
:10D710002090424504D3CA689A4201D30B6833B9BA
:10D720002B68172228465A612B681B689847A36903
:10D73000B34203D822691344434521D2A36A33B9C3
:10D740002B68472228465A612B681B689847636AF2
:10D7500033B1012221462846FFF77DFE0023636294
:10D76000A369002221462846B34229BF2369A66146
:10D77000A8EB030323EAE37328BFA361FFF76BFE63
:10D78000E769474520D2B7420DD2B9F1000F1FD04B
:10D790002B681722374628465A612B681B68984722
:10D7A000C4F81C8002E0B9F1000FF9D1226ADAB1A5
:10D7B000A569A2687F1BA8EB05054FEAC21A4FEACC
:10D7C0008708AF42236805D3B9F1000F0FD110E0ED
:10D7D0003746EBE753F808005246002101371CF0AA
:10D7E000ABFC08F10408ECE7B9F1000F08D0012305
:10D7F0006362A069361A206800EB8600BDE8F087F6
:10D800002B68172228465A612B681B689847F0E757
:10D810004FF6F0739A422DE9F041054688461446CA
:10D82000476802D90321FFF70BFE14F007031CBF62
:10D830000834E41AB8F1010F09D92B680F222846E1
:10D840005A612B68C3F818802B681B68984704F14D
:10D850001001284600F054FA064618B9042128465B
:10D86000FFF7EEFDFB6C06F1100010332344FB6460
:10D8700007EB8807FB6BC6E900340023B360FE6347
:10D88000BDE8F0812DE9F0474FEAC2184FF6F07479
:10D89000064689461F464568B4FBF8F42CB9036870
:10D8A00048225A6103681B689847BC424FEA8702C6
:10D8B00049463046A8BF3C462C650025FFF70AFEC6
:10D8C0008246BD4202D35046BDE8F0877B1B4946E5
:10D8D00030469C4228BF1C4604FB08F2FFF798FF25
:10D8E00023460AEB85020BB92544EAE742F8040B0C
:10D8F000013B4044F7E72DE9F0474FF6F074064648
:10D90000894690461F464568B4FBF2F42CB903687B
:10D9100048225A6103681B689847BC424FEA870255
:10D9200049463046A8BF3C462C650025FFF7D2FD8E
:10D930008246BD4202D35046BDE8F0877B1B494674
:10D9400030469C4228BF1C4604FB08F2FFF760FFEC
:10D9500023460AEB85020BB92544EAE742F8040B9B
:10D96000013B4044F7E700002DE9F84300254768F4
:10D9700080467B6C2E46E3B9BB6C2BBB002E16DDBC
:10D98000FB6C2A463146404600F0C0F9854228DD4E
:10D9900090FBF6F6012EB8BF01267C6C4FF0010912
:10D9A000002504BBBD6C4FF00109002D40D1BDE83E
:10D9B000F8831A6832B9D3E9022101FB026659687B
:10D9C00001FB0255DB6AD6E71A6842B95A68D3E907
:10D9D00002014143424306EBC11605EBC215DB6A67
:10D9E000CBE7264ED9E72368A3B96268E168531EE6
:10D9F000B3FBF1F301339E420EDB22612369012167
:10DA0000A2684046FFF777FF20603B6DE5616562E5
:10DA1000C4E90535E46AC4E7A3687143404621615F
:10DA200004F130015A4300F073F9C4F82890E5E797
:10DA30002B68A3B96A68E968531EB3FBF1F301339D
:10DA40009E420EDB2A612B690121AA684046FFF73E
:10DA500019FF28603B6DEC616C62C5E90534ED6A25
:10DA6000A3E7AB68714340465A43296105F1300191
:10DA7000D20100F04DF9C5F82890E4E700CA9A3BBE
:10DA80002DE9F04F164685B01A440C460546029221
:10DA90004A68F1188A4204D3E2689A4201D32368A3
:10DAA00033B92B68172228465A612B681B689847A0
:10DAB000A369B3420ED822691344029A934209D350
:10DAC000E369029A9342C0F083800E9B002B40F0E2
:10DAD000AB80ABE0A36A33B92B68472228465A6172
:10DAE0002B681B689847636A7BB1A3694FF0000AF3
:10DAF000D4F8089003FB09FB04F130030393236976
:10DB0000A26953453EDC00236362A3694FF0000A1B
:10DB1000D4F80890B34225BF2369029AA661D31AAC
:10DB200024BF23EAE373A361A36903FB09FB04F1A8
:10DB3000300303932369E1695345C1DDA3EB0A0375
:10DB40006269A06993425044A8BF13466268091AEB
:10DB5000A2EB00088B42A8BF0B464345A8BF434633
:10DB6000002BADDD03FB09F822685B460399CDF875
:10DB70000080284652F82A20C344276BB8476369BF
:10DB80009A44D7E7A3EB0A03616902EB0A086268CB
:10DB90008B42A8BF0B46E169A1EB0801A2EB080884
:10DBA0008B42A8BF0B464345A8BF4346002BAADDC6
:10DBB00003FB09F822685B460399CDF800802846EC
:10DBC00052F82A20C344676BB84763699A4496E7C2
:10DBD000B3420CD20E9B1BB32B68172228465A6106
:10DBE0002B681B6898473346029AE26102E00E9A5E
:10DBF000002AF9D1226AAAB1A269D4F808809D1A34
:10DC0000029BAF00A3EB02094D452368BFF45DAF53
:10DC1000D8594246002101351CF08EFA0437F3E74B
:10DC20003346E7E70E9B4BB101236362A069361AC6
:10DC3000206800EB860005B0BDE8F08F2B68172246
:10DC400028465A612B681B689847EFE7002370B598
:10DC50000546436000F062F854210646284600F06D
:10DC600049F8044658B9284600F05AF82B6838227B
:10DC700028465A612B689C612B681B689847124B99
:10DC80002360124B6360124BA360124BE360124B94
:10DC90002361124B6361124BA361124BE361124B80
:10DCA0002362124B6362124BA3624FF48033C4E9C8
:10DCB0000B630023A36323646363E363C4E9113349
:10DCC0005423E3646C6070BDD5D4010811D80108F9
:10DCD000F7D8010885D80108E5D501089DD50108C8
:10DCE00069D9010881DA0108FFD601082DD601089B
:10DCF000D5D601080846F3F781BB0846F3F712BCF6
:10DD00000846F3F77BBB0846F3F70CBC1046704798
:10DD100002683321516103681B681847002070476F
:10DD200070472DE9F74FD0F8E041D0F878C0D4F82B
:10DD300018E00024D0F870B02CEAEC780193019B35
:10DD40009C4202DB03B0BDE8F08F52F8245051F83A
:10DD5000246005EB0B094D450FD10134EFE716F8B0
:10DD600000A05EF82030013013F80AA05744604547
:10DD7000F5DB464405F8017BEDE700200746F6E7B2
:10DD80002DE9F047D0F8E041D0F870900020A46968
:10DD9000D4E900CED4F80880984201DBBDE8F087D2
:10DDA00052F8205051F8204005EB090A554504F17E
:10DDB000030401D10130EFE714F8036C1CF806707E
:10DDC00014F8026C1EF80660374414F8016C18F859
:10DDD00006603E4405F8016BE8E72DE9F04F9B46ED
:10DDE000D0F8E03189B0006F9C69079225680590F2
:10DDF00002956568A4680395049400245C4502DBE1
:10DE000009B0BDE8F08F186B079A8501059E52F89E
:10DE100024700095BE19D3F83480D3E90E95069688
:10DE20000026019551F82450069A0335974205D1F2
:10DE30000130013400F00F001863DFE7009A15F895
:10DE400003EC02EB860C029A0136964458F80C203B
:10DE500006F00F061EF802A015F802EC039A96448D
:10DE600059F80C201EF802E0019AF24415F801EC72
:10DE700052F80CC0049A96441EF80CC0E24407F80D
:10DE800001ABD1E7F8B5026F0446D0F8E061002796
:10DE9000023244365500A36FBB4200DCF8BD636814
:10DEA0002A46012120465B680137984746F8040B53
:10DEB000F1E7704702682F21516103681B6818471A
:10DEC0002DE9F04F93B0D0F87080D0F878B08A4642
:10DED0000F93D0F84C31D0F8E0510C9308F1FF3398
:10DEE000079303FB0BF30A9308F101035B000B9309
:10DEF000131F069300230493049B0F9A934202DBA3
:10DF000013B0BDE8F08F069B42460021002653F86F
:10DF1000040F06931CF010F9CBF1000311935E453A
:10DF2000696D09DB049BB1FA81F10AF1040A490920
:10DF3000013369650493DFE7B000DAF80030069A30
:10DF40002C1833441268646C019400292ED00A996D
:10DF50004FF0FF3C0B4407990A4411990391214665
:10DF60000B9C21440191A9694FEA4C07039C095875
:10DF70006442DDF804E00D9129691094CCF10004AD
:10DF80000958002002930E910146CDF814800890A4
:10DF900009946244DDE902431C44059B029453B991
:10DFA00008FB07F7019B0136D853B8E7CDF80CB052
:10DFB0004FF0010CD7E73EF90790029B4944109CB3
:10DFC00008311C5D0C9B03EB21110D9B0C5D13F8BC
:10DFD0000490099BD15C4944D1540E9B13F809105D
:10DFE000089B641A4FEA4409089404EB09010844A9
:10DFF00049440B44AEF800004944BE441846059B12
:10E00000013B0593C5E72DE9F04F89B0866FD0F845
:10E01000E041171F06938846036F00250093734263
:10E020000793069B9D4202DB09B0BDE8F08F009A82
:10E03000002157F8040F04F134091CF07DF8236B1C
:10E040009A01019303920022B24208DB019B013541
:10E0500008F10408013303F00F032363E1E7A1692A
:10E06000009851F82210049159F8041B0291D8F835
:10E07000001001EB020C3968084405900020059B54
:10E08000B444994201D10132DEE7029B91F800E0ED
:10E0900003EB800B079B01301CF803A0039B00F0EF
:10E0A0000F005BF803B0049B9A441AF80BA0D64407
:10E0B00001F801EBE3E72DE9F04790F85830012132
:10E0C000D0F8E0510646012B05F1200813BF0024CB
:10E0D000EB614FF4FF74EC61436804F580729F6854
:10E0E000836FB847D5F814E00021A861B36F8B4265
:10E0F00001DCBDE8F08758F8042B8F009EFBF2FE90
:10E100002CB1A86950F82130FF3340F8213002F1DA
:10E11000FF39AB69FE324FEA490AD859002792FB12
:10E12000FAF2BC467B000333C3EB03234B4404E009
:10E1300093FBFAF2013703F5FF736245F8DB17FB37
:10E140000EF300F80C300CF1010CBCF5807FE9D126
:10E1500074B1034600F1FF02A0F1FF0790F800C080
:10E1600003F801CD9F4290F8FFC002F801CFF5D12E
:10E170000131BBE72DE9F047D0F8E05104462B69A7
:10E18000C0F888306B69C0F8843090F85830012BA3
:10E1900012D009D3022B62D0036831225A6103687E
:10E1A000BDE8F0471B681847836F032B0CBF384B43
:10E1B000384B6B60BDE8F087836F032B0CBF364B89
:10E1C000364B6B6000232B63EB690BB9FFF773FFD2
:10E1D0006D6B002DEED1D4F8E07107F120084646B2
:10E1E000A36F9D42E6DA56F8049B424600239D4207
:10E1F00007D052F8041B89452FD107EB8303586BD6
:10E2000040BB63684FF48062012120461B68984739
:10E2100009F1FF328446DFF88CE0520200F5806994
:10E2200000211EF801305B00C3F1FF03D3EB032391
:10E2300045BF5B4293FBF2F393FBF2F35B424CF876
:10E24000213001311029ECD10CF1400C0EF1100EEF
:10E25000E145E5D130610135C2E70133C7E7104B35
:10E260006B6000236B656B6C0BB9FFF70BFE226FC5
:10E270004435002702325600A36FBB429ADD324676
:10E28000002155F8040B01371BF056FFF4E700BFDF
:10E2900081DD010823DD0108DBDD010807E001085D
:10E2A000C1DE0108D03904082DE9F04F436887B07A
:10E2B000582201211B68044698476E4BC4F8E001C0
:10E2C00003606D4B83606D4BC36000234364436305
:10E2D000A36F042B09DD2368392220465A610422EA
:10E2E00023689A6123681B689847236EB3F5807F83
:10E2F0000ADD23683B2220465A614FF4807223686E
:10E300009A6123681B689847D4F8E0614FF00108D0
:10E31000A76F06F1200BD4F860A008F101020121DB
:10E3200013468F424FDC9A454BDAB8F1010F08D102
:10E3300022683A21204651612268936123681B6854
:10E340009847002301259F4240DCDFF834E100209C
:10E3500003469F4240DC0028F9D1A26F2368032ABC
:10E360004FD19D61326ADA61726A1A62B26A5A6288
:10E37000602223685A612368012120465B68984720
:10E3800063682A4601219F682046A36FB847AE46BE
:10E3900080464FF0000C0190CDF80CB0A36F9C4567
:10E3A00034DB019B2046C6E90435FFF784FE94F870
:10E3B0005830022B5BD1204607B0BDE8F04FFFF785
:10E3C00061BD9046A9E753430131AAE74BF823808A
:10E3D000013308FB05F5B6E794F82920022A0CBFA3
:10E3E0005EF823C09C465BF82C2095FBF2F10132CD
:10E3F00051438A45AFDB4BF82C20013301200D46F9
:10E40000A7E761225A6123689D61B4E7039B00225C
:10E4100053F804AB03930AF1FF339EFBFAF902931E
:10E420005B10049313469A4505DC0CF1010C08F1CE
:10E430000408CE46B2E7049FC3EB03213944029F90
:10E4400091FBF7F105911146A9420EDB01334A44D5
:10E45000E9E7D8F8000038440137834605980BF8FF
:10E460000100B945F5DC7144EEE70027F9E707B094
:10E47000BDE8F08F75E10108B3DE0108B5DE0108E3
:10E48000C43904082DE9F043D0F8E0210025D0F884
:10E4900070C04FF0020E97694FF6FF789D4201DB86
:10E4A000BDE8F08351F82520664603320EB90135E8
:10E4B000F4E712F8010C12F8034C4FEAD00912F8F5
:10E4C000020CE408800880011EFB090057F8249024
:10E4D00039F800400134A4B224B129F80040013ECB
:10E4E0000332E3E729F80080F9E738B5436840F2E2
:10E4F000FC720121D0F8E0411B68984700F57F735A
:10E5000000F57E7100F58062A362002341F8043FAC
:10E510005C42013342F8044D102BF7D100F58764BB
:10E5200000F570716FF011025D4244F8043F41F84C
:10E53000045D02F00105013A2B4412F1320FF3D1D0
:10E5400000F5976100F550725C4241F8043F42F8D3
:10E55000044D8242F9D138BD7047D0F8E031012234
:10E56000DA617047F8B5D0F8E051044690F85830B9
:10E57000AF69002B53D0022380F85830F9B12A4BF1
:10E580006B602A4BAB600123EB61EB6963B13C1F0D
:10E590007C3754F8040F4FF4805200211BF0CCFD5F
:10E5A000BC42F6D10023EB61F8BDB3F5807F18DDE6
:10E5B00023683B225A614FF4807223680CE01C4BA5
:10E5C0006B601C4BAB60D4F88430002BEDDC23680F
:10E5D0003A225A61012223689A61204623681B6807
:10E5E000984794F85830022BCFD1236F06265E430C
:10E5F0002B6A0C3633B963683246012120465B68CA
:10E600009847286232460021286A1BF095FDAB6AC4
:10E6100013B92046FFF769FF00236B62B5E70029B5
:10E62000ADD1054BCCE700BF85E40108D7ED01086B
:10E63000E5EB010859E5010869EB01082DE9F04F08
:10E64000D1E9005385B08669D1E904C401934FEA4A
:10E650004C030293019B9D42D1E9027061DABB0138
:10E660006FF0010B03932B460BFB0CFBDDF80C90BA
:10E67000B8460DE0029A4A4402EB0B0E56F82320EE
:10E680007244E64674450CDA08F1010809F14009C4
:10E690004045EFDA0133019A9A42E7DA2B46019DB1
:10E6A00030E032F81EA0BAF1000F15D0019A0B60CD
:10E6B0009A42F4DC874280F285806FF001024FEAD3
:10E6C000871A02FB0CF203923A46029D9E460AEB21
:10E6D0000509039DA9442EE00EF1010ED2E7029A2E
:10E6E0004A4402EB0B0E56F825207244E646744568
:10E6F0000CDA08F1010809F140094045EFDA013D63
:10E700009D42D7DBDDF80C90B846F6E732F81EA044
:10E71000BAF1000F02D04D600195CBE70EF1010E6A
:10E72000E5E72B46C6E756F82E50E0464D444445F3
:10E730000EDA0EF1010E019DAE45F4DD01320AF153
:10E74000400A9042C1DA3A464FEA8019074627E06C
:10E7500035F818B0BBF1000F0FD090428A60F3DC9F
:10E76000A44580F29F804FEA821B6546029F9E4629
:10E770000BEB070808F140082EE008F10108D6E786
:10E7800056F82E50E0465544444510DA0EF1010E7D
:10E79000019D7545F4DA013FA9F140099742DFDB9D
:10E7A000029D9E4609EB050A039DAA44F0E735F851
:10E7B00018B0BBF1000F02D0CF603846D0E708F1A7
:10E7C0000108E1E73A46CBE756F82E7091464744F8
:10E7D00081450FDD0EF1010E019F7745F4DA029FAE
:10E7E00001350237AC420297C0DA65464FEA440869
:10E7F000A44644E0403737F880ACBAF1000F29D086
:10E80000AC420D61F2DC019FA4EB050C6FF0010B33
:10E810004FEA450AA7EB030E871A0BFB05FB4FEAED
:10E82000C7084FEACE0E08EB87084FEA0C1708FB23
:10E8300008F80EFB0E8E07FB07E706EB830E96012A
:10E840008F6102960026019F9F424ADACE6105B091
:10E85000BDE8F08F09F10109BAE756F82E7092462B
:10E860004F440297504510DA0EF1010E019F774593
:10E87000F3DA0CF1FF3CA8F10208AC45C3DB0BEB6B
:10E8800008099E4609F14009F0E7029F40370297C8
:10E8900037F8807C1FB1C1F814C06446B3E70AF1B1
:10E8A000010ADFE76546AEE70AEB090707EB0B0C49
:10E8B000DEF800706744AC460397644509DA08F156
:10E8C000010809F140094045EEDA01330EF1040E6A
:10E8D000B9E7039F37F81C7007B101360CF1010C42
:10E8E000EBE7DDF808909046EDE72DE9F04FADF24B
:10E8F000B45D002502900693D0F8E031D0109B69FA
:10E9000040010793831C1E300093069B9C10CDE9A9
:10E91000041264018910231D1C344901019301F183
:10E920000409029B1C31D3F8848009EB01035B10BE
:10E930000893009B03EB000B019B03EB040A4FEAD7
:10E940006B0B6FF000434FEA6A0A0393A8453FDC64
:10E9500000206CA92CAC0246904500F39A8000235D
:10E960006FF0004241F823200133802BFAD10024BC
:10E97000844240F09780049A0025069B22F0030110
:10E98000079A23F0030302EB8101059A5B0022F052
:10E99000070292010CA814AC1746284404EB050C9E
:10E9A000DC190E6800F1040E344410F8016B0136D6
:10E9B000704524F8026BF8D1844507F14007EFD188
:10E9C00020350431802DE5D10DF2B45DBDE8F08F26
:10E9D000029BD3F888703B685A5D91452CDDA2EB11
:10E9E000090C521A0CFB0CFC52437B68009E5B5DC9
:10E9F0009E4234DDA3EB060E0EEB4E0E0EFB0ECC4C
:10EA00001B1A03EB4303019E03FB0322BB685B5D00
:10EA10009E4232DD9F1B7F0007FB07CC1B1B5B0068
:10EA200003FB03236CAA42F825C00135039A9A42DE
:10EA3000A8BF1A46039289E7914206DAA2EB010CBD
:10EA4000A2EB09020CFB0CFCCEE7089B4FF0000C7C
:10EA50009342ACBF521AA2EB09025243C5E7984257
:10EA600008DAA3EB000E0EEB4E0E0EFB0ECC009E52
:10EA70009B1BC6E79B45FADBC2E79C4206DA1F1BDD
:10EA80007F0007FB07CC019E9B1BC8E79A45FADB7A
:10EA9000C4E751F82230039D9D42A4BF22540130A7
:10EAA000013259E72CAB009D019E4FF0000C13F88A
:10EAB00004E0029BD3F888104A680B6812F80E2015
:10EAC0008968AA1A13F80E3011F80E1002EB4202F0
:10EAD000A9EB0303711A02FB02F5490003FB03557E
:10EAE000043301FB015508311B0149010395182529
:10EAF0000A916CA96A43C91A02F1900502F51962DC
:10EB00000B91099508920CAA099D039F02EB0C0A30
:10EB10000B9AD61817E056F821204245C8BF46F890
:10EB20002180D844C8BF0AF801E001310BF5007B11
:10EB30000429F0D12F44089A05F5907510360AF192
:10EB4000040AAA4204D0DDF828B0B8460021E2E762
:10EB5000039A0CF1200C1A44BCF1800F03F18003DE
:10EB60000392D0D1013403E72DE9F04F85B0804600
:10EB70008A46934603930025D0F8E0319B690093C1
:10EB8000036F0193039B9D4202DB05B0BDE8F08F4C
:10EB90005BF825605AF82540019B0334F318029373
:10EBA000029B9E4201D10135ECE714F8022C0220B1
:10EBB00014F8013C920814F8031CDB089701C908FB
:10EBC00010FB0377009850F8219039F8070010B92E
:10EBD0004046FFF78AFE19F807300334013B06F878
:10EBE000013BDDE72DE9F04F9DB0D0F8E0518346C1
:10EBF0001A93AB691493036F0393D0F84C310C93C1
:10EC0000AB6A0D93D0F88830CDE918121A681592C6
:10EC10005A689B6816921793039B039A03EB43036E
:10EC2000033B1293062302FB033313930023029347
:10EC3000029B1A9A934202DB1DB0BDE8F08F029A44
:10EC4000189B53F82260199B53F822302A6A0192CC
:10EC50006A6A002A36D0129A13991644039A013A26
:10EC60001344019A0A44019200226A626FF0020280
:10EC70000A924FF0FF32049200240A9A0498214627
:10EC800052000E9440420692049A1B90134422466E
:10EC90000593039B0B93019B00932346CDE9084406
:10ECA000CDE90F440B9898B9039A069B01995343F9
:10ECB0000898019AC8521A44099B5380029B948079
:10ECC0000133B4E701226A6203220A920122D2E7E9
:10ECD000069F0098384407900098C75F3A4402F1B5
:10ECE0000807079AB2F90220114401F108020799B6
:10ECF000B1F90400391112110C9F03440D98083327
:10ED000050F8211050F822201B1139443A4450F891
:10ED1000233030783B4411F800A07178149812F831
:10ED200001904FEAEA01B27850F8210013F802800E
:10ED30004FEAA90211904FEAE803970107EB430756
:10ED4000C05B10B95846FFF7D0FD119B059ADB5BFD
:10ED50001B99013B0098009F5354159A0899D25C67
:10ED6000AAEB020A169AD25CA9EB0209179AD35CA5
:10ED70004FEA4A02A8EB03080AEB020319441344C2
:10ED800001801A440E990998194408914FEA4901E3
:10ED900009EB010318440B44788019440F98184478
:10EDA00009904FEA480008EB00031C440344BC8070
:10EDB000109C1C4403440A9806440B9801380B909D
:10EDC000DDE904703844059007980090CDE90F986C
:10EDD000CDF838A066E72DE9F04F93B0D0F8E031D8
:10EDE00001214FF0010A03934FF002091B690190C2
:10EDF000C0F88830039B5B690293029A4368520112
:10EE00001B68984700231F223F218360054642610B
:10EE1000A846C0E90313C0E90032019B0146D3F8BC
:10EE2000E001FFF70BFC2B46029A524534DC00212F
:10EE30000022D8E90003CDE906220C93D8F8083067
:10EE40000493D8F80C300D93D8E904530E936B005B
:10EE50001093019BD3F8E0319B6903EB800BC30057
:10EE600004330893049B9B010993049B9B0002338A
:10EE70001193EB0004330F936FF001036B430B937B
:10EE800013460C9C8442C0F2A880119CDDF824E05B
:10EE90000294049C05947EE0029AB2EB4A0F3EDB9A
:10EEA000002128460E460F46C269BA4204DD846935
:10EEB000002CC4BF0146174601362030B245F3D1BD
:10EEC0000029B5D04A6803F1200B5A62CA68DA6299
:10EED0004A695A630A681A628A689A620A691A63F6
:10EEE000D1E900200492821A4FEAC20ED1E902262B
:10EEF0000592B21A4FEAC20C0CEB820CD1E9044223
:10EF0000171B3F01BC45C0F29E80E64516DC059A02
:10EF1000164496FBF9F6CE6001369E6215E000219C
:10EF20002A4608460E4697690130B742C4BF1146CB
:10EF30003E46824502F12002F5D1C1E7049A104411
:10EF400090FBF9F0486001301862019B0AF1010A58
:10EF5000D3F8E001FFF772FB019B5946D3F8E001BB
:10EF6000FFF76CFB5B465FE7109CDBF800700EEB75
:10EF700004060B9CDDF83C902644BC192F460A94ED
:10EF80000E9CBC4212DA059C0EF1400E029E01342A
:10EF90000436059402960D9C059EB442E4DA089E60
:10EFA00001300BF1040B083608966AE70A9C34F826
:10EFB000176076B1089C334406FB0922A446069CE0
:10EFC0000CFB06440694029CA446079C0CFB0644DA
:10EFD0000794013709F10809D2E701985D1008F19B
:10EFE0002008D0F888002A4406680698284490FB38
:10EFF000F3F070540198D0F88800466807982844C8
:10F0000090FBF3F07054019892FBF3F3D0F8880072
:10F0100080684354013151457FF40AAF019B62225D
:10F020000198C3F884101B685A61019B1B689961A1
:10F030000121019B1B685B6898470123039AD361F8
:10F0400013B0BDE8F08FBE453FF778AF224492FB86
:10F05000F9F24A6101321A6377E70000F8B54368B4
:10F060002C22012104461B689847344BC4F8E00168
:10F0700005460360324BC360002303628362A36FC3
:10F08000032B06D02368302220465A6123681B6870
:10F09000984763680026802201211B682046984714
:10F0A000A86163684FF48052AF6901215B68204614
:10F0B0009847B8510436802EF3D10123EB61E36EFB
:10F0C000002B38D0266E072E2BDC23683A225A619B
:10F0D000082223689A61204623681B689847636862
:10F0E0003246012120469F680323B847C5E904063C
:10F0F00094F8583013B1022384F8583094F85830FB
:10F10000022B1AD1236F0622204601215A4363683D
:10F110000C325B68984728622046BDE8F840FFF74C
:10F12000E4B9B6F5807FDADD23683B225A614FF4FB
:10F1300080722368CEE72B61DAE7F8BD65E5010848
:10F140005BE501080844013890FBF1F070474B1E65
:10F15000184490FBF1F301FB1301401A704770B59E
:10F16000049C00EB810502EB8306002C00DC70BDE3
:10F17000059A013C55F8041B56F8040BE9F798FB77
:10F18000F3E70B46D20101461846E9F791BB7047F9
:10F19000DFF834D0002103E00C4B5B5843500431BE
:10F1A0000B480C4B42189A42F6D30B4A02E000235C
:10F1B00042F8043B094B9A42F9D3ECF76FFE1AF080
:10F1C00045FCECF733FF704700000520345C040871
:10F1D00000000020780A0020800C002090670120A9
:10F1E000FEE78088704770B503680C46002105462D
:10F1F0005B6A984706462B682846A41B1B6AA4B284
:10F200009847B4FBF0F070BD00238380704710B5C1
:10F210000368044681885B6A9847A3880133A3800A
:10F2200010BD03685B6A184770470000024A02601D
:10F2300000228280704700BFC43F0408806A704784
:10F24000836A00202BB120B95A1A9B695042504161
:10F25000F8E77047002348618B61836A13B98162C4
:10F26000704713469A69002AFBD1996170470022C2
:10F27000836A23B199698162C3E90522F8E770477F
:10F280000023836270470022028042808280C28015
:10F29000704770B50D461646846A3CB12368204617
:10F2A000324629465B6D9847A469F6E770BD38B5CC
:10F2B0000D46846A34B12B68214628469B689847DE
:10F2C000A469F7E738BD704710B504462C2118F043
:10F2D0001DF8204610BD836A9BB18B4209D19A6903
:10F2E00000215961826202B97047996170471346E3
:10F2F0003AB19A698A42FAD18A699A610023C1E9CE
:10F300000533704710B4836A04462BB9036811466D
:10F310005DF8044B1B6E184741B9936182625461DA
:10F320005DF8044B704703460028F9D0994298696C
:10F33000F9D190618A61F2E72DE9F0411F4690F81A
:10F3400024300D46164603B13860846A14B394F82D
:10F350002530EBB1B4F904108D4219DB89B2238951
:10F360000B441BB29D4213DAB4F9062096420FDB20
:10F3700092B2638913441BB29E4209DA2368B21A1F
:10F38000691A2046D3F8248012B23B4609B2C0471E
:10F39000A469DBE7BDE8F0812DE9F04F6D4CA1B029
:10F3A000064624682A9D94F84990002403932C80F3
:10F3B0002B9D2C801C60CDE90112FFF7BDFFB9F138
:10F3C000030F40F3C18031460CA806F06BFCBDF979
:10F3D00030300693BDF932300793039BD3F800A079
:10F3E000BAF1000F00F0B380514610A806F05AFCA5
:10F3F0000220BDF94410019B069A91FBF0F19D1883
:10F40000BDF94030079A1944029B1344BDF94620C8
:10F410006D1ABDF9421092FBF0F20A449B1A5B434D
:10F4200005FB05354C4F10ACB9F10C0F0FCF0FC4D5
:10F430000FCF0FC40FCF0FC497E80F0084E80F0061
:10F440004FF00303D8BF09F1FF324FF00004CDF8AD
:10F450000090CCBF984692FBF3F8631C10AA04F00E
:10F4600001044FF0000B0893009B02EB441493FB44
:10F47000F8F304349BB20493049A54F8043C13FB4D
:10F4800002F3019A9BB299180593B6F9043009B2B8
:10F4900099424DDB328913441BB2994248DA049BEE
:10F4A000276817FB03F7029BBFB2FA18B6F90630BC
:10F4B00012B29A423CDB708903441BB29A4237DA9B
:10F4C000002330460B930BABFFF736FF0B9A7AB352
:10F4D00052452DD011460EA8099206F0E3FB4FF0DD
:10F4E000020EBDF93C10069ABDF93800019BBDF92A
:10F4F0003EC01344079A91FBFEF19CFBFEFC0144C5
:10F50000581A029BBDF93A101344099A8C44A3EB94
:10F510000C035B4300FB0033AB4208D20B991D4642
:10F52000039801602A99059808802B990F809246CC
:10F530000BF1010B0834BBF1040F9DD1009B089C1B
:10F540004B444445009388D121B0BDE8F08F4FF083
:10F55000FF3567E7385A012050F203082DE9F043E0
:10F56000B1F900708C88B0F900903C44A4B20FFA55
:10F5700084F8C1452FDA82884A4492B20FFA82FE9B
:10F58000774528DAB1F90250CB88B0F902602B44F4
:10F590001BB29E421FDAC38833449BB20FFA83FC2E
:10F5A000654518DA4F45B8BF4F46B542B8BF354636
:10F5B000F045D8BF2246D21B82804A88C98807807E
:10F5C0000A44458092B211B28C45A8BF13465B1B1A
:10F5D000C380BDE8F0830023038043808380C38021
:10F5E000F7E7B0F90430002B06DDB0F9060000287B
:10F5F000CCBF002001207047012070472DE9F04169
:10F60000002304468D6A038043808380C380002DDD
:10F6100040D0281DFFF7E5FF88B92046FFF7E1FF3E
:10F62000B5F90420B5F90630B5F908E0B5F90AC016
:10F6300038B122806380A4F804E0A4F806C0AD6964
:10F64000E5E7B4F90000B4F9021090420746B4F8B7
:10F6500004800E46A8BF174699427244B4F806E0EB
:10F66000A8BF1E4640447144634400B2278012B2D2
:10F67000668009B21BB29042ACBFC7EB0002C7EB79
:10F6800002029942ACBFC6EB0103C6EB0303A280A2
:10F69000E380D4E72046BDE8F0812DE9F34190F8FE
:10F6A000253083B3846A74B3B1F90050B1F90260B4
:10F6B000B1F90470B1F9068094F8253003B36846B7
:10F6C000211DADF80050ADF80260ADF80470ADF842
:10F6D0000680FFF743FF6846FFF783FF80B9BDF858
:10F6E00000306946A28820469B1AE288ADF80030B7
:10F6F000BDF802309B1AADF8023023689B6898472A
:10F70000A469002CD8D102B0BDE8F08173B590F89F
:10F7100025300D46164623B3846A14B394F8253079
:10F72000EBB128686B46696803C36846211DFFF783
:10F7300015FF6846FFF755FF88B9BDF800306946E8
:10F74000A28820469B1AE288ADF80030BDF802304E
:10F750009B1A3246ADF802302368DB6D9847A469E6
:10F76000DBE702B070BD036813B5D3F8A8400023EF
:10F77000CDE900336B46A04702B010BD012380F8ED
:10F780004B3080F86D307047012380F84B3080F8A3
:10F790006D307047436801225A72406803681B69E4
:10F7A0001847406803689B68184730B58BB00468F9
:10F7B0009DF8585009959DF8545008959DF8505063
:10F7C0000795BDF84C5006959DF8485005959DF855
:10F7D00044500495BDF840500395BDF83C50029547
:10F7E000BDF83850CDE900351346E46B0022A04740
:10F7F0000BB030BD044B1B7823B190F86E0080F045
:10F800000100704701207047345A012010B50446AA
:10F81000406803689B68984794F86D3013B10123E2
:10F8200084F86E3010BD10B50446EBF7AFFBECF773
:10F830008BFA60680368DB689847E06803689B6838
:10F840009847236820465B6FBDE81040184708B50D
:10F8500003680446D3F88030984723689B6F20469E
:10F860009847EBF7DFFB23681B6FF8E77FB503686A
:10F8700004465B4DD3F8B0309847002800F09580DF
:10F8800001200026ECF7C6F994F86A3084F84B6042
:10F8900084F86B3094F8793084F86A6033B1236867
:10F8A0002046D3F8C430984784F8796094F84A30F9
:10F8B0000126626883F001032E70537205F0B6F8DA
:10F8C00003685B6B984794F86B300BB984F86B60F6
:10F8D00005F0ACF803685B699847E06D03681B6945
:10F8E000984794F86B3094F86C20013BDBB284F8B5
:10F8F0006B300AB1002BEBD13A4A94F968101378B7
:10F9000001335BB29942137010DC0023E06802A956
:10F91000137003AA0368DB6898472368002850D057
:10F92000D3F8BC302046DDE9021298470023606915
:10F930008DF8073058B103680DF10701DB6898476F
:10F9400028B1E06D9DF807100368DB68984704F163
:10F950001C0016F0ADFC94F870300BB320690368FE
:10F960001B699847636F064603B96067636F1E4A59
:10F97000F31A934214D9206903689B699847636F0F
:10F980006422F31AB3FBF2F3B0FBF3F000281DDCA2
:10F9900084F86920206900210368DB69984766675D
:10F9A00005F044F803689B6B984723682046D3F81A
:10F9B000B43098470120ECF75DF900232B7004B0B8
:10F9C00070BDD3F8C03020469847AFE76328CBBF5F
:10F9D0000023C0F1640084F8693084F86900D9E735
:10F9E0003C5A01203D5A012000E1F50510B50446BE
:10F9F000EBF7FCFA002263689A7210BDC1651C30F7
:10FA000016F054BC30B587B0044604A8CDE9041202
:10FA100004F0F4FD049B06A903A8ADF80C30059B87
:10FA200021F80A3D04F03CFE94F86F1004F11C002C
:10FA3000BDF80C20BDF80E3089B1B4F864500093C5
:10FA40001346B4F860102A4616F040FC28B1BDF900
:10FA50000C302366BDF90E30636607B030BD16F07A
:10FA600075FC012384F86F30F1E710B5002B46D008
:10FA700081EA0200C40708D50B44013A8B423ED903
:10FA800012F8010F01F8010BF8E7D00742BF12F896
:10FA9000010B03F1FF3301F8010B012B11D981EAAE
:10FAA00002041046A40722D023F001040C448C4227
:10FAB000024604D91288023021F8022BF7E703F03E
:10FAC000010323F0030008448842144604D9246843
:10FAD000043241F8044BF7E703F00303013A0B4407
:10FAE0008B420CD912F8010F01F8010BF8E79007CF
:10FAF000E7D032F8020B023B21F8020BE1E70120CC
:10FB000010BD10B590F86F30044653B1B0F86430B2
:10FB10000121B0F860201C3016F018FC002384F896
:10FB20006F3010BD2DE9F04385B0044600209946A2
:10FB300004AD0F46904645F8040DA069066801958E
:10FB4000BDF8305000953568A847104D0646A5F819
:10FB50000090E9F725FE0368DB6A984728B1012881
:10FB60000BD0304605B0BDE8F0832B8808FB03724C
:10FB7000039BA3EB4203E363F3E72A88039B08FBA1
:10FB8000027202EB42029A1AE263EAE7305A01205B
:10FB9000F0B58BB0174604460E461D46E9F700FE49
:10FBA0000368DB6A98479DF8543007903146226815
:10FBB000CDE908030C4B20461B8806939DF8503076
:10FBC00005939DF84C300493BDF848300393BDF87D
:10FBD00044300293BDF84030CDE900533B46D56B2D
:10FBE0000022A8470BB0F0BD305A01202DE9F043A8
:10FBF000984603688BB01746DD6B0E46134B0446E0
:10FC0000B3F80090E9F7CCFD0368DB6A98479DF8EC
:10FC1000583000223146CDE9080302232046CDE9C1
:10FC20000693012305939DF854300493BDF850309A
:10FC30000393BDF84C300293BDF84830CDE9008302
:10FC40003B46A8470BB0BDE8F08300BF305A012007
:10FC50002DE9F0439846036887B00E469D6D174620
:10FC60000F4B0446B3F80090E9F79AFD0368DB6A8E
:10FC700098479DF844303A463146CDF80C90CDE98E
:10FC800004039DF8403020460293BDF83C300193B8
:10FC9000BDF8383000934346A84707B0BDE8F0836D
:10FCA000305A01202DE9F04F04468FB010460D4622
:10FCB00091461E4607F076FE002800F09D802368DE
:10FCC0002046DFF898B10DF138089B6A9847236801
:10FCD0002046DFF88CA1DB6A9847BBF800305C4F08
:10FCE0000193BAF8003028F81C9D404602933B88E7
:10FCF0000393584B1A880593049207F0E7FE388067
:10FD0000404607F017FF059B80B21880524B1B78C6
:10FD1000002B74D13B88AAF80000ABF800304846AD
:10FD2000D4E90F8707F03EFE0022C4E90F00114618
:10FD30002846B5F90490B5F906A0E9F743FA01237E
:10FD400095F825B085F82530B6F90430002B5CDD38
:10FD5000B6F90630002B58DD2A460AAB52F8040FDC
:10FD6000516803C331460AA8FFF7F8FB384B00215E
:10FD7000B3F90020374BADF834200AAAB3F90030AC
:10FD80000C91ADF8363008AB92E8030083E803002D
:10FD900018460CA9FFF7E2FBE36C002B3CD10020D6
:10FDA00084F8580000266B6908A92A68284605933C
:10FDB0006E6192689047059B524649466B612846A2
:10FDC00084F8586085F825B0E9F7FCF9019A234BCF
:10FDD00020461A80029A224B1A80039A1C4B1A80E2
:10FDE0001C4B049A1A802368C4E90F879B6A9847C2
:10FDF00023682046DB6A98470FB0BDE8F08F3B8848
:10FE0000ABF80000AAF8003089E72A460AAB52F89E
:10FE1000040F516803C3A9E707A807F0CDFF064602
:10FE2000E06C0368DB6A98478642B8D1E9F7B8FC12
:10FE30000368064607A85B6B059307F0BDFF059BAB
:10FE400001463046984780F00100C0B2A8E700BFE5
:10FE50002A5A01202C5A01202E5A0120305A012002
:10FE6000325A0120074B10B51B7804463BB103689A
:10FE70001B6B9847E36B834201D1206C10BDE06B94
:10FE8000FCE700BF345A01202DE9F0411D468AB03D
:10FE90004FF480639046BDF84C600024074606FB93
:10FEA000058504948DF82040CDE90131BDF840303E
:10FEB000ADF81830BDF84430ADF81A30BDF8483010
:10FEC000ADF81C30FFF7CEFF00EB45057868ADF8C4
:10FED0001E6001A905958DF822408DF821408DF80E
:10FEE00023408DF8244003685B6898470AB0BDE85A
:10FEF000F0812DE9F0438BB0002491461D46BDF8FA
:10FF000050604FF4006388460746049406FB05954D
:10FF1000CDE90134FFF7A6FFBDF8483000EB4505F9
:10FF20007868ADF8183001A9BDF84C300595ADF8EA
:10FF30001A30ADF81C40ADF81E60CDF81080ADF859
:10FF400020408DF822408DF823408DF8244003682E
:10FF50005B6898470BB0BDE8F08300002DE9F041E5
:10FF60008AB09846002306469DF85C509DF85000E4
:10FF70000B2D9DF854C0BDF858709DF86040049357
:10FF800037D180238DF8200030460392CDE901312E
:10FF9000BDF84430ADF81830BDF84830ADF81A302F
:10FFA000BDF84C30ADF81C30FFF75CFF0B2CBDF8F2
:10FFB0004020ADF81E7094BF194B00218DF82150E0
:10FFC00098BF195D02FB07838DF82240C91001FB21
:10FFD00003009DF8643001A905908DF823300023BB
:10FFE00070688DF8243003685B6898470AB0BDE8F4
:10FFF000F081022D09D1FF2805D1BCF1000F14BFFB
:020000040802F0
:1000000040232023BEE74023BCE7FF2805D1BCF1F5
:10001000000F14BF04230123B4E70423B2E700BF99
:10002000804004082DE9F04F8BB01D46002488461F
:100030009DF8589093469DF860600746B9F1FF0F10
:10004000BDF85CA0049414BF0823022305FB0AB585
:10005000CDE90134FFF706FF0B2E9DF8642001A9BE
:1000600098BF134BADF81EA098BF9C5DBDF85030F3
:10007000E410CDF81080ADF81830BDF8543004FB12
:1000800005047868ADF81A3000230594ADF81C30EB
:100090008DF820908DF823208DF824308DF8216084
:1000A0008DF8226003685B6898470BB0BDE8F08F5D
:1000B000804004082DE9F0411E460A4B0F46904649
:1000C0001D88E9F76DFB0368DB6A98470B2896BF2C
:1000D000054B00241C5C08FB0570E41004FB006069
:1000E000BDE8F081305A012080400408F0B58BB0A3
:1000F0001F4604461646BDF854300025CDE90131AF
:10010000BDF840300495ADF81830BDF84430ADF876
:100110001A30BDF84830ADF81C309DF850308DF8DD
:100120002030FFF79FFE3A46314603462046FFF750
:10013000C1FF0E4B05901B88ADF81E30E9F730FB70
:100140000368DB6A9847139B8DF8220001A98DF89C
:100150002100049360689DF858308DF824508DF884
:10016000233003685B6898470BB0F0BD305A01201C
:10017000F0B58DB0012504466B46039583E8060073
:100180000023BDF80060BDF80270069303681B6B86
:1001900098473A46314603462046FFF78BFF636C8B
:1001A00004900793BDF80430ADF82030BDF8063058
:1001B000ADF822300E4B1B88ADF82430ADF8263058
:1001C000E9F7EEFA0368DB6A9847FF238DF8290008
:1001D00003A98DF82A0060688DF828308DF82B501F
:1001E0008DF82C5003685B689847606C0DB0F0BDCB
:1001F000305A01202DE9F0418CB01E460023044600
:100200006D460693036885E806000125BDF8007079
:10021000BDF8028003951B6B98474246394603465A
:100220002046FFF747FFBDF804300490ADF82030BA
:10023000BDF806300796ADF82230104B1B88ADF89C
:100240002430129BADF82630E9F7AAFA0368DB6A7E
:100250009847FF238DF8290003A98DF82A006068CC
:100260008DF828308DF82B508DF82C5003685B6882
:10027000984730460CB0BDE8F08100BF305A0120ED
:10028000F0B585B0054602AC84E80600BDF808600C
:10029000BDF80A70FFF7E6FD314603463A462846A8
:1002A000FFF708FF054A2B6812880092DE6E0346AE
:1002B000284694E80600B04705B0F0BD305A01204A
:1002C00070B590F86E3004469BB10220EBF702FD4A
:1002D0000023204684F86E3084F86D302368D3F80C
:1002E000B850FFF7BFFD014620462B46BDE87040E1
:1002F000184770BD70B505460C46032049B1EBF7B1
:1003000089FC286968B1036801215B69BDE8704018
:100310001847EBF7AFFC286918B1036821465B6901
:10032000F4E770BD38B590F87B3004460D468B423B
:1003300006D0036829B9D3F8C830984784F87B50B1
:1003400038BDD3F8CC30F8E70D4B10B51B78044618
:100350005BB990F84830022B07D0406800F02CF9C8
:1003600018B16268537A002BFCD0EAF737FE2046BA
:100370000021FFF7D7FF2046FFF774FD10BD00BF37
:10038000345A012070B50446036819B99B6ABDE868
:1003900070401847002290F87B6080F87B209B6AB1
:1003A00098476368012105462046997284F87B606E
:1003B000FFF7B8FF284670BDD0E90320131A584252
:1003C00058417047D0E903239B1A002BDCBF826899
:1003D0009B18012BCCBF00200120704702694368A5
:1003E000242000FB0230704703681B691847012373
:1003F00070B503720446406803689B6998470368B8
:100400000546402B0CD010D8042B1DD004D8012B4E
:1004100006D0022B2CD070BD082B1DD0202BFAD17A
:1004200023682046DB6B984713E0B3F5007FF7D0D5
:1004300004D8802BF4D0B3F5807FF0E7B3F5806F5C
:10044000EED0B3F5006FE5E72368017F20469B6B94
:10045000984723681B6B06E02368017F20469B6B4F
:10046000984723685B6B29462046BDE870401847D3
:1004700023682046DB6B9847F3E770477047704767
:10048000D0E9033210B5D21A002ADCBF84681219F1
:10049000012A16DD4268242404FB032301F1200213
:1004A00051F8044B914243F8044BF9D10A781A7081
:1004B000C3688268BFF35B8F01339A42D8BF9B1A2F
:1004C000C36010BD03698268BFF35B8F01339A423A
:1004D000D8BF9B1A0361704770B504460E4660682A
:1004E00003685B6898470028F9D10D4D28680368B8
:1004F000DB6F9847EAF780FD28680121FFF712FFBC
:100500006068314603689B68984723682046DB6A29
:10051000984728680368BDE870409B6F184700BF84
:10052000385A012008B5EAF759FDBDE80840EAF756
:100530005DBD10B50446142116F0E8FE204610BD3E
:1005400010B50446406803681B68984748B9637A49
:100550003BB1237A2BB9236820465B6ABDE8104083
:10056000184710BD70B50446406803681B6898477B
:10057000054630B9237A23B1606803685B69984700
:100580002572606803681B68984728B9236820466D
:100590005B6ABDE870401847BDE87040EAF734BDBB
:1005A00010B582600022034CC0E90322C0E900417B
:1005B00010BD00BF94400408406803681B681847DA
:1005C0002DE9F04880FB0101214F1C461646A0FB97
:1005D00007BC9DF8185007FB01CCABFB0B010BFBD4
:1005E0000CF700FB0CF301EB47010BFB0133A0FB05
:1005F0000B01194414A3D3E90023E6F7ADFFF72E4E
:1006000090B29EBF02F00702B618F6B2FB2C9EBF56
:10061000C0F3C103E418E4B2F72D98BFC0F3421051
:100620004FEAC40498BF2D180A4804F4FC6400EA99
:10063000062098BFEDB2044344EAD50080B2BDE87D
:10064000F08800BFAFF30080778D7A79000000005A
:10065000A74BEC0000F8FFFF2DE9F04F01EB42043F
:1006600005462DED028B87B0417CBDF94890BDF960
:100670004C609DF850A0002900F09A80B0F9062047
:1006800090ED087A4A45C06825DBB5EEC07A40F6A1
:10069000FC72F1EE10FAC8BF0022825800214FEA26
:1006A00012282D7C5009C2F3C40C08F4784E04EBD8
:1006B000460700F4FC60002D44D0BAF1FF0F41D191
:1006C00061BB4EEA00004CEA0005BC4280F0148297
:1006D00024F8025BF9E7B5F908704F4508DCB5EE80
:1006E000C07A40F6FC72F1EE10FAD8BF0022D4E7CF
:1006F000A9EB0202B5EEC07A07EE902AF1EE10FAED
:10070000F8EEE77A67EE877AFDEEE77A17EE902A41
:10071000D8BF02F2FF3292008258C0E7D5B2C2F3CE
:10072000074A5FFA88F81E46BC4280F0E5813046F1
:1007300000954346524649460136FFF741FF24F8EB
:10074000020BF1E7120EFF2602FB0AF2531C03EB29
:100750002222121202FB0CF5DFF8B0C302FB0EF1ED
:100760005043D24302F0FF02BC4280F0C581B4F88E
:1007700000E00EEA0C030EF4FC680EF01F0E02FB04
:10078000031302FB080802FB0E5E93FBF6F398FBD3
:10079000F6F89EFBF6FE03EA0C0308F4FC680EF084
:1007A0001F0E43EA080343EA0E0324F8023BDBE78B
:1007B000827C002A4FD0B0F9062007EE902AF8EE8E
:1007C000E77A07EE103A1F46F8EEC76AF4EEE76ADA
:1007D000F1EE10FA00F29580B7EE007A40F6FC7167
:1007E000EA6895F810C037EE877A37EE667A06EE3B
:1007F000906AF8EEE66AB4EEE67AF1EE10FA4ABFD5
:10080000BDEEC77A02968DED027A95ED087AB5EEC7
:10081000C07AF1EE10FAC8BF0021525802994FEA8F
:10082000122B04EB410150090BF4784B0391C2F3F6
:10083000C40100F4FC60BCF1000F24D0BAF1FF0F3A
:1008400021D14BEA000B41EA0B01039A944255D2A5
:1008500024F8021BF9E707EE109AD0ED067AD0EDE6
:10086000056AB8EEC77A37EE677AC7EE267A90ED5A
:10087000087AB5EEC07AF1EE10FA44BF90ED077A2F
:1008800077EEC77A9DE7120EDFF880824FF0FF0EF9
:1008900002FB0AF202F1010C0CEB2222121250436D
:1008A000514302FB0BFBD243049002F0FF0205917F
:1008B00003998C4222D2208800F4FC6100EA080CE3
:1008C0000F46049902FB0CBC02FB07119CFBFEFCCB
:1008D00091FBFEF10CEA080C01F4FC614CEA010109
:1008E00000F01F0C059802FB0C0C9CFBFEFC0CF0AE
:1008F0001F0C41EA0C0124F8021BD9E7029A1A44A2
:1009000017461E4436B2BE4240F3F68095ED077A94
:1009100006EE907A37EE877AF8EEE66AB4EEE67A7B
:10092000F1EE10FA40F3B28006EE106A76EEE77A46
:100930009FED748AB8EEC66A2B7CB4EEC67A9FED42
:10094000726AF1EE10FAD6BFBDEEC77AB04617EE66
:10095000108A95ED087AB5EEC07AA8EB070704EB8C
:100960004707F1EE10FA38FE068AA7EE278ADBB1B8
:10097000BAF1FF0F18D1BC4262D2FDEEC87AEB6823
:10098000494617EE900A53F82020D3B20093C2F3E1
:100990000723C2F30742FFF713FE24F8020BD5ED3D
:1009A000087A38EE278AE6E7DFF860B14FF0FF09F2
:1009B000BC4245D2FDEEC87AEB68B4F800E017EE11
:1009C000902A53F82220130E0BEA122103FB0AF39C
:1009D00089B2581C00EB23200EEA0B0300126FEAC9
:1009E000000C5FFA8CFC0CFB03F300FB013191FB64
:1009F000F9F101EA0B0302935309C2F3C40203F4B1
:100A0000FC6319460EF4FC630EF01F0E0CFB03F39F
:100A10000CFB0EFC00FB0133029900FB02C093FBB0
:100A2000F9F390FBF9F003F4FC6300F01F001943A5
:100A3000014324F8021BD5ED087A38EE278AB7E780
:100A4000464559DDD5ED087A40F6FC73EA68A6EB19
:100A50000806F5EEC07A297C04EB4606F1EE10FAA2
:100A6000D8BF0023D258100AC2F3C407530900F4B8
:100A7000784003F4FC6359B1BAF1FF0F08D1184371
:100A80003843B44238D224F8020BFAE7B846D9E723
:100A9000120EDFF878C002FB0AF14A1C02EB212299
:100AA000121202FB07F5FF2750435343D24302F0D3
:100AB000FF02B44220D2B4F800E00EEA0C010EF4BA
:100AC000FC680EF01F0E02FB010102FB083802FB5E
:100AD0000E5E91FBF7F198FBF7F89EFBF7FE01EA3B
:100AE0000C0108F4FC680EF01F0E41EA080141EA0F
:100AF0000E0124F8021BDCE707B0BDEC028BBDE859
:100B0000F08F00BF00000000FEFF7F4400F8FFFFF1
:100B10007047704710B50446242116F0F7FB2046B5
:100B200010BD00004A09064BC16003EA112302F41C
:100B3000FC62C1F3C401134319430182704700BF33
:100B400000F8FFFFA0F10800ECE700BF08B5054B77
:100B500018680368D3F8A0309847431E584258419C
:100B600008BD00BF385A012070470838704730B4BC
:100B700001EB4204BDF90C50028A9DF81030294661
:100B80000292C268204630BCEAF794B9EAF772B91B
:100B900010B50446142116F0B9FB204610BDA0F193
:100BA0000800F5E70023C3840385438583858069B6
:100BB00010B103681B69184770470163704738B567
:100BC0000B0E04460D4683770368DB6B984703687A
:100BD00029469B689847236820461B6C9847A0616C
:100BE00038BD4177704730B50D4600F134040FCD64
:100BF0000FC40FCD0FC42B68236030BD38B5044639
:100C0000031D08680025496803C3136804F1340014
:100C1000C4F826305368A561C4F82A3005F0A4FA58
:100C2000FF2384F825506377A3774FF07E53236327
:100C3000012384F8243038BD2DE9F0412DED0A8BD5
:100C40000BEE101A0AEE903A86B00BEE902A7BEE6D
:100C50006A7A05469DED16AA179BF5EE407A19991A
:100C60009DED1ACADDED1BCAF1EE10FA9DF8706019
:100C70001D9F026812D17BEECA7AF5EE407AF1EE42
:100C800010FA0BD103F18043926A013B51F8231013
:100C900006B0BDEC0A8BBDE8F0411047FF2305F11B
:100CA00034082846AB77936B98471BEE903A04467E
:100CB0001BEE102A4146684605F011FB1AEE103A69
:100CC0001AEE902A414602A8DDED008ADDED019A78
:100CD00005F005FB9DED028A9DED039AF4EE488A2E
:100CE000F1EE10FAF4EE499A0CBF01230023F1EE65
:100CF00010FAF4EE488A63740CBF01230023F1EE6E
:100D000010FAA37423D0F4EE499AF1EE10FA1ED033
:100D10007AEECBAA41463AEE6BAA04A88AEE8C7A08
:100D2000CAEE2C7AECEE87BAA7EECCBA1BEE903A5C
:100D30001BEE102A05F0D3FA9DED047A37EE687A9F
:100D4000B5EE407AF1EE10FA21D10123A374637C51
:100D5000002B53D039EE697ADFED3E6AF4EEC99A82
:100D6000C6EE877AF1EE10FAC4ED087AFDEEC97A84
:100D700017EE903AFDEEE97A1AB217EE903A48BFB4
:100D800022811BB256BFE280E38023812EE0DDED9D
:100D9000056A76EEE96AC6EE877AF5EE407AC4ED2A
:100DA000057AF1EE10FA02D101236374CFE7B0EEB9
:100DB000697A39EE699A38EE688AA8EEE77A84EDA6
:100DC000067A89EE277A38EE478A9FED237AC7EEB6
:100DD000087A84ED078AB5EEC08AF1EE10FAC4ED08
:100DE000087A03D5B1EE488A84ED078AE760267455
:100DF000AC6106B0BDEC0A8BBDE8F081A37C002B92
:100E0000F4D038EE687ADFED136AF4EEC88AC6EEE5
:100E1000877AF1EE10FAC4ED087AFDEEC87A17EE83
:100E2000903AFDEEE87A1AB217EE903A48BF228166
:100E30001BB256BFE280E3802381B4F90620B4F9E7
:100E400008309B1A07EE903AF8EEE77AC4ED077A7D
:100E5000CCE700BFFEFF7F440000804430B5002592
:100E600004462DED028B85B09DED0B8ADDED0C8ADD
:100E700003950A9DCDED028A8DED018A009515F04E
:100E8000A5FDF0EE687A23682046FEEEED7A9B68B9
:100E900017EE902AF0EE487AFEEEED7A17EE901AF1
:100EA00005B0BDEC028BBDE83040184730B50025D9
:100EB00004462DED028B87B005950E9D9DED0F8AA2
:100EC00002950D9DDDED108A01950C9DCDED048AF6
:100ED0008DED038A009515F047FEF0EE687A2368E1
:100EE0002046FEEEED7A9B6817EE902AF0EE487AE7
:100EF000FEEEED7A17EE901A07B0BDEC028BBDE85E
:100F00003040184713B5134604460A46416F6846F9
:100F100005F0E5F9DDED017A2046B0EE677ADDED0A
:100F2000007ABEEEED7A17EE102AB0EE677ABEEECA
:100F3000ED7A17EE101A02B0BDE8104015F0A0BC13
:100F400013B5134604460A46416F684605F0C7F9D3
:100F5000DDED017A2046B0EE677ADDED007ABEEE77
:100F6000ED7A17EE102AB0EE677ABEEEED7A17EE44
:100F7000101A02B0BDE8104015F0CFBCF0B5002447
:100F8000079F4FF0010E2646DDE9050C63446345DB
:100F90002DD013F8015D062DF9D80EFA05F515F0E0
:100FA000660F0DD115F0100F17D12D07EFD50138B1
:100FB0001EB907EB80052D680D606CB90126E6E7C8
:100FC00026B907EB800353F8083C0B6024B907EB04
:100FD000800050F8043C1360F0BD01381CB907EBE9
:100FE000800424681460002EF6D10124CFE70EB9E6
:100FF00000230B60002CEFD10023ECE730B52DED82
:101000000A8B85B0B6EE00AA04460BEE901A0CEEE1
:10101000102A0AEE903A9DED12BA9DED139ADDED7D
:10102000149A159D7BEE298A3AEE898A68EE8A8A9F
:1010300028EE0A8A7CEE687A3BEEC87A67EEA77AD9
:10104000E7EE077A17EE900A17F0E8F806EE900A36
:10105000F5EE406AF1EE10FA2ED179EE6A7A39EEA9
:10106000CB7AB0EE6A8AF0EE4B8AA7EE8A8AE7EE78
:101070000A8AA7EE0A8AE7EECA8A022D2FDC01351A
:101080001AEE903A8DED00BA1CEE102A1BEE901A63
:1010900020460395B0EE68BACDED028AF0EE48AA7C
:1010A0008DED018AFFF7AAFF18EE902A18EE101AAC
:1010B0002046FFF745FFB5E738EE6B8AD4ED1F7A7F
:1010C00078EECC8A28EE277A68EEA77A87EE268A11
:1010D000C7EEA68A3BEE888A7CEE288ACDE718EE1A
:1010E000902A18EE101A2046FFF72AFF05B0BDEC33
:1010F0000A8B30BD10B52DED0A8B0AEE903A90F8B0
:10110000843084B00446022B0CEE101A09EE102A2B
:10111000DDED108A9DED11BADDED12BADDED139A09
:101120009DED14AA9DED158ADDED16CA2DD11BEE9D
:10113000902A1BEE101AFFF703FF7AEECBAA7AEE85
:101140006CCA78EEEB8A39EEC88A6AEEACAA28EE51
:10115000888AF4EEC8AAF1EE10FA10DB01238DEDB7
:1011600002AACDED019A19EE102A03931CEE101A73
:10117000CDED00BA1BEE103A2046FFF73FFF1AEE06
:10118000102A19EE901A204639E0012B3DD178EE55
:10119000EB5A79EEC86A7AEECB7A3AEE6C6A26EEB2
:1011A000E57AA7EE867AB5EE407AF1EE10FA2CD009
:1011B00028EE4A8A68EECB8AACEEA98AEAEEAB8AC0
:1011C00068EE677A28EE658AE6EEA87AA6EE288AA7
:1011D000C7EE876A88EE076A3CEE667A79EE467A51
:1011E00067EEA77AE7EE077A90ED207AB4EEE77A19
:1011F000F1EE10FA09DB16EE102A16EE901AFFF740
:101200009FFE04B0BDEC0A8B10BD1BEE902A1BEEB6
:10121000101A2046FFF794FEB1E7000010B52DED3F
:101220000C8B0AEE903A90F88530044609EE101ABD
:1012300009EE902A9DED0EBA33B9FFF781FE1BEE41
:10124000102A1AEE901A1DE0F6EE007A022B7AEEC2
:10125000C98A3BEE698A68EEA78A28EE278A17D1E9
:1012600079EEE87A17EE902A79EE087A17EE901A5E
:10127000FFF766FE7BEE687A17EE902A7AEE887AA0
:1012800017EE901A2046FFF75BFEBDEC0C8B10BDED
:10129000FFF756FEF0EE496ADFED637AB0EE697A49
:1012A000B1EE68AADFED61BAE8EEA76A2046A8EEC3
:1012B000277A9FED5FCADFED5FCA9FED5FDAF0EE40
:1012C000667AAAEE2B7AE8EE2B7A17EE102A17EE42
:1012D000901AFFF735FEF0EE496ADFED587AB0EE6E
:1012E000697A2046E8EEA76AA8EE277AF0EE667AD9
:1012F000AAEE0C7AE8EE0C7A17EE102A17EE901A86
:10130000FFF71EFEF0EE496ADFED4D7AB0EE697A26
:101310002046E8EEA76AA8EE277AF0EE667AAAEEF3
:101320002C7AE8EE2C7A17EE102A17EE901AFFF7B7
:1013300007FEF0EE496ADFED437AB0EE697A2046A7
:10134000E8EEA76AA8EE277AF0EE667AAAEE0D7AA2
:10135000E8EE0D7A17EE102A17EE901AFFF7F0FD5F
:1013600039EE887A79EE287A204637EE687A77EE79
:10137000887A17EE102A17EE901AFFF7E1FDF0EECB
:10138000496ADFED317AB0EE697A2046E8EEA76A65
:10139000A8EE277AF0EE667AAAEE0D7AE8EE0D7ADC
:1013A00017EE102A17EE901AFFF7CAFDF0EE496A01
:1013B000DFED267AB0EE697A2046E8EEA76AA8EE5D
:1013C000277AF0EE667AAAEE2C7AE8EE2C7A17EEFF
:1013D000102A17EE901AFFF7B3FDF0EE496ADFED21
:1013E0001C7AB0EE697A2046E8EEA76AA8EE277A62
:1013F000F0EE667AAAEE0C7AE8EE0C7A17EE102A76
:1014000017EE901AFFF79CFDDFED127A2046E8EE0A
:10141000279AA8EEA79AEAEE2B9AA8EE2B9A19EE35
:10142000902A19EE101A08E70AD7233D295C8F3E4F
:101430009A99193FCDCC4C3F8FC2753FCDCC4C3ED5
:10144000CDCCCC3EEC51383F0AD7A33FCDCCCC3FDE
:101450006666E63F48E1FA3F70B52DED068B0AEE71
:10146000102A90ED238A90ED229A0AEE901A3AEE15
:10147000488A88B03AEEC99A044668EE087AE9EEDE
:10148000097A17EE900A16F0C9FE07EE900AF5EEFB
:10149000C07AF1EE10FA36DD94ED1F7A002694F84A
:1014A0007850C7EE876AD4ED227A94ED237A84F8D7
:1014B0007960C8EE268A89EE268A77EEA89A78EEB9
:1014C000AA8A37EE489A3AEE488A05B3C4ED249AC0
:1014D00019EE102A84ED259A19EE901AC4ED268A89
:1014E000204684ED278AFFF70DFD84F87860C4ED6F
:1014F000289A84ED299AC4ED2A8A84ED2B8AC4EDBA
:1015000022AA84ED23AA08B0BDEC068B70BD94F826
:101510007A30D4F8A810D4F8AC204BB18DED009AF5
:1015200019EE903A2046FFF779FE84F87A50DEE70C
:10153000D4F8A4302046029217EE102A019117EE3B
:10154000901A00938DED068ACDED058A8DED049AF3
:10155000CDED039AD4F8A030FFF7CCFDC7E700002B
:1015600007EE902A07EE101AF8EEE76ADFED067A2A
:10157000B8EEC77A66EEA76A67EE277A16EE902A6B
:1015800017EE901AFFF768BF0000003D30B52DED53
:10159000028B90F8795083B004460DB3D0ED1F7ADA
:1015A00090ED238AD0F8881078EE678A38EE278A83
:1015B00018EE902AFFF7A6FCD4F8883018EE902A8F
:1015C000204619468DED008AFFF728FED4F88830B2
:1015D000CDED008A18EE102A19462046FFF71EFEB0
:1015E000284603B0BDEC028B30BD70B588B0044610
:1015F0000D461646FFF7CAFFF0B9D4F89C302046D6
:10160000324629460693D4F898300593D4F894309E
:101610000493D4F890300393D4F8AC300293D4F808
:10162000A8300193D4F8A4300093D4F8A030FFF789
:1016300061FD012008B070BD0020FBE7D0F89430B8
:1016400007B5D0F8AC200093D0F8A810D0F89030AF
:10165000FFF7E4FD03B05DF804FB00002DE9F04F57
:101660008BB01C46824615469DF858300DF128086F
:10167000179E069300230791089348F8043D069BA4
:10168000DDE9149786F87A30079B9D426BD9013DBE
:1016900019F80530062BF7D801A252F823F000BF45
:1016A000BF16020889160208BD160208DD160208D8
:1016B000DD160208E11602081F170208023C424626
:1016C00008A9504600942B46CDE90197FFF756FC38
:1016D000099A08993046FFF7BFFED5E7013CEEE7CF
:1016E000A4F1040B2B46424608A95046CDF800B0A1
:1016F000023CCDE90197FFF741FC099B07EB84040D
:1017000030460293089B019354F8043C009354F82C
:10171000083C62682168FFF7A1FB5C46B4E7A4F1CE
:10172000060B2B46424608A95046CDF800B0023CB5
:10173000CDE90197FFF722FC099B07EB84043046B3
:101740000493089B039354F80C3C029354F8103C08
:10175000019354F8043C009354F8083C62682168F3
:10176000FFF7A4FBD9E7069B13B13046FFF766FFEE
:101770000BB0BDE8F08F00BF07EE902A0368FEEEC5
:10178000ED7A9B6817EE902A07EE901AFEEEED7A3E
:1017900017EE901A18470000044B10B5044640F8A5
:1017A000143B00F0F1FD204610BD00BF7447040853
:1017B0002DE9F04FD0ED0C7AB9B005461E46F5EE96
:1017C000C07A09910B920024F1EE10FA40F24D819B
:1017D000FF23021D0CAF0093439B81690CA814F0FA
:1017E00003FFD5ED0C7AA24BB6EE007AF5EEC07A87
:1017F00001220C9305F13403D5ED086AF1EE10FADD
:1018000029934FF000038DF8A9206A7F48BFF1EEBD
:10181000677A8DF8A8308DF8AA308DF8743067EEAD
:10182000877AAB7F2E945A4395F8240026EEA77A48
:10183000CDED2B7A531C2F94309427EE267A03EBB0
:1018400012233194C3F30723329467EE277A33943B
:101850008DF8B63000233494CDED2C7A9A46DFED26
:10186000857A3594369417EE908A379417EE909ACD
:1018700095F825101C468DF8B4008DF8B510069328
:10188000CDED087ACDED077A0B9B534500F0CB8068
:101890000AF101030A93099B13F80A30062B3BD87F
:1018A000DFE803F0043D68758085A100069B9A453A
:1018B0002CD9089A38460799FFF7CEFD3846FFF72E
:1018C00065FE804610BB089A38460799FFF78DFEE3
:1018D0004FF00103DDED077A28468DF8A8308DF82A
:1018E000A930099BCDED2E7ADDED087A00932346D1
:1018F0000A9A06990196CDED2F7ACDE90287FFF776
:10190000ADFE089A07993846FFF76FFE0A9BDDF88F
:101910002080DDF81C900693DDF828A0B4E7069B34
:101920009A450FD93846FFF731FE58B9012303977E
:10193000524606992846CDE90163099B0093234648
:10194000FFF78CFE06EB8403CDF818A00234D3F821
:101950000090D3F804804FF00103CDF8B890CDF893
:10196000BC808DF8A8308DF8A930CDF82080CDF856
:101970001C90D1E706EB840338460234D3F800907C
:10198000D3F8048049464246FFF766FDC4E706EBFC
:101990008403D3F800904246494638460134FFF7A5
:1019A0005BFDB9E706EB8403D3F80080F3E7A300FF
:1019B00049463846043403F10C0A03F1080B33445A
:1019C000B244B344DAF800200292DBF8002001921E
:1019D0005A68009242461B68FFF740FADBF8009015
:1019E000DAF8008098E7A30049463846063403F148
:1019F000140A03F1100B3344B244B344DAF8002064
:101A00000492DBF800200392DA6802929A6801924D
:101A10005A68009242461B68FFF748FADBF80090CC
:101A2000DAF8008078E70B9B0CAF069A93420FD947
:101A30003846FFF7ABFD58B9012303970B9A2846A8
:101A40000699CDE90163099B00932346FFF706FE43
:101A50009DF8B610384614F05BFE04463846FFF792
:101A60009BFE204639B0BDE8F08F0124F9E700BFA6
:101A7000104104080000000010B50446FFF78CFE7A
:101A8000B021204615F042FC204610BD2DE9F04F54
:101A90009A46FF23814614468B46021D09F13407FE
:101AA00000252DED048BB1B02E4600933F9B81693C
:101AB00013A814F099FD99F81C30394609A85A1E4C
:101AC000534253418DF8903000231A4604F007FC2E
:101AD0000BEB04039DED098A0024DDED0A8A0793D0
:101AE000079B5B4500F0BE801BF8013B062BF7D837
:101AF000DFE803F00408273D5357820013A814F0D1
:101B0000E5FDEDE70AEB8403394609A81E685D6828
:101B100032462B4604F0E3FBDDED0A8A9DED098A8F
:101B200013A8F0EE687AFEEEED7A17EE902AF0EE4A
:101B3000487AFEEEED7A17EE901A14F0A1FE023408
:101B4000CEE70AEB8403394609A81E685D68324671
:101B50002B4604F0C4FB9DED098ADDED0A8A13A82B
:101B600018EE101A18EE902AFFF706FEE7E70AEBC8
:101B700084031E682B463246394609A804F0AFFBA1
:101B80009DED098ADDED0A8A13A818EE101A0134BA
:101B900018EE902AFFF7F0FDA2E70AEB84031D6818
:101BA000E8E7A21C39460FA804340AEB8202166843
:101BB000556852F8043C52F8082C04F090FB2B4670
:101BC000324639460BA804F08AFB109B9DED0B9A18
:101BD00018EE902ADDED0C9A18EE101A009313A857
:101BE000CDED029A8DED019A0F9BFFF737F9F0EEDC
:101BF000698AB0EE498A73E704F1040839460DA8F2
:101C000006340AEB8808D8F80060D8F8045058F871
:101C10000C3C58F8102C04F062FB58F8043C58F8BF
:101C2000082C39460FA804F05AFB2B463246394699
:101C300011A804F054FB109B9DED119A18EE902A08
:101C4000029318EE101A0F9B13A8DDED129A019360
:101C50000E9BCDED049A00938DED039A0D9BFFF73B
:101C600025F9C4E799F81D3013A899F81E105943B7
:101C70004B1C03EB1121C1F3072114F049FD064B66
:101C8000044618A8139300F07FFB204631B0BDEC4A
:101C9000048BBDE8F08F00BF7447040810B4047FC4
:101CA0001CB15DF8044BFFF7F1BE5DF8044BFFF784
:101CB0007FBD2DE9FF47914602460646884652F809
:101CC000260F9A4602AB02AF516803C3BDF90C3030
:101CD000002B2FDDBDF90E40002C2BDDBDF80A30A6
:101CE0001C44A4B225B2BDF90A30AB4222DA0C9BE7
:101CF0004A4601974146009330465346FFF7CEFFD0
:101D000040B9BDF90E30012B04D001335B10ADF8A2
:101D10000E30ECE7BDF80E20BDF80A3013449BB23C
:101D20001A44ADF80A3012B29542DCDAE31AADF883
:101D30000E30D8E704B0BDE8F08700007FB5036837
:101D40000D46044601469B6E02A8984728686968BC
:101D50006B4603C368461946FDF700FCA06A88B1CC
:101D60000368211DDB68984760B1BDF90430002B82
:101D700008DDBDF90650002D04DD2B4A12781AB19A
:101D8000012A29D004B070BDBDF802301D44ADB2A7
:101D90002EB2BDF90230B342F4DA23686946204618
:101DA000DB6E984740B9BDF90630012B04D00133F2
:101DB0005B10ADF80630F0E7BDF80620BDF8023044
:101DC00013449BB21A44ADF8023012B29642E0DAE4
:101DD000EB1AADF80630DCE7BDF800501D44ADB29B
:101DE0002EB2BDF90030B342CCDA236869462046F2
:101DF000DB6E984740B9BDF90430012B04D00133A4
:101E00005B10ADF80430F0E7BDF80420BDF80030F9
:101E100013449BB21A44ADF8003012B29642E0DA95
:101E2000EB1AADF80430DCE72E5A01201FB5036829
:101E30000446014668469B6E98470021B4F9082085
:101E40006846B4F90A30029102A9ADF80C20ADF849
:101E50000E30FDF783FB2368694620461B699847CF
:101E600004B010BD0121002280F825100A498280AB
:101E70000160FF21C280028142818281C28102828F
:101E80004282C2610284428480F8242080F82610B5
:101E90008262C0E9052270477041040800238380F4
:101EA000C3800380438091F82630FF2B01BF0B894C
:101EB00083804B89C380704737B504466B460868FA
:101EC000496803C3236869462046DB6A9847084B84
:101ED0001B6893F858200AB1D86C00B99868036859
:101EE0006946A26A1D6A94F82630A84703B030BD3F
:101EF000385A0120704710B504462C2115F006FA17
:101F0000204610BD90F826202AB190F8252012B165
:101F100003685B691847704790F82C00704770B5EC
:101F20000B8805460446C385138825F8303F2846AC
:101F300005F0CCFD0646284605F0FCFD2368054665
:101F4000314620469B6B9847236829462046DB6B29
:101F5000BDE87040184710B50446806A50B1036868
:101F6000DB68984730B1A06A21460368BDE810409D
:101F70009B68184710BD10B591F832300446FF2B0E
:101F800006D00023038043808380C380204610BD99
:101F900091F82C301BB1303105F000FEF6E72E3100
:101FA000FAE700002DE9F04190F82C308AB00446A1
:101FB0008846002B66D0038E05A8ADF8143005F0D6
:101FC00085FD074605A805F0B5FDB8F90060B8F82D
:101FD000042000233244069392B20FFA82FC9C45FF
:101FE00052DDB74250DDB8F90250B8F806302B4444
:101FF0009BB219B2002947DDA84245DD674526EAB4
:10200000E67625EAE575B8BFBAB28842ADF8186041
:10201000B8BF83B2921BADF81A505B1BADF81C2001
:10202000ADF81E30BDF814204FF6FF739A4226D04B
:10203000BDF91C30002B22DDBDF91E30002B1EDD4A
:10204000002308A92046CDE908332368DB6A9847B6
:102050000F4B1B6893F858200AB1D86C00B99868E8
:1020600001250168BDF92230029594F83240BDF98E
:102070002020019406AC00948C6805A9A0470AB002
:10208000BDE8F081C38D97E700230793CAE700BF3F
:10209000385A012090F832202AB190F8252012B148
:1020A00003685B6918477047704770B50B880D4629
:1020B0000446C384084605F009FD0646284605F097
:1020C00039FD23680546314620469B6B98472368B7
:1020D00029462046DB6BBDE87040184710B5044622
:1020E0002C2115F013F9204610BD10B591F82830B9
:1020F0000446FF2B06D00023038043808380C380E7
:10210000204610BD263105F049FDF9E790F828205A
:102110002AB190F8252012B103685B69184770470F
:102120002DE9F041044688B000250F4654F8263BBF
:1021300004A90646DB6ACDE904559847204605F018
:10214000C5FC8046204605F0F5FC069506ADADF8C9
:102150001E003946ADF81C802846FDF7FFF9BDF991
:102160001C30002B19DDBDF91E30002B15DD0C4B8A
:102170001B6893F858200AB1D86C00B998680127F9
:102180000168BDF91230029796F82860BDF9102059
:10219000CDE900568D682146A84708B0BDE8F0811A
:1021A000385A0120704710B50446482115F0AEF8A2
:1021B000204610BD2DE9F0438DB004460F46FFF7D1
:1021C000F1FE554A238F12889A4240F28280534D85
:1021D0002A6812F81320524B1B6853F82260002221
:1021E000B4F94630CDE9032294F84420032A11D8EB
:1021F000DFE802F002797289B4F90A20B4F9081014
:10220000D21A0220ADF81010ADF8123092FBF0F2A5
:10221000ADF80E200DF10C080DF1140998E803003B
:1022200089E8030039464846FDF798F9BDF91830AA
:10223000002B4EDDBDF91A30002B4ADDBDF81430FD
:102240004146BDF80C2020469B1ABDF80E20ADF883
:102250001430BDF816309B1AADF816302368DB6ACF
:10226000984794F82C30002B53D0226C218F2B6888
:1022700094F8320003EB410394F844405B780992F0
:10228000C3F30105C3F3810307968DF821300023C2
:102290008DF82050ADF828308DF82B308DF82C308B
:1022A000204B8DF822401B688DF82A0093F85820A7
:1022B0000AB1DC6C04B99C681B4B1868E7F758FF3F
:1022C00007AB0190204600934B4698E80600E7F7DD
:1022D00003FF0DB0BDE8F083B4F90A20B4F908108B
:1022E000D21A01328DE7B4F90820B4F90A10D21AD3
:1022F00001320220ADF81030ADF8121092FBF0F26E
:10230000ADF80C2086E7B4F90820B4F90A10D21A07
:10231000EFE7E26BAAE700BF945A0120905A012030
:10232000985A0120385A01209C5A0120012100228C
:1023300010B5134C80F8251080F824104FF6FF716B
:102340000460104C8280C280028142818281C281FD
:1023500002824282C26102844284826280F82C201E
:10236000C185018680F832104463018780F84420DB
:10237000A0F84620C0E90522C0E90F2210BD00BF29
:10238000BC420408DC020408704710B50446302142
:1023900014F0BCFF204610BD10B5044600F072FEDC
:1023A000E06000F075FEE368C008002247F6FF71A8
:1023B00023610138A2606060198059809A80DA80B8
:1023C000636A23F0010343F00203636210BD00005F
:1023D0000A4B10B50360002304464362C0E9013391
:1023E000C0E90333C0E90533C0E907336FF00043A8
:1023F000C0E90A33FFF7D0FF204610BD3043040880
:102400002DE9F04F93B056111C9C0593531104F025
:102410001F050393631104956511069302F01F03D2
:10242000AE4240F0F480049C059AA3424FEA621E3B
:10243000026925D1B2F900309E4503D1B2F90230CC
:102440009E4235D0D18893880B4310D0B2F9023028
:10245000002B0CDBC16A8B4209DAD0E901138B42F5
:1024600003F1010338BF0832836038BF026103699A
:10247000039AA3F800E05A8000229A80DA8017E0DD
:10248000059C4E1101F01F0CB2F8048004F01F04EB
:102490007645B2F806A00294049CA4EB03040AD18A
:1024A000029BA0449C44A2F8048004FB0CA4D480AA
:1024B00013B0BDE8F08F059D691A51BFCCF120051E
:1024C00004FB0CF4494200255DBF6C4320254FF00E
:1024D00001094FF0FF390195019F4E4494FBF1F53E
:1024E00001FB1544BC44002CBCBF05F1FF3564184A
:1024F000A84405FB0CACA2F80480A2F806C0D0F8F2
:1025000010C0BCF80680BCF8042058EA020211D0C2
:10251000BCF90280B8F1000F0CDBC26A904509DA01
:10252000D0E9012890453CBF0CF10802026108F196
:1025300001028260D0F810C00027BDF90C20B6451A
:10254000ACF800602B44ACF80220ACF80470ACF896
:1025500006704BD0049F641A4FF0000AFF1A3D44E6
:102560006D0195FBF1F801FB1855002DBCBF08F17A
:10257000FF386D1808F101070397D0F810C06419EF
:102580004E4454BF039F4746BCF804B058BF641A7A
:102590003B44BB44ACF804B0BCF806B00BEB471BA3
:1025A000ACF806B0D0F810C0BCF806B0BCF80470A7
:1025B0005BEA070711D0BCF902B0BBF1000F0CDBDE
:1025C000C76ABB4509DAD0E9017BBB453CBF0CF1CA
:1025D000080707610BF1010787600769B6453E8070
:1025E0007A80A7F804A0A7F806A0C6D1049AD31A47
:1025F00002699188D68819449180029901F1200CD2
:102600000199ACEB010C03FB0C63D38050E7059DF3
:10261000A21AA5EB01050292089540F12881039AC0
:10262000002AFFF645AF029A4FF0FF3452420B9456
:1026300000240292069A42EAE27206922A465A431D
:102640000194029C029D92FBF4F405FB1422002AE3
:102650000792BCBF521904F1FF340569B8BF079255
:1026600004EB0109019A4FEA69169A4240F0118180
:10267000B5F900309E4204D1B5F90230039A9A426E
:102680001BD0EA88AB88134310D0B5F90220002A8A
:102690000CDBC36A9A4209DAD0E901329A4202F1AC
:1026A000010238BF0835826038BF05610369039AAB
:1026B0001E805A8000229A80DA800B9B039A01695F
:1026C0001A44B1F90030B34203D1B1F902309A4251
:1026D0001AD0CC888B88234310D0B1F90240002C4B
:1026E0000CDBC36A9C4209DAD0E901349C4204F154
:1026F000010438BF0831846038BF016103690021DB
:102700001E805A809980D980069B934200F0828077
:10271000089B02995B01029C93FBF1F104FB1133CE
:102720000391002B089304DA4B1E0393089B234468
:102730000893079B4F46029900265B1A0793019B5B
:10274000C3F120030E930E99019B5B1A0A93DDE9F6
:1027500007315B1858BF0299079357BF5B1A03995B
:102760000793039B58BF591C002A89444FEA691AF2
:102770002EDBC36A93422BDD019C0569A0460E9CAB
:10278000B5F904C0A045B5F906E040F04C81B5F9B3
:102790000010514503D1B5F90210914218D05CEAFE
:1027A0000E010FD0B5F9021000290BDB8B4209DDB9
:1027B000D0E90131994201F1010138BF083581604A
:1027C00038BF05610369A3F800A05A809E80DE80AF
:1027D0000B9B01691A44CC888B88234310D0B1F934
:1027E0000240002C0CDBC36A9C4209DAD0E90134B8
:1027F0009C4204F1010438BF0831846038BF016194
:1028000003694F46A3F800A05A809E80DE80069B95
:1028100093429CD1019B0769C3F12006059B4FEAB7
:10282000631E049B9E4240F0C781B7F900309E456D
:1028300004D1B7F902309A423FF43AAEF988BB8826
:102840000B4310D0B7F90230002B0CDBC16A8B426E
:1028500009DAD0E901138B4203F1010338BF0837CD
:10286000836038BF07610369A3F800E003E6C26A2A
:10287000039CA242FFF61CAE069CA242089CBCBF71
:1028800001320692C3F12002624301240B942024FA
:10289000D6E64FEA611809F01F0201F01F01B5F8F2
:1028A00004E00C92B045019AB5F806A0A2EB030231
:1028B00008D10C9B96441944A5F804E002FB01A141
:1028C000E980FAE6002CC0F2A7800127C1F1200CB4
:1028D0000A97202702FB0CF20997099F92FBF4FC50
:1028E00004FB1C223944002ABCBF0CF1FF3C121926
:1028F0000CFB01A1E644E9800A99A5F804E008EB85
:1029000001050169B1F80680B1F804E058EA0E0744
:1029100010D0B1F902E0BEF1000F0BDBC76ABE4573
:1029200008DAD0E9017EBE453CBF083101610EF1F5
:102930000101816001694FF0000EBDF90C80AE42CB
:102940000D806344A1F80280A1F804E0A1F806E03C
:1029500053D00199121BC91A6144490191FBF4FE3D
:1029600004FB1E110029BCBF0EF1FF3E09190EF138
:1029700001070D97D0F810A052180A9F54BFDDF838
:1029800034C0F446BAF804B058BF121B63443D4447
:10299000E344AAF804B0BAF806B00BEB4C1BAAF853
:1029A00006B0D0F810C0BCF806B0BCF804A05BEAD2
:1029B0000A0714D0BCF902A0BAF1000F0FDBC76AF6
:1029C000BA450CDAD0E9017ABA450AF1010A38BFF2
:1029D0000CF1080CC0F808A038BFC0F810C0D0F83F
:1029E00010C04FF00007AE42ACF80050ACF80280C7
:1029F000ACF80470ACF80670BCD10469019A0C996B
:102A0000D31AA28820311A44A280099A891AE2882E
:102A100003FB0123E38050E64FF0FF374A43644253
:102A20000A97002758E74FEA671809F01F0307F0D5
:102A30001F071FFA8CFCD0450F931FFA8EFE0AD198
:102A40000A9B9C440F9B1F440A9BA5F804C003FBF0
:102A500007E7EF80BCE60029C0F2A6800A9CC7F118
:102A60002003634301240D9420240C9493FBF1F480
:102A700001FB143B0C9BBBF1000F1F440D9BBCBF23
:102A800004F1FF348B4404FB07E7A444EF80A5F86E
:102A900004C008EB0305D0F810C0BCF806E0BCF891
:102AA00004705EEA070311D0BCF902E0BEF1000F2A
:102AB0000CDBC76ABE4509DAD0E9017EBE453CBFE2
:102AC0000CF1080707610EF101078760076913B26F
:102AD000554510937B800E9B3D80BE8004EB030C1C
:102AE000FE8050D0019BA3EB0C07ABEB01033C44F1
:102AF0000993640194FBF1F801FB1844002CBCBF5E
:102B000008F1FF38641808F101071197099BD0F804
:102B100010E01B19BEF804B054BF119F474609933B
:102B200058BF5B1ABB44BC4458BF0993AEF804B00D
:102B3000BEF806B00BEB471B0D9FAEF806B03D4448
:102B4000D0F810E0BEF806B0BEF804705BEA0703E8
:102B500011D0BEF902B0BBF1000F0CDBC76ABB4558
:102B600009DAD0E9017BBB453CBF0EF108070761DC
:102B70000BF10107876007695545109B3D807B80FD
:102B8000BE80FE80C2D1019B0F9FA3EB0C0C03699A
:102B900020379988614499800C997F1AD9880CFB59
:102BA000071CA3F806C013E64FF0FF340A9B494206
:102BB0000D9400247B4358E705994FEA691B09F0FF
:102BC0001F0CB7F8048001F01F01F345B7F806A009
:102BD00002910499A1EB060408D1029BA0449C44F5
:102BE000A7F8048004FB0CA4FC8061E40599B1EB18
:102BF000090151BFCCF1200504FB0CF4494200252A
:102C00005DBF6C4320254FF001094FF0FF3901955E
:102C1000019B94FBF1F501FB15449C440BEB09036C
:102C2000002CBCBF05F1FF356418A84405FB0CACB3
:102C3000A7F80480A7F806C0D0F810C0BCF806803A
:102C4000BCF8047058EA070711D0BCF90280B8F14B
:102C5000000F0CDBC76AB84509DAD0E90178B8453E
:102C60003CBF0CF10807076108F10107876007699D
:102C70004FF0000C12B29E453B802E447A80A7F89C
:102C800004C0A7F806C04BD0049F641A4FF0000A96
:102C9000BF1B3D446D0195FBF1F801FB18556545DF
:102CA000BCBF08F1FF386D1808F101070397D0F891
:102CB00010C064194B4454BF039F4746BCF804B08E
:102CC00058BF641A3E44BB44ACF804B0BCF806B02C
:102CD0000BEB471BACF806B0D0F810C0BCF806B040
:102CE000BCF804705BEA070711D0BCF902B0BBF175
:102CF000000F0CDBC76ABB4509DAD0E9017BBB4595
:102D00003CBF0CF1080707610BF1010787600769F9
:102D10009E453B807A80A7F804A0A7F806A0C6D1FC
:102D2000049B9E1B03699A8832449A80029A02F19E
:102D3000200C019AACEB020CDA8806FB0C26DE8034
:102D4000FFF7B6BB436A9B07F7B50E46154611D58C
:102D5000D0E9051286EA010785EA02033B4309D060
:102D600033460095FFF74CFB436A43F00103C0E98B
:102D70000565436203B0F0BDF8B5436A15460446E5
:102D80000E469A0701D4FFF707FB636ADB0704D5F9
:102D90002046D4E90712FFF7D5FF236970116911A6
:102DA000B3F90020904203D1B3F9022091421AD026
:102DB000DF889A883A4310D0B3F90220002A0CDB4E
:102DC000E76ABA4209DAD4E90172BA4202F10102B1
:102DD00038BF0833A26038BF2361236900221880FE
:102DE00059809A80DA8066612562C4E90656F8BD8A
:102DF0002DE9F047D0B000EBC1016C4627460D1A13
:102E000000F10803482D40F3D5802D11B0F906C01C
:102E1000B0F9009000EBC502B0F90280B0F904E00F
:102E2000166806605668466020F83590A2F8028061
:102E3000A2F804E0A2F806C0A1F1080231F9065C8C
:102E4000B0F90AC0654506DB19D1B0F9086031F95F
:102E5000085CAE4213DD0E46B0F90890B0F90C8064
:102E600056F8085DB0F90EE01D6075685D6021F8E8
:102E7000089C21F806CC21F8048C21F802ECB0F96A
:102E80000260B0F90A50AE4206DB16D1B0F900C0BC
:102E9000B0F90850AC4510DA1D68B0F90080B0F9FF
:102EA00004E0B0F906C005605D68A0F808804560E0
:102EB0004681A0F80CE0A0F80EC031F9065CB0F92C
:102EC00002C0654506DB19D131F9086CB0F9005034
:102ED000AE4213DA0E46B0F90090B0F9048056F80D
:102EE000085DB0F906E005607568456021F8089C4A
:102EF00021F806CC21F8048C21F802EC0833B0F953
:102F000002C0B3F902E0E645F8DB05D1B3F9006091
:102F1000B0F90050AE42F1DB1546083AB2F9026052
:102F2000B445F9DB05D1B0F90080B2F90060B045D5
:102F3000F2DB9342A5F1080616D8D6F800C0B3F923
:102F400000A0B3F90490B3F90680C3F800C0D6F826
:102F500004C0C3F804C025F808AC25F806EC25F831
:102F6000049C25F8028CC9E7D6F800E0B0F900A06F
:102F7000B0F90490B0F90680C0F800E0D6F804E09B
:102F8000161AC0F804E025F808AC25F806CC25F898
:102F9000049C25F8028CCD1AED10B5EBE60FB5BFF9
:102FA000C4E90002C4E900310A4603460834184661
:102FB000114624E7994227D9A3F11002B2F912C0B1
:102FC000B2F90A50AC4506DB1CD1B2F91060B2F977
:102FD0000850AE4216DA1546B2F91090B2F91480D4
:102FE000083A55F8086FB2F91EE09661A8426E687B
:102FF000A2F81090D661A2F812C0A2F81480A2F82C
:1030000016E0DBD10833D5E7BC4203D954E902010D
:10301000083CF4E650B0BDE8F08710B5436A0446BA
:10302000DA0707D5D0E90712FFF78CFE436A23F0D1
:1030300001034362636A9B0721D52369D9889A8873
:103040000A4310D0B3F90220002A0CDBE16A8A425D
:1030500009DAD4E90112914202F1010288BF083372
:10306000A26088BF2361A16829B16368994202D830
:10307000E068FFF7BDFE636A23F002036362E06865
:1030800010BD0000014B1868704700BF405A012076
:10309000014B1868704700BF445A012010B50368FF
:1030A0000C46DB6A9847031B5842584110BD00008C
:1030B000014B1960704700BF485A01202DE9F04FBD
:1030C000964697B0054614460E461F460DF11C0C59
:1030D000BDF888809DF88C90BDF890A0BEE80F00E8
:1030E000ACE80F00DEF8003004F1140ECCF800302C
:1030F0000DF1300CBEE80F00ACE80F00DEF8003038
:1031000004F1280ECCF800300DF1440CBEE80F009D
:10311000ACE80F00DEF800303146219A2846CCF8A2
:1031200000302B680192209ACDF80880009207AAFF
:10313000CDE9039AD3F83CB03B46D847A6460DF1FB
:103140001C0CBEE80F00ACE80F00DEF8003004F104
:10315000280E3C34CCF800300DF1300CBEE80F00E6
:10316000ACE80F00DEF80030CCF800300DF1440C74
:103170000FCCACE80F00236831462846CCF800306D
:103180002B68CDE9039A219ACDF808800192209A04
:10319000009207AADC6B3B46A04717B0BDE8F08F52
:1031A0002DE9F04F99B08846D3F800C02299BDF8B8
:1031B000A0400F6892ED0D5AA7EB0C0792ED096A3B
:1031C000D2ED0B5ABC42D3ED072A2499A8BF3C4646
:1031D000DDF894A0B1F9009006EE904ABAF900101B
:1031E00009EB0C0ED3ED0A7AF8EEE66A93ED0D7A50
:1031F000714526EE866A66EEA55A66EE856AB7EEDA
:10320000005A37EEA54A77EE263A85EE223A72EE5C
:10321000864A67EE837A27EE037A40F3A280A1EB19
:103220000E0696FBF4F503EE105A002D04FB15660E
:10323000B8EEC33AE3EE064AA3EE254AE3EE263A99
:1032400012DD74EEC67A33EEE67AF5EE407AF1EEF0
:1032500010FA14BF85EE273AB0EE453A74EE657A5F
:1032600027EE037A67EE837A05FB04F2BF1A9444D3
:10327000BAF80420114409EB0C0209B23A448A421C
:10328000C4BFA1EB0902A2EB0C07002F66DD97FB80
:10329000F4F104FB11720AB90139224685EE243A91
:1032A00040689DF89CB0B644D0F800A00029CCBF7F
:1032B000A14691461790239804FB05E5B0EE471A06
:1032C000CDED146A1090F0EE671A2498CDED135AE4
:1032D000BEEEC81A8DED126AFEEEC81ACDF844B0E3
:1032E000B0F902B05B6917985B448DED097ACDEDBA
:1032F000087A64EE032A0F9323EE832A11EE103A24
:103300008DED0C3A32EEE75ACDED0A2A8DED0B2AFF
:10331000CDED033ABEEEC85A8DED024ACDED014A1D
:10332000009415EE107A32EE475A97FBF4F7BEEE92
:10333000C85ACDE90D8515EE10CA9CFBF4FC0CFBB8
:103340000633059311EE903ACDE9067C07FB06376C
:10335000A9EB06030497DAF80840A04719B0BDE8C6
:10336000F08F00252E4683E72DE9F04FDBB01D4698
:103370001446BDF898310F9129460A939DF89C3167
:1033800009900B93BDF8A031DDF894B11093036858
:103390005F6CDDE90A23B847099B5860002800F0FC
:1033A000A1832B68F2EE047A94ED027A14936B6891
:1033B000B4EEE77A1593C14B1978D5E902230029B9
:1033C00016BF194611461346F1EE10FA1691CDE9D3
:1033D000173240F2878394ED077AB4EEE77AF1EE84
:1033E00010FA40F27F8394ED0C7AB4EEE77AF1EEB6
:1033F00010FA40F277832268B14B9A42C0F272838E
:10340000B04963698A4200F36D8303F51C33AE480B
:10341000FF33834200F26683A36AAC4D03F51C338D
:10342000FF33AB4200F25E83626802F51C33FF3368
:10343000834200F25783A16901F51C33FF338342B5
:1034400000F25083E36A03F51C30FF30A84200F21B
:1034500049838A4280F210819A4200F3198199428D
:1034600080F21D8102250127A946B8464FF0000AC7
:10347000214649A804F062F82246534649A9CDF8EE
:10348000009019A804F08AF92246534649A9CDF8BC
:10349000008029A804F082F94346224649A9CDF8C4
:1034A000009039A804F07AF9AF4212AFB7BF0023F9
:1034B000012329AD19ACB1BF0E9319AD0E9329AC00
:1034C0000F9B93E8030087E8030028B9804B186836
:1034D00003689B6A98473860649BBBF80600B3F9A1
:1034E00002302F9A0C930C9963690B44BBF90210BC
:1034F000084400B283420D9080F2DD808B4208DAEE
:10350000002A06DDCB1A9A42C0F2E480002B00F3B9
:10351000E28067690DF150080C9B3B441F460D9BF0
:10352000DF1B9742A8BF1746002F40F36681649BBC
:103530002968B3F90020BBF9003011442068994292
:103540001ADDBBF8041002440B441BB29A4213DC90
:10355000109A12A9099B09981B6806920B9A00956C
:1035600005920A9ACDE903B2649ACDE9018249AA8B
:10357000D3F848902346C84794ED0A7AD4ED0B7AE5
:10358000D4ED0E6A37EE277AD4ED0D7AA16877EE86
:10359000A67A94ED086AD4ED076A84ED0A7A76EE8D
:1035A000866AC4ED0D7AD4E90023C4ED076A1A4493
:1035B0006369013322606361A369013BA3612369ED
:1035C0000B44E1688B42236115DB94ED096A0132FB
:1035D0005B1A76EE266A22602361C4ED076AD4ED99
:1035E0000C6A36EE877A84ED0A7A94ED0F7A77EEDC
:1035F000277AC4ED0D7A95ED0A7AD5ED0B7AD5EDE3
:103600000E6A37EE277AD5ED0D7AA96877EEA67A9D
:1036100095ED086AD5ED076A85ED0A7A76EE866A39
:10362000C5ED0D7AD5E90023C5ED076A1A446B692B
:1036300001332A606B61AB69013BAB612B690B44C1
:10364000E9688B422B6115DB95ED096A01325B1A43
:1036500076EE266A2A602B61C5ED076AD5ED0C6A05
:1036600036EE877A85ED0A7A95ED0F7A77EE277A2E
:10367000C5ED0D7A013F57E7994213DC9A4214DAFF
:10368000022503274FF00008A9464FF0010AEFE694
:1036900001250027A946B8464FF0020AE8E60125B1
:1036A0000227E1E600250127F4E7022703254FF072
:1036B0000009B846E9E7134628E700BF2E5A012063
:1036C000018FFDFF00710200FFE10400FEE1040034
:1036D000385A012013462B999E462E9F9C461191E5
:1036E0004FF00009DDED344A9DED337A9DED374A08
:1036F000DDED367ADDED313ADDED306A9DED325AA1
:10370000DDED355A9DED386ADDE9290ADDE92C81C8
:10371000BCF1000F47D103EB070CD71AB9F1000F2A
:1037200009D029908DED337ACDED367ACDED306A22
:103730002D91CDE92EC71B994FF00008DDED244AED
:103740001191DDED236A9DED274A9DED267ADDED91
:10375000213ADDED207A9DED225ADDED255A9DEDD1
:10376000286ADDE9190ADDE91EC7DDE91C91BEF111
:10377000000F31D0119E504476EEA46A314437EEEA
:10378000047A77EEA37A494508DB77EE857A013033
:1037900076EEA56AA1EB090137EE067A0EF1FF3E3F
:1037A0004FF00108E3E7119E504437EE247A31448C
:1037B00077EE847A76EEA36A414508DB76EE856A79
:1037C000013037EE257AA1EB080177EE867A0CF10D
:1037D000FF3C4FF001099BE79C44FF1AB8F1000F32
:1037E00009D01990CDED236A8DED267ACDED207AA2
:1037F0001D91CDE91EC7D21A8BE60E9B3F9A002B76
:1038000000F0D18019AD39AC649BBBF80600B3F968
:1038100002300C930C9963690B44BBF90210084405
:1038200000B283420D9080F2C1808B4208DA002AF8
:1038300006DDCB1A9A42C0F2BB80002B00F3B980A0
:1038400067690DF150080C9B3B441F460D9BDF1B25
:103850009742A8BF1746002F40F33C81649B29681C
:10386000B3F90020BBF900301144206899421ADDF9
:10387000BBF8041002440B441BB29A4213DC109AAA
:1038800012A9099B09981B6806920B9A009505924C
:103890000A9ACDE903B2649ACDE9018249AAD3F824
:1038A00048902346C84794ED0A7AD4ED0B7AD4EDBC
:1038B0000E6A37EE277AD4ED0D7AA16877EEA67AF4
:1038C00094ED086AD4ED076A84ED0A7A76EE866A8A
:1038D000C4ED0D7AD4E90023C4ED076A1A44636984
:1038E000013322606361A369013BA36123690B4437
:1038F000E1688B42236115DB94ED096A01325B1AA2
:1039000076EE266A22602361C4ED076AD4ED0C6A64
:1039100036EE877A84ED0A7A94ED0F7A77EE277A7D
:10392000C4ED0D7A95ED0A7AD5ED0B7AD5ED0E6AD8
:1039300037EE277AD5ED0D7AA96877EEA67A95ED60
:10394000086AD5ED076A85ED0A7A76EE866AC5EDD6
:103950000D7AD5E90023C5ED076A1A446B69013376
:103960002A606B61AB69013BAB612B690B44E96871
:103970008B422B6115DB95ED096A01325B1A76EEFD
:10398000266A2A602B61C5ED076AD5ED0C6A36EE12
:10399000877A85ED0A7A95ED0F7A77EE277AC5ED6D
:1039A0000D7A013F57E739AD19AC2DE7134644E7CF
:1039B00013463B9E9E46DDF8F8C01F469DED437AB8
:1039C0004FF00009DDED444ADDED467A9DED474AB2
:1039D000DDED406ADDED413A3D99DDF8F0809DED89
:1039E000425ADDED455A9DED486A0E96DDE9390AE9
:1039F000002F46D19C44D71AB9F1000F09D0399055
:103A00003D91CDED406A8DED437ACDED467ACDE91D
:103A10003EC71B994FF00008DDED244A0E91DDED05
:103A2000236A9DED274A9DED267ADDED213ADDEDF5
:103A3000207A9DED225ADDED255A9DED286ADDE9BB
:103A4000190ADDE91EC7DDE91C91BEF1000F30D077
:103A50000E9E504476EEA46A314437EE047A77EE37
:103A6000A37A494508DB77EE857A013076EEA56AC0
:103A7000A1EB090137EE067A0EF1FF3E4FF0010887
:103A8000E3E70E9E504437EE247A314477EE847A91
:103A900076EEA36A414508DB76EE856A013037EEA3
:103AA000257AA1EB080177EE867A013F4FF00109F4
:103AB0009EE79C44FF1AB8F1000F09D01990CDED94
:103AC000236A8DED267ACDED207A1D91CDE91EC7B2
:103AD000D21AB5E60F9B1B6823B9044B186803681C
:103AE000DB6A98475BB0BDE8F08F00BF385A012011
:103AF00070B50446002505989DF81C6061606382DE
:103B00009DF81010BDF91830258021726672E060B2
:103B10002282A382E58225836583A583E5832584AC
:103B200084F822502EB303685B699847064600B3B9
:103B3000E06831460368DB6898470546C8B1437BB7
:103B4000827A5B0003F4807313432384637A062B29
:103B50000FD1E0682A46314603685B6C98476B7B5F
:103B60005B0003F48072AB7A13431844238C18442F
:103B70002084204670BD2DE9F04F002485B0814699
:103B8000884692469B4627462546264654452ADACD
:103B9000002303934FF6FF639D4204D042F20B03D0
:103BA0009D4218BF2F4603AB42465946484603F094
:103BB000DBFA0546B8B10A2815D0039A8AB1507BC2
:103BC0003946937A4000958800F48070034340465C
:103BD0000193D8F800305B6C9847019B1844064469
:103BE000B6B20134D2E7304605B0BDE8F08F022A04
:103BF00030B511D0032A1CD0012A0CD18B88018842
:103C0000B0F904205B1A4488B0F906109B1A0480AE
:103C100081804380C28030BDCB8842889B1AC28895
:103C20009B1A8A8801884380521A8188521A02801E
:103C3000F1E7CB884188B0F906205B1AB0F9005053
:103C4000B0F904409B1A458082800380C480E2E77B
:103C50002DE9F04F9FB00F921293299A299B128859
:103C60009B882A9D13440E9028681BB217919DF8DB
:103C7000ACB0119303689DF8B8405B6D98472B6812
:103C800013901A7BDB7A15921693BDF9A060002C75
:103C900067D02B7C2D9A062B14BF012302231344DB
:103CA0004FF0000910934C46CDF83490CDF8309089
:103CB0000D9B109A934280F28B800023CDE91C3338
:103CC0008DF86F304FF6FF639C4206D00C9B42F29A
:103CD0000B02944218BF23460C930D9B2D992A6822
:103CE0008B4240DB136810465B699847044628689E
:103CF0001DAA214603689F680DF16F03B8471C9009
:103D00004FF6FF639C4200F0EB8042F20B039C42B3
:103D100000F0E680002C00F00D810A2C5ED01C9A89
:103D20006AB39488BBF1000F3AD092F80D90BBF1C2
:103D3000010F4FEA490909F4807392F80A9049EAA1
:103D4000030933D10C9BA6EB0906002B4DD1159A24
:103D500009EB06031344299AB2F9002093424EDA84
:103D600036E02D9B9CE70DF16F0359462C9801938B
:103D70001DAB00931CAB03F040FA0446C0E7286873
:103D800003681B6998474FF6FF63984200F0A880CC
:103D900042F20B03984200F0A380BBF1000F00D168
:103DA0004E441C9A002AC0D1914699E00C9B002BEE
:103DB00000F0C280BBF1000F17D128680C9903688E
:103DC0005B6C98470644169B119AF31A934216DDD2
:103DD000002C00F0AF800A2C40F09D800A24B4FA39
:103DE00084F040091FB0BDE8F08F28680C99036883
:103DF0005B6C9847BBF1010FA6EB0006A7D01C989F
:103E0000299B90F90910B3F90080437B31445B0191
:103E100003F48072837913430B44434560DB119BA9
:103E200099425DDA2868B0450368CCBFA8EB060864
:103E30004FF000081B6BC8BF1FFA88F898471C9A00
:103E4000537BD90001F48077117A39435F06129FC2
:103E500048BFA1F50071074448BF09B27F1A2999EC
:103E6000BFB2B1F902100FFA87FA51453CDD1B01D0
:103E7000D07903F4807303439A44514530DCCF1B5F
:103E80008A463FB21992139A1D9B2868002A2DD1A9
:103E90001893BFB20E9B1968CB6C01681493096C20
:103EA0008847A979189B0B91A97B199A0A919DF8CB
:103EB0006F100991A9680693299B05920493CDF888
:103EC00004A0CDE90287B044149F0FFA88F3009351
:103ED0000F9BCDE9070117991A680E985B68B847E0
:103EE0000D9B01330D93E3E60027CBE70E9AD2F842
:103EF00008C0129ADCF80010CDE90462AA79039296
:103F0000AA7B0292AA68CDE90002299A60468F68CE
:103F10000F99B847E4E70D9D01352D9B9D42BFF6F3
:103F20005EAF59462C98E6F793F8044610B10A287C
:103F3000F2D153E7002452E7BBF1000F3FF443AF47
:103F40005DE730B5C48A458B43832C44E41A838BE8
:103F5000C482048B22440C44591AC2830483818393
:103F600030BD2DE9F04F0446478AC06885B003682C
:103F70009B6B9847B4F91460637A06EB4006013BEB
:103F8000B742ACBF4FF000094FF00109052B04D830
:103F9000DFE803F054080F474C4C0025A9462E4695
:103FA0002F460EE0B7424FF00005B4BF00260126B1
:103FB000F6E7B7424D464FF00009B4BF0026012690
:103FC0004F464FF00008A4F81680A4F81880CDF8EA
:103FD0000480002303932388202B33D042F20B016B
:103FE0005A1AD2F1000A4AEB020A4FF6FF629342D4
:103FF00008D08B42019A0EBF4FF0010A1A464FF0CB
:10400000000A019203ABE268217A606803F0ACF821
:104010002080D8B9A28B002311462046FFF791FFDC
:104020006EE000250127A9462E46CAE7B7424FF0A9
:104030000005B4BF002701272E46C2E70025012650
:10404000A946ADE701934FF0010ADBE7638B0A282D
:1040500003F101036383DDD0039A62BB4FF6FF6374
:10406000984203D042F20B039842B2D12388A18B2D
:10407000202B03D042F20B00834231D1BAF1000F62
:104080000ABF8846504601200A44238BB4F810C06A
:1040900092B2A2831344B9F1000F02D1002D42D095
:1040A00000B3218C19448C4537DAE18A002934D0D9
:1040B00063458EDD1DE093880199238092F80DB051
:1040C0004FEA4B0B0BF4807092F80AB04BEA000BEE
:1040D000E06803685B6C98470BEB000292B2C5E79F
:1040E0000020D1E763457FF774AFE38A002B3FF4EC
:1040F00070AF0123228C84F82230E38B1344E383D6
:10410000E06803689B6B9847B4F914301844638ADD
:10411000181A608205B0BDE8F08F002311462046D2
:10412000FFF70FFF55E7634514DD17B101230A467A
:1041300072E7002E3FF44DAF00287FF44AAFBAF18A
:10414000000F02D00123424667E7E38A002B3FF4C9
:1041500040AFD5E700287FF43CAFBAF1000F3FF441
:1041600038AF01234246DAE72DE9F04FE3B01C46B1
:10417000834688466C9B002B00F012812368002B3D
:1041800000F00E81A37B002B00F00A810AAD1068BD
:1041900051682B46B8F9042003C30021B8F9063052
:1041A000ADF8342028460C910CA9A279ADF8363030
:1041B000FFF71DFD0CA9A2790846FFF718FD17A807
:1041C00002F05CFC20680368DB6C984706462068B8
:1041D00003681B6D984733466D9A6C99009017A839
:1041E00002F09FFC206894F804A003689B6B98473A
:1041F000B4F90C6023680746064430A893F8099088
:1042000002F03CFC237C7BB120680368DB6C9847A0
:10421000099020680268126D9047099B009030A8B1
:104220006D9A6C9902F07DFCBDF834100EA8E27B0B
:10423000BDF836308A1A217C039192B2B4F90C1081
:104240000291216801916179009130A9FFF750FC3A
:10425000002E5BDC17AF4FF00009237C002B00F031
:10426000B1800EA8FFF77DFEBAF1000F00F0A58027
:10427000237C6422394649A80993E4F719FB099B7A
:10428000002B00F0A780BDF956302279012A40F0BA
:104290008A80BDF93400C01A022390FBF3F000B20B
:1042A000237C002B00F08B80BDF84E209DF85A1027
:1042B000BDF93230CDE90521BDF830200021104490
:1042C000424600B2CDE9039700905846CDE901542B
:1042D000FFF7BEFC002863D1B2B2BDF83230BDF8A2
:1042E000361013448A1A1BB2ADF836209DF85A20B6
:1042F000ADF83230002A53D122686988127A9B1AAD
:10430000EA880A4412B29342A7DD49E0237C4F4475
:10431000C3B14FF6FF79BDF93230B5F902203B4405
:10432000934297DA0EA8FFF71CFEBDF84E30013B12
:104330009BB24B45099321D0617917A8E5F788FE18
:10434000099BF4E71FFA86F9BDF93230B5F902206E
:104350003B449342BFF67EAF17A802F0D1FFF8B1FD
:104360000A28F1D1BDF832304B44ADF83230BDF8F7
:104370003630A3EB0903ADF83630E5E7B3B2BDF84C
:1043800032201A44ADF83220BDF83620D31AADF8E9
:104390003630BDF838301BB19DF85A30002BBAD0FA
:1043A00063B0BDE8F08F022A05D1E27BBDF834008E
:1043B000801AC01A73E7002072E7E07B70E747F6C7
:1043C000FF7273E7BAF1000FF7D06422394649A8AB
:1043D000E4F76EFA002347F6FF72216849A8FFF759
:1043E000CAFB03B251E7032B18D8DFE803F002063B
:1043F0000D13B0F9002050187047038880881844C6
:1044000000B2801A0138704703888088184400B2CF
:10441000401AF7E7B0F900001044704700207047D9
:10442000032B17D8DFE803F002060910B0F90210D9
:1044300050187047B0F90220FAE74388C088184442
:1044400000B2801A013870474388C088184400B20F
:10445000401AF7E700207047014B00221A607047AE
:10446000485A01200346C8B1020C1204A2B9030441
:10447000102013F07F4F04BF1B02083013F0704F61
:1044800004BF1B01043013F0404F04BF9B000230F7
:10449000002B04DB013070470020EAE72020704742
:1044A0002DE9F04F87B00D46164698460146DDE9E6
:1044B000104720B11AB11F2D01D81F2B04D900209D
:1044C000386007B0BDE8F08F7DB943B102462B4696
:1044D00041463046CDE90047FFF7E2FFF1E74FF0F4
:1044E000FF336FF000403B60EBE732FA05FA06D18C
:1044F0004643B6FBF4F004FB10663E60E1E70122A0
:1045000000FA05FBAA40BBFBF4F9013A0AFB09F3E8
:1045100004FB19B9164003933046FFF7A3FF2B465F
:104520000A4601463046CDE90047FFF7B9FF064687
:10453000484605EB0801FFF795FF05AB4A46CDE974
:10454000004303465046FFF7ABFF3968059A039BCB
:104550001144B1FBF4F2D31804FB12141E443C6066
:104560003044AEE72DE9F04385B0B0F100091D46B7
:1045700017460C9CBBBFC9F100094FF0FF3601265E
:104580002368BCBF5B422360002A04DA23685742D9
:1045900076425B422360002D3846BABF6D424FF031
:1045A000FF384FF00108FFF75DFF03AB3A46CDE956
:1045B000005303464846FFF773FF2368039A4645B6
:1045C0001A4492FBF5F3184405FB132318BF40422D
:1045D000721C236005D1002BC3F100020BDB2260AB
:1045E00006E0012E04D1002B02DA2B4401382360AF
:1045F00005B0BDE8F0830138521BF0E72DE9FF411B
:104600001C4C05460768A3692BB94068C5E90070D2
:1046100004B0BDE8F0814FF00208A26804AE206843
:1046200093FBF8F10A44E16946F8042D3A460096F6
:10463000FFF798FFA36907466A68216A00966068D9
:10464000FFF790FFA36962690744616A0096E0681A
:1046500093FBF8F8424403922A68FFF783FF8046F1
:104660000096A3696A68A16A2069FFF77BFF40444E
:10467000CCE700BF4C5A0120074B1B78012B09D116
:10468000B1F90030B0F900200380044B1B88013BD6
:104690009B1A0B80704700BF2E5A01202A5A012016
:1046A000074B10B51B78012B08D1064B0C881B88D3
:1046B000B0F90020013B1B1B03800A8010BD00BF26
:1046C0002E5A01202A5A01200A4B10B51B78012BC3
:1046D0000ED1B0F906104388B0F90040CA18064B55
:1046E00044801B889B1A0380B0F904308180C3800A
:1046F00010BD00BF2E5A01202A5A0120084B1B78FA
:10470000012B0CD10388B0F90410428802805A189A
:10471000044B1B889B1A4380C388C18083807047E9
:104720002E5A01202A5A0120074B10B51B78012B65
:1047300008D1B1F90030B0F9004003809388013B03
:104740001B1B0B8010BD00BF2E5A01200A4B0A46CE
:1047500010B51B78012B0DD1818803880B440146CD
:10476000013B21F8023BFFF7DFFFB0F90430C288BC
:10477000C380828010BD00BF2E5A0120064B00214D
:10478000B3F90020054BC0F83011B3F90030A0F8A0
:104790003421A0F8363170472A5A01202C5A0120C2
:1047A000034B186810B103689B691847704700BF36
:1047B0007C5A012070470000094B07B5B3F900206F
:1047C0000021084B00916946B3F90030ADF8042090
:1047D000ADF8063003689B6C984703B05DF804FBA6
:1047E0002A5A01202C5A0120094B82B00021B3F92A
:1047F0000020084BADF8042002AAB3F90030009164
:10480000ADF80630036812E906001B6C02B01847C9
:104810002A5A01202C5A0120034B186810B1036852
:10482000DB691847704700BF7C5A0120034B1868AA
:1048300010B103681B6A1847704700BF7C5A0120FB
:104840000023A0F8EC307047034B186810B10368E0
:104850009B6A1847704700BF7C5A0120704710B50B
:1048600004464FF49E7112F051FD204610BD10B564
:10487000B1F900408A88B0F90030224412B2934264
:1048800015DA828813441BB29C4210DAB1F9023067
:10489000C988B0F90220194409B28A4207DAC088EF
:1048A000104400B28342ACBF0020012010BD0020A4
:1048B000FCE7B0F90030002B10B504DA84882344FB
:1048C000838000230380B0F90040B0F90430091B55
:1048D0008B42B0F90230C8BF8180002B04DAC18856
:1048E0000B44C38000234380B0F90210B0F90630B6
:1048F000521A9342C8BFC28010BD0000104B10B5C1
:104900000C46B3F900200F4B2046B3F90010FFF717
:10491000D0FF0D4B186890B1036821469B689847FB
:104920000A4B186818B1036821469B689847084BE2
:10493000214618680368BDE81040DB69184710BDC0
:104940002C5A01202A5A01207C5A0120785A012031
:10495000385A0120F8B5064608460F46FAF741FED8
:10496000E8B9B7F90050B6F90040A54217DBB7F92E
:104970000220B6F902309A4211DBB9880D44B188A1
:104980000C442DB224B2A54209DCF8881044F28808
:10499000134400B21BB29842CCBF00200120F8BDE6
:1049A000F8B5044608460D46FAF71BFE78B92046CE
:1049B000FAF717FEB5F9006050B12680B5F902305C
:1049C0006380B5F90430A380B5F90630E380F8BD03
:1049D000B4F90010B5F90220B142B4F90230B5F8CB
:1049E00004C00F46ED88A8BF374693421846664478
:1049F000B4F804C0A8BF10462A44E588614436B222
:104A000027802B4409B212B260801BB28E42ACBF29
:104A1000C7EB0601C7EB01019A42ACBFC0EB020233
:104A2000C0EB0302A180E280D1E70000014B1868CF
:104A3000704700BF8C5A0120F8B5104B05461B7813
:104A4000D3B10F4B00F1EE060E4F1C88B5F82E3196
:104A5000A3420ED93B6893F858200AB1D86C00B92C
:104A60009868036806EBC4010134DB699847A4B277
:104A7000ECE70023A5F82E31F8BD00BF345A012021
:104A800044000020385A0120002310B5A0F8A430BB
:104A90000446B0F88030A0F8A630B4F8A430B4F8DA
:104AA000A6209A420ED9E21892F8842022B154F836
:104AB000230003681B6D9847B4F8A4300133A4F8B1
:104AC000A430EAE710BD002300F18402A43020F8EE
:104AD000243C02F8013B8242FBD1704770B50B4C7D
:104AE00005460E46206810B103685B699847281D8B
:104AF000FFF7E9FF266033683046DB6898472B688C
:104B000028465B6CBDE87040184700BF7C5A012006
:104B10000023B0F880C0B0F8A4101A46F0B51C46C7
:104B20001D469C451ADDC61896F884606EB19A42FF
:104B300008D050F823701FFA82FE40F82E708718B4
:104B400087F8846001320133EBE79942B0F8A66040
:104B5000A8BF01359E42C8BF0134F4E7B0F8A630C3
:104B6000491B1B1BA0F8A410A0F8A630B0F8803099
:104B7000934203DD013BA0F88030F7E7F0BD000071
:104B800070B5164D0446286840B1037A33B984F8ED
:104B9000383103689B68BDE87040184794F8383195
:104BA0000F4E73B968B1037A5BB1306810B1036816
:104BB0001B69984728680368DB689847012384F8D5
:104BC000383104342046FFF75FFF2046FFF7A0FF8F
:104BD000306810B103685B6ADDE770BD805A012060
:104BE0007C5A0120034600F1400100221A8008335C
:104BF00023F8062C23F8042C23F8022C8B42F5D141
:104C0000A0F8402070470000F8B51D4B064604464A
:104C1000002546F8043BA8220021304615F08CFA06
:104C2000A4F8845004F1AC00164FFFF7DBFF04F149
:104C3000EE00FFF7D7FFA4F83051A4F83251A4F8E2
:104C40003451A4F8365184F838510F490F4811F007
:104C5000BBFA0F4B58B11D8000230E4A304613603B
:104C60000D4A3B601360FFF72EFF2046F8BD4FF45E
:104C7000806202201A80386001F086FDECE700BFF8
:104C8000404304087C5A0120CDB5E8B5C2A507F41D
:104C9000440000208C5A0120805A0120B0F8403096
:104CA000013B9BB28B42A0F8403010B508D900EB15
:104CB000C30300EBC1041A6840F831205A686260EF
:104CC00010BD00002DE9F04F8FB08F4B83460AAC2A
:104CD00084E80600B3F9002020468C4BB3F900109D
:104CE000FFF7E7FD2046FAF77CFC00286AD1039421
:104CF000BBF8EC400BF1AC030BEBC4050193A435FE
:104D00005CB129460398FFF725FE013C18B1A1B21A
:104D10000198FFF7C3FF083DF2E7BBF8ECA00AF1EA
:104D2000FF33CDF810A002934FEACA0303F1A404A5
:104D300006935C4400252646CDF814A02F46059B1B
:104D4000002B73D003993046FFF791FD50B3BDF9A6
:104D500028E0B6F900C0BDF92A80E645B6F9029010
:104D600033DBBDF82C20B3887244634412B21BB20B
:104D70009A422ADC1FFA89F2F388C845BDF82E1042
:104D800013441FFA88FC9BB20FFA83FE0FDBA3EBE0
:104D90000C03C91A09B20029ADF82E1012DDADF8C6
:104DA0002AE00546059B083E013B0593C7E76144A1
:104DB00009B2714538DCA2EB0C0212B2ADF82E201C
:104DC000002AEEDC0FB0BDE8F08FC8452CDBF3887D
:104DD0009944BDF82E3098440FFA89F90FFA88F8F3
:104DE000C14521DB1FFA8CF2B388E645BDF82C10D3
:104DF00013441FFA8EF89BB20FFA83F90ADBA3EB78
:104E00000803C91A09B20029ADF82C10DADDADF893
:104E10002890C6E7414409B2494505DCA2EB0802E7
:104E200012B2ADF82C20CBE70746BBE7002D81D1AD
:104E3000002F00F0DD81BDF92860BDF92A70B3B202
:104E4000BDF82EA00593059ABDF82C301344BAB2D4
:104E500092449BB21FFA8AFA0FFA83F80FFA8AF982
:104E6000CDE90723049B002B52D003992046FFF77E
:104E7000FEFCDDE90723C0B1B4F900E0B4F902108B
:104E8000764522DCB4F804C0F4440FFA8CFCE0450B
:104E90001BDB8F421FFA81FCE1880DDCAAEB0C0CB6
:104EA000A4F80290A1EB0C01E18028460499083C8B
:104EB000054601390491D3E7614409B24945F5DC5F
:104EC000A2EB0C0CA4F806C0EFE78F42EEDCB4F8BE
:104ED00006C0614409B28945E8DB76451FFA8EFCBD
:104EE000A18807DCA3EB0C0CA4F80080A1EB0C015B
:104EF000A180DAE7614409B28845D7DB0599A1EBC7
:104F00000C0CA4F804C0D0E72C5A01202A5A012026
:104F1000002D00F06D81069B5B441C46029B013313
:104F200000F0668104F1A40503982946FFF712FDFD
:104F300020B1BDF808100198FFF7B0FE039928468C
:104F4000FFF795FC002800F09C80B4F9A490B4F918
:104F5000A8301FFA89F1BDF92800099301EB030C71
:104F600083B24845BDF92AE01FFA8CFABDF82CC07F
:104F7000B4F9A62003EB0C05ADB20595BDF91450AC
:104F80000495BBF8EC5040F399805B1A96450FFAF4
:104F90008AF09BB21EB22EDD029F1FFA8EFE92B2E5
:104FA000BDF82E400BEBC708049FAEEB0201A644F0
:104FB0003F1AB8F8B20089B202440FFA8EFE0DB261
:104FC00012B26F43AEEB02027243974209DBB8F8AC
:104FD000AC20A8F8B2509C44ADF82820ADF82CC005
:104FE00086E62144B8F8AE30A8F8B060ADF82E10CF
:104FF000ADF82A307CE6049FB84227DA02993F1ABE
:10500000BDF82E500BEBC10405EB0E011FFA81F821
:10501000B4F8B21011440FFA88F9A2EB0E02A1EB1A
:105020000801724389B20FFA81F808FB07F7BA4208
:1050300006DCA4F8AE90A4F8B280B4F8AC20CAE7BD
:105040002944A4F8B060ADF82E1051E60598062D5D
:10505000AAEB000080B20FFA80FE17D8049BB4F9C7
:10506000AA10A4F8A4306B1CA4F8A8E0ABF8EC30AC
:10507000019B019803EBC50320F835905A809E8070
:10508000D980029B083C013B029347E7029AB64550
:105090004FEAC2020DDB9C445A44ADF828901FFA37
:1050A0008CFCA2F8B0E0ADF82CC08C44A2F8ACC0E7
:1050B0001EE65A448444A2F8B0608FE71FFA8EF1CE
:1050C000BDF82E6093B2964501EB060806931FFAD1
:1050D00088F8069F0FFA88F30793B4F8AA303B4488
:1050E0009BB2089324DA0599A3EB0803A2EB0E0206
:1050F000A9EB0000AAEB01049BB2A4B219B225B23D
:1051000048436A438242029A4FEAC2025A4406DC8A
:10511000079BA444A2F8B210A2F8AE305EE704994F
:10512000A2F8B050A2F8AC103344ADF82E30DFE551
:10513000069F049BC91B0FFA8AF789B29F420FFA98
:1051400081FE23DD059AA9EB0000BDF92030AAEB12
:105150000202079D0EFB00F092B2A5EB030A029B30
:1051600014B2DB0004FB0AFA5B44504503DBA3F8EE
:10517000B2E0944432E7049A3144A3F8B040A3F873
:10518000AC20B3F8AE30ADF82A305CE7089B062DB2
:10519000A3EB08039BB218B213D8079BA4F8AA008C
:1051A000A4F8A6306B1C0199ABF8EC30019B21F8F8
:1051B000359003EBC5035A80099AA3F806E09A805C
:1051C0005FE7029C70454FEAC4040DDB3144069B47
:1051D0005C44ADF82A2089B2A4F8B200ADF82E10D4
:1051E0001944A4F8AE1083E55C44A4F8B2E09BE750
:1051F000BBF8EC404FF6FF76651E0BEBC404ADB276
:10520000B54244D0BDF92A20B4F9A600BDF9281052
:105210008242B4F9A4701FD1BDF92EC0B4F9AA30EE
:105220009C4519D1B4F8A830BDF82C20D81900B28B
:10523000884209D1ADF828701344ADF82C302946C6
:105240000198FFF72BFD03E0114409B2B942F3D0F6
:10525000013D083CADB2D3E7B942F9D1BDF92C10FC
:10526000B4F9A8309942F3D1B4F8AA30BDF82E10A1
:105270001F183FB2BA4205D1ADF82A000B44ADF871
:105280002E30DCE70A4412B29042E1D1F6E7BBF8D7
:10529000EC60072E4FEAC60412D8751CBDF9280031
:1052A000BDF92A10ABF8EC50019DBDF92C202C441F
:1052B000BDF92E3025F836006180A280E38081E5BB
:1052C0000BF1AC03013E5C446FF0004A4FF0FF3736
:1052D00000250593B4F9A830721E02939146B4F9E3
:1052E000AA30049304F1A403B9F1FF3F18680DF14B
:1052F000300C079216BF0599DDF80CE001EBC90EE2
:105300000693BEF80610BEF8048018FB01F8596831
:10531000ACE8030071460CA8FFF742FBBDF836105D
:10532000BDF834004FF0080C049B029A10FB01F00A
:1053300002FB0388A0EB080190FBFCF0884220DC14
:105340005145DDE9063203DAD9B18A464F46354682
:1053500009F1FF3919F1020FC6D116460132A4F145
:105360000804B7D1019BACB2ED0058197B1C0BD1DE
:1053700001460398FFF714FB21460198FFF78EFCC6
:10538000B6E44F463546EDE7019BFF005D44D91971
:105390005F44FFF705FB039B03CB039BC7F8AC00FF
:1053A000C7F8B01055F8AC0F696803C3E4E700BF55
:1053B0002DE9F04F00F598769BB004463046FAF799
:1053C00010F9054648B9236820461B6C96E806008C
:1053D0009847C4F83051C4F83451C54B1B68002BB2
:1053E0003FD0C44D2846FAF7FCF80646002838D1CD
:1053F0002846FFF769F92368296820461B6C6A680C
:1054000098472E806E80AE80EE800DF12408BA4D54
:105410004046FFF7E7FB2E88B4F8EC7004F1AC00CF
:105420003346BB4224D2BDF86410072916D800EBDE
:10543000C30230F93390B2F902A0B2F904E0B2F934
:1054400006C04A1CADF8642008EBC10228F8319070
:10545000A2F802A0A2F804E0A2F806C001339BB2B1
:10546000DFE7B4F8EC30002BCFD11BB0BDE8F08FF4
:10547000B4F82E31B3420CD904EBC60322680136CE
:105480002046176CD3F8EE10B6B2D3F8F220B84726
:10549000EEE79A4A1368914693F84830012B40F0A2
:1054A000E08029880026B4F8EC7004EBC103AE3329
:1054B0008F4203F108030ADD33F8042C013133F87D
:1054C000080C024412B29642B8BF1646F0E78C4B65
:1054D000DFF828921B880F2B8CBF4FEAD30B4FF0BD
:1054E000010B0023CDE90533BDF81670BDF81A0095
:1054F000824B384407B21868B742036880F2838051
:10550000D3F89C30984707EB0B03984207DAB04278
:1055100005DA87426CDD002F6ADD304604E0874201
:10552000FBDCB042A8BF3046764BC01B0022ADF872
:105530001670B3F900302F88ADF81420ADF818308C
:10554000ADF81A00B4F8EC30BB42CDD904EBC70279
:1055500007AB52F8AC0F516803C305A907A8FFF7C2
:1055600086F900284CD0BDF91C00BDF91420BDF807
:1055700020A086469042BDF91E105044BDF818A0E8
:10558000B8BF9646BDF91630524480B299428C4657
:1055900092B20293B8BF9C4603B20FFA82FAADF8FA
:1055A0001CE0ADF81EC05345B8BF0246029BA2EBFB
:1055B0000E02ADF82020BDF822201144BDF81A20BB
:1055C000134489B29BB208B21AB29042B8BF0B46DC
:1055D000A3EB0C03ADF8223007A8FAF702F820B9C4
:1055E000236807A920469B6C98470137BFB2A9E7FB
:1055F000D9F8000001210368D3F89830984773E781
:10560000CDE90700E8E75B6A98473F4B1B78002B22
:105610003FF42BAF002304F1EE00A4F82E312B88C9
:10562000BDF86450AB42BFF420AFB4F82E11072987
:1056300014D808EBC30238F933E0B2F902C0B2F96A
:105640000470B2F906604A1CA4F82E2100EBC102D6
:1056500020F831E0A2F802C09780D68001339BB2D7
:10566000E0E7022B40F03381284B04F1AC0A1B78B1
:10567000012B00F098802A88B4F8EC10013292B225
:105680000029C2D0B4F8AE609446B4F8B2304FF0FE
:1056900000091E4436B21FFA8CF34FEAC90799423B
:1056A00040F2BE80274404EBCC0EB7F9AE30BEF911
:1056B000AE00834240F3A080BEF8B260E1460644EB
:1056C00036B29E42A8BF1E460CF1010CE3E70AD198
:1056D0006245B6F9B200BEF9B210B8BF6246884260
:1056E000B8BF1F4686E08A42B8BF0A4682E000BFC4
:1056F000785A0120845A012044000020385A0120A1
:105700002C5A01202A5A0120345A01202E5A0120F5
:10571000A11907AB51F8AC0F496803C3BDF920309C
:1057200007A8BDF81C10132B0B44D8BFBDF91C20D3
:105730009B1AADF81C20ADF82030FEF7DFFF07A85C
:10574000F9F74FFF78BBBDF922C02644D9F8000015
:10575000BCF1140FBDF82030D0F800E0A8BF4FF026
:10576000140CBDF81E20BDF81C101FFA8CFCCDF8DF
:1057700000C0DEF890B0D8478346ADF8220007A8F5
:10578000FEF7A2FF2368204607A99B6C9847B6F84E
:10579000B000A0EB0B0000B2A6F8B00018B9B9B287
:1057A0005046FFF77BFAB4F8ECB0BBF1000F3FF4C2
:1057B0002CAF2B880027B4F9AC2001339BB299B2EF
:1057C000FE008B45A4D9264404EBC30EB6F8AC10FA
:1057D000B6F8B000BEF9ACC00844BEF8B0106144E1
:1057E00000B209B28842BFF672AF844562461F46D6
:1057F000B8BF02460133E2E70ED1BEF9B000BEF8F1
:10580000B2E0B7F9B07073441BB29E42A8BF1E4607
:105810008742B8BFE14657E78642A8BF064653E72E
:105820000AEB07002744B7F9B2B0BBF1130FDCBF96
:10583000B7F8AE605E44CDE90221D8BF36B2F9F7C1
:10584000D0FEDDE9022100287FF41AAFB7F9AE20BF
:105850001FFA8BFBADF82200B61A2948B7F9AC1035
:10586000142EB7F9B0300068A8BF1426ADF81C108C
:10587000ADF81E2089B2ADF82030B6B2D0F800C025
:1058800092B25E4594BF0096CDF800B09BB2DCF8B2
:105890009060B0472368ADF8220007A99B6C2046B2
:1058A0009847BDF82210B7F8B230B7F8AE205B1AAF
:1058B0000A441BB2A7F8AE20A7F8B230002B7FF441
:1058C000DAAE1FFA89F15046FFF7E8F9D3E62E88E1
:1058D000B4F8EC30B3427FF698AE04EBC60207ABE7
:1058E00052F8AC0F516803C307A8F9F77AFE20B944
:1058F000236807A920469B6C98470136B6B2E7E7B4
:10590000385A0120034B00221A805A809A80DA808C
:10591000704700BF845A01202DE9F04F9DB0064624
:1059200014468A4603A81D4601F0A8F8336830469D
:1059300042F20B0BDB6C98473368074630461B6D11
:1059400098472A460025214600903B462C46A9460A
:10595000A84603A801F0E5F8002302934FF6FF6381
:105960009C4202D05C4518BF254602AB32465146E8
:1059700003A801F0F9FB044608B10A280AD1C14581
:1059800038BFC1464FF00008002CE5D148461DB095
:10599000BDE8F08F029A002ADED0577B2946336893
:1059A0007F0094885B6C07F48070977A07433046D9
:1059B0009847384480441FFA88F8E5E708B503683B
:1059C000DB68984728B1437B807A5B0003F48073DF
:1059D000184308BD0EB4F0B59EB0054623AB05A82C
:1059E00053F8044B039301F049F82B682846DB6C0D
:1059F00098472B68064628461B6D98473346214634
:105A00001EAE00240090039A05A801F08AF846F81B
:105A1000684D2A463346214605A801F0A5FB00B390
:105A20000A281AD0049FC7B1787B3B7AC100EA8864
:105A300001F48071194343064FEA001048BFA1F5F5
:105A4000007300F4807048BF19B2FB79034313441C
:105A50005B1A1BB29C42B8BF1C4633462A46002143
:105A6000DAE7A0B21EB0BDE8F04003B07047437A59
:105A70008088184480B2704703681B6B18470EB4C7
:105A800070B59DB0044621AB03A853F8045B0293A4
:105A900000F0F4FF23682046DB6C98472368064635
:105AA00020461B6D01249847334600902946029AF0
:105AB00003A801F036F803A801F022FCA3B238B124
:105AC0000A2803A804BF01331CB201F019FCF5E752
:105AD00018461DB0BDE8704003B070470EB4F0B575
:105AE0009EB0044623AB05A853F8045B039300F073
:105AF000C5FF23682046DB6C98472368064620468E
:105B00001B6D9847334629460090039A05A801F07B
:105B100008F81EAD002147F6FF76224605A845F895
:105B2000681D2B4601F020FBD8B10A2812D004983A
:105B300080B1477BE288FB0003F48071037A0B435A
:105B4000790644BFA3F500731BB2D31A1BB29E4261
:105B5000A8BF1E462B462246002105A801F004FBE3
:105B6000E2E730461EB0BDE8F04003B0704713B521
:105B700003680024B0F90810B0F90A20ADF8041049
:105B800069461B690094ADF80620984702B010BD25
:105B900038B50B680C460546DB68984723682046F5
:105BA0002946DB6A9847284638BD10B40A8884889D
:105BB00022440A804A88C48822444A80406920B12D
:105BC00003685DF8044BDB6A18475DF8044B7047C7
:105BD00070B582880C460B88054613440B804B88B1
:105BE000C28813444B80011D2046F9F7B7FCB4F975
:105BF0000430002B0BDDB4F90630002B07DD68699B
:105C000028B1036821469B6ABDE87040184770BD03
:105C100070B582880C460B88054613440B804B8870
:105C2000C28813444B80011D2046F9F797FCB4F954
:105C30000430002B19DDB4F90630002B15DD68693E
:105C400028B1036821461B69BDE870401847074B1F
:105C50001B6804339D4208D1FEF7E8FE0368216803
:105C600062681B6CBDE87040184770BD7C5A01200B
:105C700070B5044616460D4601B992B12368204618
:105C80009B699847E288A18820463244294412B291
:105C900009B2E3F797FA236820469B69BDE8704094
:105CA000184770BD10B5002304460846B1F9081026
:105CB0002380B0F90A2063800368A1802146E28036
:105CC000DB6A9847204610BD044A02600022C0E902
:105CD0000122C0E90322C0E9052270479443040869
:105CE0002DE9F04F044687B096468068228BB6EEC9
:105CF000006A0591511C2183012181548946B3F921
:105D00000020608B06EE902AE2684518F8EEE66AFD
:105D100002EB80026583C2ED006AB3F90220608B5A
:105D200007EE102AE2684518B8EEC77A02EB800247
:105D30006583181D0D4682ED007ABEF8002003929F
:105D400000221346944601920292B4F81880059EF0
:105D500008F10107D4F808A08E42BFB20AEB080B85
:105D600040F3B680039BB0F900C043FA05FB0BF08B
:105D7000010B5FFA8BF30493B0F90230BBF1000F13
:105D800057D007EE90CA2783F8EEE75A07EE903A0D
:105D9000F8EEE77AB9F1000F28D04FF002060AF8C2
:105DA0000860B4F81A80E76808F1010907EB880772
:105DB000A4F81A90C7ED005AB4F81A80E76808F101
:105DC000010907EB8807A4F81A90C7ED007A01359E
:105DD000102D06D1029D013502953EF81550039510
:105DE000002501310430DDF81090AEE74FF00506D4
:105DF0009DED015A0AF80860B8EEC55AB4F81A8049
:105E0000E76808F1010907EB8807A4F81A9087ED05
:105E1000005A05EE102AB4F81A80E768B8EEC55AA1
:105E200008F1010907EB8807A4F81A9087ED005ADA
:105E3000B7E7B9F1000F47D14FF00506DDED017A64
:105E400027830AF80860F8EEE77AB4F81A80E76862
:105E500008F10109019E07EB8807A4F81A9066442F
:105E6000C7ED007A07EE902AB4F81A801A44E76862
:105E7000F8EEE77A08F1010907EB8807A4F81A9011
:105E8000C7ED007A07EE906AB4F81A80F8EEE77A68
:105E9000E76808F1010907EB880767EE867AA4F83E
:105EA0001A90C7ED007A07EE902AB4F81A80F8EE3F
:105EB000E77AE76808F1010907EB880767EE867A59
:105EC000A4F81A90C7ED007A1A46CDF804C07EE710
:105ED000B9F1000F28D007EE90CAF8EEE77AF4EE99
:105EE000676AF1EE10FA08D107EE903AF8EEE77A19
:105EF000B4EE677AF1EE10FA16D0022327838BF8FE
:105F00000030628BE368511C03EB82036183C3EDB5
:105F1000006A628BE368511C03EB8203618383EDAB
:105F2000007A07B0BDE8F08F0523DDED017A278305
:105F30008BF80030F8EEE77A618BE3684D1C03EBD9
:105F400081036583C3ED007A07EE902A618BE368D5
:105F5000F8EEE77A4D1C03EB81036583C3ED007A0D
:105F6000CFE700002DE9F04504468FB01F46884674
:105F70001546169E9DF864A0E4F734FC6060002F7F
:105F800000F0E880002800F0E58005A800F0F9F8AE
:105F9000336830469B6D98470246014605A800F0DD
:105FA000F4F86068BAF1030F17D8DFE80AF0024C82
:105FB000739D03682A4641469B689847DDED1B7A2E
:105FC000F8EEE77A17EE902ADDED1A7AF8EEE77A26
:105FD00005A817EE901A00F053F9606805A900258E
:105FE000BE1C03685B6B984760681799036841F0B3
:105FF0007F419B6A984760689DF860100368DB6A80
:106000009847606801210368DB6898473F8804F17E
:106010001003A56104F1080204F1140104F10C005D
:10602000E3F73CFFAF4240F386803188B21C204644
:10603000013501F10F03C3F3071302EB4303FFF72D
:106040004FFE0646EEE7B5F90620B8F80430698839
:106050009B1AADF8102003AA5B1A4146ADF80C302C
:106060002B88ADF80E30AB88ADF8123003689B6812
:1060700098473A4905A800F0B1F8B8F904101B9BFD
:10608000DDED1A7AC91AF8EEE77A17EE902A07EED4
:10609000901A9BE7B5F90420B8F8043029889B1AB8
:1060A000ADF8102003AA5B1AB5F906106D88ADF89B
:1060B0000C30B8F80630ADF812105B1A41465B1B85
:1060C000ADF80E3003689B689847254905A800F095
:1060D00085F81B9BB8F906201A99D21AB8F9043032
:1060E00007EE902A591ACEE76B88B5F90420ADF86F
:1060F0000C30B8F8063029889B1AADF8122003AA94
:106100005B1A4146ADF80E30EB88ADF810300368ED
:106110009B689847134905A800F060F8B8F9062075
:106120001A9BD21A07EE902AF8EEE77A17EE902A19
:10613000DDED1B7A4AE760680021228B036801913C
:10614000618B00911D6AD4E90213A8476068036857
:10615000DB6998470FB0BDE8F08500BF0000B4428E
:10616000000034430000874300234FF07E52436019
:1061700002608360C360026143618361C361026244
:10618000704708B5FFF7F0FF08BD06EE901AD0ED96
:10619000007A07EE102A67EEA67AC0ED007AD0EDFD
:1061A000017A67EEA67AC0ED017AD0ED027A67EE49
:1061B000A67AC0ED027AD0ED037A67EE877AC0ED59
:1061C000037AD0ED047A67EE877AC0ED047AD0EDD9
:1061D000057A67EE877AC0ED057A704707EE101AE8
:1061E000DFED257A67EE277A9FED247A10B52DED45
:1061F000028BC7EE878A044618EE900A11F072FFF0
:1062000008EE100A18EE900A11F0B8FF94ED036A38
:1062100007EE100A94ED004AD4ED046A67EE467A60
:10622000D4ED014A26EE086A94ED025AE8EE047AAB
:10623000A7EE046AC4ED007A67EE667A66EE886AB5
:1062400084ED036AE8EE247AE7EE246AC4ED017A6D
:10625000D4ED057AC4ED046A67EE675A67EE887A72
:10626000E8EE055AE7EE057ABDEC028BC4ED025A62
:10627000C4ED057A10BD00BFDB0F49400000344378
:1062800006EE901A90ED065AD0ED007A07EE102A2D
:10629000D0ED075AE5EE267A90ED086AC0ED007A57
:1062A000D0ED017AE5EEA67AC0ED017AD0ED027A62
:1062B000E6EE267AC0ED027AD0ED037AE5EE077AB3
:1062C000C0ED037AD0ED047AE5EE877AC0ED047A6A
:1062D000D0ED057AE6EE077AC0ED057A704707EE55
:1062E000903A91ED017A06EE902A91ED006A27EE40
:1062F000877A10B5A6EE267A91ED026A37EE067A15
:1063000080ED007A91ED047A67EE877A91ED037A59
:10631000E7EE267A91ED057A77EE877AC0ED017A7D
:1063200010BD000030B58380BDF80C309DF81850CA
:10633000C3809DF81030416103729DF814300283D0
:106340004372837A65F306039DF81C5065F3C71307
:1063500083729DF82030C3729DF824300373BDF81A
:106360002830C381BDF82C300382014B036030BD5F
:10637000A8430408F0B54469BCB3A388028BCB1AC8
:1063800002F1FF3231D493420CDD0E2303FB0243B2
:106390009B885B1AD31A9A4227DB002BBCBF0223CF
:1063A00092FBF3F300250E2695421EDC06FB03400C
:1063B0008788B9421AD00DD25A1E954215DC30F8A2
:1063C0000A3C5B1AD31A9A420FDB9D42ECDD53194B
:1063D0005B10E9E75D1CAA4207DB438ACB1A2B441A
:1063E0009D4202DC9A42DFDAF1E70020F0BDF8B509
:1063F000044617461E4611B900252846F8BD0A294D
:10640000FAD04FF6FF629142F6D042F20B0291426F
:10641000F2D0FFF7AFFF054650B9236820461B694D
:10642000984701462046FFF7A5FF05460028E3D020
:10643000236829462046DB6D98473860236820464C
:10644000DB6B98473070D8E7002070470120704719
:1064500002207047704770477047704710B5044678
:106460000C2110F053FF204610BD10B5044610213A
:1064700010F04CFF204610BD10B504460C2110F062
:1064800045FF204610BD10B504463C2110F03EFFEC
:10649000204610BD30B50D46016B87B0044601B3F0
:1064A00001A8FFF7FFFB2A89BDF804302879D21A2A
:1064B000A38EB5F906101A446B89BDF806508DF805
:1064C00010005B1BE58E206B2B44074DADF81210BE
:1064D00003A90395ADF81420ADF8163003689B6C42
:1064E000984707B030BD00BF384404082DE9F0419B
:1064F000036B8AB004460D4613B10B79002B44D0D0
:1065000004F1040803A84146FFF7CCFB2B79BDF941
:106510000C70BDF90E6083B904F136032A89E9884D
:106520004046921B0193C91B04F1340312B200933D
:1065300009B204F13003F8F72FFF216B29B305A846
:10654000FFF7B0FBBDF814202B7907A9BF1AEA8822
:10655000206B1744A28E8DF820301744BDF816200A
:10656000B61A2A89ADF822701644E28E1644084AFB
:10657000ADF8246000260792ADF8266003685B6CD6
:1065800098472B790BB1C4E90C660AB0BDE8F081DD
:10659000104404082DE9F0410C46016B88B0054613
:1065A00000296DD06846FFF77DFBA98EE388BDF911
:1065B00000800B44BDF902701BB2434531DBBDF8CE
:1065C00004C0C4440FFA8CFC63452ADAEA8E26899B
:1065D000164436B2BE4224DBBDF80600384400B291
:1065E00086421EDA6389194409B2414508DB6145D8
:1065F00006DAA3891A4412B2BA4201DB824210DBE6
:10660000214B04A9286B049302238DF81430002336
:10661000ADF81630ADF81830ADF81A3003685B6C81
:106620009847291D02A8FFF73DFBBDF80830E08818
:10663000A3EB0808BDF80A3021791FFA88F8DF1BA0
:10664000B5F834C0BBB24044228967896044A4894C
:106650001A44EE8EB8442344ADF816003244E044A8
:1066600033440A4C286B8DF8141004A90494ADF837
:106670001820ADF81A80ADF81C300368DB6C984721
:1066800008B0BDE8F08100BF1044040824440408A9
:1066900037B5044634F90C2F013212D10025B0F978
:1066A0000810B0F90A20036800956D46ADF8041093
:1066B000ADF8062029469B6A984795E8030084E8D0
:1066C0000300204603B030BD13B5B0F920300446B6
:1066D000013309D101466846FFF7E4FABDF80030FE
:1066E0002384BDF802306384B4F9200002B010BDE9
:1066F00013B5B0F922300446013309D1014668468A
:10670000FFF7D0FABDF800302384BDF8023063846F
:10671000B4F9220002B010BD70B5174B0546174AF8
:10672000012145F8043B0023426004460381438174
:106730008381C381038243828382C3820362838411
:10674000C38480F82830436380F8291080F838101B
:10675000C0E90633C0E90B33094B2846B3F90060A2
:10676000936B084AB2F9001098476368284631468F
:10677000DB6B9847204670BD4C440408F83F040882
:106780002C5A01202A5A0120094B07B5B3F90020E1
:106790000021084B00916946B3F90030ADF80420A0
:1067A000ADF8063003689B68984703B05DF804FBBA
:1067B0002A5A01202C5A01202DE9F04FB1F904305A
:1067C00089B080460C46002B15460EDDB1F9063027
:1067D000002B0ADD2846FFF75BFF2146FEF747F84E
:1067E000EB6928B91D46002BF4D109B0BDE8F08F44
:1067F00004AE002B00F0B5802B68294602A8DB68A8
:1068000098472846FFF760FFBDF808700744284600
:10681000FFF76EFFBDF80A30BDF90C203FB21844F7
:10682000BDF90E302146ADF81420ADF81200304607
:10683000ADF81630ADF81070F8F790FE2846FFF767
:1068400027FF06AB024696E8030083E803001146E3
:106850001846F8F783FEBDF91830B4F90010BDF9F9
:106860001AA09942BDF91CB0BDF91E900BD1B4F924
:106870000220524507D1B4F904205A4503D1B4F996
:1068800006204A456DD0BBF1000F65DDB9F1000F60
:1068900062DDB4F902201FFA8AF05245009012DA44
:1068A0000193009BB4F90400ADF812209A1AADF8D8
:1068B00010103146ADF814004046ADF81620EA69D4
:1068C000FFF77AFF019BB4F900209FB29A420DDADC
:1068D000ADF81020BA1AADF812A03146ADF8142068
:1068E0004046ADF81690EA69FFF766FF22885F44DC
:1068F000A388BFB213443AB29BB219B291420DDDE4
:10690000DB1BADF81020ADF812A03146ADF8143005
:106910004046ADF81690EA69FFF74EFFE2886388BB
:106920001344009A4A449BB21FFA82F919B20FFA33
:1069300089F28A4215DAB4F90410A3EB0903B4F919
:106940000000ADF814103146ADF81000ADF812207B
:10695000ADF81630EA6901E0EA6921464046FFF7E2
:106960002BFF2846FFF794FE6168024633462068F5
:1069700003C311463046F8F7F1FDBDF91430002B82
:106980007FF733AFBDF91630002B7FF72EAF2846C7
:10699000FFF79AFEBDF81030181AADF8100028461F
:1069A000FFF7A6FEBDF812303146181AADF81200F6
:1069B00028462B689B68984717E770B5061D86B078
:1069C0000C4600233146054602A80193FFF76AF9F9
:1069D000BDF808302288BDF80A10D21A6388B4F9CD
:1069E00004005B1AB4F90610ADF8102001AAADF846
:1069F00014003046ADF8161004A9ADF81230F8F7BF
:106A000085FE019A1AB121462846FFF7D5FE06B049
:106A100070BD024630B5044685B052F8080F0D46E9
:106A20006B46516803C329466846F8F797FD94F80A
:106A300038302BB169462046FFF7BFFF05B030BDA7
:106A4000043402A82146FFF72DF9BDF80030BDF847
:106A50000820694620469B1ABDF80A20ADF8003090
:106A6000BDF802309B1AADF80230F8F716FEE5E7E4
:106A70000B460A68011D92691846104738B5002573
:106A8000022304460E220374294645610576C58318
:106A90000584C5860587C587A0F84050C0E9005524
:106AA000C0E911554C3013F047FB01232046A4F8F0
:106AB0005A50A4F85C50A4F85E5084F8603084F812
:106AC0006150E3F707FB204638BD30B500250124AF
:106AD000436813B9036813B34360037E43B143694A
:106AE0002BB11A881AB19A1C4261188830BD0576FC
:106AF0004368198899B19A1C02294260F5D1037C38
:106B0000012BE5D85A1C0233027450F8233043613C
:106B1000002BDDD01B88002BDAD00476D8E70020CC
:106B2000E4E70160002130B4416015688560526877
:106B30004364029BC2600174416101760187018454
:106B4000A0F84010836430BCE3F7C4BAF0B5054642
:106B50000846F1B105F14C040B4601F10807224645
:106B60001868083353F8041C2646BB4203C6344653
:106B7000F6D11868306010469B88B38095F859307C
:106B80005B0103F4807195F852300B435B4285F84A
:106B90005530F0BD38B50C4611681046CD68194621
:106BA000A847002808BF204638BD00002DE9F04165
:106BB0008C460546144642B9A5F85A20A5F85C2033
:106BC000A5F85E202046BDE8F081507B6FF463613C
:106BD0009388060106F48072E67916435A1891B23A
:106BE000B7B21D297FD80122F6108A408B490A428C
:106BF0002ED112F4607F76D005F14C02234604F1C9
:106C0000080E14461868083353F8041C944673455C
:106C1000ACE803006246F5D11868CCF800009B8808
:106C2000ACF80430B3B2B5F85C1095F85900CA1A44
:106C3000CF1B20F0600092B2FB1A85F85420D210CE
:106C400002F06002024385F85920A5F85C30B9E7EC
:106C500005F14C02234604F108081446186808336D
:106C600053F8041C96464345AEE803007246F5D13E
:106C70001868CEF800009B88AEF80430EB8E05EB68
:106C80004303598C40F63363994211D1DCF800304C
:106C90006046DB689847417BCB0003F48072037A3F
:106CA00013434A0644BFA3F500731BB2A5F85A303C
:106CB000B5F85A3095F859203B4422F0600233442D
:106CC0009BB2A5F85A3085F85430DB1003F060030E
:106CD000134395F85E2085F8593095F855309B1A86
:106CE00085F855306EE723F0040240F61B618A42B6
:106CF00003D040F61D62934238D105F14C0622467E
:106D000004F1080834461068083252F8041CB646EC
:106D10004245AEE803007646F5D11068013B2146B6
:106D2000CEF800009BB292882846AEF80420624656
:106D3000FFF730FF417BCB0003F48072037A4806F3
:106D400043EA020395F8562044BFA3F500731BB233
:106D5000A5F85A3095F859305B0003F4807313435B
:106D60005A1102EB9303A5F85E3047E0C20002F42B
:106D70008071227A0A43410640F6096144BFA2F5B8
:106D8000007212B2A5F85A2023F010028A4203D0F2
:106D900040F6136293423ED105F14C0204F108081B
:106DA00096462068083454F8041C1646444503C629
:106DB0003246F6D1206830602846A1887446B180FA
:106DC000714695F85960760006F4807295F8566021
:106DD000164340F613629342624616BF03F1FF3337
:106DE00040F60C639BB2FFF7D5FE437B827A5B00D3
:106DF00003F480731343F61AA5F85E60617BCB0041
:106E000003F48072237A13434A0644BFA3F5007348
:106E10001BB2DB1B19E70023A5E700BF7900C03FC9
:106E20002DE9F043044642B94FF40043A0F85A302C
:106E3000A0F85C30A4F85E3047E0517B93880D01E8
:106E400005F48070D5790543042DCCBF4FEA950E2B
:106E50004FF0010EB3F5DD6F00F2AB8040F2E7605A
:106E6000834216D240F25B60834259D840F25760A9
:106E700083420ED2B3F5CA6F4AD240F24E608342CB
:106E800007D240F21A6083422AD021D8B3F5C26FEC
:106E90005BD3B4F95A3013F5004F40F0D080B4F909
:106EA0005C0010F5004F40F0CA80CB00490603F4A7
:106EB0008070137A43EA000344BFA3F500731BB24A
:106EC000A4F85A305D1BA4F85C501046BDE8F0836E
:106ED00040F24B60834238D340F24C608342D8D9B1
:106EE000B4F95A00B4F95C3010F5004F40F0F3806B
:106EF00013F5004F40F0EF80CB004E0603F4807096
:106F0000137A43EA000344BFA3F500731BB2D9E729
:106F100040F254608342E3D8B3F5CA6FE0D9B8E7D2
:106F200040F274608342B4D02DD840F25E60834258
:106F300004D840F25D608342D2D3AAE740F25F609A
:106F40008342CDD0B3F5CE6FA3D0CB00490603F476
:106F50008070137A43EA000344BFA3F500731BB2A9
:106F60005D1BA4F85A30A4F85C50537B5B0103F41A
:106F7000807193790B4305215B0093FBF1F392F948
:106F800009100B4456E740F2E260834209D840F210
:106F9000DF608342BFF47DAFA3F2D663052BD4D864
:106FA00077E740F2E36083429AD040F2E4608342A4
:106FB000CAE7B3F50F6F2BD240F6ED0083428FD2B4
:106FC00040F6E500834216D840F6E4008342BFF461
:106FD00060AF40F2EC6083420AD840F2EB6083423B
:106FE000BFF457AF40F2EA6083423FF479AFACE7B9
:106FF00040F2ED60F8E740F6E800834202D840F640
:10700000E70098E740F6E90083427FF442AF67E784
:1070100040F6F60083423FF463AF02D840F6F20038
:10702000F2E740F6FA00834205D840F6F9008342C1
:10703000FFF42FAF54E740F6FE008342AFE704F1C0
:107040004C0C174602F1080866463868083757F8AE
:10705000041CE6464745AEE80300F446F5D138681F
:10706000CEF80000B988AEF80410B4F95E0010F54F
:10707000004F09D0517B9279490101F4807111438D
:10708000A0EB510084F8550013F5004FADB20DD0C0
:107090002B4494F859209BB222F0600284F85430BB
:1070A000DB1003F06003134384F8593094F859104F
:1070B000CB004F0603F4807294F8543043EA020385
:1070C00044BFA3F500731BB2A4F85A305B1BA4F8AD
:1070D0005C303246F9E604F14C0C174602F108091F
:1070E00066463868083757F8041CE0464F45A8E85C
:1070F0000300C446F5D13868C8F80000B988A8F87C
:107100000410B4F95E0010F5004F09D0517B92795C
:10711000490101F480711143A0EB510084F855003E
:1071200013F5004F0ED0A3EB0E0394F859209BB239
:1071300022F0600284F85430DB1003F06003134344
:1071400084F8593094F85910CB00480603F4807243
:1071500094F8543043EA020344BFA3F500731BB212
:107160005D1BA4F85C50B4E72DE9F0411E46C38EC8
:107170000446174600EB4303B3F82280E2F768FFAA
:10718000054618B930602846BDE8F0813B680146E5
:107190003846DB689847A8F5C06302463060B3F50F
:1071A000407F13D2434639462046FFF739FE306010
:1071B000336843B15A7B9B7A520002F480721343C6
:1071C0000CBF0123002384F86130DCE7A5F5606380
:1071D0009BB27F2B04D839462046FFF7E7FCE6E751
:1071E00094F86130002BE3D040F602139D42DFD1CA
:1071F00001462046FFF7AAFCD9E72DE9F8431E46D1
:10720000C38E0446174600EB4303B3F82280E2F72F
:107210001FFF054618B930602846BDE8F8833B6873
:1072200001463846D3F80890DDE90823C847A8F599
:10723000C06302463060B3F5407F13D243463946FF
:107240002046FFF7EDFD3060336843B15A7B9B7AEF
:10725000520002F4807213430CBF0123002384F810
:107260006130D9E7A5F560639BB27F2B04D839461E
:107270002046FFF79BFCE6E794F86130002BE3D053
:1072800040F602139D42DFD101462046FFF75EFC27
:10729000D9E710B50446B4F84010238FE1B10A2BAA
:1072A0002DD0E28F013904EB4200408FA4F840104A
:1072B000511C89B201298ABF02F1FF32E187E287BE
:1072C0005A1C2287E28E13449BB2092B88BF0A3BCB
:1072D00004EB43035884DEE7238F0A2B0FD02046AC
:1072E000FFF7F3FB238F5A1C2287E28E13449BB2D5
:1072F000092B88BF0A3B04EB43035884ECE710BD1D
:1073000038B5C38E044600EB4302558C028F013A18
:1073100002875A1C92B2092A8ABF093BC286C386D9
:10732000FFF7B7FF238C012B9CBF01332384E38B32
:107330000BB90223E383E38B2846013B9BB2E38333
:1073400004EB4304658338BD8A422DE9F047C78EBC
:1073500032D9058F541AB0F84080EE191FFA84FE16
:10736000B0F83EC0013EB4B2A4EB0E091FFA89F991
:10737000092C264688BFA4F10A06BCF1000F04F1CF
:10738000FF3408BF4FF0020C00EB4606A4B20CF12C
:10739000FF3CB6F822A04C451FFA8CFC00EB4C06D3
:1073A000A6F83AA0E4D1A5EB0E050EEB0804A0F870
:1073B0003EC00587A0F84040048F0A25641A39446E
:1073C00089B20487092988BF0A39C1868AB1018F29
:1073D000013A013192B233F812400187C18E01B9EE
:1073E000C586C18E013989B2C18600EB41014C844A
:1073F000ECE7BDE8F047FFF74CBF70B500259542BC
:1074000011D0C48B31F8026B1444013C641BA4B24C
:10741000012C88BF023C00EB4404648BB44217D1BA
:107420000135ADB2EBE7BDF8102000241344A2B241
:107430009A420FDAC68E31F814500134324492B2B7
:10744000092A88BF0A3A00EB4202528CAA42EED0C7
:10745000002070BD0120FCE72DE9F74F05461646D8
:107460008C1C09884FEA113A34F81A30B34224D1FF
:10747000C1F30329C1F3031801F00F075246CDF8F9
:1074800000804B4621462846FFF7B7FF834668B188
:107490000AEB09013A462846414404EB41034946B8
:1074A000FFF752FF584603B0BDE8F08F07EB0A0123
:1074B0004944414404EB4101D2E74FF0000BF1E7AE
:1074C00070B51088984217D8481E32F820009842AC
:1074D00012D300248C420FD26018401032F8206082
:1074E0008500B34202D9013084B2F3E701D281B200
:1074F000F0E72A44508870BD0020FCE72DE9F041F8
:10750000456C04460B266F887F08013E13D0E38E3E
:107510002A463946204604EB4303B3F8228043460B
:10752000FFF7CEFF38B105EB400142462046FFF79A
:1075300093FF0028E9D1BDE8F081000070B54A69E9
:107540008D6A4B68541BCE6A00F006819B1B03D0EA
:107550006343102293FBF2F30C688A69651B00F009
:10756000FD80921B03D06A43102492FBF4F29B1A15
:107570009FED894AB7EE007A0A4607EE903A00F18D
:107580000C040346F8EEE77A67EE847A87EE273A32
:10759000B1EE436AD2ED027A1432C7EE276AE3EC09
:1075A000016A9C4252ED027A67EEA67AC3ED027A36
:1075B00052ED017A67EEA67AC3ED057AEAD1CA6A7E
:1075C0008B69D0ED024A9B1AD0ED003AD0ED016AEA
:1075D00007EE903A4B6876EEE46A90ED055A9B1AF6
:1075E000F8EEE77A73EEE44A90ED032A07EE103ADC
:1075F000D0ED045A67EE847A90ED071AB8EEC77A98
:10760000D0ED062A75EEC55A64EEE77A27EE047AC5
:1076100032EE455AE6EE877A67EE837AC0ED097A54
:107620008C6A4A69131B07EE103A0B68B8EEC77AEA
:107630001B1B27EE047A64EEC74A07EE103AB8EE39
:10764000C77A27EE047AE6EE874A64EE864AC0EDF2
:107650000A4ACA6A8B699B1A06EE903A4B689B1AD3
:10766000F8EEE66A07EE103A66EE846AB8EEC77A7C
:1076700065EE666A27EE047AE5EE876A66EE836A4F
:10768000C0ED0B6A8C6A4A69131B07EE103A0B684F
:10769000B8EEC77A1B1B27EE047A25EE475A07EE91
:1076A000103AB8EEC77A27EE047AA5EE875AD0EDE5
:1076B000085A31EE651A72EEE55A25EE065A80ED4B
:1076C0000C5ACA6A8B699B1A07EE103A4B689B1AD0
:1076D000B8EEC77A01EE903A27EE047AF8EEE11A96
:1076E00025EEC77A61EE841AA1EE217A27EE037A9D
:1076F00080ED0D7A8C6A4A69131B03EE103A0B6811
:10770000B8EEC33A1B1B23EE043A65EEC35A03EEF0
:10771000103AB8EEC33A23EE044AE1EE045A25EEDD
:10772000866A62EE675A80ED0E6AE3EEA65AF5EEBF
:10773000C05AF1EE10FA13DD4FF4004362EEE77A1F
:10774000C363E3EE877AF5EEC07AF1EE10FA15DD49
:107750004FF40043036470BD2346FDE62A4606E766
:1077600002D547F6FF73E9E722EE642AA3EE852AE5
:10777000B5EEC02AF1EE10FADEDAF2E702D547F6EE
:10778000FF73E7E762EEE44AE3EE864AF5EEC04AAD
:10779000F1EE10FADCDAF2E70000803D2DE9F04767
:1077A00014275F4302EB070CDCF8045015F10F0EB1
:1077B00000F1A2804FEA2E1E089C1426C0F814E0A7
:1077C000664302EB0608D8F8045015F10F0400F1E7
:1077D0009F802411A4EB0E048461002C00F08A80A9
:1077E000DCF80490D8F804409559A4EB0908D45962
:1077F000A5EB040A4FEA08164FEA0A150EFB05FE30
:107800000AFB19EE08FB04E4013CA41900F18C808A
:1078100094FBF6FE06FB1E44C0F800E00461002D58
:10782000C0F2958095FBF6F406FB14554460856024
:10783000C66001EB8303DCF804404569D259C4EB10
:107840000514DFED4B6A91ED0A6A07EE104A0468F1
:10785000C2EB0412B8EEC77A07EE902A27EE267A1A
:10786000F8EEE77A67EEA67AD3ED006AE6EE076AED
:1078700091ED096AE6EE276AC0ED076AD0ED016A6C
:10788000D1ED095AF8EEE66A91ED0A6AA6EEA56A0C
:1078900080ED086A4A6A4262D1ED0C5A93ED036AA0
:1078A000A5EE876AD1ED0B5AA5EEA76A80ED0A6AAC
:1078B000D1ED0B5A91ED0C6AA6EEA56A80ED0B6A2C
:1078C000CA6A026393ED066AD1ED0E5AA5EE876A85
:1078D000B0EE467A91ED0D6AA6EE277A80ED0D7A2C
:1078E00091ED0D7AD1ED0E7AE6EE877AC0ED0E7A43
:1078F0004B6BC363BDE8F0871024C5F101059EFB07
:10790000F4FE15F00F0518BF0125AEEB050E53E789
:107910004FF01009C5F1010594FBF9F415F00F05BE
:1079200018BF0125641B55E7644294FBF6FECEF1B7
:10793000000806FB1E44C0F800800461002C3FF4E0
:107940006EAF6FEA0E0E341BC0F800E066E76D42C2
:1079500095FBF6F4C4F1000E06FB1455C0F804E0E4
:107960008560002D3FF464AFE443751B44605EE71F
:107970000000803D014B1860704700BFA05A0120F5
:10798000064B1A88824207D8054B1B88134498423D
:10799000ACBF00200120704700207047C05A012072
:1079A000C45A012008B50146FFF7EAFF18B1024B9F
:1079B0001B6853F8210008BDA45A0120F0B5244CDF
:1079C0002368002B42D0234A234D1188B5F800C00C
:1079D000224861444A1C8F0022F00102DE19120481
:1079E00006601F4E120C07EB4207DA1932600E22B6
:1079F00002FB0CF2033222F003023A44194F134403
:107A00003B600023184F9C463B80184F3F68BA1AD2
:107A1000174F3A604FF6FF77164A13808B420DD10D
:107A20002D88002330680E249D420FD904FB0302E9
:107A30000133117B6FF345111173F5E7226842F8AA
:107A400023C0026822F813700133E7E7F0BD00BFDE
:107A5000A45A0120C05A0120C45A0120B85A01205A
:107A6000A85A0120B05A0120C25A0120AC5A012064
:107A7000BC5A0120B45A0120064B1B6843B939B1E6
:107A8000054B1A80054B1960054B1860FFF796BF30
:107A9000704700BFB05A0120C45A0120AC5A0120DF
:107AA000A45A012070B4074C05461046039A266874
:107AB00036B92560044C2180194670BCFFF7DCBF45
:107AC00070BC7047C85A0120C05A0120124A03886E
:107AD0001288934207D2114A1421126801FB032332
:107AE000B3F9080070470E49098811448B4204DA43
:107AF0009B1A0C4A0E211268F0E74FF6FE72934271
:107B000008D1094B1B781BB9084BB3F9000070472B
:107B1000074BFAE700207047C05A0120C85A0120DD
:107B2000C45A0120A85A01202E5A0120305A01209F
:107B3000325A0120124A03881288934207D2114A0E
:107B40001421126801FB0323B3F90A0070470E49A0
:107B5000098811448B4204DA9B1A0C4A0E211268E0
:107B6000F0E74FF6FE72934208D1094B1B781BB920
:107B7000084BB3F900007047074BFAE70020704745
:107B8000C05A0120C85A0120C45A0120A85A012015
:107B90002E5A0120325A0120305A0120224A30B593
:107BA0000B881288934213D2204A1421126801FBD9
:107BB0000323B3F90C40B3F90E101A8A5B8AC2F39F
:107BC0000C020480C3F30C0341808280C38024E054
:107BD0001749098811448B4210DA9B1A0E2253432D
:107BE000144A1168CA18CD5EB2F90240B2F9041005
:107BF000B2F90630058044808180E7E74FF6FE72D7
:107C000093420BD10C4BB3F900100C4B8180B3F9AC
:107C100000200023C2800380438030BD0023038006
:107C200043808380D2E700BFC05A0120C85A012098
:107C3000C45A0120A85A01202A5A01202C5A012096
:107C4000174A03881288934213D2164A14211268E5
:107C500001FB03231A8A1989C2F30C028A421DDB35
:107C6000588AC0F30C005B899842ACBF0020012009
:107C700070470D49098811448B420DDA9B1A0B4A53
:107C80000E21126801FB0323B3F904101A899142F3
:107C900004DBB3F90600E6E70020704701207047D7
:107CA000C05A0120C85A0120C45A0120A85A0120F4
:107CB000124A038811888B420BD2114A126812B102
:107CC00052F82300C0B90F4A116814225343C85810
:107CD00070470D4A12880A44934204DA084A12682F
:107CE00052F8230070474FF6FE72934203D1074BC0
:107CF0001B68586C70470020704700BFC05A0120B5
:107D0000A45A0120C85A0120C45A0120385A01201F
:107D1000244B02881888824221D2234B19681423ED
:107D200003FB0213586800283AD02049096800294B
:107D300036D051F82210002932D01A895889504380
:107D40005A7CDB7C5209C3F3421343EAC2030B2B78
:107D500018BF4000033020F0030008447047144B64
:107D60001B8803449A421ADA124B101A0E211B6820
:107D700001FB0030037B03F01F030B2B0BD10389A6
:107D800040895843094B0330196820F0030351F828
:107D90002200184470470D2B01D10D307047002090
:107DA000704700BFC05A0120C85A0120A45A0120C0
:107DB000C45A0120A85A01201F4B10B502881B8805
:107DC0009A421AD21D4B14211B6801FB02314B7CD5
:107DD0005809CB7C1A49C3F34213096843EAC0032C
:107DE000D8B249B151F8222032B10E2B21D00F2840
:107DF0001DD0102808BF022010BD1249098819445F
:107E00008A4209DAD31A104A0E21126801FB0323B1
:107E1000187B00F01F00EFE74FF6FE739A4208D17F
:107E2000E1F7BEFC0368BDE81040DB6A184701209B
:107E3000E2E70020E0E700BFC05A0120C85A012055
:107E4000A45A0120C45A0120A85A012010207047CA
:107E500000207047024B1888400080B2704700BF76
:107E6000305A0120FF2B5ED00B2A58D00ED8032A9F
:107E70004DD004D8012A4CD04DD9C36B31E0092A2A
:107E80004DD04AD8082A48D000232AE02F2A2CD0E7
:107E900011D82D2A18D031D82C2AF5D14A68137858
:107EA0005278002AF0D1012B1DD0002B2DD0022BAF
:107EB000EAD1C36815E0312A04D032D3322A30D057
:107EC000332AE1D1436F0CE04A6813785278002AD4
:107ED000DAD1012B04D00FD3022BD5D1436900E0B6
:107EE000436A18467047C369FBE74B681A785B78AA
:107EF000002BC9D1002AF4D1436BF2E74B681A7802
:107F00005B78002BC0D1002AEBD1C36AE9E7C36CD0
:107F1000E7E7436DE5E7436CE3E7C36DE1E7436EF5
:107F2000DFE7C36EDDE70B2A59D00ED8032A50D005
:107F300004D8012A4FD050D9036CD2E7092A4ED079
:107F400001D8082AA0D1036ECBE72F2A2DD011D853
:107F50002D2A18D033D82C2A96D14A681378527813
:107F6000002A91D1012B1ED0002B30D0022B8BD1B7
:107F70000369B6E7312A04D033D3322A31D0332A09
:107F800082D1836FADE74A6813785278002A7FF474
:107F90007BAF012B05D010D3022B7FF475AF836923
:107FA0009FE7836A9DE7036A9BE74B681A785B78D3
:107FB000002B7FF469AF002A93D1836B91E74B6864
:107FC0001A785B78002B7FF45FAF002A89D1036BAE
:107FD00087E7036D85E7836D83E7836C81E7836EB5
:107FE0007FE7036F7DE72DE9F04F87B01D9805927D
:107FF0009DF88420019102924168DDF880E09DEDBA
:10800000115ADDED125A9DED136ADDED1A7A9DEDE0
:108010001B7A9DED223ADDED233A9DED244ADDE900
:108020001E2401FB0424026802EB4404DEF8002055
:108030000392DEF8042004320492029AD643F6B288
:10804000019A002A03DC059A002A40F32981149A38
:10805000BEF908C002F50041159ABEF90C7002F590
:108060000042002B0EDD081405D4604503DA10141D
:1080700001D4B84207DB1698013B0234014417983B
:108080000244EEE771D0581E169D05FB00152D1415
:108090005FD465455DDA179D05FB0020001458D4B8
:1080A000B84256DA9946A246BDF808B0B9F1000FB9
:1080B00057DD4FEA224CBEF9087003980D1409F100
:1080C000FF3907FB0C00405D049D35F81000BAF83D
:1080D00000504FEA202C2F124FEAE5080CF0F80C64
:1080E00007F0F807ED0008F0FC0817FB06F7EDB203
:1080F00018FB06F80CFB0B7CC71015FB06F5C0003F
:1081000007F0FC071FFA8CFCC0B207FB0B8700FBD3
:108110000B500CF10105BFB280B205EB1C2C07F12E
:108120000108451C08EB17280CF4784C05EB1025CA
:1081300016984FEA5818C5F3C425014408F4FC68A2
:10814000179845EA0C0C02444CEA080C2AF802CBBA
:10815000ACE74FF00008BDF808A003EB08000028CA
:1081600041DC23EAE37304EB4304019B002B40F35F
:108170009780F7EE004A109B35EE035A75EEA35A2E
:10818000F0EE672AC4EE856A36EE046AFEEEC82A6F
:10819000CDED142AF0EE472AFEEEC82ACDED152AC1
:1081A00065EEA64A66EE266A74EEE77A36EEC77A80
:1081B000FEEEC87ABEEEC87A17EE902AF0EE647A28
:1081C00092FBF3F317EE102A1693109BB0EE667A2B
:1081D00092FBF3F31793019B059A013B0193109BCC
:1081E00008BF13462CE70F1453D4DEF80850BD42E5
:1081F0004FDD5FEA224C4CD4DEF80C00604548DDD0
:1082000003982DB20CFB0505E85D049D35F81000C0
:108210006FF0010505FB08FB4FEA202C34F80B50EA
:108220000CF0F80C2F124FEAE50907F0F807ED0003
:1082300009F0FC0917FB06F7EDB219FB06F90CFB78
:108240000A7CC71015FB06F5C00007F0FC071FFAF3
:108250008CFCC0B207FB0A9700FB0A500CF1010529
:10826000BFB280B205EB1C2C07F10109451C09EBDC
:1082700017290CF4784C05EB10254FEA5919C5F372
:10828000C42509F4FC6945EA0C0C4CEA090C24F8F5
:108290000BC0169808F1FF380144179802445CE7B8
:1082A00007B0BDE8F08F2DE9F04F85B09346B7EEEB
:1082B000004A1B9E1E9D70689DED0F5ADDED105A01
:1082C0009DED116ADDED187A9DED197ADDED202A1C
:1082D0009DED213ADDED223A0091DDE91C24DDE936
:1082E00014EC00FB0424326802EB44042A68019277
:1082F0006A6804320292009A002A03DCBBF1000F84
:1083000040F3A080129AB5F9089002F50040139A44
:10831000B5F90C8002F50042002B0CDD061405D4E3
:108320004E4503DA161401D4464505DB7044624419
:10833000013B0234F0E70FD05E1E0EFB06073F1430
:1083400041D504EB430698460396B8F1000F59DC7B
:1083500023EAE37304EB4304009B002B72DD35EE4C
:10836000225A0E9B75EE835AB0EE672AC4EE056A58
:1083700036EE236ABEEEC82A8DED122AB0EE472AE9
:10838000BEEEC82A8DED132A65EEA64A66EE266A71
:1083900074EEE77A36EEC77AFEEEC87ABEEEC87A99
:1083A00017EE902AF0EE647A92FBF3FE17EE102A95
:1083B000B0EE667A92FBF3FC009B013B00930E9BB0
:1083C00008BF5B4697E74F45BBDA0CFB0626361421
:1083D000B7D44645B5DA1E46A046002EB8DD1714C0
:1083E000B5F908A001994FEA2049624470440AFB9C
:1083F00007170299013E17F8097031F8177028F82D
:10840000027BEAE75FEA204917D4AE684E4514DDE7
:108410005FEA224A11D4EF6857450EDD019F36B25C
:108420006FF001010AFB0676029F16F8096037F823
:10843000167001FB08F603998F537044624408F1EB
:10844000FF3882E705B0BDE8F08F2DE9F04F87B027
:108450001D9C05929DF88420029103926168DDF8CD
:1084600080C09DED115ADDED125A9DED136ADDEDD0
:108470001A7A9DED1B7A9DED223ADDED233A9DEDB2
:10848000244ADDE91E2001FB0020226802EB4002A5
:108490000092DCF800200492DCF8042004320192FF
:1084A000039AD543EDB2029A002A03DC059A002A0A
:1084B00040F32C81149ABCF908E002F50041159AAA
:1084C000BCF90C7002F50042002B10DD0C1405D431
:1084D000744503DA141401D4BC4209DB169C013B39
:1084E00000982144179C023022440090ECE771D0A0
:1084F0005C1E169E06FB041636145DD476455BDAC8
:10850000179E06FB0424241456D4BC4254DA984621
:10851000DDF80090BDF80CA0B8F1000F54DDBCF9F7
:108520000870141404980E1408F1FF3807FB0404B3
:10853000019814F806E0B9F800400EEB4E0E271231
:1085400000EB0E0B10F80EE007F0F80716989BF8FA
:1085500002609BF801B0014416FB0AF617981BFB5A
:108560000AFB07FB0567E610E400024406F0FC0680
:10857000BFB2E4B206FB05B614FB05F4B6B20EFBBF
:108580000A4E7C1C06F1010B1FFA8EFE04EB172726
:108590000EF101040BEB162B07F4784704EB1E24B5
:1085A0004FEA5B1BC4F3C4240BF4FC6B274347EA7C
:1085B0000B0729F8027BAFE74FF0000EBDF80C90D7
:1085C00003EB0E04002C43DC009A23EAE37302EB76
:1085D00043030093029B002B40F39880F7EE004A80
:1085E000109B35EE035A75EEA35AF0EE672AC4EEDF
:1085F000856A36EE046AFEEEC82ACDED142AF0EE46
:10860000472AFEEEC82ACDED152A65EEA64A66EE8B
:10861000266A74EEE77A36EEC77AFEEEC87ABEEEC8
:10862000C87A17EE902AF0EE647A92FBF3F317EE15
:10863000102A1693109BB0EE667A92FBF3F3179311
:10864000029B059A013B0293109B08BF13462AE741
:108650000F1454D4DCF80860BE4250DD5FEA2248B3
:108660004DD4DCF80C40444549DD049C36B26FF033
:10867000010008FB0646019C00FB0EFA009816F864
:10868000078008EB480804EB080B30F80A40019813
:108690009BF8026027129BF801B016FB09F607F061
:1086A000F80710F808801BFB09FB07FB0567E610BD
:1086B000E400009806F0FC06BFB2E4B206FB05B683
:1086C00014FB05F4B6B208FB09487C1C06F1010B4B
:1086D0001FFA88F804EB172708F101040BEB162B9F
:1086E00007F4784704EB18244FEA5B1BC4F3C42457
:1086F0000BF4FC6B274347EA0B0720F80A70169827
:108700000EF1FF3E01441798024459E707B0BDE857
:10871000F08F00002DE9F04F85B0B7EE004A1B9EA8
:108720001E9D039270686F689DED0F5ADDED105A23
:1087300004379DED116ADDF850C0DDED187A9DED2E
:10874000197ADDED202A9DED213ADDED223A0191E5
:10875000DDE91C2400FB0424326802EB44042A688F
:108760000292019A002A03DC039A002A40F3CC808B
:10877000129AB5F9089002F50040139AB5F90C80E9
:1087800002F50042002B0DDD061405D44E4503DA38
:10879000161401D4464506DB159E6044013B0234A5
:1087A0003244EFE70FD05E1E0CFB060E5FEA2E4E42
:1087B00043D5984604EB430AB8F1000F71DC23EA75
:1087C000E37304EB4304019B002B40F39D8035EEE3
:1087D000225A0E9B75EE835AB0EE672AC4EE056AE4
:1087E00036EE236ABEEEC82A8DED122AB0EE472A75
:1087F000BEEEC82A8DED132A65EEA64A66EE266AFD
:1088000074EEE77A36EEC77AFEEEC87ABEEEC87A24
:1088100017EE902AF0EE647A92FBF3FC17EE102A22
:10882000B0EE667A92FBF3F31593019B039A013B3A
:1088300001930E9B08BF134693E7CE45B9DA15990D
:1088400001FB06263614B4D44645B2DA9846A24651
:10885000B8F1000FB3DDB5F90890161402994FEA8C
:10886000204E08F1FF38604409FB0616284916F827
:108870000EE00EEB4E0E07EB0E0B9BF801609BF823
:108880000290F60001EA0929159906F4FC660A44EB
:1088900049EA060617F80E9046EAD9062AF8026B4E
:1088A000D6E75FEA204929D4AE684E4526DD5FEA67
:1088B000224B23D4E968594520DD0FFA86FE029940
:1088C0000BFB0E1E6FF001011EF809E001FB08F919
:1088D000A1F2FE710EEB4E0E07EB0E0696F802B0FB
:1088E000767801EA0B2BF60006F4FC664BEA0606E6
:1088F00017F80EB046EADB062AF8096015996044BD
:1089000008F1FF380A4457E705B0BDE8F08F00BF13
:1089100000F8FFFF2DE9F04F87B08B46B7EE004A15
:108920001D9804929DF8842041680592DDF880C06E
:108930009DED115ADDED125A9DED136ADDED1A7AA7
:108940009DED1B7ADDED222A9DED233ADDED243AE3
:10895000DDE91E2401FB0424026802EB4404DCF878
:1089600000200192DCF8042004320292BBF1000FD7
:1089700003DC049A002A40F33881149ABCF9087089
:1089800002F50040159ABCF90C6002F50041002B7D
:108990000EDD021405D4BA4203DA0A1401D4B2423D
:1089A00007DB169A013B02341044179A1144EEE794
:1089B00019D05A1E169D05FB02052D1409D4BD427F
:1089C00007DA179D05FB0212121402D4B242C0F25C
:1089D000AC804FF0000E03EB0E02002A3EDC23EACF
:1089E000E37304EB4304BBF1000F40F3FE8035EE6C
:1089F000225A109B75EE835ABBF1010BB0EE672A29
:108A0000C4EE056A36EE236ABEEEC82A8DED142A3E
:108A1000B0EE472ABEEEC82A8DED152A65EEA64AAD
:108A200066EE266A74EEE77A36EEC77AFEEEC87A0C
:108A3000BEEEC87A17EE902AF0EE647A92FBF3F35A
:108A400017EE102A1693109BB0EE667A92FBF3F3A2
:108A5000049A1793109B08BF134687E706145DD44A
:108A6000DCF80850B54259DD0F1457D4DCF80C205F
:108A7000BA4253DD019A2DB207FB0525AA5D029D7E
:108A800055F822502E0E49D06FF00102C5F3072A87
:108A900002FB0EF234F802800392059A4FEA28276F
:108AA000564307F0F807721C02EB2622C5F307466F
:108AB000EDB212121FFA82F9D24316FB09F6D2B2B6
:108AC00015FB09F507FB02674FEAE8061AFB09FAEE
:108AD0004FEAC808BFB206F0FC065FFA88F806FB4A
:108AE00002A608FB02557A1CB6B2ADB202EB1727FC
:108AF000039A05F1010A07F478470AEB152ACAF32D
:108B0000C42A4AEA070706F1010A0AEB162A4FEAC5
:108B10005A1A0AF4FC6A47EA0A07A752169A0EF193
:108B2000FF3E1044179A114455E74FF00008A3EB9D
:108B30000802002A7FF753AFBCF908600A14019FAE
:108B4000051406FB0272525D029D55F822502E0E4E
:108B500044D0059AC5F3072A34F818E056434FEA83
:108B60002E27721C07F0F80702EB2622C5F30746F2
:108B7000EDB212121FFA82F9D24316FB09F6D2B2F5
:108B800015FB09F507FB02674FEAEE061AFB09FA27
:108B90004FEACE0EBFB206F0FC065FFA8EFE06FB71
:108BA00002A60EFB02557A1CB6B2ADB202EB172735
:108BB00005F1010A07F478470AEB152ACAF3C42A1B
:108BC0004AEA070706F1010A0AEB162A4FEA5A1A7F
:108BD0000AF4FC6A47EA0A0724F81870169A08F1A2
:108BE00001081044179A1144A1E707B0BDE8F08FBF
:108BF0002DE9F04F85B08B46B7EE004A1B980392E3
:108C00004168DDF878E09DED0F5ADDED105A9DEDDD
:108C1000116ADDED187A9DED197ADDED202A9DEDC2
:108C2000213ADDED223ADDE91C2401FB042402682F
:108C300002EB4404DEF800200092DEF80420043247
:108C40000192BBF1000F03DC039A002A40F3538129
:108C5000129ABEF9087002F50041139ABEF90C6031
:108C600002F50042002B0EDD081405D4B84203DAE9
:108C7000101401D4B04207DB1498013B02340144C4
:108C800015980244EEE717D0581E149D05FB0015F9
:108C90002D1409D4BD4207DA159D05FB00200014F0
:108CA00002D4B042C0F2BC800026981900283EDCF5
:108CB00023EAE37304EB4304BBF1000F40F31B8191
:108CC00035EE225A0E9B75EE835ABBF1010BB0EEC6
:108CD000672AC4EE056A36EE236ABEEEC82A8DED19
:108CE000122AB0EE472ABEEEC82A8DED132A65EE91
:108CF000A64A66EE266A74EEE77A36EEC77AFEEE8C
:108D0000C87ABEEEC87A17EE902AF0EE647A92FB2B
:108D1000F3F317EE102A14930E9BB0EE667A92FBD3
:108D2000F3F3039A15930E9B08BF134689E70F14BC
:108D300026D4DEF80850BD4222DD5FEA224C1FD463
:108D4000DEF80C0060451BDD00982DB20CFB05051C
:108D5000E85D019D55F82000070EFF2F16D16FF03A
:108D6000010505FB06F7A5F2FE7505EA102C45097D
:108D7000C0F3C40005F4FC654CEA05050543E55362
:108D80001498013E0144159802448EE7FDB2002F6D
:108D9000F6D06FF001071FFA85F9ED43C0F3072AFB
:108DA00077431AFB09FAEDB234F807800297C0F353
:108DB00007474FEA282C17FB09F7C0B20CF0F80C54
:108DC00010FB09F00CFB057C4FEAE8074FEAC808E6
:108DD0001FFA8CFC07F0FC075FFA88F807FB05A771
:108DE00008FB05000CF10105BFB280B205EB1C2C9D
:108DF00000F1010A0CF4784C0AEB102A0298CAF32D
:108E0000C42A4AEA0C0C07F1010A0AEB172A4FEAB6
:108E10005A1A0AF4FC6A4CEA0A0C24F800C0AFE7BC
:108E20004FF00008A3EB080000287FF741AFBEF920
:108E300008601014009F0D1406FB0070405D019D3A
:108E400055F820502E0EFF2E12D12C4800EA152680
:108E50006809C5F3C40500F4FC603043284324F8D6
:108E60001800149808F10108014415980244D9E744
:108E7000F0B2002EF5D034F818C01FFA80F9C5F30F
:108E80000746C0434FEA2C27C5F3072A16FB09F60D
:108E9000C0B207F0F807EDB21AFB09FA07FB00674A
:108EA0004FEAEC0615FB09F54FEACC0CBFB206F011
:108EB000FC065FFA8CFC06FB00A60CFB0055781C38
:108EC000B6B2ADB200EB172705F1010A07F47847F7
:108ED0000AEB152ACAF3C42A4AEA070706F1010A6F
:108EE0000AEB162A4FEA5A1A0AF4FC6A47EA0A07FA
:108EF00024F81870B5E705B0BDE8F08F00F8FFFF63
:108F00002DE9F04F87B08B46B7EE004A1D9C0492C6
:108F10009DF8842061680592DDF880E09DED115A8E
:108F2000DDED125A9DED136ADDED1A7A9DED1B7A87
:108F3000DDED222A9DED233ADDED243ADDE91E2008
:108F400001FB0020226802EB4000DEF800200192C5
:108F5000DEF804200292BBF1000F03DC049A002A21
:108F600040F34281149ABEF9087002F50041159A47
:108F7000BEF90C6002F50042002B0EDD0C1405D486
:108F8000BC4203DA141401D4B44207DB169C013B43
:108F900002302144179C2244EEE719D05C1E169D36
:108FA00005FB04152D1409D4BD4207DA179D05FBF6
:108FB0000424241402D4B442C0F2B1804FF000085B
:108FC00003EB0804002C3EDC23EAE37300EB4300D0
:108FD000BBF1000F40F3088135EE225A109B75EE6D
:108FE000835ABBF1010BB0EE672AC4EE056A36EE78
:108FF000236ABEEEC82A8DED142AB0EE472ABEEED3
:10900000C82A8DED152A65EEA64A66EE266A74EE2C
:10901000E77A36EEC77AFEEEC87ABEEEC87A17EE69
:10902000902AF0EE647A92FBF3F317EE102A16936F
:10903000109BB0EE667A92FBF3F3049A1793109BA1
:1090400008BF134687E70E1462D4DEF80850B54215
:109050005EDD17145CD4DEF80C40BC4258DD2DB246
:10906000029C07FB0565665D002E51D0019C34F81B
:1090700015906FF0010404FB08F44FEA292C055BFE
:109080000CF0F80C0394059C4FEAE50A66430AF0DD
:10909000FC0A741C04EB16242E12241206F0F806A7
:1090A000ED00A7B2E443EDB2E4B216FB04F615FB03
:1090B00004F50CFB076C4FEAE9061AFB04FA4FEAC9
:1090C000C9091FFA8CFC06F0FC065FFA89F906FB59
:1090D00007A60CF1010409FB075504EB1C2C039CAB
:1090E000ADB2B6B20CF4784C05F1010A0AEB152AC0
:1090F000CAF3C42A4AEA0C0C06F1010A0AEB162A42
:109100004FEA5A1A0AF4FC6A4CEA0A0C20F804C026
:10911000169C08F1FF382144179C224450E74FF079
:109120000009A3EB0904002C7FF74EAFBEF90860DD
:109130000D14141406FB0454029D2E5D002E4CD019
:10914000019D35F81480059C30F819504FEA282C01
:1091500066434FEAE50A0CF0F80C741C0AF0FC0AAE
:1091600004EB16242E12241206F0F806ED00A7B226
:10917000E443EDB2E4B216FB04F615FB04F50CFB78
:10918000076C4FEAE8061AFB04FA4FEAC8081FFA10
:109190008CFC06F0FC065FFA88F806FB07A60CF1CB
:1091A000010408FB075504EB1C2CADB2B6B20CF45D
:1091B000784C05F1010A0AEB152ACAF3C42A4AEAD7
:1091C0000C0C06F1010A0AEB162A4FEA5A1A0AF4A5
:1091D000FC6A4CEA0A0C20F819C0169C09F1010936
:1091E0002144179C22449CE707B0BDE8F08F2DE98D
:1091F000F04F85B08B46B7EE004A1B9C0392616826
:10920000DDF878809DED0F5ADDED105A9DED116A65
:10921000DDED187A9DED197ADDED202A9DED213ADC
:10922000DDED223ADDE91C2001FB0020226802EB83
:109230004000D8F800200092D8F804200192BBF139
:10924000000F03DC039A002A40F34681129AB8F912
:10925000087002F50041139AB8F90C6002F500425B
:10926000002B0EDD0C1405D4BC4203DA141401D417
:10927000B44207DB149C013B02302144159C22447C
:10928000EEE717D05C1E149D05FB04152D1409D4C0
:10929000BD4207DA159D05FB0424241402D4B44210
:1092A000C0F2B38000269C19002C3EDC23EAE37355
:1092B00000EB4300BBF1000F40F30E8135EE225A64
:1092C0000E9B75EE835ABBF1010BB0EE672AC4EE1C
:1092D000056A36EE236ABEEEC82A8DED122AB0EE7C
:1092E000472ABEEEC82A8DED132A65EEA64A66EE21
:1092F000266A74EEE77A36EEC77AFEEEC87ABEEEDC
:10930000C87A17EE902AF0EE647A92FBF3F317EE28
:10931000102A14930E9BB0EE667A92FBF3F3039A35
:1093200015930E9B08BF134689E70F1418D4D8F87D
:109330000850BD4214DD5FEA224C11D4D8F80C402D
:1093400064450DDD2DB2019C0CFB0575645DFF2CA1
:109350000CD1009C34F815506FF001047443055390
:10936000149C013E2144159C22449CE7002CF7D01C
:10937000009F1FFA84FCE44337F815906FF0010555
:10938000E4B275434FEA292E02950EF0F80E455BC4
:109390002F124FEAE50A07F0F807ED000AF0FC0A81
:1093A00017FB04F7EDB21AFB04FA0EFB0C7E4FEA32
:1093B000E90715FB04F54FEAC9091FFA8EFE07F00D
:1093C000FC075FFA89F907FB0CA70EF1010409FB02
:1093D0000C5504EB1E2E029CADB2BFB20EF4784EBB
:1093E00005F1010A0AEB152ACAF3C42A4AEA0E0E4D
:1093F00007F1010A0AEB172A4FEA5A1A0AF4FC6A23
:109400004EEA0A0E20F804E0AAE74FF00009A3EBA9
:109410000904002C7FF74AAF1414B8F908600D1442
:1094200006FB0455019C645DFF2C0BD1009C34F8B5
:10943000154020F81940149C09F101092144159C9C
:109440002244E4E7002CF6D0009EA7B2E44336F8AD
:1094500015E030F81950E4B24FEA2E2C2E124FEAE4
:10946000E50A0CF0F80C06F0F806ED000AF0FC0A2C
:1094700016FB04F6EDB21AFB04FA0CFB076C4FEA7C
:10948000EE0615FB04F54FEACE0E1FFA8CFC06F033
:10949000FC065FFA8EFE06FB07A60CF101040EFB2C
:1094A000075504EB1C2CADB2B6B20CF4784C05F1A8
:1094B000010A0AEB152ACAF3C42A4AEA0C0C06F17F
:1094C000010A0AEB162A4FEA5A1A0AF4FC6A4CEA15
:1094D0000A0C20F819C0AEE705B0BDE8F08F2DE901
:1094E000F04F85B01B9803929DF87C20009101926B
:1094F0004168DDF878E09DED0F5ADDED105A9DEDE5
:10950000116ADDED187A9DED197A9DED203ADDEDB9
:10951000213A9DED224ADDE91C2401FB0424026866
:1095200002EB4404DEF800200292019AD643F6B220
:10953000009A002A03DC039A002A40F32481129A3D
:10954000BEF908C002F50041139ABEF90C7002F58D
:109550000042002B0EDD081405D4604503DA101418
:1095600001D4B84207DB1498013B0234014415983A
:109570000244EEE76ED0581E149D05FB00152D1415
:109580005CD465455ADA159D05FB0020001455D4BE
:10959000B84253DA9946A246BDF804B0B9F1000FBB
:1095A00054DDBEF908700D14101409F1FF3907FBE2
:1095B0000050029D35F81000BAF800504FEA202CF8
:1095C0002F124FEAE5080CF0F80C07F0F807ED0051
:1095D00008F0FC0817FB06F7EDB218FB06F80CFBC9
:1095E0000B7CC71015FB06F5C00007F0FC071FFA3F
:1095F0008CFCC0B207FB0B8700FB0B500CF1010584
:10960000BFB280B205EB1C2C07F10108451C08EB2A
:1096100017280CF4784C05EB102514984FEA5818CD
:10962000C5F3C425014408F4FC68159845EA0C0C00
:1096300002444CEA080C2AF802CBAFE74FF00008CE
:10964000BDF804A003EB0800002841DC23EAE37323
:1096500004EB4304009B002B40F39580F7EE004A97
:109660000E9B35EE035A75EEA35AF0EE672AC4EE50
:10967000856A36EE046AFEEEC82ACDED122AF0EEB7
:10968000472AFEEEC82ACDED132A65EEA64A66EEFD
:10969000266A74EEE77A36EEC77AFEEEC87ABEEE38
:1096A000C87A17EE902AF0EE647A92FBF3F317EE85
:1096B000102A14930E9BB0EE667A92FBF3F3159387
:1096C000009B039A013B00930E9B08BF13462FE7B4
:1096D0000F1451D4DEF80850BD424DDD5FEA224C34
:1096E0004AD4DEF80C00604546DD2DB202980CFB32
:1096F000057530F815006FF0010505FB08FB4FEA12
:10970000202C34F80B500CF0F80C2F124FEAE5091E
:1097100007F0F807ED0009F0FC0917FB06F7EDB2BA
:1097200019FB06F90CFB0A7CC71015FB06F5C000F7
:1097300007F0FC071FFA8CFCC0B207FB0A9700FB7E
:109740000A500CF10105BFB280B205EB1C2C07F1E9
:109750000109451C09EB17290CF4784C05EB102581
:109760004FEA5919C5F3C42509F4FC6945EA0C0C04
:109770004CEA090C24F80BC0149808F1FF38014496
:10978000159802445EE705B0BDE8F08F2DE9F04F73
:1097900085B09346B7EE004A1B9E1E9D70689DEDF6
:1097A0000F5ADDED105A9DED116ADDED187A9DED31
:1097B000197ADDED202A9DED213ADDED223A019165
:1097C000DDE91C24DDE914EC00FB0424326802EB23
:1097D00044042A680292019A002A03DCBBF1000FBC
:1097E00040F39A80129AB5F9089002F50040139A56
:1097F000B5F90C8002F50042002B0CDD061405D4EF
:109800004E4503DA161401D4464505DB7044624424
:10981000013B0234F0E70FD05E1E0EFB06073F143B
:1098200041D504EB430698460396B8F1000F56DC89
:1098300023EAE37304EB4304019B002B6CDD35EE5C
:10984000225A0E9B75EE835AB0EE672AC4EE056A63
:1098500036EE236ABEEEC82A8DED122AB0EE472AF4
:10986000BEEEC82A8DED132A65EEA64A66EE266A7C
:1098700074EEE77A36EEC77AFEEEC87ABEEEC87AA4
:1098800017EE902AF0EE647A92FBF3FE17EE102AA0
:10989000B0EE667A92FBF3FC019B013B01930E9BB9
:1098A00008BF5B4697E74F45BBDA0CFB062636142C
:1098B000B7D44645B5DA1E46A046002EB8DD1714CB
:1098C000B5F908A04FEA20490299704462440AFBA6
:1098D0000797013E31F8177028F8027BEDE75FEA41
:1098E000204914D4AE684E4511DD5FEA224A0ED4F9
:1098F000EF6857450BDD36B26FF00101029F0AFB9E
:10990000069637F8167001FB08F603998F537044DA
:10991000624408F1FF3888E705B0BDE8F08F2DE913
:10992000F04F87B08B46B7EE004A1D9803929DF822
:10993000842041680492DDF880909DED115ADDEDA0
:10994000125A9DED136ADDED1A7A9DED1B7ADDED5D
:10995000222A9DED233ADDED243ADDE91E2501FBA7
:109960000525026802EB4505D9F800200192BBF1FC
:10997000000F03DC039A002A40F35881149AB9F9C6
:10998000087002F50040159AB9F90C6002F5004123
:10999000002B0EDD021405D4BA4203DA0A1401D4F6
:1099A000B24207DB169A013B02351044179A114464
:1099B000EEE717D05A1E169C04FB0204241409D4A7
:1099C000BC4207DA179C04FB0212121402D4B24202
:1099D000C0F2BF800027DA19002A3EDC23EAE373D5
:1099E00005EB4305BBF1000F40F3208135EE225A11
:1099F000109B75EE835ABBF1010BB0EE672AC4EEE3
:109A0000056A36EE236ABEEEC82A8DED142AB0EE42
:109A1000472ABEEEC82A8DED152A65EEA64A66EEE7
:109A2000266A74EEE77A36EEC77AFEEEC87ABEEEA4
:109A3000C87A17EE902AF0EE647A92FBF3F317EEF1
:109A4000102A1693109BB0EE667A92FBF3F3039AFA
:109A50001793109B08BF134689E706142DD4D9F835
:109A60000840B44229DD5FEA214C26D4D9F80C2005
:109A7000624522DD24B2019A0CFB046452F82440B2
:109A8000220E1AD0049E7243561C06EB2222260A8E
:109A900012120596FF2A16D16FF0010226F4FF6616
:109AA00002FB07FC620926F00706C4F3C40402F4B3
:109AB000FC621643264325F80C60169A013F1044B9
:109AC000179A114487E76FF001061FFA82FAC4F370
:109AD000074CD2437E43E4B21CFB0AFCD2B235F8F9
:109AE000068014FB0AF402964FEA282E9DF81460B3
:109AF00016FB0AF60EF0F80E0EFB02CE4FEAE80C4B
:109B00004FEAC8081FFA8EFE0CF0FC0C5FFA88F8CA
:109B10000CFB026C08FB02440EF101021FFA8CFCE4
:109B2000A4B202EB1E2E029A661C0EF4784E06EBCF
:109B30001426C6F3C42646EA0E0E0CF1010606EB07
:109B40001C26760906F4FC664EEA060E25F802E0AD
:109B5000B3E74FF00008A3EB0802002A7FF73EAFFF
:109B60000414B9F908600A1406FB0242019C54F877
:109B70002240220E15D0049E7243561C06EB222270
:109B8000260A1212FF2A13D1620926F4FF66C4F3D3
:109B9000C40402F4FC6226F007061643264325F8A7
:109BA0001860169A08F101081044179A1144D2E778
:109BB00035F818E01FFA82FAC4F30747D2434FEA98
:109BC0002E2C17FB0AF7D2B20CF0F80CE4B2F6B266
:109BD0000CFB027C4FEAEE0714FB0AF44FEACE0EB0
:109BE0001FFA8CFC07F0FC0716FB0AF65FFA8EFEE4
:109BF0000EFB024407FB02670CF10102A4B202EB68
:109C00001C2C661CBFB20CF4784C06EB1426C6F371
:109C1000C42646EA0C0C7E1C06EB1726760906F4D1
:109C2000FC664CEA060C25F818C0BAE707B0BDE898
:109C3000F08F00002DE9F04F85B08B46B7EE004A5B
:109C40001B9803924168DDF878809DED0F5ADDED99
:109C5000105A9DED116ADDED187A9DED197ADDED52
:109C6000202A9DED213ADDED223ADDE91C2401FB9D
:109C70000424026802EB4404D8F800200192BBF1EE
:109C8000000F03DC039A002A40F34F81129AB8F9BF
:109C9000087002F50041139AB8F90C6002F5004211
:109CA000002B0EDD081405D4B84203DA101401D4D9
:109CB000B04207DB1498013B02340144159802447A
:109CC000EEE717D0581E149D05FB00152D1409D47E
:109CD000BD4207DA159D05FB0020001402D4B042F6
:109CE000C0F2BA800026981900283EDC23EAE3730C
:109CF00004EB4304BBF1000F40F3178135EE225A09
:109D00000E9B75EE835ABBF1010BB0EE672AC4EED1
:109D1000056A36EE236ABEEEC82A8DED122AB0EE31
:109D2000472ABEEEC82A8DED132A65EEA64A66EED6
:109D3000266A74EEE77A36EEC77AFEEEC87ABEEE91
:109D4000C87A17EE902AF0EE647A92FBF3F317EEDE
:109D5000102A14930E9BB0EE667A92FBF3F3039AEB
:109D600015930E9B08BF134689E70F1424D4D8F827
:109D70000850BD4220DD5FEA224C1DD4D8F80C000B
:109D8000604519DD2DB201980CFB057550F82500D2
:109D9000070EFF2F16D16FF0010505FB06F7A5F2A0
:109DA000FE7505EA102C4509C0F3C40005F4FC65F6
:109DB0004CEA05050543E5531498013E0144159806
:109DC000024490E7FDB2002FF6D06FF001071FFAB2
:109DD00085F9ED43C0F3072A77431AFB09FAEDB280
:109DE00034F807E00297C0F307474FEA2E2C17FB21
:109DF00009F7C0B20CF0F80C10FB09F00CFB057C65
:109E00004FEAEE074FEACE0E1FFA8CFC07F0FC0774
:109E10005FFA8EFE07FB05A70EFB05000CF101059E
:109E2000BFB280B205EB1C2C00F1010A0CF4784C97
:109E30000AEB102A0298CAF3C42A4AEA0C0C07F16A
:109E4000010A0AEB172A4FEA5A1A0AF4FC6A4CEA8A
:109E50000A0C24F800C0AFE74FF0000EA3EB0E0091
:109E600000287FF743AFB8F908600D14101406FB03
:109E70000050019D55F820502E0EFF2E12D12C4877
:109E800000EA15266809C5F3C40500F4FC603043F8
:109E9000284324F81E0014980EF1010E0144159871
:109EA0000244DBE7F0B2002EF5D034F81EC01FFAF2
:109EB00080F9C5F30746C0434FEA2C27C5F3072AAC
:109EC00016FB09F6C0B207F0F807EDB21AFB09FA63
:109ED00007FB00674FEAEC0615FB09F54FEACC0CCF
:109EE000BFB206F0FC065FFA8CFC06FB00A60CFB7A
:109EF0000055781CB6B2ADB200EB172705F1010A88
:109F000007F478470AEB152ACAF3C42A4AEA070776
:109F100006F1010A0AEB162A4FEA5A1A0AF4FC6AF9
:109F200047EA0A0724F81E70B5E705B0BDE8F08FD0
:109F300000F8FFFF2DE9F04F87B08B46B7EE004ADF
:109F40001D9803929DF8842041680492DDF880906A
:109F50009DED115ADDED125A9DED136ADDED1A7A71
:109F60009DED1B7ADDED222A9DED233ADDED243AAD
:109F7000DDE91E2401FB0424026802EB4404D9F845
:109F80000820013222F001020092D9F8002001924B
:109F9000BBF1000F03DC039A002A40F36A81149A94
:109FA000B9F9087002F50040159AB9F90C6002F58C
:109FB0000041002B0EDD021405D4BA4203DA0A1464
:109FC00001D4B24207DB169A013B02341044179ABF
:109FD0001144EEE717D05A1E169D05FB02052D14FD
:109FE00009D4BD4207DA179D05FB0212121402D4F0
:109FF000B242C0F2C8800027DA19002A3EDC23EA08
:10A00000E37304EB4304BBF1000F40F3328135EE00
:10A01000225A109B75EE835ABBF1010BB0EE672AF2
:10A02000C4EE056A36EE236ABEEEC82A8DED142A08
:10A03000B0EE472ABEEEC82A8DED152A65EEA64A77
:10A0400066EE266A74EEE77A36EEC77AFEEEC87AD6
:10A05000BEEEC87A17EE902AF0EE647A92FBF3F324
:10A0600017EE102A1693109BB0EE667A92FBF3F36C
:10A07000039A1793109B08BF134689E7051436D43B
:10A08000D9F80820AA4232DD0E1430D4D9F80C20B9
:10A09000B2422CDD009A06FB0255019E6A08B25CB2
:10A0A000EE0754BF02F00F02121102EB0212D2B2FD
:10A0B000EAB1049D6A43551C05EB22226E4D121233
:10A0C0002D68FF2A4FEA1526059616D16FF001027A
:10A0D00026F4FF6602FB07FC6A0926F00706C5F3B3
:10A0E000C40502F4FC6216432E4324F80C60169A51
:10A0F000013F1044179A11447EE76FF001061FFAE2
:10A1000082FAC5F3074CD2437E43EDB21CFB0AFC36
:10A11000D2B234F8068015FB0AF502964FEA282ED3
:10A120009DF8146016FB0AF60EF0F80E0EFB02CE38
:10A130004FEAE80C4FEAC8081FFA8EFE0CF0FC0C40
:10A140005FFA88F80CFB026C08FB02550EF1010265
:10A150001FFA8CFCADB202EB1E2E029A6E1C0EF49E
:10A16000784E06EB1526C6F3C42646EA0E0E0CF111
:10A17000010606EB1C26760906F4FC664EEA060E7E
:10A1800024F802E0B3E74FF00008A3EB0802002A2E
:10A190007FF735AF0214009E0D1406FB0525019EC6
:10A1A0006A08ED07B25C54BF02F00F02121102EB15
:10A1B0000212D2B2C2B1049D6A43551C05EB2222A1
:10A1C0002D4D12122E68FF2A4FEA162513D172095F
:10A1D00025F4FF65C6F3C40602F4FC6225F007050A
:10A1E0001543354324F81850169A08F10108104415
:10A1F000179A1144C9E734F818E01FFA82FAC6F337
:10A200000747D2434FEA2E2C17FB0AF7D2B20CF0C5
:10A21000F80CF6B2EDB20CFB027C4FEAEE0716FB2F
:10A220000AF64FEACE0E1FFA8CFC07F0FC0715FB6E
:10A230000AF55FFA8EFE0EFB026607FB02570CF171
:10A240000102B6B202EB1C2C751CBFB20CF4784CA8
:10A2500005EB1625C5F3C42545EA0C0C7D1C05EB62
:10A2600017256D0905F4FC654CEA050C24F818C0A7
:10A27000BAE707B0BDE8F08F485A01202DE9F04F4A
:10A2800087B0B7EE004ADFF828831D980191059248
:10A290004168DDF880B09DED115ADDED125A9DED5B
:10A2A000136ADDED1A7A9DED1B7ADDED222A9DED14
:10A2B000233ADDED243ADDE91E2401FB0424026883
:10A2C00002EB4404DBF80820013222F00102029282
:10A2D000DBF800200392019A002A03DC059A002A89
:10A2E00040F36281149ABBF9087002F50040159A98
:10A2F000BBF90C6002F50041002B0EDD021405D401
:10A30000BA4203DA0A1401D4B24207DB169A013BBF
:10A3100002341044179A1144EEE717D05A1E169DC6
:10A3200005FB02052D1409D4BD4207DA179D05FB74
:10A330000212121402D4B242C0F2C38000255A198C
:10A34000002A3FDC23EAE37304EB4304019B002B68
:10A3500040F32A8135EE225A109B75EE835AB0EEF7
:10A36000672AC4EE056A36EE236ABEEEC82A8DED72
:10A37000142AB0EE472ABEEEC82A8DED152A65EEE6
:10A38000A64A66EE266A74EEE77A36EEC77AFEEEE5
:10A39000C87ABEEEC87A17EE902AF0EE647A92FB85
:10A3A000F3F317EE102A1693109BB0EE667A92FB29
:10A3B000F3F31793019B059A013B0193109B08BF90
:10A3C000134688E706142CD4DBF80820B24228DDB7
:10A3D0000F1426D4DBF80C20BA4222DD029A07FBC8
:10A3E0000266039F7208F607BA5C54BF02F00F02C0
:10A3F000121102EB0212D2B2FF2A18D16FF001063D
:10A40000D8F8002006FB05F7A6F2FE7606EA122C25
:10A410005609C2F3C40206F4FC664CEA060616436B
:10A42000E653169A013D1044179A114487E7002A13
:10A43000F7D06FF00106D8F800C01FFA82F9D243B6
:10A440006E43CCF3072AD2B234F806E01AFB09FABD
:10A450000496CCF307464FEA2E2716FB09F65FFA5F
:10A460008CFC07F0F8071CFB09FC07FB02674FEAAE
:10A47000EE064FEACE0EBFB206F0FC065FFA8EFE85
:10A4800006FB02A60EFB02CC7A1CB6B21FFA8CFCAD
:10A4900002EB1727049A0CF1010A07F478470AEB3C
:10A4A0001C2ACAF3C42A4AEA070706F1010A0AEB82
:10A4B000162A4FEA5A1A0AF4FC6A47EA0A07A75210
:10A4C000AFE74FF0000EA3EB0E02002A7FF73AAF82
:10A4D0000214029E0D1406FB0525039E6A08ED0773
:10A4E000B25C54BF02F00F02121102EB0212D2B2A0
:10A4F000FF2A15D1D8F80050A2F6FF0202EA15266D
:10A500006A09C5F3C40502F4FC6232432A4324F805
:10A510001E20169A0EF1010E1044179A1144D2E72C
:10A52000002AF6D0D8F800701FFA82F934F81EC05D
:10A53000D243C7F30745C7F3072A4FEA2C2615FB7A
:10A5400009F5D2B206F0F806FFB21AFB09FA06FBCB
:10A5500002564FEAEC0517FB09F74FEACC0CB6B2EE
:10A5600005F0FC055FFA8CFC05FB02A50CFB0277ED
:10A57000721CADB2BFB202EB162607F1010A06F457
:10A5800078460AEB172ACAF3C42A4AEA060605F1F6
:10A59000010A0AEB152A4FEA5A1A0AF4FC6A46EA3B
:10A5A0000A0624F81E60B4E707B0BDE8F08F00BFCC
:10A5B000485A01207047704770477047704770478E
:10A5C00070477047704770477047704770477047D3
:10A5D00070477047704770477047704770477047C3
:10A5E00070477047704770477047704770477047B3
:10A5F000704770472DE9F04788B006468846914677
:10A6000008AC24F80C3D2046FDF752FB33680546A4
:10A6100020469F69FDF75AFA82462046FDF78AFADE
:10A6200000954B4642463146CDE901A006A8B84701
:10A63000284608B0BDE8F0872DE9FF4700230093C6
:10A640003D4B1B78002B37D13C4AB2F90020ADF8C6
:10A650000420002B32D13A4BB3F9003002AC086829
:10A66000ADF8063002AB4968364D03C36946204653
:10A67000FAF76CF86846FAF741F8BDF80830BDF80B
:10A6800000202F4628681344BDF80220ADF808309A
:10A69000BDF80A301344ADF80A3003689B6B984745
:10A6A00010F0010F0CD02868036894E80600DB6DF9
:10A6B000984704B0BDE8F087214AC6E71F4BCBE7B7
:10A6C0003868BDF90C800368BDF90E504FEA4808A0
:10A6D0001B6B9847BDF90830BDF80A20BDF804602F
:10A6E00016FB023600EB4606386803689B6A9847FB
:10A6F000124ABDF90A4013889146BDF908105D431E
:10A7000003FB041400EB440404EB45053868AC4239
:10A7100003680ED2D3F834A0324643462146D047D0
:10A72000B9F8003004EB4304BDF9043006EB4306EE
:10A73000ECE7DB6A9847BCE72E5A0120305A01202B
:10A74000325A0120385A01202DE9F04F8BB00F46C4
:10A7500016469DF850B09DF85440BBF1000F4AD00A
:10A76000106806AD516803C5186808AD596803C57F
:10A7700006A8F9F7C3FF314608A8F9F7E7FFBDF9C6
:10A780002020BDF92230BDF81C60BDF9248016FBE5
:10A790000321BDF9265007EB4106BDF818105F4FA5
:10A7A0000A443868B946ADF82020BDF81A20134491
:10A7B000ADF8223003689B6B9847BBF1FF0F1DD1AA
:10A7C000FCB910F0010F1CD0D9F800000027ADB281
:10A7D000BDF822300168BDF82020CDF80CB00195FD
:10A7E000CDE90447BDF81C4002941FFA88F4009498
:10A7F0004C6C3146A0470BB0BDE8F08F10F0040F51
:10A80000E1E7D9F800004FEA480703689B6A9847D8
:10A81000434BBDF92240BBF1FF0F1A889A46BDF9A0
:10A82000201005FB02F502FB041400EB440459D090
:10A83000CBF1FF0904EB45051FFA8BF29E461FFA88
:10A8400089F9AC4264D204EB070A54453DD2218811
:10A8500036F8023B08124FEA232C00F0F8004FEACA
:10A86000E10B0CF0F80CC90010FB09F00BF0FC0B2D
:10A87000C9B20CFB020CD8101BFB09FBDB001FFA52
:10A880008CFC00F0FC0011FB09F1DBB200FB02B014
:10A890000CF1010B03FB02130BEB1C2C9BB280B2DF
:10A8A0000CF4784B03F1010C0CEB132C431C03EB61
:10A8B0001020CCF3C42C40094CEA0B0C00F4FC60D3
:10A8C0004CEA000C24F802CBBFE7BEF80030A3EB43
:10A8D000080304EB4304BDF91C30A3EB080306EBAB
:10A8E0004306AEE704EB4505D9F80000AC42036827
:10A8F0000ED2D3F8348032463B462146C047BAF8E0
:10A90000003004EB4304BDF91C3006EB4306EBE7D3
:10A91000024B18680368DB6A98476CE7385A0120D5
:10A92000305A012010B5044604210CF0EFFC2046FB
:10A9300010BD10B5044604210CF0E8FC204610BD03
:10A9400010B5044640F644010CF0E0FC204610BD72
:10A9500010B504464FF482710CF0D8FC204610BDAF
:10A9600010B5044604210CF0D1FC204610BD10B5F2
:10A97000044604210CF0CAFC204610BD10B5044664
:10A9800004210CF0C3FC204610BD10B50446042180
:10A990000CF0BCFC204610BD10B5044604210CF0A0
:10A9A000B5FC204610BD10B5044604210CF0AEFCE9
:10A9B000204610BD10B5044604210CF0A7FC20462B
:10A9C00010BD10B5044604210CF0A0FC204610BDBB
:10A9D00010B5044604210CF099FC204610BD10B5BA
:10A9E000044604210CF092FC204610BD10B504462C
:10A9F00004210CF08BFC204610BD10B50446042148
:10AA00000CF084FC204610BD10B5044604210CF067
:10AA10007DFC204610BD10B5044604210CF076FCE8
:10AA2000204610BD10B5044604210CF06FFC2046F2
:10AA300010BD10B5044604210CF068FC204610BD82
:10AA400010B5044604210CF061FC204610BD10B581
:10AA5000044604210CF05AFC204610BD10B50446F3
:10AA600004210CF053FC204610BD10B5044604210F
:10AA70000CF04CFC204610BD10B5044604210CF02F
:10AA800045FC204610BD10B5044604210CF03EFCE8
:10AA9000204610BD10B5044604210CF037FC2046BA
:10AAA00010BD10B5044604210CF030FC204610BD4A
:10AAB00010B5044604210CF029FC204610BD10B549
:10AAC000044604210CF022FC204610BD10B50446BB
:10AAD00004210CF01BFC204610BD10B504460421D7
:10AAE0000CF014FC204610BD2DE9F04F8FB0164637
:10AAF00082460D469DF860200592002A00F0B7823C
:10AB000030680AAC716803C418680CAC596803C497
:10AB10000AA8F9F7F3FD31460CA8F9F717FEBDF9BD
:10AB20002C20B2F5806FDBBF93B24FF4806101231C
:10AB300091FBF3F3009305F1080300990693BDF927
:10AB40002E300B44013B93FBF1F3013B06999BB282
:10AB500001EB830300990793BDF9323093FBF1F0C9
:10AB600084B2BDF830100294029D009C05FB1434A1
:10AB700014FB02F40C44A4B2002D6CD06A1E06989B
:10AB800050F82260079A36BA1644BDF82820BDF95D
:10AB900036501144BDF82A20DFF82C931344ADF849
:10ABA0003010ADF83230BDF934300193C44B186821
:10ABB00003689B6A9847C34BBDF930201B88BDF9D9
:10ABC000328003FB08284FF480726B43002500EBB2
:10ABD0004808294608EB43030993BDF92C3094FB40
:10ABE000F3F304930AF10403184608930FF0A4FA50
:10ABF000099B434540F23682032207210B20002C9B
:10AC000000F031813378DBB2FE2B26D196F801E0DB
:10AC1000013C96F802C0371D5FFA8EFE96F803B02D
:10AC20005FFA8CFC6EF307055FFA8BFBA4B26CF342
:10AC30000F250CEB8C0C12FB0BCC6BF3174511FBA7
:10AC40000ECC2B0E10FB03C303F03F030AEB830370
:10AC50005D603E46D3E7079E97E7FF2B27D196F826
:10AC600001C0013CB378771D5FFA8CFC96F803E0D5
:10AC7000DBB296F804B06CF307055FFA8EFE5FFA5C
:10AC80008BFB63F30F2503EB8303A4B212FB0E339C
:10AC90006EF3174511FB0C336BF31F6510FB0B3B79
:10ACA0000BF03F0B0AEB8B0BCBF80450D1E75FEABC
:10ACB000A31C06F1010707D103F03F030AEB83034E
:10ACC0005D68013CA4B2C4E7BCF1010F2CD103F0D4
:10ACD000030E03F00C0CC3F30113AEF1020EACF142
:10ACE000080C023B05EBCE0E5FFA8EFE6EF30705F5
:10ACF0000CEB152C0CF0FF0C6CF30F250CEB8C0CF3
:10AD0000C5F3074606EBC303DBB212FB03CC63F3C8
:10AD1000174511FB0ECC2E0E10FB06C606F03F06A3
:10AD20000AEB86067560CCE7BCF1020F03F03F0327
:10AD30002AD1B71C7678203BF6B206F00F0C3611FC
:10AD4000ACF1080C083E9C4405EBCC0C5FFA8CFC83
:10AD50006CF30705C5F3072E0EEB830E33445FFA41
:10AD60008EFE6EF30F250EEB8E0EC5F3074606EB37
:10AD7000C303DBB212FB03EE63F3174511FB0CEECA
:10AD80002E0E10FB06E6C9E75E1CA6424EDD361B02
:10AD9000002E4EDCDDF804B00024BBF1000F40F3C0
:10ADA00022817B1C03933B78DBB2FE2B60D1797848
:10ADB0003B1DBA78C9B2F878D2B2039361F30705A4
:10ADC000C0B2032362F30F2502EB820213FB0022C1
:10ADD00060F3174507232E0E13FB01210B2313FBF2
:10ADE000061303F03F030AEB83035D600126374639
:10ADF0002B0EABEB070BA6EB070640F0D3808CB114
:10AE00004846A100E0F740F8059B224649464046E7
:10AE100008EB4408E0F79EF82B4B2C4A994508BFF5
:10AE20001346994608EB47080024DAE0A61BB4B2A3
:10AE30000FE7019B019AB342A8BF33462C0EA2EB49
:10AE4000030BA6EB03060BD0A9F104011A46002A56
:10AE500002DC23EAE374A0E741F8045F013AF6E775
:10AE600008EB430899E73746DDF804B0264694E737
:10AE7000FF2B1DD178787B1DBA78C0B2FE78D2B294
:10AE8000039360F307053B79F6B2D9B262F30F255D
:10AE9000032302EB820266F3174513FB0622072306
:10AEA00061F31F6513FB00200B2313FB010398E7DD
:10AEB0009E110DD103F03F030AEB83035D6895E714
:10AEC000385A0120305A0120800A0020800B0020CF
:10AED000012E4FEA15612BD103F0030003F00C02A1
:10AEE000C3F301130238083A9F1E05EBC000C0B23D
:10AEF00060F3070502EB152202F0FF0262F30F2553
:10AF000002EB8202C5F3074303EBC7030327DBB25F
:10AF100017FB0322072763F317450B2317FB0020BA
:10AF200013FB010101F03F010AEB81014D605EE777
:10AF3000022E03F03F032FD17878BA1C203BC0B219
:10AF4000039200F00F020011083A08381A4405EB8A
:10AF5000C202D2B262F30705C5F3072606EB8306E9
:10AF60000344F6B266F30F2506EB8606C5F30740E9
:10AF700000EBC3030320DBB210FB0366072063F37F
:10AF800017450B2310FB026213FB012101F03F0167
:10AF90000AEB81014D6029E75E1C5F46B345A8BFFF
:10AFA000374625E73B19402B13DD4846A100DFF764
:10AFB0006BFF4946059B2246404608EB4408DFF7F5
:10AFC000C9FF2C4B002499450CBFDFF8B490DFF883
:10AFD000A49009EB84023B46013B42F8045BFBD1A1
:10AFE0003C44039FD9E65CB1A1004846DFF74CFF23
:10AFF000404608EB4408059B22464946DFF7AAFF76
:10B000001D4B019A1B889B1A08EB4308049B0133D4
:10B010000493049A009B93421DD1029B0025029A3F
:10B0200003F1010BBDF83040069B2946BDF82860AE
:10B0300053F822704FF48072A41B079B3FBA089804
:10B04000A4B21F440FF078F8CDF808B00495DFF7EC
:10B0500011FF3E46CCE5BDF82C40019BE41AA41B31
:10B06000A4B2F4E7054B18680368DB6A98470FB091
:10B07000BDE8F08F800A0020305A0120385A0120A4
:10B08000800B00202DE9F04F8FB01C4605929DF8F3
:10B0900064200091189B0192002A00F0168120681C
:10B0A0000AAA616803C218680CAA596803C20AA8F0
:10B0B000F9F724FB21460CA8F9F748FBBDF92C60F1
:10B0C000BDF92E50B6F5806FBDF83000DBBFB3B2CE
:10B0D0004FF48062012392FBF3F3BDF932201D444B
:10B0E00092FBF3F11FFA81FC013D0CFB1324614636
:10B0F00014FB06F4044495FBF3F5A4B231B1059BAF
:10B10000009953F82C301BBA19440091BDF828302F
:10B11000ADB2BDF934801844BDF82A30BDF93660AF
:10B12000AD001A446A4BADF830001868ADF8322013
:10B1300003689B6A98476749BDF93220002C0B8849
:10B14000BDF930C00CBFC6464FF0000E099103FB9D
:10B1500002C2BDF8041073431FFA8EFE00EB4200DA
:10B16000039100EB430306932B1D0793019BC3F14F
:10B17000FF02002392B202930492069A824240F2A6
:10B180009F8063B9009B1A78930902F03F020292F4
:10B190005A1E022A15D8009A9BB201320092B4B10D
:10B1A0009C4291BF1C1BE41A71464FF0000A9BBFE2
:10B1B0001FFA84FA0024A4B21FFA88F153468E467F
:10B1C000DBE7009A009B02325B780092E7E70222FD
:10B1D000079973451546029A24BFA3EB0E0AF14660
:10B1E00015FB0212059934BF99461FFA8AFA31F805
:10B1F00002C038BFAEEB0301019A2EBF214689B2CF
:10B20000A246FF2A4FEA490905D18144814545D02C
:10B2100020F802CBFAE74FEA2C22039D4FEAEC0B11
:10B2200081444FEACC0C02F0F8020BF0FC0B5FFA01
:10B230008CFC6A430BFB05FB0CFB05FC089281456B
:10B240002CD00288049D1612049F06F0F80616FB07
:10B2500005F6089D2E44D510D200B6B205F0FC05C7
:10B26000D2B215FB07F512FB07F2771C5D4462446E
:10B2700007EB1626ADB292B206F47846571C07EBE0
:10B280001222C2F3C42216436A1C02EB15256D0973
:10B2900005F4FC652E4320F8026BD0E773458DD38F
:10B2A0001FFA88F1BDF82C40099B641A1B88A4B2D0
:10B2B000A3EB0803002C00EB430018BF00217DE73F
:10B2C000034B18680368DB6A98470FB0BDE8F08F3E
:10B2D000385A0120305A01202DE9F04F9FB01D4609
:10B2E0000446289BCDE913129DF8A4200992002A58
:10B2F00000F0ED8128681AAA696803C218681CAAC0
:10B30000596803C21AA8F9F7F9F929461CA8F9F7F0
:10B310001DFABDF96C30BDF96E80B3F5806FBDF9D3
:10B320007660DBBF9AB24FF48061012291FBF2F2AA
:10B3300002920298BDF97220029992FBF0F080B25D
:10B340008844109008F1FF380298109D05FB1025E5
:10B3500098FBF1F815FB03F5BDF87010BDF86830E7
:10B3600008F101080D441944BDF86A301FFA88F845
:10B370001A44BDF97430ADF87010ADB20493944B1B
:10B38000ADF87220186803689B6A9847914BBDF925
:10B390007210002D1A88BDF9707002FB06F602FBD0
:10B3A0000171189300EB4100BDF824304FF000010B
:10B3B00000EB46020F93884B0A92149AA3EB040306
:10B3C0000D9102EB8808199308F104021192099A71
:10B3D000C2F1FF021592049A18BF002292B210998E
:10B3E0000D9B11FA83F3149901EB83030433069345
:10B3F0000A9B834240F26681BDF86C304FF0010A2F
:10B400000299069ED34657463678B5FBF3F3CB1A1E
:10B41000129601369BB205961693069B59789B7837
:10B420001B0243EA01430699C9780B431399194457
:10B430004E1C497803960902139E01F4FF71F35CD8
:10B4400019438BB284F804180C93002307939C468D
:10B45000BDF854300E93002D7ED0AF426ED20A9BC1
:10B46000ED1B01928342ADB202D873E0002B5FD195
:10B47000039BCBF107025B7893405B0003F4FF7200
:10B48000039B1B7843FA0BF3DBB213430BF101026E
:10B490005FFA82FB039A9FB2BBF1080F13BF013220
:10B4A00002324FF0000B039208BF0392129ABA4285
:10B4B00009D384F804380123059AB2F5007F0ED32E
:10B4C0009A46002635E0059B9F4218D304EB0A03F9
:10B4D00094F8042883F804280AF101039BB2059A22
:10B4E00094F8046804EB82020C9916710AF10106C3
:10B4F000D1805671059A013292B20592E0E704EBD1
:10B5000087033A465B7903F604062644199901EB52
:10B51000060CBCF1000F07DD04EB820292F804C0B8
:10B5200006F801CDD288F1E784F804289BB2C3E77E
:10B530000C9F0C97B446019A1F468CE77B1B0CEBC3
:10B540000506BDF810209BB2B6B2019200250A9AFA
:10B5500082428BD8019A4BE7974232D3BB1A0892AA
:10B5600001959BB20999FF2908990CEB010635D189
:10B57000A0F1020EB6B2B44540F08C800899974213
:10B5800000EB4100E2D3189A04991288521A1699D6
:10B5900000EB4200079A01328A42079240F087800E
:10B5A000BDF87050BDF86870049BED1BADB2002D66
:10B5B00008BF1A460D9B18BF0022013392B20D93AB
:10B5C0000DE7D11B08978BB201932B46CAE700BF4A
:10B5D000385A0120305A0120FBF7FFFFB6B20B901A
:10B5E000B445CBD00CF10101A44417919CF8045848
:10B5F000119931F815500B994FEA2528B1F800C080
:10B600000E9908F0F8084FEA2C2E4FEAEC090EF0DC
:10B61000F80E4FEACC0C09F0FC091EFB01FE0F9955
:10B620005FFA8CFC08FB01E84FEAE50E0E99ED008D
:10B630000EF0FC0E1FFA88F819FB01F90F99EDB214
:10B640000EFB019E0E991CFB01FC0F991FFA8EFE4A
:10B6500005FB01C508F1010C0EF101090B99ADB212
:10B660000CEB182805F1010C09EB1E2908F47848A9
:10B670000CEB152C4FEA5919CCF3C42C09F4FC69D6
:10B680004CEA0808BDF85CC048EA090821F8028BBA
:10B690000B91A5E70CF10108A44411999CF80458FA
:10B6A0001FFA88FC31F815502EF8025F63E7BDF8E9
:10B6B0001020BDF86C50AD1AADB2002D18BF00229D
:10B6C000019244E7034B18680368DB6A98471FB090
:10B6D000BDE8F08F385A01202DE9F04F93B016469F
:10B6E0000D469DF8702003900192002A00F003831C
:10B6F00030680EAC716803C4186810AC596803C494
:10B700000EA8F8F7FBFF314610A8F9F71FF8BDF9AE
:10B710003C20B2F5806FDBBF93B24FF48061012310
:10B7200091FBF3F3049305F1080304990893BDF921
:10B730003E300B44013B93FBF1F3013B08999BB274
:10B7400001EB830304990993BDF9423093FBF1F0B7
:10B7500084B2BDF840100594DDE9044505FB1439B9
:10B7600019FB02F989441FFA89F9002D5DD06A1E80
:10B77000089850F822A0099A9AFA8AFA9244BDF8D9
:10B7800038204FF00006BDF946501144BDF83A206C
:10B790001344ADF84010ADF84230BDF94430029387
:10B7A000CA4B186803689B6A9847C94BBDF940208B
:10B7B00000211B88BDF9424003FB042480226B4317
:10B7C00000EB440404EB43030D93BDF93C3099FBBB
:10B7D000F3F30693019BDB43DBB20A93039B043331
:10B7E00018460B930EF0A8FCBA4B00930023079366
:10B7F0000D9BA34240F27A824FF0070EB9F1000F81
:10B8000000F059819AF800500AF10107EDB2AA112F
:10B810000ED105F03F05039B03EB4505AE8809F10A
:10B82000FF391FFA89F9BA46E8E7DDF824A0A6E750
:10B83000012A29D1C6F3040305F003020321023BC8
:10B840001344C5F38102C5F3011503F01F03023A47
:10B85000023D63F3040602EB561202F03F0262F36C
:10B860004A1602EB820205EBD62505F01F0511FBF7
:10B87000052265F3CF261EFB0323039A03F03F0343
:10B8800002EB43039E80CAE705F03F05022AABB2F4
:10B8900036D1012112FB051292443A4652451CD082
:10B8A00094464FF0030B1CF8021B527841EA022128
:10B8B000C1F345104FEAD12801F01F020E4600EBFC
:10B8C00080001BFB08001EFB0200039A00F03F00F3
:10B8D00002EB400062468180E0E799450BD2A5EB80
:10B8E000090507EB4907002D00F30882DDF8088001
:10B8F000012307930CE007EB4507A9EB030990E749
:10B900009945FAD2A5EB0905002D1DDCDDF808806C
:10B910004FF0000BB8F1000F40F3A0813B7807F126
:10B92000010ADBB29A1140F0D78003F03F03039A7B
:10B9300002EB43039E88019BFF2B40F0E8812680A9
:10B9400008F1FF380234BEE0029B029AAB42A8BF66
:10B950002B46A2EB0308079AED1A002A5AD0019A47
:10B9600004EB4303FF2A49D0BDF804E0BDF828905A
:10B97000A34240F2A580BC4620881CF8022B4FEA67
:10B98000202A79780AF0F80A42EA01221AFB09FA19
:10B9900012B291B2D2000F12C91007F0F807D2B25A
:10B9A00001F0FC0107FB0EA74FEAE00AC0000AF015
:10B9B000FC0ABFB2C0B21AFB09FA10FB09F001FB86
:10B9C0000EA102FB0E02781C89B292B200EB17277F
:10B9D00001F1010A501C0AEB112A07F4784700EB29
:10B9E00012204FEA5A1AC0F3C4200AF4FC6A074333
:10B9F00047EA0A0724F8027B6746B9E7A3425FD902
:10BA00003A4612F8021B7878174641EA002124F8DA
:10BA1000021BF3E7019904EB4303B2B2FF2944D0C0
:10BA20004FEA2229BDF804104FEAE20EBDF828A023
:10BA300009F0F80908460EF0FC0E09FB01F90EFBAF
:10BA400001FED100C9B241439C42BFF461AF2288DC
:10BA500010124FEAE20C00F0F800D2000CF0FC0CDF
:10BA600000FB0A90D2B20CFB0AEC80B202FB0A1275
:10BA70001FFA8CFC92B200F1010B0BEB102B501C47
:10BA800000EB12200CF101020BF4784B02EB1C2CA2
:10BA9000C0F3C4204FEA5C1C40EA0B0B0CF4FC6CB6
:10BAA0004BEA0C0B24F802BBCEE79C42BFF430AF4C
:10BAB00024F8022BF9E7DDF8088057464D4627E7C2
:10BAC000002316E7BB44574624E700BF385A01203D
:10BAD000305A0120800A0020012A2AD1C6F304012D
:10BAE00003F00302C3F38100C3F3011302390238E8
:10BAF000023B114401F01F0161F3040600EB5610F4
:10BB000000F03F0060F34A1600EB800003EBD62202
:10BB100002F01F03032263F3CF2612FB0303072265
:10BB200012FB0133039A03F03F0302EB43039E80B1
:10BB300001E703F03F054746A845A8BF2F46022A64
:10BB400054D1019BFF2B1AD00BEB0703402B16DDC2
:10BB50004FEA4B0900984946DFF796F95A46019B90
:10BB6000204600994C44DFF7CFF9009B4FF0000BC3
:10BB70001A466A4B9A420CBF694B684B0093524677
:10BB80000021A9422CDA94464FF00309B9421CF86F
:10BB9000023B527843EA0223C3F345104FEAD32E07
:10BBA00003F01F021E4600EB800019FB0E004FF051
:10BBB000070E1EFB0200039A00F03F0002EB40005C
:10BBC00083800ADA019AFF2A13BF009A2380023485
:10BBD00022F81B3018BF0BF1010B01316246D0E790
:10BBE0000AEB450AA8EB0708ED1B6CE7019BA8EBE5
:10BBF0000708ED1B1FFA86F9FF2B27D00BEB070375
:10BC0000402B18DD4FEA4B03009819460C93DFF7E1
:10BC10003BF95A46019B204600994FF0000BDFF795
:10BC200073F90C9B1C44009B1A463C4B9A420CBF78
:10BC30003B4B3A4B0093009B03EB4B023B46002BE4
:10BC40003FF440AF22F8029B013BF8E704EB4707C3
:10BC5000A7427FF638AF24F8029BF9E7BBF1000F4B
:10BC60000CD04FEA4B0800984146DFF70DF920460B
:10BC70004444019B5A460099DFF746F9294B029A42
:10BC80001B889B1A04EB4304069B01330693069A18
:10BC9000049B934220D1059B0021059A4FF000069A
:10BCA00003F10108089BBDF8409053F822708022F0
:10BCB000BDF83850099B3FBAA9EB05090B981F4402
:10BCC0000EF03AFA1FFA89F90023CDF81480069392
:10BCD000DFF7D0F8BA468BE5BDF83C90029BA9EBA4
:10BCE0000309A9EB05051FFA85F9F1E70E4B186862
:10BCF0000368DB6A984713B0BDE8F08F029B029A95
:10BD0000AB42A8BF2B46A2EB0308ED1A27E608F1C9
:10BD1000FF381FFA86F9002501276FE7800A002007
:10BD2000800B0020305A0120385A01202DE9F04FB5
:10BD30008FB01C460F4603929DF86420189B029218
:10BD4000002A00F0288120680AAA616803C21868E6
:10BD50000CAA596803C20AA8F8F7D0FC21460CA81F
:10BD6000F8F7F4FCBDF92C60BDF92E50B6F5806FE4
:10BD7000BDF83000DBBFB3B24FF48062012392FB09
:10BD8000F3F3BDF932201D4492FBF3F11FFA81FC5D
:10BD9000013D0CFB1324614614FB06F4044495FB9F
:10BDA000F3F5A4B221B1039B53F82C301BBA1F4406
:10BDB000BDF82830ADB2BDF934901844BDF82A3032
:10BDC000BDF93660AD001A44744BADF83000186808
:10BDD000ADF8322003689B6A9847714ABDF932106A
:10BDE000002C1388BDF930C00CBFC8464FF00008C6
:10BDF000099203FB01C173431FFA88F800EB41006D
:10BE000000EB430304932B1D059300230193049A35
:10BE1000824240F2BB805BB93A78930902F03F025C
:10BE200001925A1E022A8DBF7B7801379BB20237DE
:10BE300084B19C4291BF1C1BE41AC4464FF0000A17
:10BE40009BBF1FFA84FA0024A4B21FFA89FC534650
:10BE5000E046DCE70422059943451546019A24BFD4
:10BE6000A3EB080AC64615FB021203993CBFA8EBD8
:10BE7000030C9E468A5826BF1FFA8AFAA4461FFA68
:10BE80008CFC4FEA126138BFA2464FEA4E0E0029E1
:10BE900066D0FF294FEA122614D1029DFF2D11D141
:10BEA000510926F4FF66C2F3C402864401F4FC6122
:10BEB00026F007060E431643B6B2864551D020F849
:10BEC000026BFAE7029DF6B2864469434D1C05EB0E
:10BED0002125C2F30741D2B22D126FEA050BADB294
:10BEE00011FB05F15FFA8BFB16FB05F612FB05F261
:10BEF00089B2B6B292B2069107960892864530D0C2
:10BF0000028806991612D51006F0F806D20005F040
:10BF1000FC0546EA5616D2B206FB0B1645EA951505
:10BF2000079942EA5212B6B205FB0B15089902FBBB
:10BF30000B12711CADB292B201EB1626511C06F425
:10BF4000784601EB1222C2F3C42216436A1C02EBAC
:10BF500015256D0905F4FC652E4320F8026BCDE72D
:10BF600070444345FFF473AF1FFA89FCBDF82C40C1
:10BF7000099BA4EB0C041B88A4B2A3EB0903002CBF
:10BF800000EB430018BF4FF0000C60E7034B18684C
:10BF90000368DB6A98470FB0BDE8F08F385A01207C
:10BFA000305A01202DE9F04F93B01C4605929DF8C0
:10BFB000742001911C9B0292002A00F02E812068BF
:10BFC0000EAA616803C2186810AA596803C20EA8B5
:10BFD000F8F794FB214610A8F8F7B8FBBDF93C60D0
:10BFE000BDF93E50B6F5806FBDF84000DBBFB3B27F
:10BFF0004FF48062012392FBF3F3BDF942201D440C
:10C0000092FBF3F11FFA81FC013D0CFB1324614606
:10C0100014FB06F4044495FBF3F5A4B231B1059B7F
:10C02000019953F82C301BBA19440191BDF83830EE
:10C03000ADB2BDF944B01844BDF83A30BDF9466020
:10C04000AD001A44764BADF840001868ADF84220B8
:10C0500003689B6A98477349BDF940C0002C0B8860
:10C06000BDF942200D9103FB02C208BFDC4603FB71
:10C0700006F318BF4FF0000C00EB4200BDF80810AB
:10C080001FFA8CFC00EB4303069108932B1D0993C8
:10C09000029BDA430023D2B203930792089A8242AA
:10C0A00040F2B68063B9019B1A78930902F03F020F
:10C0B00003925A1E022A15D8019A9BB201320192AC
:10C0C000B4B19C4291BF1C1BE41A66464FF00008B5
:10C0D0009BBF1FFA84F80024A4B21FFA8BF64346D4
:10C0E000B446DBE7019A019B02325B780192E7E7F5
:10C0F0000322099963451546039A2CBFA3EB0C084C
:10C10000ACEB030615FB0212059924BF1FFA88F851
:10C11000E14601EB020502992FBF2646B6B29946C9
:10C12000A046FF294AD0069FCA46A97804907943C1
:10C130000A91697879430B9105998A5C7A430C924C
:10C14000BAF1000F3DD0049A0AF1FF3A079F128816
:10C150001FFA8AFABE460A9F1512D11005F0F8059B
:10C16000D20001F0FC0145EA5515D2B205FB0E756F
:10C1700041EA91110B9F42EA5212ADB201FB0E71DE
:10C180000C9F02FB0E7205F1010E89B292B20EEB0A
:10C19000152502F1010E05F478450EEB1222C2F3CB
:10C1A000C42215434A1C02EB1121049A490901F4E7
:10C1B000FC610D4322F8025B0492C1E749468646C2
:10C1C00099B9634500EB490089D31FFA8BF6BDF896
:10C1D0003C400D9BA41B1B88A4B2A3EB0B03002CBB
:10C1E00000EB430018BF002679E7AA7801390E4F0B
:10C1F00089B207EA022A6A78D20002F4FC624AEAAB
:10C20000020295F800A042EADA022EF8022BD7E7E4
:10C21000034B18680368DB6A984713B0BDE8F08FDA
:10C22000385A0120305A012000F8FFFF2DE9F04F65
:10C230009DB01C468346269BCDE911129DF89C209B
:10C240000E92002A00F0E481206818AA616803C2F7
:10C2500018681AAA596803C218A8F8F74FFA2146B5
:10C260001AA8F8F773FABDF96430BDF96640B3F562
:10C27000806FBDF96E60DBBF9AB24FF4806101221E
:10C2800091FBF2F202920298BDF96A20029992FBA8
:10C29000F0F080B20C440F90013C02980F9D05FB1A
:10C2A000102594FBF1F415FB03F5BDF86810BDF8FB
:10C2B000603001340D441944BDF86230A4B21A4410
:10C2C000BDF96C30ADF86810A4000693ADB2B34B65
:10C2D000ADF86A20186803689B6A9847B04BBDF9AF
:10C2E0006A10002D1A88BDF9687002FB06F602FB81
:10C2F0000171169300EB4108AA4B18BF002108EB0F
:10C300004602A3EB0B030A9204F104021793139263
:10C31000069A08BF1146002289B20D920F9A0D9B12
:10C3200012FA83F3129A02EB8303043308930A9BF5
:10C33000434540F26881BDF864304FF0010E029A27
:10C340000898B5FBF3F3D31A00789BB21090013034
:10C350001493089B07905A789B781B0243EA024388
:10C36000089AD2781343119A1A44501C52780590B7
:10C370001202119802F4FF72C35C1A4393B28BF855
:10C3800004280B93002309930123019304930023B2
:10C390000393002D7DD0AE456CD20A9BA5EB0E0514
:10C3A0000C464345ADB202D871E0002B5DD1059B30
:10C3B000049A5B78C2F10702049993405B0003F48E
:10C3C000FF72059B1B780B410131C9B2DBB2082912
:10C3D0000491059943EA02030CBF023101319AB27C
:10C3E00005BF0591002105910491109991420AD34E
:10C3F0008BF8043801230799B1F5007F0FD3002192
:10C400000193039132E0079B9A4218D3019B9BF85A
:10C4100004185B4483F80418019B01339BB207990D
:10C420009BF804080BEB810108710B98C8800198F8
:10C43000013048710799013189B20791DFE70BEBB1
:10C44000820311465B7903F604005844179E0644A4
:10C45000002E06DD0BEB81010E7900F8016DC98815
:10C46000F4E78BF804189BB2C5E70B9A21460B92B0
:10C470009E468EE7039AAEEB0503BDF818402A44AA
:10C480009BB292B2039200250A9A42458DD821466A
:10C490004DE78E454FF000092BBFAEEB0103A1EB3A
:10C4A0000E042C462B4627BF9BB20C91A4B2CDF8AC
:10C4B00030E0039A0C984A44484592B274D0042064
:10C4C0005A44054692F80428139815FB0202129864
:10C4D00080585FEA106A14D0BAF1FF0F4FEA1025B6
:10C4E00012D10E9AFF2A0FD1420925F4FF65C0F33D
:10C4F000C40002F4FC6225F007051543054328F843
:10C50000195009F10109D4E738F819C0EDB24FEA22
:10C51000EC064FEA2C2706F0FC024FEACC0CC0F3E5
:10C52000074607F0F80715925FFA8CFC0E9AC0B226
:10C5300047EA571702FB0AFA4CEA5C1C0AF10102AF
:10C5400002EB2A2212121FFA82FAD24316FB0AF6D3
:10C55000D2B210FB0AF007FB0267159E0CFB02002B
:10C5600015FB0AF5BFB280B246EA961606FB0256E4
:10C570007A1C451C02EB172705EB1025B6B207F411
:10C580007847C5F3C4252F43751C05EB16256D09A7
:10C5900005F4FC652F4328F81970B2E7385A0120DA
:10C5A000305A0120FBF7FFFF03928E450C9A08EBEF
:10C5B0004208FFF468AF169A06991288521A149925
:10C5C00008EB4208099A01328A42099211D1BDF85A
:10C5D0006850BDF86090069BA5EB0905ADB2002D33
:10C5E00008BF19460D9B18BF0021013389B20D9376
:10C5F00094E6BDF81840BDF864502D1BADB2002D77
:10C6000018BF002440E7044B18680368DB6A9847AA
:10C610001DB0BDE8F08F00BF385A01202DE9F04F62
:10C620009FB01D460446289BCDE913129DF8A42017
:10C630000A92002A00F0FE8128681AAA696803C2DB
:10C6400018681CAA596803C21AA8F8F757F82946AF
:10C650001CA8F8F77BF8BDF96C30BDF96E60B3F536
:10C66000806FBDF97670DBBF9AB24FF48061012212
:10C6700091FBF2F201920198BDF97220019992FBAF
:10C68000F0F080B20E441090013E0198109D05FB21
:10C69000102596FBF1F615FB03F5BDF87010BDF8FB
:10C6A000683001360D441944BDF86A30B6B21A44F8
:10C6B000BDF97430ADF87010ADB20493964BADF87F
:10C6C0007220186803689B6A9847944BBDF97210F2
:10C6D000002D1A88BDF970C002FB07F702FB01C1EB
:10C6E000189300EB410B8E4B18BF00210BEB470258
:10C6F000A3EB04030B92149A199302EB860606F13E
:10C70000040206920A9A6FEA0202D2B21592049AC1
:10C7100008BF1146002289B20D92109A0D9B12FAA1
:10C7200083F3149A02EB8303043307930B9B5B455B
:10C7300040F27B81BDF86C304FF00108019A0798F8
:10C74000C446CDF808800078B5FBF3F3D31A1190F6
:10C7500001309BB205901693079B5A789B781B0279
:10C7600043EA0243079AD2781343139A1A44501C9F
:10C77000527803901202139802F4FF72C35C1A43BA
:10C7800093B284F804280C93002308931A46BDF84A
:10C7900028300E93BDF854300F93002D7DD0AC455A
:10C7A0006DD20B9BA5EB0C0508465B45ADB202D8DC
:10C7B00071E0002B5DD1039B029A5B78C2F1070206
:10C7C000029993405B0003F4FF72039B1B780B41BB
:10C7D0000131C9B2DBB208290291039943EA02038D
:10C7E0000CBF023101319AB205BF039100210391C0
:10C7F0000291119991420AD384F8043801230599D2
:10C80000B1F5007F0FD300219846009132E0059BDF
:10C810009A4218D304EB080394F8041883F8041818
:10C8200008F101039BB2059994F8046804EB8101B7
:10C830000E710C9ECE8008F101064E7105990131F2
:10C8400089B20591DFE704EB820311465B7903F6B9
:10C8500004062644199F3744002F06DD04EB8101AE
:10C860000F7906F8017DC988F4E784F804189BB2B3
:10C87000C5E70C9A0C920146009A9C468DE7ACEBFA
:10C8800005035719BDF81000BAB29BB200920025FB
:10C890000B9A5A458DD8014648E78C4527BFACEB2B
:10C8A00001032846A1EB0C002B460A9D27BF9BB233
:10C8B000099180B2CDF824C0FF2D099D02EB050738
:10C8C000BDB200952ED15E46009DAA4240F0838005
:10C8D000099A8C450BEB420BD9D3189A049912880C
:10C8E000521A16990BEB420B089A01328A420892AF
:10C8F00040F09180BDF87050BDF868C0049BA5EB76
:10C900000C05ADB2002D08BF19460D9B18BF0021C4
:10C91000013389B20D9300E7385A0120305A0120C3
:10C92000FBF7FFFFD946009DAA42D1D0551C2244F7
:10C9300092F804E8069A0EEB4E0E17957244129286
:10C94000B9F80020129F161297F802A0D5100E9F7A
:10C9500006F0F80605F0FC05D2001AFB07FA46EAD5
:10C9600056160F9F45EA9515D2B206FB07A6129FF1
:10C9700042EA521297F801A0B6B20E9F1AFB07FACC
:10C980000F9F05FB07A5069F06F1010A17F80EE0A9
:10C99000ADB20E9F0AEB162605F1010A1EFB07FE3B
:10C9A0000F9F0AEB152A06F4784602FB07E24FEACE
:10C9B0005A1A92B20AF4FC6A02F1010E0EEB122E20
:10C9C000BDF85C20CEF3C42E4EEA060646EA0A06FF
:10C9D00029F8026BA7E702F1010E2244069F92F8A4
:10C9E0000458069A05EB450502EB050A134A9AF826
:10C9F000029002EA09299AF80120D20002F4FC62AE
:10CA000049EA020217F8059042EAD90226F8022BF9
:10CA10001FFA8EF258E7BDF81000BDF86C502D1AC1
:10CA2000ADB2002D18BF002032E7054B186803682F
:10CA3000DB6A98471FB0BDE8F08F00BF00F8FFFF2A
:10CA4000385A01202DE9F04F91B09B461646B3F9B4
:10CA500000200DF12808B3F90230BDF96C900446AE
:10CA6000BDF9707040460D465946ADF82820ADF826
:10CA70002A30ADF82C90ADF82E70F2F76FFD3146EC
:10CA80004046F2F76BFD744B1888744B02B219885C
:10CA9000BDF928300EB2002B07DABDF82CC0634474
:10CAA000ADF82C300023ADF82830BDF92830BDF9A1
:10CAB0002CC0D21A9445C4BFC21AADF82C20BDF9BF
:10CAC0002A20002A07DABDF82EC06244ADF82E20D5
:10CAD0000022ADF82A20BDF92AA0BDF92E20A6EB30
:10CAE0000A06B242C4BFA1EB0A02ADF82E205C4A8E
:10CAF0001278A2B9BDF92C6086424046039314BF58
:10CB000000260126F2F76DFD039B60B10023238010
:10CB10006380A3802046E38011B0BDE8F08FBDF9AB
:10CB20002E608E42E9E7BDF92C200EA90E900CA8CC
:10CB30000592BDF92E20ADF83C900692BBF800207E
:10CB4000ADF83E709B1A1BB20393BBF80230DFF8BE
:10CB500018B1AAEB030A0FFA8AF30493039BADF80A
:10CB60003030049BADF83230059BADF83430069B75
:10CB7000ADF83630F7F7EAFD4046F7F7BFFD0EA8EF
:10CB8000F7F7BCFD374B2846BDF93CA01B8807933F
:10CB90002B681B6B9847BDF83250BDF93030814689
:10CBA000DBF800001AFB05331A9D05EB430503680B
:10CBB0001B6B98470746DBF80000BDF92810BDF94C
:10CBC0002A200368099108929B6B984710F0010F87
:10CBD000DDE9082112D0DBF80000BDF9342003683C
:10CBE0000092DE6E2B4698E80600B047039B238038
:10CBF000049B6380059BA380069B8BE709FB02F2E5
:10CC0000BDF9363002EB41010F4466B1079A9245F7
:10CC100009D1DBF8000009FB03F329460268566BD3
:10CC20003A46B047E2E70AFB03F34FEA4A06DFF869
:10CC300038B005EB43084545D8D2DBF8000029465B
:10CC4000BDF93430354402685B00D2F834A03A466E
:10CC5000D0474F44EFE700BF2A5A01202C5A012049
:10CC60002E5A0120305A0120385A0120F0B50646CC
:10CC700087B00C4617461D4633B30846F2F7B1FCA1
:10CC800010BB206804AB61681B4C03C304A8F7F712
:10CC900035FD206803689B6B9847FF2D16D010F078
:10CCA000080F206815D000240168BDF81230BDF8C7
:10CCB0001020CDE90254BDF816400194BDF814408F
:10CCC00000940C6E3946A04707B0F0BD10F0020F7B
:10CCD000E7E703689B6A9847084B014630461A8885
:10CCE0003368CDE900755D6A04ABA8472068036826
:10CCF000DB6A9847E8E700BF385A0120305A012024
:10CD00002DE9F0479DF82470884614461D46089E7C
:10CD1000002F00F0AB801846F2F763FC002840F0CB
:10CD2000A580B5F90010FF2FB5F90230B5F9040060
:10CD300004FB0313B5F90650A4EB000208EB430112
:10CD400004FB05F54FEA162801EB45054AD0BCB2B5
:10CD5000C7F1FF0CC6F3074E5FFA88F7F3B2400045
:10CD60000EFB04FE67434FEA420863431FFA8CFC44
:10CD7000A9427BD201EB0009494531D20A8814123D
:10CD8000D61004F0F804D20006F0FC06D2B244EA51
:10CD9000541442EA521214FB0CF446EA961612FBA3
:10CDA0000CF216FB0CF674441A44A4B23E4492B240
:10CDB00004F1010AB6B20AEB142402F1010A0AEBEB
:10CDC000122204F47844C2F3C4222243741C04EBFC
:10CDD0001626760906F4FC66324321F8022BCBE7CF
:10CDE0004144C5E77309224FC6F3C40608EA0707A2
:10CDF00003F4FC633B43E70743EA06039BB20BD50E
:10CE000040005200A94231D20C18A14202D221F8AE
:10CE1000023BFAE71144F5E78E0708D066000A46A0
:10CE2000AA4202D213803244FAE702310138C20723
:10CE30000BD500F100426600013A01EB4202AA4222
:10CE400002D213803244FAE7013878B1401043EA45
:10CE5000034380006400A94208D20E180A46B24279
:10CE600002D242F8043BFAE72144F4E7BDE8F08738
:10CE700000F8FF0000221249C0E901220160C0E968
:10CE80000322C0E90522C0E90722C0E90922C0E95E
:10CE90000B22C0E90D22C0E90F22C0E91122C0E92E
:10CEA0001322C0E91522C0E91722C0E91922C0E9FE
:10CEB0001B22C0E91D22C0E91F22C0E921227047C0
:10CEC0001C4704082DE9F04F8DB00D4604469946E5
:10CED000086808AB496803C310680AAB516803C30C
:10CEE00008A8F7F70BFC29460AA8674DF7F72EFCB0
:10CEF000BDF92820BDF92A30BDF82410286811FB9F
:10CF00000321BDF92C80BDF92E6004EB8104BDF82E
:10CF100020100A44ADF82820BDF822201344ADF8B3
:10CF20002A3003689B6B9847B9F1FF0F19D110F0B5
:10CF3000200F286818D000250168B6B2BDF82A3045
:10CF4000BDF828200196CDE90395BDF8245002953F
:10CF50001FFA88F500950D6D2146A8470DB0BDE874
:10CF6000F08F10F0400FE4E703689B6A9847474949
:10CF7000BDF92A200B888A46BDF9285003FB0252CE
:10CF8000734300EB420000EB430307934FEA48036F
:10CF90000693079B984270D2069B214600EB030B39
:10CFA00058455DD251F8044B230E14D0FF2B4FEAA5
:10CFB000142C12D1B9F1FF0F0FD163092CF4FF6CBF
:10CFC000C4F3C40403F4FC632CF0070C43EA0C0C18
:10CFD0004CEA040404800230E2E709FB03F307880B
:10CFE000C4F3074E5FFA8CFC5A1C3E12FD1002EB94
:10CFF000232206F0F806FF0005F0FC05121246EAAF
:10D00000561693B2D243FFB21EFB03FED2B21CFBF4
:10D0100003FCE4B206FB02E645EA951514FB03F4B3
:10D0200047EA5717B6B205FB02C507FB024706F1F0
:10D03000010EADB2BFB20EEB162605F1010C06F4DF
:10D04000784E7E1C0CEB152506EB17266D09C6F3F2
:10D05000C42605F4FC6546EA0E062E430680BAE7B0
:10D06000BAF80030BDF92440A3EB0803A4EB080490
:10D0700000EB430001EB84048BE7034B1868036863
:10D08000DB6A98476AE700BF385A0120305A01200E
:10D090002DE9F04385B010680C4651686D46164680
:10D0A00003C51868596803C568462E4DF7F726FB77
:10D0B000314602A82C4EF7F749FBBDF90820BDF90F
:10D0C0000A30BDF80410286811FB0321BDF90C706B
:10D0D000BDF90E8004EB8104BDF800100A44ADF8E0
:10D0E0000820BDF802201344ADF80A3003689B6A9B
:10D0F00098473388BDF90A204FEA470CBDF908105C
:10D10000DFF868E003FB021208FB03F300EB4200C8
:10D1100000EB430398421DD200EB0C0840450FD2B0
:10D1200054F8041B4FEA51190EEA1122C1F3C4014D
:10D1300009F4FC6942EA09020A4320F8022BEDE7F0
:10D140003288D21B00EB4200BDF90420D21B04EB55
:10D150008204DFE728680368DB6A984705B0BDE80A
:10D16000F08300BF385A0120305A012000F8FFFF39
:10D170002DE9F0478EB00E4604461D4608680AABFE
:10D180004968DFF8D481DFF8D49103C310680CAB91
:10D19000516803C30AA8F7F7B1FA31460CA8F7F7AC
:10D1A000D5FABDF93020BDF93230BDF82C10D8F8D1
:10D1B000000011FB0321BDF93470BDF9366001EBAD
:10D1C00041010C44BDF828100A44ADF83020BDF8E8
:10D1D0002A201344ADF8323003689B6B9847FF2D2B
:10D1E00024D110F0010FD8F8000022D000214FF018
:10D1F000010ED0F800C0B6B2CDF818E0BFB2BDF84D
:10D200003230BDF83020CDE90711B9F800E00395C0
:10D2100001960097CDE9041EBDF82C10029121461D
:10D22000DCF84050A8470EB0BDE8F08710F0040FBE
:10D23000D9E703689B6A9847B9F80030BDF93220F6
:10D240004FEA470EBDF930105E43BDF92CC0FF2DEB
:10D2500003FB0212ACEB070CA3EB070700EB420049
:10D260000CEB4C0C00EB46064FEA470749D0EB436A
:10D270001FFA85F9DBB2B04266D200EB0E0A5045C8
:10D28000214604F103045BD2028814F8011C4FEA22
:10D29000222811FB09F1D51008F0F808D20005F09A
:10D2A000FC0548EA581845EA951508FB031814F8D8
:10D2B000021CD2B211FB09F11FFA88F842EA52129D
:10D2C00005FB031514F8031C11FB09F1ADB202FBB9
:10D2D000031208F1010192B201EB1828511C08F465
:10D2E000784801EB1222691C01EB1525C2F3C42218
:10D2F0006D0942EA080205F4FC652A4320F8022B76
:10D30000BDE7144AB0421FD200EB0E05A8422146E9
:10D3100004F1030410D214F8023C14F8011CDB00E1
:10D3200002EA012103F4FC630B4314F8031C43EAF3
:10D33000D10320F8023BE9E7384401EB0C04E1E7B4
:10D34000384401EB0C0496E7034B18680368DB6A6A
:10D35000984768E700F8FFFF385A0120305A01204B
:10D36000F0B416461C460D46049A012E9DF8143062
:10D370009DF8187012D003D3022E0AD0F0BC70476B
:10D380000568CDE90437ED6813462246AC46F0BC8B
:10D39000604721462846F0BCFFF794BD2146284649
:10D3A000F0BCFFF7E5BE00002DE9F04F93B08146D9
:10D3B0008846106851680EAC16469DF870A06B4FF9
:10D3C00003C4186810AC596803C40EA8F7F796F99F
:10D3D000314610A8664EF7F7B9F9BDF94020BDF9FE
:10D3E0004230BDF83C10306811FB0321BDF94440C8
:10D3F000BDF946508944BDF838100A44ADF84020C4
:10D40000BDF83A201344ADF8423003689B6B98474F
:10D4100010F0800F30681DD000220168A4B2BDF862
:10D420004030ADB2CDE908220B2207923A8802952E
:10D43000069201220194CDE904A2BDF83C2003929A
:10D44000BDF8422000924246CC6B4946A04713B03B
:10D45000BDE8F08F03689B6A98473B88BDF942207E
:10D460004FF0040EBDF940105D4303FB021200EBC8
:10D47000420000EB45020C92BDF93C20121B0D92BC
:10D4800062001C1B0A9263000B930C9B984266D2AD
:10D490000A9B00EB030B58455CD219F8013B1EFBBD
:10D4A00003E358F80320110E12D0FF294FEA122788
:10D4B00010D1BAF1FF0F0DD1530927F4FF67C2F362
:10D4C000C40203F4FC6327F007071F433A430280BA
:10D4D0000230E0E70AFB01F10688C2F3074CD2B242
:10D4E0004B1C3512F41003EB212305F0F805F60070
:10D4F00004F0FC041B12F6B299B2DB4345EA551561
:10D500001CFB01FCDBB212FB01F246EA561605FBDE
:10D5100003C5FFB206FB032244EA941417FB01F78C
:10D52000ADB292B204FB037405F1010C571C0CEB75
:10D53000152507EB1227A4B205F47845C7F3C427D5
:10D540003D43671C07EB1424640904F4FC64254381
:10D550000580BDE70B9B18440D9B994495E7044B50
:10D5600018680368DB6A984771E700BF305A0120EA
:10D57000385A01202DE9F04F87B080460D461446F9
:10D580009DF84060002E00F0B980106802AF51682D
:10D5900003C7186804AF596803C702A8F7F7AEF8C5
:10D5A000214604A8F7F7D2F8BDF91020BDF91230D2
:10D5B000BDF80C40BDF9167014FB032108EB010403
:10D5C000BDF80810BDF914800A444FEA480AADF8C6
:10D5D0001020BDF80A201344ADF81230494B1868EA
:10D5E00003689B6A9847484BBDF91210FF2E1A88B2
:10D5F000BDF910C002FB01C102FB07F200EB4100C4
:10D6000005F104011D465AD0C6F1FF0E00EB42029F
:10D61000B6B201931FFA8EFE82426AD900EB0A0B62
:10D62000834540D9058814F8013B2F1231F8133097
:10D630004FEAE50907F0F807ED004FEA232C09F05F
:10D64000FC0917FB0EF7EDB219FB0EF90CF0F80C04
:10D6500015FB0EF50CFB067CDF10DB001FFA8CFCC3
:10D6600007F0FC07DBB207FB06970CF1010903FB8F
:10D67000065309EB1C2C9BB20CF47849BFB203F1A2
:10D68000010C0CEB132CCCF3C42C4CEA090C07F165
:10D69000010909EB17277F0907F4FC674CEA070C1F
:10D6A00020F802CBBCE7019B1B88A3EB080300EB2F
:10D6B0004300BDF90C30A3EB08031C44ACE700EBBE
:10D6C0004202824215D900EB0A06864206D914F8B6
:10D6D000013B31F8133020F8023BF6E72B88A3EB2F
:10D6E000080300EB4300BDF90C30A3EB08031C4416
:10D6F000E7E7044B18680368DB6A984707B0BDE8A2
:10D70000F08F00BF385A0120305A01202DE9F04F28
:10D7100091B080460F4614469DF86850002D51D0B8
:10D7200010680CAE5168DFF8009203C618680EAEA0
:10D73000596803C60CA8F6F7E1FF21460EA8F7F7D3
:10D7400005F8BDF93820BDF93A30BDF83410D9F8E4
:10D75000000011FB0321BDF93C60BDF93EA008EBC0
:10D760000104BDF83010DFF8C4810A44ADF8382058
:10D77000BDF832201344ADF83A3003689B6B9847EC
:10D7800010F0800FD9F800001FD000220168B6B257
:10D79000BDF83830CDE908220B220792B8F80020F6
:10D7A000019606920122CDE90452BDF8342003927D
:10D7B0001FFA8AF20292BDF83A2000923A46CD6BE7
:10D7C0002146A84711B0BDE8F08F03684FEA46092B
:10D7D0009B6A9847B8F80020BDF93A30FF2DBDF993
:10D7E00038100AFB02FA02FB031300EB430062D07D
:10D7F0006FEA050C00EB4A03ADB2CDF82C805FFA5E
:10D800008CFC0A930A9B984280F0858000EB090B00
:10D81000584546D214F801EB0323042213FB0E2EC5
:10D82000038807EB0E0A1912DA1017F80EE09AF8BF
:10D83000028001F0F801DB0002F0FC0218FB05F8A1
:10D8400041EA51111EFB05FEDBB201FB0C819AF887
:10D85000018042EA921218FB05F843EA531389B299
:10D8600002FB0C8203FB0CE301F1010892B29BB2B4
:10D8700008EB112102F1010803F1010E08EB122857
:10D8800001F478410EEB132E4FEA5818CEF3C42E54
:10D8900008F4FC684EEA010141EA080120F8021B85
:10D8A000B6E70B9B1B889B1B00EB4300BDF9343094
:10D8B0009B1B1C44A6E700EB4A0A032204251949D6
:10D8C000504528D200EB090C6045234619D293F845
:10D8D00000E0013412FB0E5E07EB0E0B17F80EE0B2
:10D8E0009BF802309BF801B001EA03234FEACB0B0F
:10D8F0000BF4FC6B43EA0B0343EADE0320F8023B24
:10D90000E2E7B8F800309B1B00EB4300BDF9343070
:10D910009B1B1C44D4E7044B18680368DB6A9847D8
:10D9200050E700BF00F8FFFF385A0120305A0120AD
:10D93000F0B40C4611469DF814501A460F78049B1B
:10D94000012F4E7838D01FD3022F4DD1032E4BD844
:10D95000DFE806F00207141704952046F0BCFFF735
:10D9600009BEC06F00283FD00668CDE90435B56810
:10D970001346AC460A462146F0BC6047D0F880000A
:10D98000F0E7D0F88400EDE7032E2DD8DFE806F0AD
:10D9900002070E1104952046F0BCFFF705BDC06FCD
:10D9A00010B30668CDE90435F568E1E7D0F88000EA
:10D9B000F6E7D0F88400F3E7032E15D8DFE806F089
:10D9C00002070E1104952046F0BCFFF79FBEC06F02
:10D9D00050B10668CDE904353569C9E7D0F8800053
:10D9E000F6E7D0F88400F3E7F0BC70472DE9F04F7C
:10D9F00087B004460E461068516802AD17469DF880
:10DA000040A0DFF8309203C5186804AD596803C51B
:10DA100002A8F6F773FE394604A8F6F797FEBDF99B
:10DA20001020BDF91230BDF80C10BDF9148011FBA7
:10DA30000321BDF9165004EB41040E44BDF8081053
:10DA40000A44ADF81020BDF80A201344ADF8123096
:10DA5000774B186803689B6A9847B9F800B0BDF91E
:10DA60001230BAF1FF0FBDF9102005FB0BF50BFBCF
:10DA7000032300EB43004FEA4803009369D000EB17
:10DA8000450B584580F0CC80009B3146C31801936C
:10DA9000019B98424FD211F8012B002A48D00AFB73
:10DAA00002F2531C03EB12231B1241D002889EB2D8
:10DAB000B4F800C0DB431512DBB24FEA2C2705F0A7
:10DAC000F8054FEAE20E15FB03F507F0F807D20060
:10DAD0000EF0FC0E07FB06574FEAEC05D2B24FEAF8
:10DAE000CC0C05F0FC051EFB03FEBFB212FB03F2DB
:10DAF0005FFA8CFC05FB06E507F1010E0CFB062C1A
:10DB00000EEB17271FFA8CFC07F4784EADB20CF120
:10DB1000010707EB1C27C7F3C42747EA0E0705F1E7
:10DB2000010E0EEB15256D0905F4FC652F430780EA
:10DB300002300234ACE7B9F80030BDF90C60A3EB59
:10DB40000803A6EB080600EB430004EB46040E4472
:10DB500097E700EB4505A84262D2009B314600EBF7
:10DB6000030B58454ED211F8013B2BB1FF2BB4F8F3
:10DB700000E004D1A0F800E002300234F1E70288AE
:10DB80009FB2DB434FEA2E2C1612DBB20CF0F80CDE
:10DB900006F0F8064FEAE20AD20016FB03F60AF096
:10DBA000FC0AD2B20CFB076C4FEAEE061AFB03FA32
:10DBB0004FEACE0E1FFA8CFC06F0FC0612FB03F3B4
:10DBC0005FFA8EFE06FB07A60CF101020EFB07337F
:10DBD000B6B29BB202EB1C2C06F1010A0CF478429F
:10DBE00003F1010C0AEB16260CEB132C7609CCF38F
:10DBF000C42C06F4FC664CEA020C4CEA060CA0F8B5
:10DC000000C0B9E7B9F80030BDF90C60A3EB080318
:10DC1000A6EB080600EB430004EB46040E449AE72B
:10DC2000034B18680368DB6A984707B0BDE8F08FBC
:10DC3000385A0120305A01202DE9F04F89B00746AB
:10DC4000884692469DF84C609946129C002E48D01A
:10DC50000846F9F73BFF05464046F9F76BFFADF87C
:10DC60000E004046ADF808A0ADF80C50ADF80A9093
:10DC7000FAF71EF805464046FAF74AF8824640464B
:10DC8000FAF79AF810282CD8DFE810F0CA00BA008A
:10DC900011002B002B002B002B002B002B002B0046
:10DCA0002B00C1002B002B0080012B007301BC4B0B
:10DCB000186803689B6B9847FF2E01D1830606D531
:10DCC0003346224602A92846FFF7FCF809E0404601
:10DCD000F9F7B6FF40B9234602AA29463846FFF7AE
:10DCE000D7F909B0BDE8F08F0DF1180941460DF1E3
:10DCF00010084846F9F752FF99E8030088E8030046
:10DD000040462146F1F72AFC4046F1F76AFC00281C
:10DD1000D6D1BDF91230B4F90220934212DD9B1A1C
:10DD2000B4F90000B4F90410ADF818002846ADF8B5
:10DD30001A204A46ADF81C1002A9ADF81E30334631
:10DD4000FFF7C0F8BDF91030B4F90020934212DD9E
:10DD50009B1ABDF91200BDF91610ADF818204A46FD
:10DD6000ADF81A002846ADF81C30FF23ADF81E10A0
:10DD700002A9FFF7A7F8434602AA29463846FFF74B
:10DD800087F9A2882388BDF814101344BDF8102029
:10DD90000A449BB292B218B211B2884212DD9B1AA9
:10DDA000BDF91600BDF912604A46ADF8181002A977
:10DDB000ADF81C30FF23ADF81E002846ADF81A6000
:10DDC000FFF780F8E2886388BDF816101344BDF8A9
:10DDD00012200A449BB292B218B211B2884280DD7E
:10DDE0009B1AB4F90060B4F904004A46ADF81E303D
:10DDF000FF23ADF81860ADF81A10ADF81C0061E70C
:10DE00003346224602A92846FFF7B2F969E7CDE971
:10DE1000004602AB524629463846FFF789FD60E7C7
:10DE20004046F9F70DFF48B93B6802AA2946CDE9FB
:10DE300000603846DE682346B04752E70DF1180906
:10DE400041460DF110084846F9F7A8FE99E803008D
:10DE500088E8030040462146F1F780FB4046F1F791
:10DE6000C0FB38B12346009602AA51462846FFF768
:10DE7000BDFD36E73B6802AA2946CDE90060384679
:10DE8000D3F80CB04346D847BDF91230B4F902209C
:10DE9000934213DDB4F900009B1AB4F90410ADF8F5
:10DEA00018002846ADF81A2002AAADF81C105146F9
:10DEB000ADF81E304B460096FFF798FDBDF91030C7
:10DEC000B4F90020934213DD9B1ABDF91200BDF98D
:10DED0001610ADF8182002AAADF81A002846ADF8C1
:10DEE0001C304B46ADF81E1051460096FFF77EFDE4
:10DEF000A2882388BDF814101344BDF810200A44EA
:10DF00009BB292B218B211B2884213DD9B1ABDF9CE
:10DF10001600BDF9127002AAADF818105146ADF8FE
:10DF20001C304B46ADF81E0028460096ADF81A701E
:10DF3000FFF75CFDE2886388BDF816101344BDF856
:10DF400012200A449BB292B218B211B288427FF7F3
:10DF5000C8AEB4F900709B1AB4F90400ADF81E30D5
:10DF60004B46ADF81870ADF81A10ADF81C000096CD
:10DF70007AE7D7F8880000283FF4B3AE036800962C
:10DF8000DE68234602AA2946B047AAE6D7F88800E9
:10DF900000283FF4A6AE036800969E68F1E700BF34
:10DFA000385A012080B103291CD8DFE801F0021D96
:10DFB000081F104B1888C0F30E00404270470D4BED
:10DFC0001888C0F30E00704703290BD801A353F83B
:10DFD00021F000BFE9DF0208BFDF0208EDDF020821
:10DFE000B3DF020800207047012070474FF0FF3078
:10DFF000704700BF305A012080B103291CD8DFE8E8
:10E0000001F01D021F07104B1888C0F30E00704767
:10E010000D4B1888C0F30E004042704703290BD8FF
:10E0200001A353F821F000BF07E0020841E0020815
:10E0300011E002083DE0020800207047012070470F
:10E040004FF0FF30704700BF305A01202DE9F04FEC
:10E0500099B00B9114A9BDF98840BDF89050BDF856
:10E0600094609DF8AC809DF8B4A081E80C00BDF9E7
:10E070008C30DDE92621099391F80D909DF8A430AC
:10E080004FEA491710939DF8B0300C9307F4807352
:10E090008F791F4300F095814FEA091909F48073C5
:10E0A00091F8079059EA030900F08B8191F9093042
:10E0B0009BB2002D00F02E81ED1AADB22B0402D5DB
:10E0C000641B002524B2B2F9001014A8CDF82890E2
:10E0D0008C428BB2BFBFED182C1BA5B20C469188A9
:10E0E0000B4421461BB20F93D38852881344099ADC
:10E0F0001BB20D93BD4B93F800B00BF1FF3CDCF16C
:10E10000000343EB0C030E935346F6F76CF92146DC
:10E11000ADF85C005346099A14A8F6F781F918A9DE
:10E1200021F8020D17A8F6F7A7FABAF1000F40F090
:10E13000F480BBF1010F40F0F880109B002B40F001
:10E140004581BAB205B96EB106FB02532898314633
:10E1500008FB03F303F0070600EBD3032893A9EBB6
:10E1600001030A9351460E98FFF71CFF81460E9853
:10E17000FFF742FF0D9B09998346A3EB010A0A9B17
:10E180009A45A8BF9A46BAF1000F40F31A81641B62
:10E190000F9B1C1BBC42D4BFC5EB0405C5EB070598
:10E1A000002D40F30E81521B08FB02F30F930B9BD3
:10E1B000002B40F016818E4B186803689B6A9847C5
:10E1C00001238C4A03FA08F31188BDF95C20013B56
:10E1D000DBB20E93BDF95E3001FB032300EB43037A
:10E1E0000A932A9BC3F3074313932A9B190ACBB2C2
:10E1F00012932A9BDBB211932A9B5A097E4B02F49D
:10E20000FC620B4013432A9AC2F3C40213439BB22D
:10E210001093289B1A784FEA490305FB19B932413C
:10E2200003FB05FB0D93D2B20BEB490B1AF1FF3A3E
:10E23000C0F0F580AE46DDF828C01EF1FF3EC0F00C
:10E24000DD800E9B134055D0FF200E9990FBF1F11D
:10E250004B43FE2B03DD0C99814200F0C4800C99E6
:10E26000BCF8004011FB03F320129BB200F0F80051
:10E27000591C40EA501001EB1323E110C3F30723AC
:10E28000E40001F0FC019FB2DB4341EA9111DBB2F3
:10E29000E4B20993139B44EA541413FB07F9099B56
:10E2A00000FB0390129B13FB07F9099B80B201FB53
:10E2B0000391119B13FB07F7099B89B204FB0374BD
:10E2C000431CA4B203EB102004F1010900F47840D0
:10E2D00009EB1429C9F3C42949EA000001F1010935
:10E2E00009EB11294FEA591909F4FC6940EA0900C0
:10E2F000ACF800004644B6B2072E89BF289B42FA0C
:10E3000008F200265A788ABF0133D2B228930D9BB7
:10E310009C4492E71C4424B2D5E6BAF1010F7FF485
:10E320000CAFBBF1010F7FF408AFDFF8C4B0DBF82E
:10E33000000003689B6B984710F480735A4606D020
:10E34000B8F1040F40D1109B003318BF01238005A2
:10E350006ED5B8F1080F6BD1002B0CBF4FF40071D4
:10E360004FF48071002D7FF4E8AE002E7FF4E5AE0F
:10E37000E3190F9883423FF7E0AE099B0D984B4499
:10E3800083423FF7DAAEBFB2B8F1080F10684FF022
:10E39000000518BF0137BDF85E30046818BF27F0CC
:10E3A0000107BDF85C20CDE905150C9918BFBFB277
:10E3B00004912A99CDE90079CDE902712899646D1B
:10E3C000A04719B0BDE8F08F0023C0E7082292FBF8
:10E3D000F8F35A1E3A4492FBF3F212FB03F292B2A4
:10E3E000B0E60B98ECE6109882E700BF2E5A0120A9
:10E3F000385A0120305A012000F8FF000F9B53B11A
:10E400001E44289BB6B203EBD60306F007061A7823
:10E4100028933241D2B20A9B5B440A9306E70B9BD6
:10E42000002BCED1054B18680368DB6A9847C8E714
:10E43000002B3FF482AE4FF4807193E7385A0120ED
:10E4400038B5154C05462378BFF35B8FDA070BD43C
:10E45000204608F071FD38B1204608F089FD0F4ACA
:10E460000F49104808F04CFF0F4C2378BFF35B8F27
:10E47000DB070BD4204608F05FFD38B1204608F0DA
:10E4800077FD064A09490A4808F03AFF054B6B61D7
:10E49000074BAB6138BD00BF1C5B012000000020B2
:10E4A000EFA5020890000020205B0120EDA50208E6
:10E4B0009400002038B5154C05462378BFF35B8FD8
:10E4C000DA070BD4204608F037FD38B1204608F0B3
:10E4D0004FFD0F4A0F49104808F012FF0F4C2378E8
:10E4E000BFF35B8FDB070BD4204608F025FD38B166
:10E4F000204608F03DFD064A09490A4808F000FF99
:10E50000054BEB60074B2B6138BD00BFF45A01206F
:10E5100000000020F3A5020868000020F85A01203E
:10E52000F1A502086C00002010B50446FFF788FF33
:10E530002046BDE81040FFF7BDBF000038B5154CC0
:10E5400005462378BFF35B8FDA070BD4204608F02B
:10E55000F3FC38B1204608F00BFD0F4A0F49104874
:10E5600008F0CEFE0F4C2378BFF35B8FDB070BD494
:10E57000204608F0E1FC38B1204608F0F9FC064AD4
:10E5800009490A4808F0BCFE054B6B62074BAB62B9
:10E5900038BD00BF245B012000000020E7A5020871
:10E5A00098000020285B0120E5A502089C000020BF
:10E5B00038B5154C05462378BFF35B8FDA070BD4CB
:10E5C000204608F0B9FC38B1204608F0D1FC0F4ACB
:10E5D0000F49104808F094FE0F4C2378BFF35B8F6F
:10E5E000DB070BD4204608F0A7FC38B1204608F022
:10E5F000BFFC064A09490A4808F082FE054BEB6158
:10E60000074B2B6238BD00BFFC5A012000000020E0
:10E61000EBA5020870000020005B0120E9A50208BC
:10E620007400002010B50446FFF788FF2046BDE8BF
:10E630001040FFF7BDBF000038B5154C05462378E4
:10E64000BFF35B8FDA070BD4204608F075FC38B1B6
:10E65000204608F08DFC0F4A0F49104808F050FE84
:10E660000F4C2378BFF35B8FDB070BD4204608F0F9
:10E6700063FC38B1204608F07BFC064A09490A4889
:10E6800008F03EFE054B6B63074BAB6338BD00BF24
:10E69000345B012000000020DFA50208A800002054
:10E6A000385B0120DDA50208AC00002038B5154C10
:10E6B00005462378BFF35B8FDA070BD4204608F0BA
:10E6C0003BFC38B1204608F053FC0F4A0F49104874
:10E6D00008F016FE0F4C2378BFF35B8FDB070BD4DB
:10E6E000204608F029FC38B1204608F041FC064AD3
:10E6F00009490A4808F004FE054BEB62074B2B63FF
:10E7000038BD00BF045B012000000020E3A5020823
:10E7100078000020085B0120E1A502087C000020B1
:10E7200010B50446FFF788FF2046BDE81040FFF70C
:10E73000BDBF000038B5154C05462378BFF35B8F8D
:10E74000DA070BD4204608F0F7FB38B1204608F072
:10E750000FFC0F4A0F49104808F0D2FD0F4C2378E8
:10E76000BFF35B8FDB070BD4204608F0E5FB38B125
:10E77000204608F0FDFB064A09490A4808F0C0FD9A
:10E78000054B6B65074BAB6538BD00BF3C5B01209B
:10E7900000000020CFA50208B0000020405B01204F
:10E7A000CDA50208B400002038B5154C05462378E5
:10E7B000BFF35B8FDA070BD4204608F0BDFB38B1FE
:10E7C000204608F0D5FB0F4A0F49104808F098FD85
:10E7D0000F4C2378BFF35B8FDB070BD4204608F088
:10E7E000ABFB38B1204608F0C3FB064A09490A488A
:10E7F00008F086FD054BEB64074B2B6538BD00BF69
:10E80000445B012000000020D3A50208B8000020CE
:10E81000485B0120D1A50208BC00002038B5154C8A
:10E8200005462378BFF35B8FDA070BD4204608F048
:10E8300083FB38B1204608F09BFB0F4A0F49104874
:10E8400008F05EFD0F4C2378BFF35B8FDB070BD422
:10E85000204608F071FB38B1204608F089FB064AD3
:10E8600009490A4808F04CFD054B6B64074BAB6443
:10E8700038BD00BF0C5B012000000020D7A50208B6
:10E8800080000020105B0120D5A502088400002034
:10E8900038B5154C05462378BFF35B8FDA070BD4E8
:10E8A000204608F049FB38B1204608F061FB0F4ACA
:10E8B0000F49104808F024FD0F4C2378BFF35B8FFD
:10E8C000DB070BD4204608F037FB38B1204608F0B0
:10E8D0004FFB064A09490A4808F012FD054BEB6355
:10E8E000074B2B6438BD00BF2C5B012000000020CB
:10E8F000DBA50208A0000020305B0120D9A502089A
:10E90000A400002010B50446FFF714FF2046FFF7CF
:10E9100085FF2046FFF748FF2046BDE81040FFF77F
:10E92000B7BF000038B5154C05462378BFF35B8FA1
:10E93000DA070BD4204608F0FFFA38B1204608F079
:10E9400017FB0F4A0F49104808F0DAFC0F4C2378E8
:10E95000BFF35B8FDB070BD4204608F0EDFA38B12C
:10E96000204608F005FB064A09490A4808F0C8FC99
:10E97000054B6B66074BAB6638BD00BF145B0120CF
:10E9800000000020C7A5020888000020185B0120B5
:10E99000C5A502088C00002038B5154C0546237823
:10E9A000BFF35B8FDA070BD4204608F0C5FA38B105
:10E9B000204608F0DDFA0F4A0F49104808F0A0FC85
:10E9C0000F4C2378BFF35B8FDB070BD4204608F096
:10E9D000B3FA38B1204608F0CBFA064A09490A488A
:10E9E00008F08EFC054BEB65074B2B6638BD00BF6E
:10E9F000EC5A012000000020CBA502086000002096
:10EA0000F05A0120C9A502086400002010B5044690
:10EA1000FFF788FF2046BDE81040FFF7BDBF0000AC
:10EA200038B5154C05462378BFF35B8FDA070BD456
:10EA3000204608F081FA38B1204608F099FA0F4ACA
:10EA40000F49104808F05CFC0F4C2378BFF35B8F34
:10EA5000DB070BD4204608F06FFA38B1204608F0E7
:10EA600087FA064A09490A4808F04AFC054B6B67D1
:10EA7000074BAB6738BD00BFE45A012000000020FF
:10EA8000BFA5020858000020E85A0120BDA50208D1
:10EA90005C00002038B5154C05462378BFF35B8F2A
:10EAA000DA070BD4204608F047FA38B1204608F0C0
:10EAB0005FFA0F4A0F49104808F022FC0F4C2378E8
:10EAC000BFF35B8FDB070BD4204608F035FA38B173
:10EAD000204608F04DFA064A09490A4808F010FC99
:10EAE000054BEB66074B2B6738BD00BFDC5A012096
:10EAF00000000020C3A5020850000020E05A0120B9
:10EB0000C1A502085400002010B50446FFF788FF95
:10EB10002046BDE81040FFF7BDBF10B50446FFF723
:10EB2000F3FF2046FFF772FF2046FFF7F9FD20466E
:10EB3000FFF7FAFC2046FFF775FD2046BDE81040C0
:10EB4000FFF7E0BE38B50B4C05462378BFF35B8F6B
:10EB5000DB070BD4204608F0EFF938B1204608F067
:10EB600007FA054A0549064808F0CAFB044BEB675B
:10EB700038BD00BFD05A012000000020BBA502080C
:10EB80004800002038B50B4C05462378BFF35B8F57
:10EB9000DB070BD4204608F0CFF938B1204608F047
:10EBA000E7F9054A0549064808F0AAFB044BC5F8F1
:10EBB000803038BDD45A012000000020B9A50208D9
:10EBC0004C00002070B50D4D06460D4C2B78BFF360
:10EBD0005B8F13F0010F0DD1284608F0ADF948B155
:10EBE000084B2846236008F0C3F9074A2046074926
:10EBF00008F086FBC6F8844070BD00BFD85A0120DB
:10EC0000505C0120B844040800000020B7A50208A9
:10EC100010B50446FFF796FF2046FFF7B3FF2046E6
:10EC2000BDE81040FFF7CEBF70B50D4D06460D4C48
:10EC30002B78BFF35B8F13F0010F0DD1284608F03E
:10EC40007BF948B1084B2846236008F091F9074A40
:10EC50002046074908F054FBC6F8884070BD00BF45
:10EC6000CC5A01204C5B0120D44404080000002051
:10EC7000B5A502082DE9F04FDDE90B45BDF924E00B
:10EC8000002DBDF928B005FB0E4C9DF834909DF881
:10EC900038709DF83C6002EB0C0A0888C0F2B08026
:10ECA000AB4540F3AD80002CC0F2A880A64540F3F0
:10ECB000A58012F80C2033F81280621C00F1A380AA
:10ECC000964540F3A080B9F1000F00F09C809AF8BF
:10ECD000012033F812C0013500F19980AB4540F3B3
:10ECE0009680002F00F09380002CC0F28E80A64505
:10ECF00040F38B801AF80E2033F81250013400F1E3
:10ED00008980A64540F38680B9F1000F00F082802B
:10ED1000D6449EF8012033F812304FEA084428F414
:10ED2000FC6819FB07FEC7F1100204F0FC64CEF387
:10ED3000C70EA2EB090244EA08084FEA0C442CF47F
:10ED4000FC6C0EEB420204F0FC64CEEB470744EA95
:10ED50000C0CCEEB490404FB0CF402FB08481A042B
:10ED600023F4FC63B4B202F0FC62F64313432A04BA
:10ED700025F4FC65F6B202F0FC620EFB03832A4325
:10ED800007FB0232C710530D07F0FC07520917FBAF
:10ED900006F703F4FC6322F4FC621A4393B20212F6
:10EDA0001D1202F0F802C00005F0F80512FB06F291
:10EDB000C0B205FB0425DA1010FB06F0DB00ADB293
:10EDC00002F0FC02DBB202FB047203FB04006B1CCA
:10EDD00092B280B203EB1525431C05F4784503EB92
:10EDE0001023501C00EB1222C3F3C42352092B43FF
:10EDF00002F4FC6213430B80BDE8F08F80465CE7B1
:10EE00008446804667E7844665E7054676E703461D
:10EE1000054682E7034680E72DE9F04F99B0159249
:10EE200009932F9A9DF8CC3016900D9350680C9151
:10EE300012689DED235ADDED245A9DED256ADDED26
:10EE40002C7A9DED2D7A9DED343ADDED353A9DED30
:10EE5000364ADDE93013DDE926A500FB031302EB9A
:10EE60004308329B1B680B93329B5E680D9B0436F4
:10EE7000DB43DBB20A930C9B002B03DC159B002BBE
:10EE800040F32582329BB3F90810B3F90C20481ED9
:10EE9000571E099B002B40F3E3805FEA2A4C4FEAA0
:10EEA000254306D4844504DA002B02DBBB42C0F2C2
:10EEB000D8801CF1010C00F1C9806145C0F2C68008
:10EEC000013300F1C3809A42C0F2C080DDF824B063
:10EED0004746BBF1000F40F3E380329A4FEA254CDE
:10EEE000329BCAF30330D2F80CE05FEA2A42C5F342
:10EEF00003319B6800F1218103F1FF394A4580F21B
:10EF00001C81BCF1000FC0F218810EF1FF39CC4515
:10EF100080F213811BB20B9C0CFB032204EB020951
:10EF2000A25C36F812E0002800F0FE8099F801207B
:10EF300036F81220119251B109EB030219F803308F
:10EF400036F813300F93537836F813301293119B21
:10EF500010FB01F2129C4FEA034C23F4FC6324F4EF
:10EF6000FC64D2100CF0FC6CC2EB40094CEA030CC0
:10EF7000129B1B0403F0FC6323430A9C534309FBCD
:10EF80000C334FEA0E4C2EF4FC6E0CF0FC6C4CEA89
:10EF90000E0EC1F1100CACEB000C02EB4C0CC2EBF2
:10EFA00041020CFB0E3C0F9B180423F4FC6300F0A1
:10EFB000FC60184302FB00C23888530D520903F469
:10EFC000FC63011222F4FC624FEAE00E01F0F8014A
:10EFD000C0001A43BDF8343011FB04F10EF0FC0EF2
:10EFE00092B21EFB04FEC0B24FEA222C10FB04F0CA
:10EFF0000CF0F80C0CFB031CD110D20001F0FC014A
:10F000001FFA8CFCD2B201FB03E102FB030389B2BD
:10F010009AB20CF1010303EB1C2C531C03EB1223DB
:10F020004A1C0CF4784C02EB1121C3F3C4234909A8
:10F0300043EA0C0301F4FC610B433B80289B02373D
:10F040000BF1FF3B9A44299B1D4442E7289B08F1A2
:10F0500002089A44299B1D44099B013B099318E728
:10F0600023D0099B2898013B00FB03A000143FF527
:10F070002DAF01398842BFF629AF299901FB03530F
:10F080001B143FF523AF013A9342BFF61FAFDDF8E3
:10F0900024E0BDF83490CDF83880BEF1000F6CDC70
:10F0A000099B23EAE37408EB44080C9B002B40F314
:10F0B0000E81F7EE004A229B35EE035A75EEA35AF5
:10F0C000F0EE672AC4EE856A36EE046AFEEEC82AC0
:10F0D00012EE90AAF0EE472AFEEEC82A12EE905ADF
:10F0E00065EEA64A66EE266A74EEE77A36EEC77AD1
:10F0F000FEEEC87ABEEEC87A17EE902AF0EE647A79
:10F1000092FBF3F317EE102A2893229BB0EE667A57
:10F1100092FBF3F329930C9B159A013B0C93229BD2
:10F1200008BF13460993A6E600293FF410AF19F86B
:10F13000033036F813300F9309E712F101093FF558
:10F140007DAF4B45FFF67AAF1CF101093FF576AF75
:10F15000CE45FFF673AF0D9C1BB202920FFA8EF2F2
:10F160000093334601920B9ACDE90514CDE903C013
:10F1700039461698FFF77EFD60E7329B4FEA2A4238
:10F1800029140B9CB3F90830CAF3033CC5F30330D0
:10F1900003FB01210B9A0A44615C36F81110BCF1A3
:10F1A000000F00F08C80577836F81740139440B168
:10F1B000D718D35C36F8133010937B7836F81330B9
:10F1C0001493139B1CFB00F2149C0EF1FF3E1F04D2
:10F1D00023F4FC63D21024F4FC6B07F0FC671F439C
:10F1E000C2EB4C031793149B179C1B0403F0FC63A6
:10F1F00043EA0B034FEA014B21F4FC61534304FB48
:10F2000007370BF0FC630A9C43EA010BC0F11001C5
:10F21000109BA1EB0C0C02EB4C0CC2EB40020CFB64
:10F220000B774FEA034C23F4FC6B0CF0FC6C4CEABC
:10F230000B0C02FB0C770E9A790D12887F0901F4F2
:10F24000FC6127F4FC670F431112BBB201F0F80117
:10F25000D71011FB04F11812D20007F0FC0700F0E0
:10F26000F80017FB04F7D2B200FB0910D91012FB0B
:10F2700004F2DB0001F0FC0180B2DBB201FB09719A
:10F2800003FB0923421C89B29BB202EB10204F1CE6
:10F290005A1C07EB112100F4784002EB13220E9B5D
:10F2A0004909C2F3C42201F4FC611043084323F866
:10F2B000020B0E93289B9A44299B1D44EDE60028DF
:10F2C0003FF47FAFD35C36F81330109379E719B071
:10F2D000BDE8F08F2DE9F047DDE90A48BDF920E0EF
:10F2E000B8F1000FBDF924A008FB0E479DF830507F
:10F2F0009DF8346002EB0709088867DBC24565DDCD
:10F30000002C61DBA6455FDDD25D33F812C0621CC4
:10F310005FD496455DDD002D5BD099F8012033F870
:10F32000127018F1010858D4C24556DD002E54D091
:10F33000002C50DBA6454EDD19F80E2033F81220C4
:10F34000013407D4A64505DD25B1CE449EF8010061
:10F3500033F8100015FB06F44FEA0C434FEA074E52
:10F360002CF4FC6C03F0FC63C4F3C7040EF0FC6ED9
:10F3700027F4FC6743EA0C0CC6F110034EEA0707BA
:10F38000C4EB46065B1BC4EB450504EB43037D431E
:10F3900003FB0C5C030420F4FC6003F0FC631843E3
:10F3A000130422F4FC6203F0FC6304FB00C013436B
:10F3B00006FB0300430D400903F4FC6320F4FC60EA
:10F3C00018430880BDE8F0878446A0E707468446D6
:10F3D000A7E70746A5E70246B2E70246BAE72DE9E6
:10F3E000F04F93B0B7EE004A0F92299A109008910F
:10F3F0005068069312689DED1D5ADDED1E5A9DED75
:10F400001F6ADDED267A9DED277ADDED2E2A9DED32
:10F410002F3ADDED303ADDE92A13DDE9204600FB25
:10F42000031302EB43092C9B1B6807932C9B5F681B
:10F430000437089B002B03DC0F9B002B40F3B281A9
:10F440002C9BB3F90810B3F90C20481E02F1FF3CC5
:10F45000069B002B40F3A9805FEA244E4FEA264327
:10F4600006D4864504DA002B02DB6345C0F29E8099
:10F470001EF1010E00F18F807145C0F28C800133C6
:10F4800000F189809A42C0F28680DDF818B0C84643
:10F49000BBF1000F40F3A6802C9A4FEA264C2C9B20
:10F4A000C4F30330D2F80CE02214C6F303319B6896
:10F4B00000F1E38003F1FF3A524580F2DE80BCF1B7
:10F4C000000FC0F2DA800EF1FF3AD44580F2D58009
:10F4D0001BB2079D0CFB032205EB020AAA5C37F85E
:10F4E00012E0002800F0C0809AF8012037F81220BE
:10F4F0000B9251B10AEB03021AF8033037F81330BC
:10F500000993537837F813300C930B9B10FB01F2DF
:10F510000C9D4FEA034C23F4FC6325F4FC65D210E8
:10F520000CF0FC6CC2EB400A4CEA030C0C9B1B0475
:10F5300003F0FC632B4353430AFB0C334FEA0E4C9E
:10F540002EF4FC6E0CF0FC6C4CEA0E0EC1F1100CAB
:10F55000ACEB000C02EB4C0CC2EB41020CFB0E3C82
:10F56000099B180423F4FC6300F0FC60184302FBC1
:10F5700000C2530D520903F4FC6322F4FC621A43E7
:10F58000A8F80020229B08F102080BF1FF3B1C4465
:10F59000239B1E447CE7229B09F102091C44239B08
:10F5A0001E44069B013B069352E720D0069B2298FF
:10F5B000013B00FB034000143FF567AF013988426F
:10F5C000BFF663AF239901FB03631B143FF55DAFE7
:10F5D000013A9342BFF659AFDDF81880CA46B8F138
:10F5E000000F67DC069B23EAE37509EB4509089BDE
:10F5F000002B40F3D78035EE225A1C9B75EE835AC0
:10F60000B0EE672AC4EE056A36EE236ABEEEC82A5B
:10F6100012EE104AB0EE472ABEEEC82A12EE106A69
:10F6200065EEA64A66EE266A74EEE77A36EEC77A8B
:10F63000FEEEC87ABEEEC87A17EE902AF0EE647A33
:10F6400092FBF3F317EE102A22931C9BB0EE667A1E
:10F6500092FBF3F32393089B0F9A013B08931C9BA7
:10F6600008BF13460693E4E600293FF44EAF1AF8AC
:10F67000033037F81330099347E712F1010A81D4B8
:10F680005345FFF67FAF1CF1010A3FF57BAFD6452E
:10F69000FFF678AF1BB2CDE9022C0FFA8EF2009381
:10F6A0003B460192079ACDE9040141461098FFF7C5
:10F6B00011FE67E72C9B22143114079DB3F9083023
:10F6C000C4F3033EC6F3033003FB0121079A0A4447
:10F6D000695C37F81110BEF1000F5CD092F801C0E0
:10F6E00037F81C500D9550B102EB030CD35C37F882
:10F6F00013300A939CF8013037F813300E930D9BAA
:10F700001EFB00F20E9D08F1FF384FEA034C23F474
:10F71000FC63D21025F4FC6B0CF0FC6C4CEA030C7F
:10F72000C2EB4E0311930E9B119D1B0403F0FC636F
:10F7300043EA0B034FEA014B21F4FC61534305FB01
:10F740000C3C0BF0FC6343EA010BC0F110010A9B77
:10F75000A1EB0E0E02EB4E0EC2EB40020EFB0BCCE9
:10F760004FEA034B23F4FC6E0BF0FC6B4BEA0E0EDE
:10F7700002FB0ECC4FEA5C534FEA5C1C03F4FC63C3
:10F780002CF4FC6C43EA0C0C229B1C44239B2AF8AF
:10F7900002CB1E4423E70028B1D0D35C37F81330E6
:10F7A0000A93ACE713B0BDE8F08F2DE9F04F0D8858
:10F7B00087B0EF1003914FEA252ABDF94090ED0084
:10F7C00007F0FC070AF0F80ABDF944B0EDB2019762
:10F7D0009DF850400295019D02992D029DF854E03C
:10F7E0009DF8588045EA0A45DDE912060D4306FBFF
:10F7F0000907002E059502EB070CC0F2B680B34551
:10F8000040F3B3800028C0F2AE80814540F3AB8066
:10F81000D75D07EB47071F44421C00F1A9809145C3
:10F8200040F3A680002C00F0A3809CF8015005EB6B
:10F8300045051D44013600F19F80B34540F39C808F
:10F84000BEF1000F00F098800028C0F2938081453F
:10F8500040F390801CF8096006EB46061E44013018
:10F8600000F18D80814540F38A80002C00F0878074
:10F87000E14499F8012002EB42021344A4B297F844
:10F8800002C01FFA8EFE019904FB0EFB2401CBEB94
:10F890000E1EC4F58079A4EB0B041FFA8EF0A2B201
:10F8A000AC78A9EB00091FFA88FE54436FEA0808F8
:10F8B0001FFA89F95FFA88F809FB0C4496F802C030
:10F8C0001AFB08FA00FB0C4493F802C00BFB0C4C2B
:10F8D0007C783F78CCF3072C0CFB0EAC95F801A09C
:10F8E0002D7802FB0AFA1FFA8CFC6A43357809FB73
:10F8F00004AA747809FB072200FB04AA5C7800FBC9
:10F9000005201B780BFB04A411FB08FA0BFB030B6F
:10F91000029BC4F3072413FB08F8CBF3072B04FB6B
:10F920000EA40CF101030BFB0E8EA4B21FFA8EFE87
:10F9300003EB1C2C04F1010A0CF478430EF1010CCA
:10F940000AEB14240CEB1E2C6409CCF3C42C04F435
:10F95000FC644CEA030C039B4CEA040CA3F800C0C3
:10F9600007B0BDE8F08F05AF56E705AD2F4661E75C
:10F9700005AD5FE705AE72E705AB1E467EE705AB5A
:10F980007CE72DE9F04F95B0129209932B9A9DF8E0
:10F99000BC3013900F9350680E9112689DED1F5A62
:10F9A000DDED205A9DED216ADDED287A9DED297A65
:10F9B0009DED303ADDED313A9DED324ADDE92C1313
:10F9C00000FB031302EB43030A932E9B1B680D936A
:10F9D0002E9B5C680F9B0434DB43DBB20B930E9BC6
:10F9E000002B03DC129B002B40F355822E9BB3F9B6
:10F9F0000810B3F90C20481E551E099B002B40F33C
:10FA0000F980229E239B36144FEA234306D4864274
:10FA100004DA002B02DBAB42C0F2ED80013600F1CC
:10FA2000DA80B142C0F2D780013300F1D4809A422B
:10FA3000C0F2D180099B11930A9B0C93119B002B60
:10FA400040F3FA802E98239B239AC6681D142298AF
:10FA5000C2F30331229B2E9A0014C3F3033392683E
:10FA600000F13E81571EB84280F23A81002DC0F26B
:10FA70003781771EBD4280F2338112B205FB02004E
:10FA80000D9D15F800A02E180AEB4A0A04EB0A0592
:10FA9000002B00F0178196F801C00CEB4C0CA4442D
:10FAA000002900F01781B018B25C407802EB4202E6
:10FAB00000EB4000224420449BB29CF8027089B2C3
:10FAC00095F802B00C9E03FB01F91B01B6F800E0AB
:10FAD000C9EB0111C3F58078A3EB0903BDF83C60C5
:10FAE00089B214F80AA09BB2A8EB01085F431FFA81
:10FAF00088F810930B9B08FB0B7792F802B001FB80
:10FB00000B7790F802B009FB0B774FEA2E2B0BF026
:10FB1000F80BC7F307271BFB03FB109B07FB06B77C
:10FB200095F801B09CF801509CF800C0BFB25D434D
:10FB30000B9B08FB0B5592F801B001FB0B5590F89D
:10FB400001B009FB0B554FEAEE0B4FEACE0E0BF05E
:10FB5000FC0BC5F307255FFA8EFE1BFB03FB109B16
:10FB600003FB0CF392F800C005FB06B508FB0A3353
:10FB7000ADB201FB0C3390F800C005F1010B09FB9D
:10FB80000C3C0B9B0BEB15251EFB03FECCF3072C4B
:10FB90007B1C6D090CFB06E603EB172705F4FC65DF
:10FBA000B6B207F47843771C07EB1627C7F3C427D0
:10FBB0001F430C9B3D431D800C9B249A02330C93E6
:10FBC000229B1344259A2293239B13442393119B36
:10FBD000013B119332E7229B249E3344259E2293BE
:10FBE000239B33442393099B013B09930A9B0233D4
:10FBF0000A9302E727D0099B2498013B229D00FB32
:10FC0000035000143FF516AF01398842BFF612AF1A
:10FC10002599239801FB03031B143FF50BAF013A11
:10FC20009342BFF607AF099BBDF83CA011930A9B16
:10FC30000C93119B002B70DC099B0A9A23EAE37357
:10FC400002EB43030A930E9B002B40F32481F7EE53
:10FC5000004A1E9B35EE035A75EEA35AF0EE672A52
:10FC6000C4EE856A36EE046AFEEEC82ACDED222A7D
:10FC7000F0EE472AFEEEC82ACDED232A65EEA64A0D
:10FC800066EE266A74EEE77A36EEC77AFEEEC87A3A
:10FC9000BEEEC87A17EE902AF0EE647A92FBF3F388
:10FCA00017EE102A24931E9BB0EE667A92FBF3F3B4
:10FCB00025930E9B129A013B0E931E9B08BF134681
:10FCC00009938CE649B1B25C284602EB4202224419
:10FCD000AC46F1E628462A46EEE628462A46F7E7ED
:10FCE000471C3FF569AFBA42FFF666AF6F1C3FF5A0
:10FCF00063AFBE42FFF660AF0F9F36B212B2029002
:10FD0000019600921398CDE90517CDE90353DDE97B
:10FD10000C122346FFF749FD4EE7239A2398C2F3BE
:10FD20000331229D2E9A00142D14229BB2F9082033
:10FD3000C3F3033302FB00500D9D15F800902E18FD
:10FD400009EB490904EB0905002B00F09680777850
:10FD500007EB47072744002900F09780B018B25CF2
:10FD6000407802EB420200EB4000224420449BB268
:10FD70000C9E89B295F802B0B6F800C003FB01F8FA
:10FD80001B01BE78C8EB0111C3F5807EA3EB08030D
:10FD900014F8099089B29BB2AEEB010E5E431FFAD4
:10FDA0008EFE10930B9B0EFB0B6692F802B001FBCC
:10FDB0000B6690F802B008FB0B664FEA2C2B0BF099
:10FDC000F80BC6F307261BFB03FB109B06FB0AB6CA
:10FDD00095F801B07D783F78B6B25D430B9B0EFB82
:10FDE0000B5592F801B001FB0B5590F801B008FBE0
:10FDF0000B554FEAEC0B4FEACC0C0BF0FC0BC5F3A8
:10FE000007255FFA8CFC1BFB03FB109B7B431778D9
:10FE100005FB0AB50EFB0933ADB201FB07330778CA
:10FE200005F1010B08FB07370B9B0BEB15251CFBA2
:10FE300003FCC7F30727731C6D0907FB0AC703EB15
:10FE4000162605F4FC65BFB20C9B06F478467A1CB6
:10FE500002EB1722C2F3C4221643249A2E4323F83E
:10FE6000026B0C93229B1344259A2293239B1344E9
:10FE70002393119B013B1193DBE649B1B25C284609
:10FE800002EB420222442F4671E728462A466EE7DB
:10FE900028462A46F7E715B0BDE8F08F2DE9F74F61
:10FEA0000F88BDF930E03C02BDF934909DF8400068
:10FEB00004F4780B7C01FF009DF8446004F47C445A
:10FEC000FFB24BEA0404DDE90EC5274305FB0ECA69
:10FED000002D019702EB0A087EDBA9457CDDBCF111
:10FEE000000F77DBE64575DD12F80A7007EB470770
:10FEF0001F441CF1010272D4964570DD00286ED0BB
:10FF000098F8014004EB44041C4401356BD4A94526
:10FF100069DD002E67D0BCF1000F62DBE64560DDD5
:10FF200018F80E5005EB45051D441CF101025DD487
:10FF300096455BDD002859D0C6449EF8012002EBAF
:10FF40004202134480B297F802E0B2B297F80090F0
:10FF50007F7800FB02F60001C6EB0212C0F5807844
:10FF6000801B1FFA82FC82B2A078A8EB0C085043D9
:10FF70001FFA88F808FB0E0EA8780CFB00E093F837
:10FF800002E006FB0E0E0EF4784094F800E002FB4F
:10FF90000EFE08FB09E995F800E00CFB0E9993F8BA
:10FFA00000E05B7806FB0E9ECEF3C42E4EEA000EF8
:10FFB000607850436A7808FB07000CFB020206FBDE
:10FFC00003235B0903F4FC634EEA03030B8003B0D5
:10FFD000BDE8F08F01AF8CE701AC274695E701AC97
:10FFE00093E701ADA1E701AB1D46ABE701ABA9E784
:10FFF0002DE9F04F8FB00C92259A0D900A91506820
:020000040803EF
:10000000069312689DED195ADDED1A5A9DED1B6A93
:10001000DDED227A9DED237A9DED2A3ADDED2B3A36
:100020009DED2C4ADDE92613DDE91CB500FB031329
:1000300002EB43030793289B1B680893289B5C688B
:1000400004340A9B002B03DC0C9B002B40F3D5816E
:10005000289BB3F90810B3F90C20481E561E069BC6
:10006000002B40F3B6805FEA2B474FEA254306D4C6
:10007000874204DA002B02DBB342C0F2AB800137C7
:1000800000F19C80B942C0F29980013300F1968062
:100090009A42C0F29380069B0B93079B09930B9B9C
:1000A000002B40F3B48028982E14289ACBF3033306
:1000B000C7685FEA2B40C5F30331926800F1FB800B
:1000C00002F1FF3C604580F2F680002EC0F2F38022
:1000D00007F1FF3C664580F2EE8012B206FB02009B
:1000E000089E3718305C00EB400804EB080C002B2E
:1000F00000F0D3807E7806EB46062644002900F007
:10010000D480B818BA5C407802EB420200EB4000A1
:10011000224420449BB2B77889B29CF802A09CF894
:1001200001C003FB01F91B01C9EB0111C3F5807E7E
:10013000A3EB090389B29BB2AEEB010E5F431FFA3A
:100140008EFE0EFB0A7792F802A001FB0A7790F868
:1001500002A009FB0A7A14F8087096F800807678F5
:100160000AF4784A03FB08F873430EFB07881778F4
:100170000EFB0C3301FB0788077809FB0787C7F3E1
:10018000C42747EA0A0792F801A001FB0A3190F858
:1001900001A0099B09FB0A1A4FEA5A1A0AF4FC6AE1
:1001A00047EA0A071F80099B023309931E9B9B4461
:1001B0001F9B1D440B9B013B0B9370E71E9B9B44B5
:1001C0001F9B1D44069B013B0693079B023307932D
:1001D00045E723D0069B1E98013B00FB03B00014AB
:1001E0003FF559AF01398842BFF655AF1F9901FB62
:1001F00003531B143FF54FAF013A9342BFF64BAF89
:10020000069B0993079B0B93099B002B70DC069BB5
:10021000079A23EAE37302EB430307930A9B002B3D
:1002200040F3EB80F7EE004A189B35EE035A75EE6B
:10023000A35AF0EE672AC4EE856A36EE046AFEEE33
:10024000C82A12EE90BAF0EE472AFEEEC82A12EE45
:10025000905A65EEA64A66EE266A74EEE77A36EEA6
:10026000C77AFEEEC87ABEEEC87A17EE902AF0EE94
:10027000647A92FBF3F317EE102A1E93189BB0EEEC
:10028000667A92FBF3F31F930A9B0C9A013B0A9345
:10029000189B08BF13460693D3E649B1BA5C604683
:1002A00002EB42022244664634E76046624631E78A
:1002B00060466246F7E710F1010C3FF574AF624506
:1002C000FFF671AF16F1010C3FF56DAF6745FFF614
:1002D0006AAF3FB212B201970092CDE90431CDE985
:1002E000020623460D98DDE90821FFF7D7FD5AE7FE
:1002F000289A4FEA2B462814CBF30333B2F908208F
:10030000C5F3033102FB0060089E16F80080371821
:1003100008EB480804EB080C002B60D07E7806EB55
:1003200046062644002962D0B818BA5C407802EB31
:10033000420200EB4000224420449BB2B77889B2CD
:100340009CF802A09CF801C003FB01F91B01C9EB5A
:100350000111C3F5807EA3EB090389B29BB2AEEB1A
:10036000010E5F431FFA8EFE0EFB0A7792F802A081
:1003700001FB0A7790F802A009FB0A7A14F80870CA
:1003800096F8008076780AF4784A03FB08F87343FD
:1003900056780EFB078817780EFB0C3301FB078895
:1003A000077801FB063309FB0787C7F3C42747EA31
:1003B0000A0790F801A009FB0A3A0B9B4FEA5A1A68
:1003C0000AF4FC6A47EA0A0723F8027B0B931E9B98
:1003D0009B441F9B1D44099B013B099314E749B1B2
:1003E000BA5C604602EB420222446646A5E76046DC
:1003F0006246A2E760466246F7E70FB0BDE8F08FBD
:100400002DE9F04F85B0DDE91074BDF938C00291D7
:10041000002C04FB0C71BDF93C809DF848609DF8F0
:100420004C0002EB010EC0F22281A04540F31F8177
:10043000002FC0F21A81BC4540F31781525C53F87B
:1004400022507A1C00F11681944540F31381002E4E
:1004500000F012819EF8012053F82210013400F1BF
:100460000F81A04540F30C81002800F00C81002F83
:10047000C0F20481BC4540F301811EF80C2053F802
:100480002240013700F10281BC4540F3FF80002E7D
:1004900000F0FE80F4449CF8012053F82220B6B20C
:1004A00080B24FEA116A00FB06FE36014FEA156B77
:1004B000CEEB0010A6EB0E07C6F580734FEA146969
:1004C00080B2BFB21B1A4FEA12680AFB07F69BB252
:1004D0000BFB036600FB09660EFB0866C6F30726E6
:1004E0000096002E00F0BE8005F0FF1C05F47F454D
:1004F000029E0BFB0CFC0BFB05F536884FEA1C2B10
:100500000CF1011C01950BF0FF1BDC444FEA1C2C85
:100510000CF0FF150395019D05F5807C0CEB15256E
:1005200001F0FF1C01F47F410AFB0CFC4FEA152B84
:100530000AFB01FA4FEA1C250CF1011C0AF5807137
:1005400005F0FF1501EB1A2A654404F0FF1C04F4C2
:100550007F444FEA1A2A09FB0CFC2D0A09FB04F917
:100560000AF47F4A4FEA1C2105F0FF1509F5807453
:100570000CF1011C01F0FF117D4304EB192902F07D
:10058000FF1402F47F42614408FB04F44FEA192986
:1005900008FB02F8090A220A04F1011401F0FF1114
:1005A00007FB0AF702F0FF12144408F58072240AD0
:1005B00002EB1828039A04F0FF1402FB03554FEADC
:1005C0001828009A04FB0E5408F47F48351201FBEA
:1005D000004105F0F805090A01F0FF140BF47F4112
:1005E00003FB01710EFB081E09F47F4100FB01E1D2
:1005F0009DF8500087B2090A7A4301F47F41531CE9
:10060000214303EB12230A0CC1F307246FEA1323DF
:10061000C8B212FB07F214FB07F4DBB210FB07F0C1
:1006200005FB0325F210F60002F0FC02ADB2F6B2B3
:1006300002FB034206FB030394B299B26B1C621CDB
:1006400003EB15254B1C02EB142203EB112305F4DD
:1006500078455209C3F3C42302F4FC622B431343CD
:10066000029A138005B0BDE8F08F0025E9E600216D
:100670000D46F3E60021F1E63146EFE6002400E7FF
:10068000002214460BE70246044608E7002206E76C
:10069000324604E72DE9F04F9FB01B920993359A3B
:1006A0009DF8E4301D901C935068199112689DEDDF
:1006B000295ADDED2A5A9DED2B6A2D9DDDED327A0A
:1006C0009DED337A9DED3A3ADDED3B3A9DED3C4AA6
:1006D000DDE9361300FB031302EB43030C93389B55
:1006E0001B681293389B5E68BDF8703004360D931A
:1006F000199B002B03DC1B9B002B40F38783389B4B
:10070000B3F90810B3F90C20481E571E099B002BA3
:1007100040F394812C9C2B145FEA244C06D484452E
:1007200004DA002B02DBBB42C0F289811CF1010C10
:1007300000F177816145C0F27481013300F171816C
:100740009A42C0F26E81099B0C9F1A931A9B002B50
:1007500040F393812C9B4FEA254CC5F30331C3F33F
:100760000332389BD3E9020E2C9B1B1400F1D68177
:1007700000F1FF38434580F2D181BCF1000FC0F297
:10078000CD810EF1FF38C44580F2C88100B2129CC1
:100790000CFB003304EB0308E35C56F823304FEA0C
:1007A000136E002A00F0AF8198F801C056F82C4073
:1007B0000E94240E159479B108EB000C18F8000083
:1007C00056F820000A90000E13909CF8010056F88D
:1007D00020000F90000E169092B2159889B2139CCB
:1007E00002FB01F91201C9EB0111A2EB0908C2F5E4
:1007F000807289B21FFA88F8521A08FB00F092B290
:1008000002FB0E0001FB0400169C09FB0400C0F370
:100810000720002800F0FA80BEF1FF0F1BD003F084
:10082000FF1A03F47F430EFB0AFA0EFB03FE4FEAA6
:100830001A230AF1011A0EF5807C03F0FF130CEB6A
:100840001E2C53444FEA1C2C1B0A0CF47F4C03F063
:10085000FF1343EA0C03159CFF2C21D00E9C04F0DF
:10086000FF1B159C04FB0BFB0E9C04F47F4A159C9C
:100870004FEA1B2E0BF1011B04FB0AFA0EF0FF1EC0
:100880000AF5807CDE440CEB1A2A4FEA1E2E4FEA52
:100890001A2A0EF0FF1E0AF47F4A4EEA0A040E944A
:1008A000139CFF2C21D00A9C04F0FF1B139C04FB1B
:1008B0000BFB0A9C04F47F4A139C4FEA1B2E0BF19E
:1008C000011B04FB0AFA0EF0FF1E0AF5807CDE44D1
:1008D0000CEB1A2A4FEA1E2E4FEA1A2A0EF0FF1EC0
:1008E0000AF47F4A4EEA0A040A94169CFF2C21D08F
:1008F0000F9C04F0FF1B169C04FB0BFB0F9C04F4E5
:100900007F4A169C4FEA1B2E0BF1011B04FB0AFACF
:100910000EF0FF1E0AF5807CDE440CEB1A2A4FEA2B
:100920001E2E4FEA1A2A0EF0FF1E0AF47F4A4EEAE4
:100930000A040F940E9C03F0FF1E03F47F4304F09F
:10094000FF1C0A9C08FB0CFC02FB0ECC04F0FF1EF3
:100950000F9C01FB0ECC04F0FF1E0E9C09FB0ECC7D
:1009600004F47F4E0D9C08FB0EF84FEA1C2C02FB92
:1009700003830A9A0CF0FF1C02F47F4A0F9A01FBD2
:100980000A3302F47F410D9A09FB01393B88424347
:100990004FEA1929501C191209F47F4900EB122063
:1009A00001F0F8014CEA090C6FEA10204FEA1C42F2
:1009B000CCF3072EC0B212FB04F25FFA8CFC1EFBD4
:1009C00004FE01FB0021DA101CFB04FCDB0089B2F1
:1009D00002F0FC02DBB202FB00E203FB00C392B2B6
:1009E0001FFA83FC4B1C03EB11210CF1010303EBF9
:1009F0001C2301F47841C3F3C4230B43511C01EBC6
:100A00001222520902F4FC6213433B802E9B0237F0
:100A10002C9A1A442F9B1D441A9B2C92013B1A932B
:100A200094E62E9B2C9C1C442F9B1D44099B2C94CC
:100A3000013B09930C9B02330C9367E624D0099B7E
:100A40002E98013B2C9C00FB034000143FF57BAE2D
:100A500001398842BFF677AE2F9901FB03531B146F
:100A60003FF571AE013A9342BFF66DAEDDF824B0AA
:100A7000DDF83090BBF1000F70DC099B23EAE374D2
:100A80000C9B03EB44030C93199B002B40F3BE819A
:100A9000F7EE004A289B35EE035A75EEA35AF0EEA6
:100AA000672AC4EE856A36EE046AFEEEC82ACDEDEA
:100AB0002C2AF0EE472AFEEEC82A12EE905A65EE76
:100AC000A64A66EE266A74EEE77A36EEC77AFEEE3E
:100AD000C87ABEEEC87A17EE902AF0EE647A92FBDE
:100AE000F3F317EE102A2E93289BB0EE667A92FB52
:100AF000F3F32F93199B1B9A013B1993289B08BF73
:100B000013460993F4E500293FF466AE18F8000097
:100B100056F820000A90000E13905DE613F10108CC
:100B20003FF574AF4045FFF671AF1CF101083FF58A
:100B30006DAFC645FFF66AAF1C9C00B202930FFA78
:100B40008EF30090019333461D98CDE90514CDE94D
:100B500003C23946129AFFF753FC57E72C9BC5F3A3
:100B600003302C9CC3F30332389B2714129CB3F937
:100B700008102B1401FB0373E718E35C56F82330CD
:100B80004FEA136C002A00F0378197F801E056F81D
:100B90002E401094240E179470B107EB010E795C6F
:100BA00056F821100B91090E14919EF8011056F879
:100BB00021101191090E189192B2179980B2149CCC
:100BC00002FB00F81201C8EB0010A2EB080EC2F500
:100BD000807280B21FFA8EFE121A0EFB01F192B2E1
:100BE00002FB0C1100FB0411189C08FB0411C1F35B
:100BF0000721002900F0F580BCF1FF0F19D003F0A8
:100C0000FF1A03F47F430CFB0AFA0CFB03FC4FEAC8
:100C10001A230AF1011A0CF5807703F0FF1307EB92
:100C20001C2753443F0A1B0A07F47F4703F0FF13B6
:100C30003B43179CFF2C20D0109C04F0FF17179CFF
:100C40006743109C4FEA172C04F47F4A179C07F166
:100C500001170CF0FF1C04FB0AFABC440AF580776C
:100C60004FEA1C2C07EB1A2A0CF0FF1C4FEA1A2A39
:100C70000AF47F4A4CEA0A041094149CFF2C20D0FA
:100C80000B9C04F0FF17149C67430B9C4FEA172C36
:100C900004F47F4A149C07F101170CF0FF1C04FBBD
:100CA0000AFABC440AF580774FEA1C2C07EB1A2A93
:100CB0000CF0FF1C4FEA1A2A0AF47F4A4CEA0A0495
:100CC0000B94189CFF2C20D0119C04F0FF17189C4B
:100CD0006743119C4FEA172C04F47F4A189C07F1D4
:100CE00001170CF0FF1C04FB0AFABC440AF58077DC
:100CF0004FEA1C2C07EB1A2A0CF0FF1C4FEA1A2AA9
:100D00000AF47F4A4CEA0A041194109C03F0FF1C79
:100D100003F47F4304F0FF170B9C0EFB07F702FB65
:100D20000C7704F0FF1C119C00FB0C7704F0FF1CF7
:100D3000109C08FB0C7704F47F4C0D9C0EFB0CFE02
:100D40003F0A02FB03E30B9A07F0FF1702F47F4A06
:100D5000119A00FB0A3302F47F4CB9F8000008FB3B
:100D60000C3C0D9B02124B434FEA1C2C02F0F80284
:100D70000CF47F4C591C47EA0C0701EB13213B0C88
:100D80006FEA1121C7F3072CFFB213FB04F3C9B2BA
:100D90001CFB04FC02FB0132C31017FB04F7C0006C
:100DA00092B203F0FC03C0B203FB01C302F1010CD9
:100DB00000FB01700CEB122280B202F4784C9BB263
:100DC000421C02EB1022C2F3C42242EA0C0203F1DD
:100DD000010C0CEB13235B0903F4FC631A43A9F821
:100DE00000202E9B09F102092C9A0BF1FF3B1A44BB
:100DF0002F9B2C921D443DE600283FF4DDAE795C2C
:100E000056F821100B91090E1491D5E61FB0BDE8DC
:100E1000F08F2DE9F04F89B001910198BDF948C0DC
:100E20000088BDF94C8006129DF858509DF85C4032
:100E300006F0F8060296C610C00006F0FC06C0B226
:100E400003960490DDE9141707FB0C10002F02EB4A
:100E5000000EC0F20A81B84540F307810029C0F2B4
:100E600002818C4540F3FF80125C53F822004A1C3B
:100E700000F1FE80944540F3FB80002D00F0FA80E5
:100E80009EF8012053F82260013700F1F780B84541
:100E900040F3F480002C00F0F48000290EEB0C02EB
:100EA000C0F2EA808C4540F3E7801EF80C7053F8DE
:100EB0002770013100F1E8808C4540F3E580002D7A
:100EC00000F0E480527853F822100B0E07F0FF1C5C
:100ED0004FEA106A0093A4B2ABB200F0FF154FEADC
:100EE000166B03FB04F91B010AFB05F54FEA1768B3
:100EF000A3EB090EC3F5807200F47F43280A05F1C5
:100F0000011507F47F4700F0FF100AFB03F308FB0D
:100F100007F7C9EB0414054408FB0CFCA4B22D0A26
:100F20001FFA8EFE121B05F0FF1092B2059003F51A
:100F3000807000EB13234FEA1C200CF1011C1B0AEC
:100F400000F0FF10069306F0FF1306F47F4660449E
:100F50000BFB03F30BFB06F6000A1D0A03F101135A
:100F600000F0FF1005F0FF151D4406F5807303EB3C
:100F7000162607F580732D0A03EB172301F0FF17E0
:100F800005F0FF15360A1B0A05FB0EF506F47F4631
:100F900007930B0E01F47F410EFB06F65F435943A6
:100FA000059B4FEA172C07F1011703FB0255069B1F
:100FB0000CF0FF1C0EFB0BFEBC4401F580774FEAE2
:100FC0001C2C07EB11210CF0FF1C090A0CFB095526
:100FD00001F47F4100FB045503F47F40079B02FBB3
:100FE00000602D0A02FB0AE203F47F4309FB0100C3
:100FF00005F0FF1504FB0300009B04FB0824049A82
:10100000000A09FB0349029B00F47F406FEA29298B
:1010100005435FFA89F903FB09F1039B03FB09F31D
:1010200002FB09F94A1C581C02EB112100EB1320AA
:101030002A0C2B0A02EB112203EB10231202DB0015
:1010400002F4784203F4FC63134309F1010202EB5A
:10105000192905EB1925C5F3C4051D43019B1D8006
:1010600009B0BDE8F08F002001E7002630460BE70D
:10107000002609E72E4607E700271AE700210F465A
:1010800023E72146274620E700211EE729461CE7E3
:101090002DE9F04F9BB01892319A19901691506833
:1010A000079312689DED255ADDED265A9DED276ABE
:1010B000299DDDED2E7A9DED2F7A9DED363ADDED01
:1010C000373A9DED384ADDE9321300FB031302EB9A
:1010D00043030A93349B1B680F93349B5E6804366A
:1010E000169B002B03DC189B002B40F37383349B6F
:1010F000B3F90810B3F90C20481E571E079B002BAC
:1011000040F38F81289C2B145FEA244C06D484453D
:1011100004DA002B02DBBB42C0F284811CF1010C1B
:1011200000F172816145C0F26F81013300F16C8181
:101130009A42C0F26981079B0A9F1793179B002B65
:1011400040F38E81289B4FEA254CC5F30330C3F34F
:101150000332349BD3E9021E289B1B1400F1D1817A
:1011600001F1FF38434580F2CC81BCF1000FC0F2A1
:10117000C8810EF1FF38C44580F2C38109B20F9CCB
:101180000CFB013304EB0308E35C56F823304FEA11
:10119000136E002A00F0AA8198F801C056F82C407E
:1011A0000B94240E129478B108EB010C18F801107E
:1011B00056F821100891090E10919CF8011056F86C
:1011C00021100C91090E139192B2129980B2109CC9
:1011D00002FB00F91201C9EB0010A2EB0908C2F5ED
:1011E000807280B21FFA88F8121A08FB01F192B2DD
:1011F00002FB0E1100FB0411139C09FB0411C1F347
:101200000721002900F0F580BEF1FF0F1BD003F08D
:10121000FF1A03F47F430EFB0AFA0EFB03FE4FEAAC
:101220001A230AF1011A0EF5807C03F0FF130CEB70
:101230001E2C53444FEA1C2C1B0A0CF47F4C03F069
:10124000FF1343EA0C03129CFF2C21D00B9C04F0EB
:10125000FF1B129C04FB0BFB0B9C04F47F4A129CAB
:101260004FEA1B2E0BF1011B04FB0AFA0EF0FF1EC6
:101270000AF5807CDE440CEB1A2A4FEA1E2E4FEA58
:101280001A2A0EF0FF1E0AF47F4A4EEA0A040B9453
:10129000109CFF2C21D0089C04F0FF1B109C04FB29
:1012A0000BFB089C04F47F4A109C4FEA1B2E0BF1A9
:1012B000011B04FB0AFA0EF0FF1E0AF5807CDE44D7
:1012C0000CEB1A2A4FEA1E2E4FEA1A2A0EF0FF1EC6
:1012D0000AF47F4A4EEA0A040894139CFF2C21D09A
:1012E0000C9C04F0FF1B139C04FB0BFB0C9C04F4F4
:1012F0007F4A139C4FEA1B2E0BF1011B04FB0AFAD9
:101300000EF0FF1E0AF5807CDE440CEB1A2A4FEA31
:101310001E2E4FEA1A2A0EF0FF1E0AF47F4A4EEAEA
:101320000A040C940B9C03F0FF1E03F47F43C94393
:1013300004F0FF1C089C08FB0CFC02FB0ECC04F024
:10134000FF1E0C9C00FB0ECC04F0FF1E0B9C09FB47
:101350000ECC04F47F4E08FB0EF84FEA1C2C5FFA0B
:1013600081FE02FB0383089AB7F800800CF0FF1C93
:1013700002F47F4A0C9A4FEAC80100FB0A3302F4D8
:101380007F404FEA282209FB00394FEAE80002F0CB
:10139000F802C9B24FEA192900F0FC0002FB0EF274
:1013A00009F47F4900FB0EF0531C01FB0EF14CEADF
:1013B000090C03EB12224FEA1C4303EB1223604A91
:1013C000DBB202EA0322431C03EB10204FEA1C238A
:1013D00003EB1023DB0003F4FC6313434A1C02EB12
:1013E00011210CEB112CCCF3C40C4CEA030CA7F824
:1013F00000C02A9B0237289A1A442B9B1D44179B36
:101400002892013B179399E62A9B289C1C442B9B0E
:101410001D44079B2894013B07930A9B02330A93C0
:101420006CE624D0079B2A98013B289C00FB0340D4
:1014300000143FF580AE01398842BFF67CAE2B998F
:1014400001FB03531B143FF576AE013A9342BFF6FE
:1014500072AEDDF81CB0DDF82890BBF1000F71DC36
:10146000079B23EAE3740A9B03EB44030A93169B4E
:10147000002B40F3AF81F7EE004A249B35EE035A70
:1014800075EEA35AF0EE672AC4EE856A36EE046A5A
:10149000FEEEC82ACDED282AF0EE472AFEEEC82A35
:1014A00012EE905A65EEA64A66EE266A74EEE77A68
:1014B00036EEC77AFEEEC87ABEEEC87A17EE902AEC
:1014C000F0EE647A92FBF3F317EE102A2A93249B32
:1014D000B0EE667A92FBF3F32B93169B189A013BBE
:1014E0001693249B08BF13460793F9E500283FF4A1
:1014F0006BAE18F8011056F821100891090E1091E2
:1015000062E613F101083FF574AF4145FFF671AF94
:101510001CF101083FF56DAFC645FFF66AAF09B291
:10152000CDE9023C0FFA8EF3009139460193334620
:10153000CDE904200F9A1998FFF76BFC59E700BF1B
:1015400000F8FFFF289BC5F30330289CC3F3033248
:10155000349B27140F9CB3F908102B1401FB037361
:10156000E718E35C56F823304FEA136C002A00F0CA
:10157000278197F801E056F82E400D94240E14941C
:1015800070B107EB010E795C56F821100991090E34
:1015900011919EF8011056F821100E91090E159127
:1015A00092B2119C80B202FB00F81201C8EB00104D
:1015B000A2EB080EC2F58071149A80B21FFA8EFE5B
:1015C000091A0EFB02F289B201FB0C2200FB042275
:1015D000159C08FB0422C2F30722002A00F0E580D4
:1015E000BCF1FF0F19D003F0FF1A03F47F430CFB8B
:1015F0000AFA0CFB03FC4FEA1A230AF1011A0CF554
:10160000807703F0FF1307EB1C2753443F0A1B0AA4
:1016100007F47F4703F0FF133B43149CFF2C20D0BB
:101620000D9C04F0FF17149C67430D9C4FEA172C88
:1016300004F47F4A149C07F101170CF0FF1C04FB13
:101640000AFABC440AF580774FEA1C2C07EB1A2AE9
:101650000CF0FF1C4FEA1A2A0AF47F4A4CEA0A04EB
:101660000D94119CFF2C20D0099C04F0FF17119CB5
:101670006743099C4FEA172C04F47F4A119C07F139
:1016800001170CF0FF1C04FB0AFABC440AF5807732
:101690004FEA1C2C07EB1A2A0CF0FF1C4FEA1A2AFF
:1016A0000AF47F4A4CEA0A040994159CFF2C20D0C6
:1016B0000E9C04F0FF17159C67430E9C4FEA172CF5
:1016C00004F47F4A159C07F101170CF0FF1C04FB82
:1016D0000AFABC440AF580774FEA1C2C07EB1A2A59
:1016E0000CF0FF1C4FEA1A2A0AF47F4A4CEA0A045B
:1016F0000E940D9C03F0FF1C03F47F43D24304F0CF
:10170000FF17099CD2B20EFB07F701FB0C7704F020
:10171000FF1C0E9C00FB0C7704F0FF1C0D9C08FBCB
:101720000C7704F47F4C0EFB0CFE3F0A01FB03E335
:10173000099907F0FF1701F47F4A0E9900FB0A335D
:1017400001F47F4C08FB0C3CB9F800301812D9109A
:101750004FEA1C2C00F0F800DB0001F0FC015043C4
:101760000CF47F4CDBB2514347EA0C075343421C55
:1017700002EB10203A0C02EB1020184AC0B202EA29
:1017800000204A1C02EB11213A0A02EB1121C90088
:1017900001F4FC610143581C00EB132007EB1027F8
:1017A000C7F3C4000843A9F800002A9B09F1020905
:1017B000289A0BF1FF3B1A442B9B28921D444CE6C0
:1017C00000283FF4EDAE795C56F821100991090E1E
:1017D0001191E5E61BB0BDE8F08F00BF00F8FFFFF8
:1017E0002DE9F04F85B0DDE91070BDF938600028B3
:1017F000039100FB0674BDF93CB09DF8481002EB64
:1018000044059DF84CE003EB04090195C0F25081BA
:10181000834540F34D81002FC0F24681BE4240F324
:10182000438113F804C032F814304FF61F044FEA16
:10183000EC0223F4FC6503F4FC6355430CFB03F258
:1018400004EA551305F601051D4402F1200303EBDC
:10185000122304EA55141B0A03F4FC631C437B1C8B
:1018600000F12B819E4240F32881002900F028815D
:10187000019A99F8013055884FEAE30825F4FC6293
:1018800005F4FC6508FB02F84FF61F025D4302EA0F
:10189000581A08F60108D04405F1200A0AEB15256C
:1018A00002EA58122D0A05F4FC652A43013000F1C2
:1018B0000D81834540F30A81BEF1000F00F00B81DA
:1018C000002FC0F20081BE4240F3FD8001984FF628
:1018D0001F0B19F8065030F816804FEAE50A28F475
:1018E000FC6008F4FC680AFB00FA05FB08F80BEA48
:1018F0005A100AF6010A824408F1200000EB182071
:101900000BEA5A1B000A00F4FC604BEA000B01379B
:1019100000F1E680BE4240F3E380002900F0E3805E
:101920000136019819F8067030F816004FEAE709F9
:1019300020F4FC6600F4FC6009FB06F907FB00F8E4
:101940004FF61F0000EA591A09F60109D14400EACE
:10195000591608F1200000EB1820000A00F4FC6082
:1019600030438EB21FFA8EF94FEA044A24F4FC6425
:1019700006FB09F836010AF0FC6AC8EB0919019662
:101980004AEA04044FEA024A1FFA89F622F4FC628A
:1019900011FB0EF90AF0FC6A02962646C9F3C70944
:1019A000CEF110044AEA02024FEA004A641AC9EB77
:1019B00041010AF0FC6A20F4FC604A4309EB44044C
:1019C0004AEA0000039904FB0624029EC9EB4E0E6E
:1019D00009FB00424FEA0B442BF4FC6B088804F02F
:1019E000FC649DF8501044EA0B0B019C89B2C4F5CD
:1019F00080740EFB0B2EA41B019E4FEA5E52A6EBD9
:101A00000806A4B24FEA5E1E02F4FC62B6B22EF4DF
:101A1000FC6E734342EA0E0E0CFB0433029C1FFA69
:101A20008EF204FB0535D41008FB0757151204F09D
:101A3000FC04D200C7F3072705F0F805D2B24F43E4
:101A40007B1C03EB172703126FEA172703F0F80339
:101A5000FFB213FB07F305FB0135C31003F0FC03D2
:101A6000ADB213FB07F304FB0134C300DBB2A4B235
:101A700013FB07F302FB01316B1C621C89B203EB01
:101A800015254B1C02EB142405F47845039A03EB4F
:101A900011236409C3F3C42304F4FC642B432343DC
:101AA000138005B0BDE8F08F4FF0000C6446D6E619
:101AB00000239C461A461C46F8E600231A46F5E623
:101AC0000B460A46F2E60025AB4620E700273D46D6
:101AD0003846BB4645E7774675467046F34640E7CD
:101AE000002738463DE70F4608463AE72DE9F04F14
:101AF00097B0149208932D9A9DF8C43015901293C4
:101B00005068119112689DED215ADDED225A9DED2C
:101B1000236ADDED2A7A9DED2B7A9DED323ADDEDDB
:101B2000333A9DED344ADDE92E1300FB031302EB3B
:101B300043030993309B1B680B93309B5B680C93AA
:101B4000BDF848300A93119B002B03DC149B002B3B
:101B500040F3CD83309BB3F90810B3F90C20481E35
:101B6000551E089B002B40F3A581249E259B36140F
:101B70004FEA234306D4864204DA002B02DBAB4251
:101B8000C0F29981013600F18681B142C0F28381B1
:101B9000013300F180819A42C0F27D81089B4FF6AB
:101BA0001F06099F1393139B002B40F3A681259BCF
:101BB000249D1814249B2D14C3F30331259BC3F3D8
:101BC000033C309BD3E9022300F1FA8102F1FF3E8E
:101BD000754580F2F5810028C0F2F28103F1FF3EE5
:101BE000704580F2ED8112B20C9B1FFA81FE00FB62
:101BF00002504FEA0E1503EB000A13F80090C5F5EA
:101C000080739AF801809BB2BCF1000F00F0BB8199
:101C10001AF802400AEB020B1FFA8CFA0D940AFB29
:101C20000EFE9BF80140CEEB0A1AA5EB0E050E94B2
:101C30001FFA8AFA0D9CADB2A3EB0A0308FB05F567
:101C40009BB209FB03530AFB04330E9C0EFB0433C7
:101C5000C3F30723002B00F011810B9CB9F1FF0F98
:101C600004EB400534F8100000F0928120F4FC6E83
:101C70004FEAE90A00F4FC600AFB0EFE09FB00F0E3
:101C800006EA5E190EF6010E00F1200BCE440BEBB6
:101C9000102906EA5E1E4FEA192909F4FC694EEA8A
:101CA0000909B8F1FF0F688819D020F4FC6E4FEADB
:101CB000E80A00F4FC600AFB0EFE08FB00F806EAE6
:101CC0005E100EF6010E08F1200B86440BEB182077
:101CD00006EA5E1E000A00F4FC604EEA00004FEACD
:101CE000094E29F4FC694FEA004A20F4FC600EF02A
:101CF000FC6E0AF0FC6A4EEA09094AEA0000BCF1EF
:101D0000000F00F0478102F100420D9C013AFF2CC8
:101D10004FEA420202F1020205EB020EAA5A18D063
:101D200022F4FC6502F4FC624FEAE40804FB02FAC8
:101D300008FB05F80AF1200506EA581208F6010822
:101D400005EB1A2542442D0A06EA521205F4FC65F9
:101D50002A430E9CBEF80250FF2C1AD025F4FC6ECC
:101D600005F4FC654FEAE40804FB05FA08FB0EF8ED
:101D70000AF1200E06EA581508F601080EEB1A2E95
:101D800045444FEA1E2E06EA55150EF4FC6E45EA50
:101D90000E051CFB01FECCF110084FEA024A22F4AA
:101DA000FC624FEAEE0EA8EB01084FEA054B0AF081
:101DB000FC6ACEEB410125F4FC650EEB48084AEACB
:101DC00002024143CEEB4C0C0BF0FC6B09FB0811FB
:101DD0004BEA05050CFB02110EFB051E4FEA5E5295
:101DE0004FEA5E1E02F4FC622EF4FC6E42EA0E0E16
:101DF0001FFA8EF2FF2B03D11299FF2900F0DE802B
:101E00000A99151238884B4305F0F8050A9C03F12E
:101E1000010C0CEB23236FEA23235FFA83FC0312EC
:101E200003F0F80313FB0CF305FB0135C310D110CD
:101E300003F0FC03D20001F0FC01ADB213FB0CF384
:101E4000D2B201FB0431C300DBB289B213FB0CF345
:101E500002FB04339AB26B1C03EB1525531C03EBF6
:101E600012234A1C05F4784502EB1121C3F3C42365
:101E700049092B4301F4FC610B433B80249B02374F
:101E8000269A1344259A2493279B1A44139B013BBB
:101E90002592139387E6249B269E259C3344249306
:101EA000279B1C44089B013B25940893099B023304
:101EB000099356E628D0089B2698013B249D00FBF9
:101EC000035000143FF56AAE01398842BFF666AE92
:101ED0002799259801FB03031B143FF55FAE013AD8
:101EE0009342BFF65BAE089B4FF61F06DDF824E079
:101EF0001393139B002B00F38280089B23EAE37467
:101F0000099B03EB44030993119B002B40F3EF81E2
:101F1000F7EE004A209B35EE035A75EEA35AF0EE19
:101F2000672AC4EE856A36EE046AFEEEC82ACDED55
:101F3000242AF0EE472AFEEEC82ACDED252A65EECA
:101F4000A64A66EE266A74EEE77A36EEC77AFEEEA9
:101F5000C87ABEEEC87A17EE902AF0EE647A92FB49
:101F6000F3F317EE102A2693209BB0EE667A92FBCD
:101F7000F3F32793119B149A013B1193209B08BF05
:101F800013460893DFE508FB05F509FB03535FE6FD
:101F9000814686E6C1F11002414309FB02194FEA6E
:101FA00049094FEA59524FEA591902F4FC6229F4DF
:101FB000FC6942EA09091FFA89F21BE73A805DE7EA
:101FC00015F1010E3FF55AAF7245FFF657AF10F10C
:101FD000010E3FF553AF7345FFF650AF129C1BB295
:101FE00012B2029501930092CDE90301CDE905C437
:101FF000DDE90B2339461598FFF7F2FB3EE7249BFA
:10200000C3F30332259BC3F30335309B1FFA82FCD5
:10201000B3F90810259B4FEA0C101F14249B1B14C6
:1020200001FB07370C9B03EB070A13F80790C0F579
:1020300080739AF801809BB2002D00F03D811AF860
:1020400001400AEB010B1FFA85FA0F940AFB0CFC06
:102050009BF80140CCEB0A1AA0EB0C0010941FFA7D
:102060008AFA80B2A3EB0A0308FB00F09BB209FBDB
:1020700003030F980AFB00330CFB0433C3F307235D
:10208000002B00F00B810B98B9F1FF0F0B9C00EBBC
:10209000470034F8177000F0148127F4FC6C4FEA05
:1020A000E90A07F4FC670AFB0CFC09FB07F706EAE0
:1020B0005C190CF6010C07F1200BCC440BEB172933
:1020C00006EA5C1C4FEA192909F4FC694CEA090983
:1020D000B8F1FF0F478819D027F4FC6C4FEAE80AE3
:1020E00007F4FC670AFB0CFC08FB07F806EA5C1720
:1020F0000CF6010C08F1200BBC440BEB182706EA88
:102100005C1C3F0A07F4FC674CEA07074FEA094CDE
:1021100029F4FC694FEA074A27F4FC670CF0FC6CD1
:102120000AF0FC6A4CEA09094AEA0707002D00F0A8
:10213000CA8001F1004101394900023100EB010C74
:10214000415A0F98FF2819D021F4FC600F9C01F42C
:10215000FC614FEAE40804FB01FA08FB00F80AF10D
:10216000200006EA581108F6010800EB1A20414445
:10217000000A06EA511100F4FC600143109CBCF80F
:102180000200FF2C1AD020F4FC6C00F4FC604FEA33
:10219000E40804FB00FA08FB0CF80AF1200C06EA3C
:1021A000581008F601080CEB1A2C40444FEA1C2C7E
:1021B00006EA50100CF4FC6C40EA0C0015FB02FC23
:1021C000C5F110084FEA014A21F4FC614FEAEC0C1A
:1021D000A8EB02084FEA004B0AF0FC6ACCEB420283
:1021E00020F4FC600CEB48084AEA01017A43CCEB8E
:1021F00045050BF0FC6B09FB08224BEA000005FBD0
:1022000001220CFB0022570D520907F4FC6722F44F
:10221000FC623A43FF2B92B202D11299FF2963D09C
:102220000A981512BEF8001043430A9CCF1005F01F
:10223000F805581C07F0FC0700EB232308126FEA8F
:102240002323C90000F0F800DBB2C9B210FB03F091
:1022500011FB03F105FB0405D01017FB03F7D200B7
:10226000ADB200F0FC00D2B200FB04706B1C02FBAC
:10227000041203EB152592B280B205F47845571C81
:1022800007EB1227C7F3C4273D43471C07EB102772
:102290007F0907F4FC673D43AEF80050249B0EF124
:1022A000020E269A1344259A2493279B1A44139BC3
:1022B000013B259213931CE608FB00F009FB030386
:1022C000DCE6B94604E7C2F110017A4309FB0129B3
:1022D0004FEA49094FEA59504FEA591200F4FC609D
:1022E00022F4FC62024395E7AEF80020D6E717B06F
:1022F000BDE8F08F2DE9F04F85B0DDE91070BDF934
:1023000038600028039100FB0674BDF93CB09DF8CD
:10231000481003EB44059DF84CE002EB04090195DD
:10232000C0F24181834540F33E81002FC0F23781E6
:10233000BE4240F3348112F804C033F814304FF633
:102340001F044FEAEC0223F4FC6503F4FC635543DD
:102350000CFB03F204EA551305F601051D4402F1D6
:10236000200303EB122304EA55141B0A03F4FC6355
:102370001C437B1C00F11C819E4240F31981002903
:1023800000F01981019A99F8013055884FEAE30865
:1023900025F4FC6205F4FC6508FB02F84FF61F0209
:1023A0005D4302EA581A08F60108D04405F1200AF4
:1023B0000AEB152502EA58122D0A05F4FC652A439A
:1023C000013000F1FE80834540F3FB80BEF1000F39
:1023D00000F0FC80002FC0F2F180BE4240F3EE809E
:1023E00001984FF61F0B19F8065030F816804FEA87
:1023F000E50A28F4FC6008F4FC680AFB00FA05FB17
:1024000008F80BEA5A100AF6010A824408F1200083
:1024100000EB18200BEA5A1B000A00F4FC604BEAA0
:10242000000B013700F1D780BE4240F3D480002971
:1024300000F0D4800136019819F8067030F81600C3
:102440004FEAE70920F4FC6600F4FC6009FB06F99A
:1024500007FB00F84FF61F0000EA591A09F60109B8
:10246000D14400EA591608F1200000EB1820000AB8
:1024700000F4FC6030438EB21FFA8EF94FEA044A32
:1024800024F4FC6406FB09F836010AF0FC6AC8EB88
:10249000091901964AEA04044FEA024A1FFA89F62A
:1024A00022F4FC6211FB0EF90AF0FC6A0296264641
:1024B000C9F3C709CEF110044AEA02024FEA004A02
:1024C000641AC9EB41010AF0FC6A20F4FC604A433B
:1024D00009EB44044AEA0000C9EB4E0E04FB062453
:1024E000039909FB00424FEA0B4401982BF4FC6B63
:1024F00004F0FC640988C0F5807044EA0B0B029C70
:10250000001B019C0EFB0B2EA4EB080680B24FEAC9
:102510005E52B6B24FEA5E1E02F4FC6273432EF4C2
:10252000FC6E0CFB0033029842EA0E0E00FB0535F0
:102530000B12C81008FB075703F0F803C90000F09E
:10254000FC006FEA27271FFA8EF2C9B2FFB27B4365
:1025500078434F43591C01EB1321131223F0070357
:1025600003EB1123411C01EB1020D1101B0221F0C1
:102570000301D20003F4784301EB1021C90001F4F8
:10258000FC610B43791C01EB172702EB1722C2F306
:10259000C4021A43039B1A8005B0BDE8F08F4FF0C8
:1025A000000C6446E5E600239C461A461C4607E7F5
:1025B00000231A4604E70B460A4601E70025AB460E
:1025C0002FE700273D463846BB4654E77746754619
:1025D0007046F3464FE7002738464CE70F4608465B
:1025E00049E700002DE9F04F93B01092299A11901D
:1025F0000E915068069312689DED1D5ADDED1E5A2E
:102600009DED1F6ADDED267A9DED277A9DED2E3A30
:10261000DDED2F3A9DED304ADDE92A1300FB03136F
:1026200002EB430307932C9B1B6808932C9B5B686E
:1026300009930E9B002B03DC109B002B40F3B68309
:102640002C9BB3F90810B3F90C20481E551E069BAD
:10265000002B40F36581209E219B36144FEA2343D3
:1026600006D4864204DA002B02DBAB42C0F2598169
:10267000013600F14681B142C0F24381013300F1DD
:1026800040819A42C0F23D81069B4FF61F06079F8C
:102690000F930F9B002B40F36681219B209D181404
:1026A000209B2D14C3F30331219BC3F3033C2C9BCC
:1026B000D3E9022300F1F08102F1FF3E754580F27B
:1026C000EB810028C0F2E88103F1FF3E704580F203
:1026D000E38112B2099B1FFA81FE00FB02504FEA10
:1026E0000E1503EB000A13F80090C5F580739AF8F5
:1026F00001809BB2BCF1000F00F07B811AF8024010
:102700000AEB020B1FFA8CFA0A940AFB0EFE9BF8E6
:102710000140CEEB0A1AA5EB0E050B941FFA8AFABC
:102720000A9CADB2A3EB0A0308FB05F59BB209FBBB
:1027300003530AFB04330B9C0EFB0433C3F3072340
:10274000002B00F0D180089CB9F1FF0F04EB40058D
:1027500034F8100000F0528120F4FC6E4FEAE90AD0
:1027600000F4FC600AFB0EFE09FB00F006EA5E19AD
:102770000EF6010E00F1200BCE440BEB102906EAF9
:102780005E1E4FEA192909F4FC694EEA0909B8F1FD
:10279000FF0F688819D020F4FC6E4FEAE80A00F4B5
:1027A000FC600AFB0EFE08FB00F806EA5E100EF65F
:1027B000010E08F1200B86440BEB182006EA5E1E82
:1027C000000A00F4FC604EEA00004FEA094E29F4CA
:1027D000FC694FEA004A20F4FC600EF0FC6E0AF03F
:1027E000FC6A4EEA09094AEA0000BCF1000F00F059
:1027F000078102F100420A9C013AFF2C4FEA420293
:1028000002F1020205EB020EAA5A18D022F4FC656E
:1028100002F4FC624FEAE40804FB02FA08FB05F844
:102820000AF1200506EA581208F6010805EB1A25F8
:1028300042442D0A06EA521205F4FC652A430B9C19
:10284000BEF80250FF2C1AD025F4FC6E05F4FC658E
:102850004FEAE40804FB05FA08FB0EF80AF1200E23
:1028600006EA581508F601080EEB1A2E45444FEA01
:102870001E2E06EA55150EF4FC6E45EA0E051CFBED
:1028800001FECCF110084FEA024A22F4FC624FEA42
:10289000EE0EA8EB01084FEA054B0AF0FC6ACEEBFE
:1028A000410125F4FC650EEB48084AEA0202414367
:1028B000CEEB4C0C0BF0FC6B09FB08114BEA050549
:1028C0000CFB02110EFB051E4FEA5E524FEA5E1E24
:1028D00002F4FC622EF4FC6E42EA0E0E1FFA8EF237
:1028E000FF2B40F0A1803A80209B0237229A1344AC
:1028F000219A2093239B1A440F9B013B21920F9313
:10290000C7E6209B229E219C33442093239B1C449A
:10291000069B013B21940693079B0233079396E69F
:1029200028D0069B2298013B209D00FB03500014F9
:102930003FF5AAAE01398842BFF6A6AE2399219889
:1029400001FB03031B143FF59FAE013A9342BFF610
:102950009BAE069B4FF61F06DDF81CE00F930F9B06
:10296000002B00F3B680069B23EAE374079B03EB7E
:10297000440307930E9B002B40F31882F7EE004AA6
:102980001C9B35EE035A75EEA35AF0EE672AC4EE8F
:10299000856A36EE046AFEEEC82ACDED202AF0EEF6
:1029A000472AFEEEC82ACDED212A65EEA64A66EE3C
:1029B000266A74EEE77A36EEC77AFEEEC87ABEEE85
:1029C000C87A17EE902AF0EE647A92FBF3F317EED2
:1029D000102A22931C9BB0EE667A92FBF3F32393AA
:1029E0000E9B109A013B0E931C9B08BF1346069347
:1029F0001FE608FB05F509FB03539FE68146C6E683
:102A0000C1F11002414309FB02194FEA49094FEA9B
:102A100059524FEA591902F4FC6229F4FC6942EA5E
:102A200009091FFA89F25BE7B7F800C0DB434FEAF8
:102A30002C205FFA83FE00F0F8004FEAEC054FEA25
:102A4000CC0300FB0EF005F0FC05DBB2411C05FBDE
:102A50000EF503FB0EF301EB1020111221F007011C
:102A600001EB1021D348C9B200EA0120691C01EB37
:102A70001525D110D20021F0030101EB1521C90069
:102A800001F4FC610143581C00EB132302EB1322F9
:102A9000C2F3C4020A4326E715F1010E3FF524AF45
:102AA0007245FFF621AF10F1010E3FF51DAF7345E2
:102AB000FFF61AAF1BB212B201930092CDE9041CCB
:102AC000CDE90250DDE9083239461198FFF712FCD2
:102AD0000AE7209BC3F30332219BC3F303352C9BEE
:102AE0001FFA82FCB3F90810219B4FEA0C101F1447
:102AF000209B1B1401FB0737099B03EB070A13F804
:102B00000790C0F580739AF801809BB2002D00F009
:102B1000FE801AF801400AEB010B1FFA85FA0C94AB
:102B20000AFB0CFC9BF80140CCEB0A1AA0EB0C0052
:102B30000D941FFA8AFA80B2A3EB0A0308FB00F097
:102B40009BB209FB03030C980AFB00330CFB043314
:102B5000C3F30723002B00F0CC800898B9F1FF0FD6
:102B6000089C00EB470034F8177000F0D58027F47C
:102B7000FC6C4FEAE90A07F4FC670AFB0CFC09FB52
:102B800007F706EA5C190CF6010C07F1200BCC44A0
:102B90000BEB172906EA5C1C4FEA192909F4FC69BA
:102BA0004CEA0909B8F1FF0F478819D027F4FC6CEB
:102BB0004FEAE80A07F4FC670AFB0CFC08FB07F87D
:102BC00006EA5C170CF6010C08F1200BBC440BEB79
:102BD000182706EA5C1C3F0A07F4FC674CEA070763
:102BE0004FEA094C29F4FC694FEA074A27F4FC67CD
:102BF0000CF0FC6C0AF0FC6A4CEA09094AEA070787
:102C0000002D00F08B8001F10041013949000231B3
:102C100000EB010C415A0C98FF2819D021F4FC60FC
:102C20000C9C01F4FC614FEAE40804FB01FA08FB88
:102C300000F80AF1200006EA581108F6010800EB36
:102C40001A204144000A06EA511100F4FC600143D5
:102C50000D9CBCF80200FF2C1AD020F4FC6C00F490
:102C6000FC604FEAE40804FB00FA08FB0CF80AF1E8
:102C7000200C06EA581008F601080CEB1A2C404408
:102C80004FEA1C2C06EA50100CF4FC6C40EA0C00D5
:102C900015FB02FCC5F110084FEA014A21F4FC6162
:102CA0004FEAEC0CA8EB02084FEA004B0AF0FC6A72
:102CB000CCEB420220F4FC600CEB48084AEA01012C
:102CC0007A43CCEB45050BF0FC6B09FB08224BEA81
:102CD000000005FB01220CFB0022570D520907F4EE
:102CE000FC6722F4FC623A43FF2B92B227D1AEF884
:102CF0000020209B0EF1020E229A1344219A209369
:102D0000239B1A440F9B013B21920F9327E608FB5C
:102D100000F009FB03031BE7B94643E7C2F11001CA
:102D20007A4309FB01294FEA49094FEA59504FEA12
:102D3000591200F4FC6022F4FC620243D4E7BEF8AE
:102D40000070DB431B4C38125FFA83FC00F0F80084
:102D5000FD10FB0000FB0CF005F0FC05DBB205FBF1
:102D60000CF1451C03FB0CF305EB1020151225F0AC
:102D7000070505EB10204D1C05EB1125D110C0B245
:102D800021F00301D20004EA002001EB1521C90063
:102D900001F4FC610843591C01EB132302EB1323DC
:102DA000C3F3C4031843AEF80000A2E713B0BDE8B4
:102DB000F08F00BF00F8FFFF2DE9F047DDE909457E
:102DC000BDF920A005FB034C002D9DF82C909DF82B
:102DD000307002EB4C0E9DF834600888C0F2A7807A
:102DE000AA4540F3A480002CC0F29F80A34240F388
:102DF0009C8032F81C80621C00F19C80934240F35E
:102E00009980B9F1000F00F09580BEF802C001353D
:102E100000F19480AA4540F39180002F00F08E804D
:102E2000002CC0F28980A34240F386803EF8135004
:102E3000013400F18680A34240F38380B9F1000F92
:102E40007FD001333EF813304FEA084428F4FC6881
:102E500019FB07FEC7F1100204F0FC64CEF3C70EA5
:102E6000A2EB090244EA08084FEA0C442CF4FC6C7B
:102E70000EEB420204F0FC64CEEB470744EA0C0C74
:102E8000CEEB490404FB0CF402FB08481A0423F4BB
:102E9000FC63B4B202F0FC62F64313432A0425F447
:102EA000FC65F6B202F0FC620EFB03832A4307FBCB
:102EB0000232C710530D07F0FC07520917FB06F743
:102EC00003F4FC6322F4FC621A4393B202121D1253
:102ED00002F0F802C00005F0F80512FB06F2C0B2DD
:102EE00005FB0425DA1010FB06F0DB00ADB202F0A2
:102EF000FC02DBB202FB047203FB04006B1C92B207
:102F000080B203EB1525431C05F4784503EB102331
:102F1000501C00EB1222C3F3C42352092B4302F4CA
:102F2000FC6213430B80BDE8F087804663E784466C
:102F300080466CE784466AE7054679E7034605461E
:102F400082E7034680E72DE9F04F93B01D461092CB
:102F5000299B9DF8B4200A910B9259681B689DED3E
:102F60001D5ADDED1E5A9DED1F6ADDED267A9DEDA1
:102F7000277A9DED2E3ADDED2F3A9DED304A1190E6
:102F8000DDE92A27DDE9204601FB072703EB47039C
:102F900007932C9B1B6809930B9BDB43DBB20893C5
:102FA0000A9B002B03DC109B002B40F305822C9B1B
:102FB000B3F90810B3F90C20481E02F1FF3C002DB4
:102FC00040F3DA805FEA244E4FEA264306D4864572
:102FD00004DA002B02DB6345C0F2CF801EF1010E44
:102FE00000F1C1807145C0F2BE80013300F1BB80A9
:102FF0009A42C0F2B880A946DDF81C80B9F1000FF2
:1030000040F3D8802C9B21144FEA2640C4F30332AE
:10301000C6F3033CD3E902E300F112810EF1FF3A5B
:10302000514580F20D810028C0F20A8103F1FF3A78
:10303000504580F205810FFA8EF300FB03110998C9
:1030400000EB410A30F811E0BAF80210BCF1000FB1
:1030500007D05B000AEB03003AF803300C93438877
:103060000D934FEA0E402EF4FC6E12FB0CF34FEA68
:10307000014A00F0FC6021F4FC61DB100AF0FC6AFC
:1030800040EA0E00CCF1100E4AEA0101089FAEEBB7
:10309000020EC3EB420203EB4E0E51430D9A0EFBA0
:1030A000001E0C99100422F4FC6200F0FC60104336
:1030B0000C9A120403FB00E021F4FC6EC3EB4C03FA
:1030C00002F0FC6242EA0E0203FB0203B8F80000C1
:1030D0005A0D5B0902F4FC62011223F4FC634FEA0F
:1030E000E00E01F0F801C0001343BDF82C2011FBE5
:1030F00007F1C0B29BB20EF0FC0E10FB07F01EFBF6
:1031000007FE4FEA232C0CF0F80C0CFB021CD91024
:10311000DB001FFA8CFC01F0FC01DBB201FB02E1D9
:1031200003FB020389B29AB20CF1010303EB1C2CDE
:10313000531C03EB12234A1C0CF4784C02EB1121B4
:10314000C3F3C423490943EA0C0301F4FC610B43B4
:10315000A8F80030229B08F1020809F1FF391C444D
:10316000239B1E444AE7229B013D1C44239B1E4493
:10317000079B0233079322E722D06B1E229800FBA5
:10318000034000143FF537AF01398842BFF633AF33
:10319000239901FB03631B143FF52DAF013A9342C2
:1031A000BFF629AFA846DDF81C90BDF82CA0B8F1F9
:1031B000000F60DC079B25EAE57503EB45030793E9
:1031C0000A9B002B40F3F880F7EE004A1C9B35EE7B
:1031D000035A75EEA35AF0EE672AC4EE856A36EEFE
:1031E000046AFEEEC82A12EE904AF0EE472AFEEE7E
:1031F000C82A12EE906A65EEA64A66EE266A74EE5A
:10320000E77A36EEC77AFEEEC87ABEEEC87A17EED7
:10321000902AF0EE647A92FBF3F317EE102A2293D1
:103220001C9BB0EE667A92FBF3F323930A9B109AF1
:10323000013B0A9308BF15461C9B18BF1D46AFE60D
:1032400011F1010A86D4D64584DB10F1010A81D43C
:103250005345FFF67FAF0B9F1BB201914146009390
:103260000FFA8EF3CDE90202CDE904C7099A11984D
:10327000FFF7A2FD6EE72C9B3014099FC6F3033EB7
:10328000B3F908102314C4F3033201FB0030099B87
:1032900003EB400337F810C05888BEF1000F0BD085
:1032A00001F1004101394900023103EB010B5B5A86
:1032B0000E93BBF802300F934FEA0C412CF4FC6CD8
:1032C00012FB0EF34FEA004B01F0FC6120F4FC60AE
:1032D000DB100BF0FC6B41EA0C01CEF1100C4BEA59
:1032E0000000089FACEB020CC3EB420208F1FF3870
:1032F000504303EB4C0C0F9A0CFB010C0E984FEA59
:10330000024B22F4FC610E9A20F4FC600BF0FC6B83
:1033100012044BEA010102F0FC6203FB01C1C3EBA2
:103320004E03024303FB02124FEA525B52090BF4B5
:10333000FC6B22F4FC63B9F800204BEA0303111282
:103340004FEAE20C9BB201F0F801D2000CF0FC0C49
:1033500011FB07F118121CFB07FCD2B200F0F800B9
:1033600012FB07F200FB0A10D910DB0001F0FC0190
:1033700080B2DBB201FB0AC103FB0A23421C89B203
:103380009BB202EB102001F1010C5A1C0CEB112C2A
:1033900000F4784002EB1322229B4FEA5C1CC2F33C
:1033A000C4221C440CF4FC6C239B10431E4440EAD2
:1033B0000C0029F8020BFAE613B0BDE8F08F2DE9F6
:1033C000F043DDE9084EBDF91C900EFB0347BEF14A
:1033D000000F9DF828509DF82C6002EB47080888E4
:1033E00060DBF1455EDD002C5ADBA34258DD32F88C
:1033F00017C0621C59D4934257DD002D55D0B8F840
:1034000002701EF1010E54D4F14552DD002E50D051
:10341000002C4CDBA3424ADD38F81320013405D4DC
:10342000A34203DD15B1013338F8130015FB06F490
:103430004FEA0C434FEA074E2CF4FC6C03F0FC639C
:10344000C4F3C7040EF0FC6E27F4FC6743EA0C0CCF
:10345000C6F110034EEA0707C4EB46065B1BC4EB3C
:10346000450504EB43037D4303FB0C5C030420F49C
:10347000FC6003F0FC631843130422F4FC6203F0C5
:10348000FC6304FB00C0134306FB0300430D40092B
:1034900003F4FC6320F4FC6018430880BDE8F0836B
:1034A0008446A6E707468446ABE70746A9E70246F7
:1034B000B4E70246BAE72DE9F04F8FB01D46259BD1
:1034C00007910C9259681B689DED195ADDED1A5A47
:1034D0009DED1B6ADDED227A9DED237A9DED2A3A62
:1034E000DDED2B3A9DED2C4A0D90DDE92627DDE937
:1034F0001C4601FB072703EB4707289BD3F80080F6
:10350000079B002B03DC0C9B002B40F38281289B44
:10351000B3F90810B3F90C20481E02F1FF3C002D4E
:1035200040F39B805FEA244E4FEA264306D486454B
:1035300004DA002B02DB6345C0F290801EF1010E1D
:1035400000F184807145C0F2818001337ED49A42BB
:103550007CDBAA46B946BAF1000F40F39980289B5C
:1035600021144FEA2640C4F30332C6F3033CD3E9E7
:1035700002E300F1D1800EF1FF3B594580F2CC808F
:103580000028C0F2C98003F1FF3B584580F2C48097
:103590000FFA8EFE00FB0E1108EB410038F811B057
:1035A0004188BCF1000F0BD00EF10043013B5B00E2
:1035B000023300EB030EC35A0893BEF8023009939E
:1035C0004FEA0B402BF4FC6B12FB0CF3CCF1100E0A
:1035D00000F0FC60DB10AEEB020E40EA0B004FEA9D
:1035E000014B21F4FC61C3EB42020BF0FC6B03EBDB
:1035F0004E0E4BEA01015143099A0EFB001E1004C6
:1036000022F4FC62089900F0FC601043089A12044E
:1036100003FB00E021F4FC6EC3EB4C0302F0FC6200
:1036200042EA0E0203FB02035A0D5B0902F4FC623C
:1036300023F4FC631343A9F800301E9B09F102092F
:103640000AF1FF3A1C441F9B1E4484E71E9B013D68
:1036500002371C441F9B1E4461E71DD06B1E1E9841
:1036600000FB034000143FF574AF01398842BFF6F8
:1036700070AF1F9901FB03631B143FF56AAF013A5A
:103680009342BFF666AFA946BA46B9F1000F5BDCBC
:1036900025EAE57507EB4507079B002B40F3B9804A
:1036A000F7EE004A189B35EE035A75EEA35AF0EE7A
:1036B000672AC4EE856A36EE046AFEEEC82A12EE68
:1036C000904AF0EE472AFEEEC82A12EE906A65EEA6
:1036D000A64A66EE266A74EEE77A36EEC77AFEEE02
:1036E000C87ABEEEC87A17EE902AF0EE647A92FBA2
:1036F000F3F317EE102A1E93189BB0EE667A92FB36
:10370000F3F31F93079B0C9A013B079308BF1546E1
:10371000189B18BF1D46F3E611F1010B8DD4DE4551
:103720008BDB10F1010B88D45B4586DB1BB2CDE946
:103730000110CDE9032C009342460FFA8EF349465F
:103740000D98FFF73CFE78E7289B20143114C6F350
:10375000033EB3F90830C4F3033203FB010108EB65
:10376000410038F811C04188BEF1000F0BD003F1C1
:103770000043013B5B00023300EB030BC35A0A9387
:10378000BBF802300B934FEA0C402CF4FC6C12FB9C
:103790000EF34FEA014B00F0FC6021F4FC61DB10FA
:1037A0000BF0FC6B40EA0C00CEF1100C4BEA01016F
:1037B00009F1FF39ACEB020CC3EB420203EB4C0CFA
:1037C00051430B9A0CFB001C0A994FEA024B22F45E
:1037D000FC600A9A0BF0FC6B12044BEA000021F427
:1037E000FC6B02F0FC6203FB00C0C3EB4E0342EA39
:1037F0000B0B03FB0B00430D400903F4FC6320F4A7
:10380000FC6018431E9B1C441F9B2AF8020B1E449D
:103810003BE70FB0BDE8F08F2DE9F04F85B0DDE953
:103820000F740291002C04FB0371BDF938E09DF880
:10383000446002EB810C9DF84800C0F21B81A64554
:1038400040F31881002FC0F21381BB4240F3108176
:1038500052F821507A1C00F11081934240F30D81FF
:10386000002E00F00C81DCF80410013400F10B8113
:10387000A64540F30881002800F00881002FC0F21F
:103880000081BB4240F3FD805CF82340013700F12A
:103890000081BB4240F3FD80002E00F0FC8001332C
:1038A0005CF82320B6B280B24FEA116A00FB06FE34
:1038B00036014FEA156BCEEB0010A6EB0E07C6F5EE
:1038C00080734FEA146980B2BFB21B1A4FEA1268C4
:1038D0000AFB07F69BB20BFB036600FB09660EFBB7
:1038E0000866C6F307260096002E00F0BE8005F09D
:1038F000FF1C05F47F45029E0BFB0CFC0BFB05F542
:1039000036884FEA1C2B0CF1011C01950BF0FF1BB4
:10391000DC444FEA1C2C0CF0FF150395019D05F5C6
:10392000807C0CEB152501F0FF1C01F47F410AFBA4
:103930000CFC4FEA152B0AFB01FA4FEA1C250CF18F
:10394000011C0AF5807105F0FF1501EB1A2A654488
:1039500004F0FF1C04F47F444FEA1A2A09FB0CFC14
:103960002D0A09FB04F90AF47F4A4FEA1C2105F0ED
:10397000FF1509F580740CF1011C01F0FF117D4366
:1039800004EB192902F0FF1402F47F42614408FBA2
:1039900004F44FEA192908FB02F8090A220A04F183
:1039A000011401F0FF1107FB0AF702F0FF121444A3
:1039B00008F58072240A02EB1828039A04F0FF1419
:1039C00002FB03554FEA1828009A04FB0E5408F432
:1039D0007F48351201FB004105F0F805090A01F0A6
:1039E000FF140BF47F4103FB01710EFB081E09F469
:1039F0007F4100FB01E19DF84C0087B2090A7A4340
:103A000001F47F41531C214303EB12230A0CC1F341
:103A100007246FEA1323C8B212FB07F214FB07F462
:103A2000DBB210FB07F005FB0325F210F60002F0F5
:103A3000FC02ADB2F6B202FB034206FB030394B2F2
:103A400099B26B1C621C03EB15254B1C02EB142274
:103A500003EB112305F478455209C3F3C42302F4A0
:103A6000FC622B431343029A138005B0BDE8F08F2C
:103A70000025EFE600210D46F7E60021F5E6314688
:103A8000F3E6002402E7002214460BE70246044650
:103A900008E7002206E7324604E72DE9F04F9DB023
:103AA00019920793339A9DF8DC301B901A93506853
:103AB000179112689DED275ADDED285A9DED296A70
:103AC000DDED307A9DED317A9DED383ADDED393A14
:103AD0009DED3A4ADDE93413DDE92A4600FB031384
:103AE00002EB43030A93369B1B681093BDF86830C2
:103AF0000B93179B002B03DC199B002B40F3758362
:103B0000369BB3F90810B3F90C20481E571E079BCB
:103B1000002B40F38E815FEA244C4FEA264306D403
:103B2000844504DA002B02DBBB42C0F283811CF126
:103B3000010C00F173816145C0F27081013300F125
:103B40006D819A42C0F26A81079B0A9F1893189B65
:103B5000002B40F38C81369A4FEA264C369BC4F3F7
:103B60000330D2F80CE02214C6F303319B6800F155
:103B7000CD8103F1FF38424580F2C881BCF1000FCE
:103B8000C0F2C4810EF1FF38C44580F2BF811BB280
:103B9000109D0CFB032205EB820855F822204FEA0A
:103BA000126E002800F0A981D8F804500C952D0E53
:103BB000139581B103F18043013B9B00043308EB73
:103BC000030C58F8033008931B0E1193DCF80430F3
:103BD0000D931B0E149380B2119D89B200FB01F965
:103BE0000001C9EB0111A0EB0908C0F5807313981F
:103BF00089B21FFA88F85B1A08FB00F09BB203FB3E
:103C00000E0001FB0500149D09FB0500C0F3072011
:103C1000002800F0FA80BEF1FF0F1BD002F0FF1A5F
:103C200002F47F420EFB0AFA0EFB02FE4FEA1A2252
:103C30000AF1011A0EF5807C02F0FF120CEB1E2C2B
:103C400052444FEA1C2C120A0CF47F4C02F0FF1273
:103C500042EA0C02139DFF2D21D00C9D05F0FF1BA5
:103C6000139D05FB0BFB0C9D05F47F4A139D4FEA4A
:103C70001B2E0BF1011B05FB0AFA0EF0FF1E0AF5C5
:103C8000807CDE440CEB1A2A4FEA1E2E4FEA1A2AD9
:103C90000EF0FF1E0AF47F4A4EEA0A050C95119DAC
:103CA000FF2D21D0089D05F0FF1B119D05FB0BFB8F
:103CB000089D05F47F4A119D4FEA1B2E0BF1011B55
:103CC00005FB0AFA0EF0FF1E0AF5807CDE440CEBC1
:103CD0001A2A4FEA1E2E4FEA1A2A0EF0FF1E0AF485
:103CE0007F4A4EEA0A050895149DFF2D21D00D9DAF
:103CF00005F0FF1B149D05FB0BFB0D9D05F47F4A92
:103D0000149D4FEA1B2E0BF1011B05FB0AFA0EF066
:103D1000FF1E0AF5807CDE440CEB1A2A4FEA1E2EA9
:103D20004FEA1A2A0EF0FF1E0AF47F4A4EEA0A05ED
:103D30000D950C9D02F0FF1E02F47F4205F0FF1C62
:103D4000089D08FB0CFC03FB0ECC05F0FF1E0D9D2F
:103D500001FB0ECC05F0FF1E0C9D09FB0ECC05F4FB
:103D60007F4E0B9D08FB0EF84FEA1C2C03FB0282D2
:103D7000089B0CF0FF1C03F47F4A0D9B01FB0A22F9
:103D800003F47F413B8809FB01290B9A1912424336
:103D90004FEA192901F0F801501C09F47F4900EBA2
:103DA00012204CEA090C6FEA10204FEA1C42CCF3B7
:103DB000072E5FFA8CFC12FB05F2C0B21CFB05FC5F
:103DC00001FB0021DA101EFB05FEDB0089B202F0C8
:103DD000FC02DBB202FB00E203FB00C392B21FFA5B
:103DE00083FC4B1C03EB11210CF1010303EB1C239F
:103DF00001F47841C3F3C4230B43511C01EB12229D
:103E0000520902F4FC6213433B802C9B02371C4492
:103E10002D9B1E44189B013B189398E62C9B1C4439
:103E20002D9B1E44079B013B07930A9B02330A9379
:103E30006DE623D0079B2C98013B00FB0340001448
:103E40003FF582AE01398842BFF67EAE2D9901FB67
:103E500003631B143FF578AE013A9342BFF674AE8C
:103E6000DDF81CB0DDF82890BBF1000F6CDC079B7F
:103E700023EAE3750A9B03EB45030A93179B002B88
:103E800040F3B381F7EE004A269B35EE035A75EEF8
:103E9000A35AF0EE672AC4EE856A36EE046AFEEE97
:103EA000C82A12EE904AF0EE472AFEEEC82A12EE19
:103EB000906A65EEA64A66EE266A74EEE77A36EEFA
:103EC000C77AFEEEC87ABEEEC87A17EE902AF0EEF8
:103ED000647A92FBF3F317EE102A2C93269BB0EE34
:103EE000667A92FBF3F32D93179B199A013B179374
:103EF000269B08BF13460793FBE500293FF46BAEF2
:103F000058F8233008931B0E119364E612F1010850
:103F10003FF57BAF4345FFF678AF1CF101083FF555
:103F200074AFC645FFF671AF1A9D1BB201920FFA2E
:103F30008EF2CDE90415CDE902C000923946109AFF
:103F40001B98FFF769FC60E7369B2714109DC4F3AC
:103F50000332B3F908103314C6F3033001FB0373C3
:103F600005EB830755F823304FEA136C002A00F065
:103F700033817D680E952D0E159578B101F1804144
:103F800001398900043107EB010E79580991090EB6
:103F90001291DEF804100F91090E169192B2159944
:103FA00080B2129D02FB00F81201C8EB0010A2EBD8
:103FB000080EC2F5807280B21FFA8EFE121A0EFB36
:103FC00001F192B202FB0C1100FB0511169D08FBDA
:103FD0000511C1F30721002900F0F580BCF1FF0FA6
:103FE00019D003F0FF1A03F47F430CFB0AFA0CFB11
:103FF00003FC4FEA1A230AF1011A0CF5807703F04B
:10400000FF1307EB1C2753443F0A1B0A07F47F47A3
:1040100003F0FF133B43159DFF2D20D00E9D05F0AF
:10402000FF17159D6F430E9D4FEA172C05F47F4A2D
:10403000159D07F101170CF0FF1C05FB0AFABC44A3
:104040000AF580774FEA1C2C07EB1A2A0CF0FF1CAC
:104050004FEA1A2A0AF47F4A4CEA0A050E95129D85
:10406000FF2D20D0099D05F0FF17129D6F43099D7C
:104070004FEA172C05F47F4A129D07F101170CF047
:10408000FF1C05FB0AFABC440AF580774FEA1C2C9A
:1040900007EB1A2A0CF0FF1C4FEA1A2A0AF47F4A8F
:1040A0004CEA0A050995169DFF2D20D00F9D05F0BD
:1040B000FF17169D6F430F9D4FEA172C05F47F4A9B
:1040C000169D07F101170CF0FF1C05FB0AFABC4412
:1040D0000AF580774FEA1C2C07EB1A2A0CF0FF1C1C
:1040E0004FEA1A2A0AF47F4A4CEA0A050F950E9DF8
:1040F00003F0FF1C03F47F4305F0FF17099D0EFB3F
:1041000007F702FB0C7705F0FF1C0F9D00FB0C77F7
:1041100005F0FF1C0E9D08FB0C7705F47F4C0B9DF2
:104120000EFB0CFE3F0A02FB03E3099A07F0FF17A0
:1041300002F47F4A0F9A00FB0A3302F47F4CB9F86D
:10414000000008FB0C3C0B9B021259434FEA1C2C4D
:1041500002F0F8020CF47F4C4B1C47EA0C0703EB0F
:1041600011213B0C6FEA1121C7F3072CFFB213FB9F
:1041700005F3C9B217FB05F702FB0132C3101CFBA4
:1041800005FCC00092B203F0FC03C0B203FB01C304
:1041900000FB0170511C9BB280B201EB122200F1B6
:1041A000010C02F478420CEB102CCCF3C42C4CEA3A
:1041B000020203F1010C0CEB13235B0903F4FC6313
:1041C0001A43A9F800202C9B09F102090BF1FF3BCF
:1041D0001C442D9B1E4447E600283FF4DFAE57F8F1
:1041E00021100991090E1291D8E61DB0BDE8F08F9B
:1041F0002DE9F04F85B0DDE90F740291002C04FB2E
:104200000371BDF938E09DF8446002EB810C9DF824
:104210004800C0F20C81A64540F30981002FC0F28E
:104220000481BB4240F3018152F821507A1C00F115
:104230000181934240F3FE80002E00F0FD80DCF807
:104240000410013400F1FC80A64540F3F9800028F9
:1042500000F0F980002F0CEB8302C0F2EF80BB422C
:1042600040F3EC805CF82340013700F1EF80BB4263
:1042700040F3EC80002E00F0EB805268B6B280B2C2
:104280004FEA116A00FB06FE36014FEA156BCEEBD2
:104290000010A6EB0E07C6F580734FEA146980B2D2
:1042A000BFB21B1A4FEA126807FB0AF69BB20BFB60
:1042B000036600FB09660EFB0866C6F30726009638
:1042C000002E00F0AF8005F0FF1C05F47F45029E34
:1042D0000BFB0CFC0BFB05F536884FEA1C2B0CF195
:1042E000011C01950BF0FF1BDC444FEA1C2C0CF069
:1042F000FF150395019D05F5807C0CEB152501F05C
:10430000FF1C01F47F410AFB0CFC4FEA152B0AFB52
:1043100001FA4FEA1C250CF1011C0AF5807105F029
:10432000FF1501EB1A2A654404F0FF1C04F47F44D6
:104330004FEA1A2A09FB0CFC2D0A09FB04F90AF4BE
:104340007F4A4FEA1C2105F0FF1509F580740CF136
:10435000011C01F0FF117D4304EB192902F0FF1449
:1043600002F47F42614408FB04F44FEA192908FB78
:1043700002F8090A220A04F1011401F0FF1107FBF7
:104380000AF702F0FF12144408F58072240A02EBC7
:104390001828039A04F0FF1402FB03554FEA18286B
:1043A00004FB0E5408F47F4801FB0041090A01F0A8
:1043B000FF140BF47F4103FB0171009B0EFB081EF1
:1043C00009F47F41DA43331200FB01E1F010D2B26D
:1043D00003F0F803090A00F0FC00F600534301F46F
:1043E0007F415043F6B2214356435A1C02EB13223D
:1043F0000B0C03EB1223421C02EB10200A0A1B02D7
:1044000002EB102203F47843D20002F4FC6213435F
:10441000721C02EB162601EB1621C1F3C4011943ED
:10442000029B198005B0BDE8F08F0025FEE6002153
:104430000D4606E7002104E7314602E7002413E7B2
:10444000002214461AE70246044617E7002215E741
:10445000324613E72DE9F04F9BB01892319A19902C
:1044600016915068079312689DED255ADDED265A86
:104470009DED276ADDED2E7A9DED2F7A9DED363A82
:10448000DDED373A9DED384ADDE93213DDE92846A6
:1044900000FB031302EB43030A93349B1B680F9347
:1044A000169B002B03DC189B002B40F38783349B67
:1044B000B3F90810B3F90C20481E571E079B002BB8
:1044C00040F366815FEA244C4FEA264306D48445D4
:1044D00004DA002B02DBBB42C0F25B811CF1010C51
:1044E00000F14B816145C0F24881013300F1458103
:1044F0009A42C0F24281079B0A9F1793179B002B99
:1045000040F36581349A4FEA264C349BC4F303315F
:10451000D2F80CE02214C6F303309B6800F1D58179
:1045200003F1FF38424580F2D081BCF1000FC0F2A8
:10453000CC810EF1FF38C44580F2C7811BB20F9DBC
:104540000CFB032205EB820855F822204FEA126E7D
:10455000002900F08281D8F804500B952D0E129599
:1045600080B103F18043013B9B00043308EB030C53
:1045700058F8033008931B0E1093DCF804300C93AA
:104580001B0E139389B2129B80B2109D01FB00F9A0
:104590000901C9EB0010A1EB0908C1F5807180B2D7
:1045A0001FFA88F8091A08FB03F389B201FB0E33DE
:1045B00000FB0533139D09FB0533C3F30723002BD1
:1045C00000F0D280BEF1FF0F1BD002F0FF1A02F400
:1045D0007F420EFB0AFA0EFB02FE4FEA1A220AF194
:1045E000011A0EF5807C02F0FF120CEB1E2C5244D7
:1045F0004FEA1C2C120A0CF47F4C02F0FF1242EA24
:104600000C02129DFF2D21D00B9D05F0FF1B129D6A
:1046100005FB0BFB0B9D05F47F4A129D4FEA1B2EF9
:104620000BF1011B05FB0AFA0EF0FF1E0AF5807C58
:10463000DE440CEB1A2A4FEA1E2E4FEA1A2A0EF01D
:10464000FF1E0AF47F4A4EEA0A050B95109DFF2DC6
:1046500021D0089D05F0FF1B109D05FB0BFB089D5D
:1046600005F47F4E109D05FB0EFA4FEA1B2E0BF151
:10467000011B0EF0FF1E0AF5807CDE440CEB1A2AAB
:104680004FEA1E2E4FEA1A2A0EF0FF1E0AF47F4A46
:104690004EEA0A050895139DFF2D21D00C9D05F0CB
:1046A000FF1B139D05FB0BFB0C9D05F47F4A139D1F
:1046B0004FEA1B2E0BF1011B05FB0AFA0EF0FF1E41
:1046C0000AF5807CDE440CEB1A2A4FEA1E2E4FEAD4
:1046D0001A2A0EF0FF1E0AF47F4A4EEA0A050C95CC
:1046E0000B9D02F0FF1E02F47F42FF2B05F0FF1C22
:1046F000089D08FB0CFC01FB0ECC05F0FF1E0C9D79
:1047000000FB0ECC05F0FF1E0B9D09FB0ECC05F443
:104710007F4E08FB0EF84FEA1C2C01FB0282089921
:104720000CF0FF1C01F47F4A0C9900FB0A2201F4F3
:104730007F4009FB00294FEA192909F47F494CEA17
:10474000090C4FEA1C2240F091804FEA5C1322F4DE
:10475000FF6203F4FC6322F007021A43CCF3C40C9B
:104760004CEA020CA7F800C02A9B02371C442B9B82
:104770001E44179B013B1793C0E62A9B1C442B9BAE
:104780001E44079B013B07930A9B02330A9395E65D
:1047900024D0079B2A98013B00FB034000143FF5FF
:1047A000AAAE01398842BFF6A6AE2B9901FB03637E
:1047B0001B143FF5A0AE013A9342BFF69CAEDDF864
:1047C0001CB0DDF82880BBF1000F00F39A80079B36
:1047D00023EAE3750A9B03EB45030A93169B002B20
:1047E00040F3EC81F7EE004A249B35EE035A75EE58
:1047F000A35AF0EE672AC4EE856A36EE046AFEEE2E
:10480000C82A12EE904AF0EE472AFEEEC82A12EEAF
:10481000906A65EEA64A66EE266A74EEE77A36EE90
:10482000C77AFEEEC87ABEEEC87A17EE902AF0EE8E
:10483000647A92FBF3F317EE102A2A93249BB0EECE
:10484000667A92FBF3F32B93169B189A013B16930F
:10485000249B08BF1346079322E600283FF492AE3C
:1048600058F8233008931B0E10938BE63988DB43EE
:10487000D44D4FEA212E5FFA83F80EF0F80EC810DF
:10488000CB000EFB08FE00F0FC00DBB20EF10101D4
:1048900000FB08F003FB08F301EB1E2E4FEA1C415E
:1048A00001EB1E2100F1010E0EEB1020C9B202EB4C
:1048B000102205EA0121D20002F4FC620A43591CCD
:1048C00001EB13230CEB132C48E712F101083FF521
:1048D0004BAF4345FFF648AF1CF101083FF544AF2D
:1048E000C645FFF641AF1BB2CDE9012C0FFA8EF29F
:1048F000CDE90310009239460F9A1998FFF778FC1A
:1049000032E7349B21140F9DC4F30332B3F90870CE
:104910003314C6F3033007FB03130F9901EB830134
:1049200055F823304FEA136C002A00F008814D68D7
:104930000D952D0E149578B107F18047013FBF000A
:10494000043701EB070EC9590991090E1191DEF8E0
:1049500004100E91090E159192B2119D80B202FBC6
:1049600000F91201C9EB0010A2EB090EC2F580712B
:10497000149A80B21FFA8EFE091A0EFB02F289B257
:1049800001FB0C2200FB0522159D09FB0522C2F349
:104990000722002A00F0CA80BCF1FF0F19D003F0F3
:1049A000FF1A03F47F430CFB0AFA0CFB03FC4FEAEB
:1049B0001A230AF1011A0CF5807703F0FF1307EBB5
:1049C0001C2753443F0A1B0A07F47F4703F0FF13D9
:1049D0003B43149DFF2D20D00D9D05F0FF17149D26
:1049E0006F430D9D4FEA172C05F47F4A149D07F184
:1049F00001170CF0FF1C05FB0AFABC440AF580778E
:104A00004FEA1C2C07EB1A2A0CF0FF1C4FEA1A2A5B
:104A10000AF47F4A4CEA0A050D95119DFF2D20D01E
:104A2000099D05F0FF17119D6F43099D05F47F4C0B
:104A3000119D05FB0CFA4FEA172C07F101170CF03A
:104A4000FF1CBC440AF5807707EB1A2A4FEA1C2C9E
:104A50004FEA1A2A0CF0FF1C0AF47F4A4CEA0A05B6
:104A60000995159DFF2D20D00E9D05F0FF17159D72
:104A70006F430E9D4FEA172C05F47F4A159D07F1F1
:104A800001170CF0FF1C05FB0AFABC440AF58077FD
:104A90004FEA1C2C07EB1A2A0CF0FF1C4FEA1A2ACB
:104AA0000AF47F4A4CEA0A050E950D9D03F0FF1C9F
:104AB00003F47F43FF2A05F0FF17099D0EFB07F75C
:104AC00001FB0C7705F0FF1C0E9D00FB0C7705F039
:104AD000FF1C0D9D09FB0C7705F47F4C0EFB0CFEB3
:104AE0004FEA172701FB03E3099907F0FF1701F4C9
:104AF0007F4A0E9900FB0A3301F47F4C09FB0C3C02
:104B00004FEA1C2C0CF47F4C47EA0C074FEA1723A2
:104B10001ED17A0923F4FF63C7F3C40702F4FC62D1
:104B200023F0070313431F43A8F800702A9B08F1E2
:104B300002080BF1FF3B1C442B9B1E4443E600285C
:104B40003FF40AAF51F827100991090E119103E7BC
:104B5000B8F80010D2434FEA212C5FFA82FE0CF025
:104B6000F80CC810CA000CFB0EFC00F0FC00D2B21E
:104B70000CF1010100FB0EF002FB0EF201EB1C2C0C
:104B8000390C01EB1C2C0F495FFA8CFC01EA0C2C50
:104B9000411C01EB1020511C03EB102001EB1222F1
:104BA000C00007EB122700F4FC60C7F3C4074CEA0F
:104BB000000C47EA0C0CA8F800C0B7E71BB0BDE832
:104BC000F08F00BF00F8FFFF2DE9F047DDE90A058F
:104BD000BDF92080002DBDF924909DF8307005FBB3
:104BE000030E9DF834C0C0F28C80A94540F3898043
:104BF0000028C0F28480804540F381804FEA5E0443
:104C00001EF0010F165D0CBF06F00F06361106EB05
:104C10000616F6B2441C77D4A04575DD002F75D07A
:104C20000EF1010A4FEA5A041AF0010F145D0CBF8D
:104C300004F00F04241104EB0414E4B2013569D428
:104C4000A94567DDBCF1000F67D0002860DB804517
:104C50005EDD03EB0E094FEA590519F0010F555DB2
:104C60000CBF05F00F052D1105EB0515EDB2013058
:104C700056D4804554DD002F54D001339E444FEA72
:104C80005E031EF0010FD05C0CBF00F00F0000119E
:104C900000EB0010C3B2BAB21FFA8CFC02FB0CF09E
:104CA0001201C0EB0C1CC2F58077121A1FFA8CFCA3
:104CB00092B2A7EB0C076243BFB206FB07220CFBC4
:104CC000052500FB0353C3F30723B3B19DF8382038
:104CD0005A43531C03EB12232D4A1B121268FF2B5D
:104CE0004FEA122620D150092A4BC2F3C40200F425
:104CF000FC603340184302430A80BDE8F087002679
:104D000088E70024264699E7002497E73C4695E784
:104D10000025ACE700231D46BDE763466546BAE7BC
:104D20000023B8E73B46B6E70D889FB2C2F30740C1
:104D3000DB432C1210FB07F0DBB204F0F804F6B2F0
:104D4000D2B204FB0304E81012FB07F2ED0000F0FE
:104D5000FC00A4B216FB07F6EDB200FB036605FBF0
:104D60000323B0B29AB2631C03EB1424531C03EB6D
:104D70001223421C04F4784402EB1020C3F3C42332
:104D80004009234300F4FC6003430B80B5E700BFF8
:104D9000485A012000F8FF002DE9F04F97B0149217
:104DA00009932D9A9DF8C43015900D9150680F937A
:104DB00012689DED215ADDED225A9DED236ADDED4D
:104DC0002A7A9DED2B7A9DED323ADDED333A9DED59
:104DD000344ADDE92E13DDE9244600FB031302EB20
:104DE0004309309B9B68013323F001030A93309BF6
:104DF0001F680D9B002B03DC149B002B40F3898262
:104E0000309BB3F90810B3F90C20481E02F1FF3CA7
:104E1000099B002B40F3C5805FEA244E4FEA2643EE
:104E200006D4864504DA002B02DB6345C0F2BA8063
:104E30001EF1010E00F1AB807145C0F2A880013374
:104E400000F1A5809A42C0F2A280099BC846BDF934
:104E500028A00E930E9B002B40F3C480309B30148F
:104E6000C4F30332C6F30331D3E902CE231400F1B5
:104E70004F810CF1FF3B5B4580F24A810028C0F274
:104E800047810EF1FF3B584580F242810A9D00FBAD
:104E900005335808DD0717F800C054BF0CF00F0C9D
:104EA0004FEA2C1C0CEB0C1C5FFA8CFC002A00F067
:104EB000DD80581C4FEA500EC00717F80EE054BFB3
:104EC0000EF00F0E4FEA2E1E0EEB0E1E5FFA8EF046
:104ED0001090D9B153445808DD0703F10103385C41
:104EE00054BF00F00F000011DD0700EB0010C0B24E
:104EF0000B904FEA530017F800E054BF0EF00F0379
:104F00004FEA2E1303EB0313DBB2119392B2109D01
:104F100089B202FB01F31201C3EB0111C2F58070EB
:104F2000D21A89B292B2401A6A4380B20CFB002CAA
:104F30000B9A01FB02C1119A03FB0213C3F307236F
:104F4000DBB10F9A53435A1C02EB1323C64A1B12C0
:104F50001268FF2B4FEA122C40F0998053092CF471
:104F6000FF6CC2F3C40203F4FC632CF0070C43EAA9
:104F70000C0C4CEA0202A8F80020269B08F102085B
:104F80001C44279B1E440E9B013B0E9362E7269B0D
:104F900009F102091C44279B1E44099B013B09930C
:104FA00036E724D0099B2698013B00FB0340001400
:104FB0003FF54BAF01398842BFF647AF279901FB58
:104FC00003631B143FF541AF013A9342BFF63DAF77
:104FD000BDF92830C846DDF824B00E93BBF1000FB0
:104FE00000F3B780099B23EAE37509EB45090D9BA4
:104FF000002B40F38E81F7EE004A209B35EE035ADA
:1050000075EEA35AF0EE672AC4EE856A36EE046A9E
:10501000FEEEC82A12EE904AF0EE472AFEEEC82AAB
:1050200012EE906A65EEA64A66EE266A74EEE77A9C
:1050300036EEC77AFEEEC87ABEEEC87A17EE902A30
:10504000F0EE647A92FBF3F317EE102A2693209B7E
:10505000B0EE667A92FBF3F327930D9B149A013B13
:105060000D93209B08BF13460993C2E600293FF425
:105070004DAF0AEB03004308C007FB5C54BF03F0CD
:105080000F031B1103EB0313DBB20B933EE7B8F8DE
:1050900000E01FFA83FBC2F30741DB434FEA2E20F7
:1050A00011FB0BF1DBB200F0F8005FFA8CFCD2B21E
:1050B00000FB03104FEAEE011CFB0BFC4FEACE0E87
:1050C00080B201F0FC0112FB0BFB5FFA8EFE01FBCC
:1050D00003CC0EFB03BB431C1FFA8CFC1FFA8BFB9B
:1050E00003EB10200CF1010100F478430BF10100F7
:1050F00001EB1C2C00EB1B204FEA5C1CC0F3C4200E
:105100000CF4FC6C184340EA0C00A8F8000034E7EB
:1051100013F1010B3FF531AFDC45FFF62EAF10F177
:10512000010B3FF52AAFDE45FFF627AF02930FFADA
:105130008EF30F9D01930FFA8CF3CDE90302CDE9B5
:10514000051500933A46534641461598FFF73CFD36
:1051500013E722140A9D3314C4F30331C6F303305A
:1051600005FB03235A08DD07BA5C54BF02F00F02A7
:10517000121102EB0212D2B2002977D003F1010E14
:105180004FEA5E0C1EF0010F17F80CC00CBF0CF0BC
:105190000F0C4FEA2C1C0CEB0C1C5FFA8CF51295D3
:1051A00008B30E9D2B444FEA530CDD0703F10103B6
:1051B00017F80CC054BF0CF00F0C4FEA2C1C0CEB72
:1051C0000C1C5FFA8CF54FEA530C0C95DD0717F8B1
:1051D0000CC054BF0CF00F0C4FEA2C1C0CEB0C1C39
:1051E0005FFA8CF3139389B2129D80B201FB00F336
:1051F0000901C3EB0010C1F5807CC91A80B289B2E5
:10520000ACEB000C69431FFA8CFC02FB0C120C99EE
:1052100000FB0120139A03FB0203C3F30723D3B15E
:105220000F9A53435A1C02EB13230F4A1B121268A6
:10523000FF2B4FEA122C2DD153092CF4FF6CC2F333
:10524000C40203F4FC632CF0070C43EA0C0C4CEA98
:105250000202A8F80020269B08F102080BF1FF3B90
:105260001C44279B1E44B9E6485A01200028BAD0A6
:105270000E9D2B444FEA530CDB0717F80CC054BFAC
:105280000CF00F0C4FEA2C1C0CEB0C1C5FFA8CF38F
:105290000C93A8E7B8F800E01FFA83FAC2F30741BD
:1052A000DB434FEA2E2011FB0AF1DBB200F0F800DD
:1052B000D2B25FFA8CFC00FB03104FEAEE0112FB46
:1052C0000AF24FEACE0E80B201F0FC011CFB0AFC90
:1052D0005FFA8EFE0EFB032201FB03CC431C92B24D
:1052E00003EB1020511C1FFA8CFC00F4784001EBFA
:1052F0001221C1F3C42108430CF1010101EB1C2C64
:105300004FEA5C1C0CF4FC6C40EA0C00A8F80000AE
:10531000A1E717B0BDE8F08F2DE9F047DDE90A05F8
:10532000BDF92080002DBDF924909DF8307005FB5B
:10533000030E9DF834C0C0F2B080A94540F3AD80A3
:105340000028C0F2A880804540F3A5804FEA5E04A3
:105350001EF0010F165D0CBF06F00F06361106EBAE
:105360000616F6B2441C00F19B80A04540F39880DD
:10537000002F00F097800EF1010A4FEA5A041AF04C
:10538000010F145D0CBF04F00F04241104EB04148E
:10539000E4B2013500F18A80A94540F38780BCF171
:1053A000000F00F0868000287EDB80457CDD03EB6B
:1053B0000E094FEA590519F0010F555D0CBF05F0B4
:1053C0000F052D1105EB0515EDB2013074D48045A4
:1053D00072DD002F72D001339E444FEA5E031EF04F
:1053E000010FD05C0CBF00F00F00001100EB0010AB
:1053F000C3B2BAB21FFA8CFC02FB0CF01201C0EB74
:105400000C1CC2F58077121A1FFA8CFC92B2A7EB23
:105410000C076243BFB206FB07220CFB052500FB0D
:105420000353C3F30723A3B3254A0E8815689AB222
:105430003412DB43C5F30740C5F30727DBB204F0A2
:10544000F80410FB02F0EDB217FB02F704FB0304B3
:10545000F01015FB02F2F60000F0FC00A4B2F6B268
:1054600000FB037006FB032380B29AB2631C03EBBC
:105470001424531C03EB1223421C04F4784402EB63
:105480001020C3F3C4234009234300F4FC6003430A
:105490000B80BDE8F087002664E70024264678E705
:1054A000002476E73C4674E700258EE700231D467E
:1054B0009FE7634665469CE700239AE73B4698E7EB
:1054C000485A01202DE9F04F93B01D460C92299ABD
:1054D00011900791506812689DED1D5ADDED1E5A1E
:1054E0009DED1F6ADDED267A9DED277A9DED2E3A22
:1054F000DDED2F3A9DED304ADDE92A13DDE9204646
:1055000000FB031302EB43092C9B9B68013323F040
:10551000010306932C9B1F68079B002B03DC0C9B4D
:10552000002B40F367822C9BB3F90810B3F90C20D1
:10553000481E02F1FF3C002D40F3B7805FEA244E85
:105540004FEA264306D4864504DA002B02DB634586
:10555000C0F2AC801EF1010E00F19F807145C0F2D7
:105560009C80013300F199809A42C0F29680C8462F
:10557000BDF918A00995099B002B40F3B580C4F331
:1055800003333014C6F3033108932C9BD3E902CEC6
:10559000231400F13F810CF1FF3B5B4580F23A811F
:1055A0000028C0F237810EF1FF3B584580F232816E
:1055B000069A00FB02335808DA07089A17F800C069
:1055C00054BF0CF00F0C4FEA2C1C0CEB0C1C5FFAB8
:1055D0008CFC002A00F0CC80581C4FEA500EC0070B
:1055E00017F80EE054BF0EF00F0E4FEA2E1E0EEB12
:1055F0000E1E5FFA8EFECDF834E0B9B15344580860
:10560000DA07385C54BF00F00F00001100EB001007
:10561000C0B20A90581C4308C207FB5C54BF03F099
:105620000F031B1103EB0313DBB20E93BDF8202015
:1056300089B202FB01F31201C3EB0111C2F58070C4
:10564000D21A89B292B2401A1FFA80FE0D984243D4
:105650000CFB0E2C0A9A01FB02C10E9A03FB0213EB
:10566000C3F30723FF2B40F09480BF4B1A68BF4B56
:10567000510903EA1223C2F3C40201F4FC610B4393
:105680001343A8F80030229B08F102081C44239B16
:105690001E44099B013B09936DE7229B013D09F1E3
:1056A00002091C44239B1E4445E721D06B1E22980F
:1056B00000FB034000143FF55AAF01398842BFF6A2
:1056C00056AF239901FB03631B143FF550AF013A1A
:1056D0009342BFF64CAFBDF91830A846CE460893AA
:1056E000B8F1000F00F3B68025EAE57509EB45092E
:1056F000079B002B40F37E81F7EE004A1C9B35EEA2
:10570000035A75EEA35AF0EE672AC4EE856A36EEA8
:10571000046AFEEEC82A12EE904AF0EE472AFEEE28
:10572000C82A12EE906A65EEA64A66EE266A74EE04
:10573000E77A36EEC77AFEEEC87ABEEEC87A17EE82
:10574000902AF0EE647A92FBF3F317EE102A22937C
:105750001C9BB0EE667A92FBF3F32393079B0C9AA3
:10576000013B079308BF15461C9B18BF1D46D3E697
:1057700000293FF45BAF0AEB03004308C007FB5C62
:1057800054BF03F00F031B1103EB0313DBB20A93A7
:105790004CE7002B3FF477AF734A1FFA83FEB8F84B
:1057A00000C0DB4310684FEA2C21C0F30742DBB294
:1057B00001F0F801C0F3072B12FB0EF2C0B21BFB85
:1057C0000EFB01FB03214FEAEC0210FB0EFE4FEA39
:1057D000CC0C89B202F0FC025FFA8CFC02FB03B233
:1057E000481C0CFB03E392B29BB200EB112102F1C7
:1057F000010B01F47840591C0BEB122201EB132131
:105800005209C1F3C42102F4FC6201431143A8F818
:10581000001038E713F1010B3FF535AFDC45FFF61B
:1058200032AF10F1010B3FF52EAFDE45FFF62BAF87
:1058300002930FFA8EF3089A01930FFA8CF30591F5
:10584000414600935346CDE903023A461198FFF7CB
:1058500063FD18E7221406993314C4F30330C6F32A
:10586000033C01FB03235A08D907BA5C54BF02F07A
:105870000F02121102EB0212D2B2002863D003F120
:10588000010A4FEA5A011AF0010F795C0CBF01F0CE
:105890000F01091101EB0111C9B20F91BCF1000F09
:1058A0001AD008990B44590813F0010F03F10103B2
:1058B000795C0CBF01F00F01091101EB0111C9B2B4
:1058C0000B915908DB07795C54BF01F00F010911F6
:1058D00001EB0111C9B2109180B21FFA8CFC00FBE0
:1058E0000CF30001C3EB0C1CC0F58071C01A1FFA49
:1058F0008CFC80B2A1EB0C011FFA81FA0F9948438E
:105900000B9902FB0A020CFB012C109A03FB02C349
:10591000C3F30723FF2B2BD1134B1A68134B5109E9
:1059200003EA1223C2F3C40201F4FC610B431343E4
:10593000AEF80030229B0EF1020E08F1FF381C4435
:10594000239B1E44CCE6BCF1000FC5D008990B4444
:105950005908DB07795C54BF01F00F01091101EB15
:105960000111C9B20B91B7E7485A012000F8FFFFB7
:10597000002BDFD0214A1FFA83FABEF800C0DB43B8
:1059800010684FEA2C21C0F30742DBB201F0F801A6
:10599000C0F3072B12FB0AF2C0B21BFB0AFB01FB90
:1059A00003214FEAEC0210FB0AF04FEACC0C89B25B
:1059B00002F0FC025FFA8CFC02FB03B20CFB03005A
:1059C0004B1C92B280B203EB112100F1010B01F4E8
:1059D00078410BEB102BCBF3C42B4BEA010102F106
:1059E000010B0BEB1222520902F4FC621143AEF8D8
:1059F00000109FE713B0BDE8F08F00BF485A0120A8
:105A000070B50812BDF810509EB2131200F0F800E5
:105A1000CC1003F0F803C90010FB06F004F0FC04FE
:105A200013FB05F314FB06F41844D310D20003F063
:105A3000FC0380B2D2B213FB05F312FB05F21C4447
:105A4000CBB213FB06F3A4B21344421C9BB202EB8D
:105A5000102000F47842581C00EB1320C0F3C4203F
:105A60001043621C02EB1424640904F4FC64204318
:105A700070BD00002DE9F04F8FB01C460D46164654
:105A80009DF864700490189B002F00F0F680206849
:105A90000AAA61684FF00208043603C218680CAA0B
:105AA000596803C20AA8EEF729FE21460CA8EEF7B2
:105AB0004DFEBDF93020BDF936B002F00103BDF94D
:105AC00034900693BDF92C3003F00101059105983F
:105AD000BDF93210034401FB032393FBF8F31D448B
:105AE000BDF828301A44BDF82A301944644BADF88B
:105AF00030201868ADF8321003689B6A9847614AF5
:105B0000BDF93240FF2F13881146BDF930A003FBC9
:105B10000BFB03FB04A400EB44046BD0C7F1FF03B1
:105B2000CDF82480039304EB4B03CDE90732079BA8
:105B3000A34240F29D80069B002B39D02B7805F1C3
:105B4000010809F1FF3B228803F00F03049836F89F
:105B50001310039B00933B46FFF752FF24F8020B00
:105B6000BBF1010FA24604F1040424DD98F80030D3
:105B7000ABF1020B34F8042C1B09049836F813100F
:105B8000039B00933B46FFF73BFF24F8040C18F8F7
:105B9000013B34F8022C03F00F03049836F813107D
:105BA000039B00933B46FFF72BFF24F8020CD7E73B
:105BB000A846CB46D4E70ED198F80030BAF80020BA
:105BC0001B09049836F81310039B00933B46FFF71C
:105BD00017FF2AF8020B089B059A1C88BDF92C3088
:105BE000A4EB09041344099A0AEB440493FBF2F36F
:105BF0001D449CE704EB4B0BA34539D9069BFBB135
:105C00002B786A1C09F1FF30023403F00F0336F8D9
:105C1000133024F8023C0128234604F1040412DD69
:105C2000137802381B0936F8133024F8043C12F8B4
:105C3000013B03F00F0336F8133024F8023CEAE787
:105C40002A464846E7E706D112780233120936F8A9
:105C5000122023F8022C0C88059AA4EB090403EB0C
:105C60004404BDF92C30134493FBF8F31D44C3E7FF
:105C7000034B18680368DB6A98470FB0BDE8F08FE4
:105C8000385A0120305A0120F0B59DF814500F0AFF
:105C9000FF2D0CD1FF2B0AD14809254BC1F3C401BC
:105CA00000F4FC603B401843084380B2F0BD15FB94
:105CB00003F51412D610ABB204F0F804D000C1F30F
:105CC00007425D1C44EA5414C0B206F0FC0605EB22
:105CD000132546EA9616C5F307251FFA85FCED4302
:105CE00012FB0CF2EBB2FDB204FB032440EA5012AB
:105CF00015FB0CF5C8B2A4B210FB0CF006FB035563
:105D000002FB0300ADB283B2601C00EB1424581CEC
:105D100000EB13206B1C04F4784403EB1525C0F34F
:105D2000C4206D09204305F4FC652843BEE700BF8D
:105D300000F8FF002DE9F04F1C468DB00D461646C9
:105D4000169B8046616808AA20684FF0020A9DF8F9
:105D50005C90043603C218680AAA596803C208A8EE
:105D6000EEF7CCFC21460AA8EEF7F0FCBDF928209E
:105D7000BDF92E7002F00103BDF92CB00393BDF9FB
:105D8000243003F0010102910298BDF92A10034466
:105D900001FB032393FBFAF31D44BDF820301A44A2
:105DA000BDF82230ADF8282019443E4AADF82A103B
:105DB0001068059203689B6A98473B4BBDF92A40DF
:105DC0001988BDF928C04F4301FB04C400EB44040B
:105DD00004EB4702CDE9063A0492049B9C4258D258
:105DE000039B002B34D02B786F1C03F00F0356F865
:105DF00023100B0E06D02288404600934B46FFF737
:105E000043FF208002340BF1FF3ABAF1010F22DD8B
:105E10003B781B0956F823100B0E06D0228840460B
:105E200000934B46FFF730FF208017F8013B03F04B
:105E30000F0356F823100B0E06D0628840460093DD
:105E40004B46FFF721FF60800434AAF1020ADCE729
:105E50002F46DA46D9E70DD13B781B0956F82310B7
:105E60000B0E06D02288404600934B46FFF70CFFEE
:105E700020800234069B029A1B88A3EB0B0304EBE1
:105E80004304BDF924301344079A93FBF2F31D44F5
:105E9000A3E7059B18680368DB6A98470DB0BDE867
:105EA000F08F00BF385A0120305A012070B514120B
:105EB0008D789DF81060D01004F0F804D20015FB26
:105EC00003F500F0FC0044EA5414D2B204FB06557A
:105ED0004C78097840EA901014FB03F442EA52121D
:105EE00011FB03F3ADB200FB064402FB0633681C52
:105EF000A4B29BB200EB1525621C581C02EB1424C3
:105F000005F4784500EB13206409C0F3C42004F4C1
:105F1000FC642843204370BD2DE9F04F8FB01C4630
:105F200082460E469DF864701546189B002F00F0BF
:105F3000418120680AAA61684FF00208043503C253
:105F400018680CAA596803C20AA8EEF7D7FB2146C5
:105F50000CA8EEF7FBFBBDF93020BDF936B002F01E
:105F600001030693BDF92C3003F00101059105985A
:105F7000BDF93210034401FB032393FBF8F31E44E5
:105F8000BDF828301A44BDF82A301944BDF9343020
:105F9000ADF830200393894BADF8321018680368D0
:105FA0009B6A9847864ABDF93240FF2F1388944672
:105FB000BDF9309003FB049403FB0BF300EB4404A6
:105FC00071D0F94304EB4303CDF82480C9B2CDE985
:105FD00007320491079BA34240F2E780069B002B07
:105FE0003DD031785046049B06F1010801F00F01C5
:105FF000228800933B4601EB41012944FFF756FFFD
:10600000039B24F8020B03F1FF3BBBF1010FA146F8
:1060100004F1040427DD98F800105046049BABF10E
:10602000020B090934F8042C00933B4601EB4101B3
:106030002944FFF73BFF24F8040C18F8011B5046D5
:10604000049B01F00F0134F8022C00933B4601EB56
:1060500041012944FFF72AFF24F8020CD5E7B04696
:10606000DDF80CB0D1E70FD198F800105046049B32
:106070000909B9F8002000933B4601EB410129448E
:10608000FFF714FF29F8020B089B059A1C88039B55
:10609000E41ABDF92C301344099A09EB440493FB2C
:1060A000F2F31E4496E704EB4303464FA3427CD928
:1060B000069A002A54D03078711C00F00F0000EBD3
:1060C000400005EB000E285C9EF802209EF801E0DF
:1060D00007EA02224FEACE0E0EF4FC6E42EA0E02EE
:1060E00042EAD00224F8022B039A02F1FF3EBEF1ED
:1060F000010F204604F1040436DD0878AEF1020EEB
:10610000000900EB400005EB000A9AF801209AF81C
:106110000290D20007EA092902F4FC6249EA02026D
:1061200015F8009042EAD90224F8042C11F8010B6A
:1061300000F00F0000EB400005EB000A9AF8012088
:106140009AF80290D20007EA092902F4FC6249EAAF
:10615000020215F8009042EAD90224F8022CC6E7A0
:106160003146DDF80CE0C2E711D10978090901EBED
:1061700041016C18695CA278647807EA0222E400A5
:1061800004F4FC64224342EAD10220F8022B039A71
:10619000BCF800400599A41ABDF92C200A4400EB74
:1061A000440492FBF8F2164480E7044B1868036835
:1061B000DB6A98470FB0BDE8F08F00BF385A012066
:1061C000305A012000F8FFFF2D4A30B513684CF219
:1061D000402523F0010313604FF6F072294B1C6831
:1061E0001440AC4205D01C684CF270251440AC42FF
:1061F00025D1254B1B68002B39D1244B1A68C2F3DB
:106200000B02B2F58A6F0DD01A6840F28344C2F3D4
:106210000B02A24206D01B6840F28542C3F30B0377
:10622000934224D11A4B01221A601A68002AFCD129
:10623000184B18601868431A584258410EE01B6802
:1062400013404DF22022934211D1134B40F286426B
:106250001B68C3F30B03934201D0002030BD0F4BEA
:1062600001221A601A68002AFCD10D4BE1E70D4BA0
:1062700001221A601A68002AFCD10B4BD9E700BF33
:10628000002000E000ED00E0002004E00010005CD1
:10629000084C0258004C0258F08F0046084C024649
:1062A000004C024608300240003002400161704755
:1062B000837B4BB1038901339BB2072B038181BFE1
:1062C0000023438183818373704700002DE9FF41E0
:1062D0009846838804461746ADF80630A8EB0303BA
:1062E000194A0E461BB2C18800920020002BA28AD8
:1062F000BDF82850B8BF5B428DF80400ADF8081017
:106300001BB2ADF80A80ADF80C50934207DC691A55
:1063100009B20029B8BF494209B28A4210DA20699D
:106320006946A8EB0606EF1B03685B6898470023E5
:10633000012066812381A781A4F80480E580A073F1
:1063400004B0BDE8F08100BF24440408F0B51E4647
:106350004B1E85B00446012B0D4617464BD8B0F9AD
:106360000A20D31C9BB2062B16D9DFF8A0C0B4F9C3
:106370000410CDF804C04FF0000CB4F906300069E9
:10638000ADF80C1001A98DF808C0ADF80A20ADF8E1
:106390000E3003689B689847B4F90C20D31C9BB25D
:1063A000062B16D9DFF864C0B4F90410CDF804C088
:1063B0004FF0010CB4F906302069ADF80C1001A9BA
:1063C0008DF808C0ADF80A20ADF80E3003689B6860
:1063D00098470D4B01A92069019300238DF80850BF
:1063E000ADF80A70ADF80C60ADF80E3003681B68AC
:1063F000984705B0F0BD0029EBD1A280C680A1600E
:10640000A181A173E5E700BF1044040838440408E3
:10641000C9100029B8BF4942012808D1C1F30800BA
:10642000B0F5807F014602DDC0F500707047FF299E
:10643000A8BFFF210846704710B4D0E901349C4240
:1064400003D85DF8044BECF77DBC5DF8044B704756
:106450002DE9F04F8BB006468A46CDE906239DF81C
:10646000503008939DF854300993ECF7D6FDB56889
:106470000446002D44D07368AB423DD3B0F90230DE
:106480004FF00008B6F9342002EB030BDDE90612E9
:1064900002FB031205926A1E0492B4F90290B4F949
:1064A00000704B453A4608D0B6F9343003EB090B7F
:1064B000DDE9061303FB09130593B4F90430B4F9BD
:1064C00006109844049B013B0493049B013315D0B0
:1064D00034F9083FBB4217D1B4F90200049B484588
:1064E00003F1FF337DD1B4F906000144B4F904008F
:1064F0008044E9E71F4642E0002002E000296DD118
:1065000001200BB0BDE8F08F79B3002F29DBB6F97D
:106510003630BB4225DDC1EB881196F83000FFF71D
:1065200077FF099B10FB03F080B2411C01EB1021A7
:10653000091211F0FF0F14D0C9B20898BAB2738EC5
:10654000029101211344024401910FFA8BF1DAF810
:1065500000001BB2009112B2416950460D460599E8
:10656000A847049B7A1C0133CAD0B4F90070BB1A47
:10657000002B31DD002ABDDA002F2DDD0022B6F917
:106580003630D119994202DB9F1A002F24DD4FEAE1
:10659000881196F83000FFF73BFF099B10FB03F0D2
:1065A00080B2411C01EB1021091211F0FF0F13D032
:1065B00092B20898C9B2738E3FB21344029102445A
:1065C0000FFA8BF1DAF800001BB2009112B20197BA
:1065D000059947695046B8474B465EE7002F96DA63
:1065E0008EE70029F8D090E72DE9F3411E46364B9F
:1065F000002500F1140804461746C0E90031B2F93D
:106600000430858103819DF82030C5818372058225
:1066100045824046EBF7DCFE84F84450A4F846502F
:106620006B46A4F84850A4F84A5084F85C5084F8AB
:106630005D50A4F86850C4E91355C4E91555C4E980
:106640001855C4E91B55306871687288358803C3D2
:106650007B88B6F9040013443A88B6F906102A4438
:10666000E38120826846A28161823946EEF76EF8A6
:1066700004F10C00EEF742F8BDF90230BDF800203D
:106680004046A4F84830A4F84620EBF785FEBDF953
:106690000030B4F9122020465B01E364BDF90230FA
:1066A0005B012365BDF904305B016365BDF906300C
:1066B0005B01A365B4F91030A4F84A30C4E90F3285
:1066C00002B0BDE8F08100BF7447040838B590F807
:1066D0005C30044693B190F8683090F8692013421A
:1066E0000CD100F1140523B1D0E918122846FFF7A8
:1066F000A3FE2846D4E91B12FFF79EFE002384F870
:106700005C30D4E90603984234BF0020012038BD34
:106710002DE9F341857A044669434D1C05EB1125AB
:106720002D1200F0988090F85D30002B00F09380DF
:10673000FFF7CCFF0746002845D06068474E036846
:1067400037689B68984701463846E9F71BFE0746BD
:10675000D3F726F803681B6B98478046D3F720F8D9
:106760000368DB6A98470B285AD8DFE800F0505BD3
:106770006B065930406464646464B4F90C100822F8
:10678000B4F90E3091FBF2F208FB03231F444B4295
:1067900001F0070103F0070358BF5942C9B2EDB237
:1067A0003A460FFA88F304F11400CDE90015616848
:1067B000FFF74EFE0746606803681B69984730681C
:1067C0000368DB6A9847384602B0BDE8F081B4F947
:1067D0000C100422B4F90E3091FBF2F208FB0323F3
:1067E0001F444B4201F0030103F00303D4E7B4F963
:1067F0000C100222B4F90E30002991FBF2F201F0E4
:10680000010108FB0323B8BF49421F44C6E7B4F99E
:106810000E30B4F90C2008FB03F303EB42031F44D2
:106820000021BCE7B4F90E30032108FB03F2A38971
:1068300013FB0123F3E7B4F90E30B4F90C2008FB85
:106840000323ECE7B4F90E30B4F90C2008FB03F392
:1068500003EB8203E3E70127B5E700BF385A0120C5
:10686000064B10B51B78012B07D1B0F908000B6857
:106870001468C3EB401313600C6010BD2E5A012046
:1068800013B590F85C300446CDE90021A3B96A46FF
:1068900001A92046FFF7E4FFE36C0199009AC91AA9
:1068A000236DD21A0191002A00920BDA01230029EC
:1068B0000EDA43F0040313E0FFF708FF0028E6D1E7
:1068C00002B010BDA36D9A42ACBF02230023EEE7D5
:1068D000606D8142ACBF082000201843C3B258B19C
:1068E000002284F85C200199009AE166226784F80E
:1068F0006830C4E91812E3E784F86900D4E9063087
:10690000984203D804F11400ECF736FA012384F816
:106910005C3084F85D300023E5E773B502AB0446D4
:10692000019101A943F8082D1A46FFF799FFE36C7E
:106930000199009AC91A236DD21A0191002A009276
:106940001CDBA36D9A42ACBF02200020002917DB9C
:10695000636D9942ACBF08230023034394F8680099
:10696000DDB278B904F11400FFF766FD019B84F8ED
:1069700068502366009B636602B070BD0120E5E7A6
:106980000423EAE713B110EA05031CD194F85C3044
:1069900004F11406D4E918128BB984F86900D4E91B
:1069A0000630984202D83046ECF7E6F9012384F825
:1069B0005C3084F85D303046DDE90021D4E73046B4
:1069C000FFF73AFDF7E71D46D0E7000030B52DEDA3
:1069D000108BF6EE00BA85B005460CEE101A0CEEE0
:1069E000902A0DEE103AF0EE6BAADDED18DA9DED6F
:1069F00019EADDED1AEA1B9C9FED57BA082C78D8EE
:106A00007EEE4C6A7DEEEE7A3DEE4E6A3EEEEC7A1C
:106A100066EEE77A3CEE0DFA7CEEADFAE6EE077A2A
:106A20007DEE0E9A3DEEAEAA2FEE2BFA6FEEABFA8C
:106A300069EEAB9AF5EEC07A2AEE2BAA7FEE298A90
:106A4000F1EE10FA3FEE8A9A68EEAB8A48BFF1EE9B
:106A5000677A29EE2B9AB5EE006AF4EECB7AF1EE66
:106A600010FA4ADD27EE077A67EEA77AA6EEA67A35
:106A700027EE067AF4EEC77AF1EE10FA52D87EEEDF
:106A80004D7A17EE901A7EEEED7A17EE900A01F02D
:106A9000C3FB7DEE4C7A08EE100A17EE901A7DEEDD
:106AA000EC7A17EE900A01F0B7FB07EE900A9FED23
:106AB0002B7A78EE677AF5EEC07AF1EE10FA48BFDD
:106AC000F1EE677AF4EEC77AF1EE10FAA4BF9FED0B
:106AD000247A77EE677A9FED237AF4EEC77AF1EEA7
:106AE00010FA1FD519EE102A18EE901A2846EAF768
:106AF00043FE05B0BDEC108B30BD7CEE0E7AB0EEDF
:106B0000687AF0EE496AA7EEEA7A7CEEAE7AE7EEB2
:106B1000EA6A66EEA67AE7EE077AF4EEC67AF1EE56
:106B200010FADFD901341CEE902A1CEE101A8DEDFC
:106B3000029A03941FEE103ACDED018A2846CDED5E
:106B400000FAF0EE4ADAFFF741FFB0EE69DAF0EE54
:106B500049CAB0EE68CA51E7FFE6DB2EDB0F4940B9
:106B6000DB0FC940CDCCCC3D30B52DED108B8BB0BB
:106B700004460AEE101A0BEE102A0FEE903A9DED25
:106B80001E8ADDED1F8A9DED209A9DED21CADDED67
:106B900022CA239D9FEDC9FA082D00F22A81F6EE44
:106BA000007A38EE8C6A7FEEA86A3AEE2F7A26EEEB
:106BB000276A39EE2CDA27EE277A8DED066AA6EEE3
:106BC000A76A2DEE27DA8DED097A7BEE08DA9DEDC6
:106BD00009EA38EE097AA6EEA7EA66EE276A6DEEB4
:106BE000A7DACDED086AF0EE4D6AF0EE6DEA2EEE12
:106BF00027EAE7EE276AE7EE27EA26EEA77A6EEEA7
:106C0000A7EA8DED077A9DED087A7EEE07AA9DED45
:106C1000077A7EEE87BA6AEEA7AAB0EE677A6BEEC5
:106C2000A7BA002D00F028817CEE4A4ADFEDA45A75
:106C300078EE6C6A7CEECB7A3FEECC6A64EEE66A64
:106C400038EECC5AE6EE276A39EE6C6A24EEC66A54
:106C5000F5EEC06AA5EE276AB5EE005AF1EE10FA1D
:106C600048BFF1EE666AB5EEC06AF1EE10FAF4EED6
:106C7000E56A48BFB1EE466AF1EE10FA40F3BD8016
:106C8000B4EEE56AF1EE10FA66DD64EEA44A76EE43
:106C9000866AE7EEA74A66EEA66A64EE857AF4EEA7
:106CA000E76AF1EE10FA00F2E78078EEEF7A17EE7D
:106CB000901A79EE487A17EE900A01F0ADFA7FEE5D
:106CC000CA7A09EE900A17EE901A78EE4B7A17EE10
:106CD000900A01F0A1FA07EE900A39EEE78A7CEEFD
:106CE000687AB5EEC08A17EE901A7CEEC97AF1EE9A
:106CF00010FA17EE900A48BFB1EE488A01F08CFAFC
:106D000007EE900A77EEE99AF5EEC09AF1EE10FAE6
:106D1000B4EECF8A48BFF1EE699AF1EE10FAF4EEC4
:106D2000CF9AA4BFDFED677A37EEC88AF1EE10FA8A
:106D3000A4BFDFED647A77EEE99ADFED637A78EE4F
:106D4000299AF4EEE79AF1EE10FA40F195801BEEE5
:106D5000902A1AEE901A49E067EEA77A66EEA66AC4
:106D6000E4EEA47A67EE857AF4EEE76AF1EE10FAC3
:106D700000F2828078EEEF7A17EE901A79EE487A78
:106D800017EE900A01F048FA7FEECA7A09EE900AEF
:106D900017EE901A78EE4B7A17EE900A01F03CFA53
:106DA00007EE900A79EEE79AF5EEC09AF1EE10FA46
:106DB00048BFF1EE699AF4EECF9AF1EE10FAA4BF53
:106DC000DFED407A77EEE99ADFED3F7AF4EEE79A6D
:106DD000F1EE10FA50D518EE102A1FEE901A204648
:106DE000EAF7CAFC19EE102A18EE901A2046EAF7C4
:106DF000C3FC0BB0BDEC108B30BDDFED316AB4EEDF
:106E0000E66AF1EE10FA1FDD67EEA77A66EE066A13
:106E1000E4EEA47A67EE857AF4EEE76AF1EE10FA12
:106E20002AD87CEE687A17EE901A7CEEC97A17EEB3
:106E3000900A01F0F1F978EEEF7A09EE900A17EE78
:106E4000901A79EE487AA7E77AEE0C7AF0EE6A6A41
:106E5000B0EE6B6AE7EEC76AF0EE667A7BEE2C6AFC
:106E6000A6EEC76A26EE067AA7EEA77AB4EEC57A32
:106E7000F1EE10FA7FF66BAF01351BEE102A1AEE19
:106E8000101ACDED04BA05952046CDED03AAB0EE5B
:106E90004D9ACDED02EAB0EE6BBA8DED01EAB0EE9F
:106EA0006AAACDED00DA099BFFF75EFEDDED068AEA
:106EB0009DED078ADDED08FA6EE600BFDB0F494065
:106EC000FFE6DB2EDB0FC940CDCCCC3D044B10B52B
:106ED000044640F8143BEBF757FA204610BD00BFBC
:106EE0007447040810B50446FFF7F0FF74212046EC
:106EF00000F00CFA204610BD0B79002B0CBF0123CB
:106F0000002370B5044690F82C500E4680F82C30C3
:106F100009D14DB13379012B0CD1236820461B6E6A
:106F2000BDE8704018472DB1236820465B6998473B
:106F3000002DEFD170BD000008B50368DB0705D454
:106F400043782BB901234370184608BD002008BDC3
:106F5000042000F08BF8034B0360034A034900F060
:106F600025FA00BFD4470408557403089C47040859
:106F700001230360704700BFF0B4224C6368A0F1A6
:106F800008061BB350F8087CF519AB421ED822D076
:106F90005968002931D08D4203D32EE0954205D2A5
:106FA00011464A681C1D0B46002AF7D195421CD099
:106FB00023681A6899188E421CD05B6840F8043C1C
:106FC000236840F8087C5E60F0BC704740F8043CE1
:106FD0006660F0BC7047D3E90023174440F8087C92
:106FE00040F8043C6660F0BC7047D5E900324A6066
:106FF0001F44DDE717441F60EBE70A4604341946D7
:10700000D4E700BF9464012030B4174C00F10802AB
:107010006368082A38BF082203B30732196822F0D0
:1070200007028A4204D81BE001688A4205D9034658
:1070300058680028F8D130BC704704338C1A072CEC
:10704000456808D981184D6084501868026019603D
:10705000083030BC704701601D60F9E71846EAE768
:107060001846231DEAE700BF9464012010B500F123
:107070008004204602F016FD38B10346802200212C
:10708000184603F059F8803010BD2046FFF7BCFFCA
:1070900003460028F2D100F043F800BF064A936887
:1070A0008038984203D9D2681344984201D302F041
:1070B00001BDFFF761BF00BF9464012038B5084CE3
:1070C0004FF41E652846E56002F0ECFCA06020B19C
:1070D00000236060C0E9005338BDE060606038BDE7
:1070E0009464012008B51B220249022005F01EF815
:1070F00000F016F88047040808B5804702F0C4F88D
:1071000000F032FE02F0C0F80D46044600F06CFEBE
:10711000013501D000F02CF8204600F02FFD00BF13
:1071200008B5034B1868BFF35B8FFFF7E5FF00BF9F
:10713000C000002008B58047FFF7F2FF08B5034BF9
:107140001868BFF35B8FFFF7F5FF00BFC400002096
:10715000024B1868BFF35B8F704700BFC000002070
:10716000024B1868BFF35B8F704700BFC40000205C
:107170001EB400F08DF81EBCD1F740F9F0B50278CE
:10718000472A83B00D461F461ED00023254C01938D
:10719000236820469B68984780B1019B1B68019338
:1071A00002262B68214628461C6901AA0123A04714
:1071B00030B1019B3B60304603B0F0BD0126F0E7E3
:1071C0000646304603B0F0BD43784E2BDDD18378C0
:1071D000552BDAD1C378432BD7D10379462B15D061
:1071E0000379432BD1D143792B2BCED183792B2B10
:1071F000CBD1C379012BC8D850F8204C02D05830DD
:107200000190C5E7204654F8784CF9E743794F2BB5
:10721000E6D18379522BE3D1C379002BE0D10193DE
:10722000014CB5E70C4804080448040810B50446AE
:1072300000F022FE2378472BA4F1200204D08368BB
:1072400023BB8260012010BD63784E2BF7D1A37859
:10725000552BF4D1E378432BF1D12379432BEED195
:1072600063792B2BEBD1A3792B2BE8D1E379012B7D
:10727000E5D854F8043C0133012B44F8043CE1D137
:10728000836844F8083C8260012010BDFFF748FF86
:1072900008B500F0F1FD836883B393F82020472AF6
:1072A00004D00022826003F1200008BD93F8212061
:1072B0004E2AF6D193F82220552AF2D193F82320B2
:1072C000432AEED193F82420432AEAD193F82520CB
:1072D0002B2AE6D193F826202B2AE2D193F82720F7
:1072E000012ADED8DA69013ADA61002ADBD19A692B
:1072F000826000229A6103F1200008BDFFF710FFB1
:107300000B460146184601F0E5BF00BF00F0CEB8BD
:10731000012810B51AD8BFF35B8FA1F1280353E8F9
:10732000002F013A43E800200028F8D1BFF35B8F1B
:107330005AB951F81C3C01F158040BB1204698474A
:107340002046BDE81040FFF7A9BE10BD51F8140C4F
:10735000FFF7D2FEF8B5002540E91E1240F8805C28
:107360000446FFF7FDFE44F8700CFFF7F1FE4723DB
:1073700043224E2755260C4904F8583C2B2304F889
:10738000515C04F8577C04F8566C44F8501C04F81F
:10739000552C04F8542C04F8533C04F8523C44F89F
:1073A0006C0CA4F18000F8BD11730308F8B5054614
:1073B0000E46174600F060FD4368044601333A4626
:1073C000314663602846FFF7C5FF0446012344F8B1
:1073D000283B2046D1F700F8204600F0C5FCFFF717
:1073E0009FFE00BF10B500F047FDD0E9004201321A
:1073F000426064B194F82020472A0AD0002202603B
:1074000020342046D1F70CF8204600F0ADFCFFF701
:1074100087FE94F821204E2AF0D194F82220552A94
:10742000ECD194F82320432AE8D194F82420432A6D
:10743000E4D194F825202B2AE0D194F826202B2A99
:10744000DCD194F82720012AD8D8626952426261BF
:10745000D6E700BF10B5034B0360044600F012F8F6
:10746000204610BDD447040810B5054B0360044600
:1074700000F008F820460421FFF748FF204610BD21
:10748000D4470408704700BF704700BF00487047EA
:10749000F447040800487047E047040810B5042189
:1074A0000446FFF733FF204610BD00BF02F002BBC9
:1074B0005028F8B51CD000F00F040C2C56D8DFE88B
:1074C00004F0074151071F555555552723071F0045
:1074D000144654F8045B45B100F07006102E08BF46
:1074E00011460D44020648BF2D681D602046F8BDB8
:1074F000033222F0030454F8045B1D602046F8BDFB
:10750000144654F8085BE6E7144634F9025BE2E7F8
:1075100000252F46144614F801CB0CF07F06BE4020
:107520001CF0800F45EA060507F10707F3D11F2F6E
:10753000D1D81CF0400FCED04FF0FF3606FA07F737
:107540003D43C9E700252F46144614F801CB0CF043
:107550007F06BE401CF0800F45EA060507F10707CD
:10756000F3D1B8E7144634F8025BB4E701F08CFEBF
:1075700000F07000202811D00BD9402806D05028E8
:107580000AD030280DD10846D1F732B90846D1F7D4
:107590001FB908B1102804D1002070470846D1F760
:1075A0002BB908B501F070FEF8B50C461546074634
:1075B00008B1D1F70DF928602678FF2E04F10104F7
:1075C00029D1686023782B75FF2B04F1010032D09C
:1075D000102300242B75224610F8011B01F07F03B5
:1075E0009340090644EA030402F10702F4D4044478
:1075F000EC6003786B7500240130224610F8011B03
:1076000001F07F0393401C430B0602F10702F5D4FF
:1076100004442C61F8BD39463046FFF7A9FF2246E5
:1076200001462B1D3046FFF743FF0446601C2378BC
:107630002B75FF2BCCD10023EB60DAE72DE9F04F5F
:1076400000F0030499B00023012C884617460C93E0
:1076500000F096800DD3022C40F05F823946404600
:10766000D1F7A2F8002800F09B80092019B0BDE8EE
:10767000F08F0207F2D40123049318AA002342F8E2
:107680002C8D1946009238460C22D0F71DFB384647
:10769000D1F7A4F805900028E0D012AB1A4605995E
:1076A00006933846FFF780FF05469DF85C00FF28EB
:1076B00000F0E5803946FFF75BFF044600230DF13B
:1076C000440B1946CDF800B00F2238461494D0F779
:1076D000D9FA119E169B26F001069D4206F1FF364F
:1076E00080F0D4800DF13C0A0DF140099DF85D4019
:1076F000FF2C4FF0000103D02046FFF739FF014671
:107700002A4620465346FFF7D3FE9DF85D40FF2CE6
:1077100005464FF0000103D02046FFF729FF014640
:107720002A4620464B46FFF7C3FE9DF85D40FF2CDE
:1077300005464FF0000103D02046FFF719FF014630
:107740002A4620465B46FFF7B3FE00240546214645
:1077500015F8012B02F07F038B401C43130601F147
:107760000701F5D4129B0F9A1344B3421FD9049B0F
:10777000DB0700F19180049B1C0715D5FFF7D0FCB7
:1077800010F008041CD018AA44F0020442F82C1D82
:107790003846009219460C220494D0F795FA76E701
:1077A000082019B0BDE8F08F404600F0D7F9109AD4
:1077B0001344B34200F28880169BAB4296D8D6E7BA
:1077C00012AB009306930D22234621463846D8F883
:1077D0002050D0F757FA129B9D4202D00223049307
:1077E0004BE718AA234642F82C8D214600923846D2
:1077F0000C22D0F769FAD8F830300393002BD3D09D
:10780000D8F828301A46D8F82C3005930DF13C0AE8
:107810000DF140091346002B1C46C0F227810325B9
:1078200018A9002341F8288D1A46009138461946B8
:10783000D0F74AFA002319460122CDF800A03846B5
:107840000F94D0F741FA002319460F22CDF800908B
:107850003846D0F717FA109B039ACDF8009003F042
:10786000010400231443384619460F221094D0F720
:107870002BFA022D05D0072019B0BDE8F08F0024A7
:107880001CE74046FFF7D2FC0720EFE6049BD90730
:107890007FF571AF0DF140090024039400231946D0
:1078A0000D22CDF8009038460C9DD0F7EBF9059AE3
:1078B000109BC8F82C20039AC8F83020C8E9095456
:1078C000C8F820300620D1E6119B002B3FF4C6AE4D
:1078D000139A9A180392002C00F0F080169B013C3A
:1078E0002344002A3FF4BAAE002B00F0F880049A3B
:1078F00012F00802099200F0038147214E2288F815
:10790000001088F801205521432288F8021088F8D9
:10791000032046214F2288F8041088F805205221C0
:10792000002288F8061088F80720CDE90A7A00229C
:107930000792CDF820900024214600E02B461D46FA
:1079400015F8010B00F07F028A40060644EA0204A3
:1079500001F10701F2D41F2905D8400603D5012201
:107960008A405242144300263146A14613F8010FC3
:1079700000F07F028A401643020601F10701F5D4A8
:107980001F2905D8470603D501238B405B421E43C0
:10799000002C4CD04EDC04F1010ACAEB8A72159B14
:1079A00003EB820753F82210B8F1000F01D0099BB6
:1079B0002BB151B3002E00F08B80AB19BBE70C9BB1
:1079C000119329B991E057F8041F002900F08D8028
:1079D00039445B4600224046FFF7D0FB0028F2D036
:1079E000E8E7E2005242DDE914131A44089BFFF76E
:1079F0005FFD109949B1B8F1000FDBD00CAB00224C
:107A00004046FFF7BBFB0028D4D0049BD8074A466A
:107A1000DDE90A7ADDF820903FF540AF099B002BA5
:107A20003FF4F8AE002CBFF6FAAEFFF787FB012358
:107A30000793BFE79DF85C00FF283BD000F00703E9
:107A4000042B6AD801A252F823F000BF677A03081A
:107A50001B7B0308617A0308677A0308E37903084C
:107A600062005242BFE7A2005242BCE701331D460A
:107A7000DDE905123846FFF797FD9DF85C00FF2809
:107A80001AD03946FFF774FDC5EB85729200159D3B
:107A90001490AB58154433B12A46002352F8041F02
:107AA00001330029FAD10422C8E90C25C8E90A30BB
:107AB0000325B5E6002296E70020E5E7039B002BAF
:107AC0003FF4CCAD049BDA073FF5C8AD0225A7E62D
:107AD000DDE90739DDE90A7A002B3FF4BFAD049BED
:107AE000DD073FF5BBAD0024F0E7049B0A9FDDF8FE
:107AF0002090DE075546DDF82CA03FF5CFAEB7E766
:107B000098F80720012A0CBF58F8202C08F15802D9
:107B10000C920AE700F028F930E601F0B5FB00BF4F
:107B20000378472B01D00020704743784E2BFAD1C1
:107B30008378552BF7D1C378432BF4D10379432BAA
:107B4000F1D143792B2BEED183792B2BEBD1C0795B
:107B500001288CBF00200120704700BF10B530B154
:107B6000044600F001F92046FFF7DAFF08B9FFF7F5
:107B7000D7FA54F8140CFFF7BFFA00BF2DE9F04F05
:107B800085B00246FFF7CCFF50B152E9068510469A
:107B9000966AD2E90C7400F0E7F84046FFF7CAFA9B
:107BA000104600F0E1F8FFF7C9FA00F0DDF8FFF742
:107BB000B7FA00F0D9F800F05BF9036893F82720D2
:107BC0000DF1100A012A0CBF1A6803F178024FF078
:107BD000000820334AF8082D27F0030B0193C14613
:107BE000B1451BDA276807B12744534600223946BE
:107BF0000198FFF7C3FAE8B93B6814491B69009381
:107C000004AA012342F8040D3846009FB847002813
:107C100018BF804609F101095C44E1E7B8F1000FA3
:107C200010D00420FFF722FA094B0360094A0749E4
:107C3000FFF7BCFBFFF7D6FB00F0D6F800F0D4F856
:107C4000FFF796FA2846FFF757FA00BF14480408D2
:107C5000984804088974030870B53C4B1A7882B0C0
:107C6000002A35D101241C7000F02EFA00283DD0E6
:107C70004468374D23782A2B02AB4FF0FF3208BF00
:107C8000013443F8042D002211462046CEF7D0FFE0
:107C90002B680646DB682F483022012101F0C6FE22
:107CA000019B7BB12B682046D96801F0A1FB2B68B2
:107CB0002948DB680222012101F0B8FE019B8BB14B
:107CC000FFF790FB2B683046D96801F091FBEEE797
:107CD0001F4B22481B681D22DB68012101F0A6FE14
:107CE00001F0D2FA304601F0E5FEE9E7184B1C48F6
:107CF0001B682146DB682D2201F098FE01F0C4FAD2
:107D000001290C4619D100F02FF803689B689847A9
:107D10002B680646DB68134821460B2201F086FEDD
:107D20002B683046D96801F063FB2B680A20D968BC
:107D300001F0F0FA00F058F8E0E700F015F800F074
:107D400053F8DBE700F050F8FFF712FAA4640120C3
:107D5000CC000020C4480408F8480408A4480408DB
:107D6000FC4804082C49040838B5044600F084F89F
:107D700022780368472AA4F1200104D08BBB1C465B
:107D80000160204638BD62784E2AF7D1A278552A84
:107D9000F4D1E278432AF1D12279432AEED16279F3
:107DA0002B2AEBD1A2792B2AE8D1E279012AE5D856
:107DB00054F80C2C002A11DB0132456844F80C2CD5
:107DC0008B4205F1FF3545601CBF44F8103C016053
:107DD0002046646ACFF74EFF204638BDC2F101024B
:107DE000EBE7FFF79DF900BF08B500F041F8024648
:107DF000006870B390F82030472B06D00023136042
:107E00002030BDE80840CFF737BF90F821304E2B27
:107E1000F4D190F82230552BF0D190F82330432B39
:107E2000ECD190F82430432BE8D190F825302B2B5F
:107E3000E4D190F826302B2BE0D190F82730012B9D
:107E4000DCD84369002B05DB013B002B07D00DDBA1
:107E5000436108BD0133FBD101691160F8E7036993
:107E600013602030BDE80840CFF706BFFFF758F990
:107E700000487047A864012000487047A8640120AA
:107E800010B5034B0360044600F0C2F8204610BD55
:107E9000D851040810B5054B0360044600F0B8F84B
:107EA00020460C21FFF732FA204610BDD8510408B5
:107EB00070B582B00E46069C9442054609D0A8686B
:107EC000056806942C6A3146A44602B0BDE87040AD
:107ED000604719460192009300F062F8DDE9003234
:107EE0000028ECD0062002B070BD00BF2DE9F04F95
:107EF0000E4681B019461F4691468346DDE90A4A7F
:107F0000DDE90C8500F04CF870B1002E2C6085F88E
:107F100004901DDB3444A0450CBF06240124AC7141
:107F2000002001B0BDE8F08F444516D0DBF8080012
:107F3000D0F800C0CDE90C85CDE90A4ADCF81C4038
:107F40003B464A463146A44601B0BDE8F04F604783
:107F50000236E5D10123AB71E2E75146584600F005
:107F60001FF80028E2D085F80590D9E72DE9F04107
:107F700007460C4615461E4600F084F808B1BDE8D9
:107F8000F081B86807682146BC6933462A46A44692
:107F9000BDE8F041604700BF704700BF0020704758
:107FA00081420FD008B5406803782A2B0CD049686D
:107FB0000B782A2B08BF0131D0F726FDB0FA80F0EC
:107FC000400908BD01207047002008BD70B5036856
:107FD00084B000249E69009410231546CDE9023434
:107FE00012688DF804406B46B0479DF8043003F0EA
:107FF0000603062B03BF009B2B600120204604B024
:1080000070BD00BF009890420CBF06200120704751
:1080100010B5034B03600446FFF7BEFF204610BDBA
:108020004C52040810B5054B03600446FFF7B4FF3B
:1080300020460821FFF76AF9204610BD4C5204087B
:108040002DE9F041DDE90814069D8D4290461F465A
:1080500006460CD039463046FFF7A2FF20B1012377
:10806000256084F80480A3710020BDE8F0810799A1
:10807000FFF796FF0028EDD084F805800020BDE8CA
:10808000F08100BF38B515461C46FFF789FF20B1C7
:10809000082206232560E260237138BD2DE9F041F6
:1080A00017461C4606460D46FFF77AFF08B9032C13
:1080B00001D9BDE8F0812B683A46314628465B6914
:1080C000BDE8F041184700BF08B5FFF7D5FE0068CE
:1080D00030B190F827300068012B08BF50F8780CB9
:1080E00008BD00BF00B585B0234A0190019B23F075
:1080F000004393421DDDB3F1FF4F08DBDDED017A54
:1081000077EEE77A17EE900A05B05DF804FB02A956
:1081100000F092F900F00302012A14D0022A22D0C2
:10812000D2B101220399029800F0A8FE07EE900A4E
:10813000E8E7002100F0D8FA07EE900A17EE900A5F
:1081400005B05DF804FB0399029800F097FE07EE76
:10815000900AF1EE677AD5E70399029800F0C4FA25
:1081600007EE900ACEE70399029800F0BDFA07EEF9
:10817000900AF1EE677AC5E7D80F493F00B585B0A0
:10818000244A0190019B23F0004393421EDDB3F18A
:10819000FF4F08DBDDED017A77EEE77A17EE900A04
:1081A00005B05DF804FB02A900F046F900F00300F9
:1081B000012816D0022823D0D0B10399029800F0EC
:1081C00093FA07EE900AF1EE677AE7E700220021C2
:1081D00000F054FE07EE900A17EE900A05B05DF825
:1081E00004FB0399029800F07FFA07EE900AD5E7A6
:1081F00001220399029800F041FE07EE900ACDE7B4
:1082000001220399029800F039FE07EE900AF1EE80
:10821000677AC3E7D80F493F00F054B810B52DED89
:10822000028B8AB008EE100A00F056FA234B93F93D
:108230000040631C09D0B4EE488AF1EE10FA04D66F
:10824000B5EEC08AF1EE10FA03D40AB0BDEC028B91
:1082500010BD01231A4A009318EE100A0023019260
:108260000893CEF7BFFE0022CDE90401CDE902015B
:108270000023ACB110461946CFF736F8022CCDE9F1
:1082800006010FD101F02CF821230360089B7BB974
:10829000DDE90601CFF710F90AB0BDEC028B10BD85
:1082A000CDE90623684600F037FE0028EED1E9E765
:1082B00001F016F8089B0360EAE700BFC800002041
:1082C0007052040830B583B007EE900A0191019B0B
:1082D00023F00042B2F1FF4F17DC20F00041B1F172
:1082E000FF4F054611DCB3F17E5F3FD09C1704F0D1
:1082F000020444EAD07481B9022C4CD09FED437A39
:10830000032C08BFF0EE477A03E09DED017A77EE8B
:10831000277A17EE900A03B030BDF2B1B2F1FF4FE9
:1083200029D0B1F1FF4F18D08A1AD2153C2A35DC7A
:10833000002B36DA3C3234DADFED357A012C47D0C7
:10834000022C3CD0002CE4D0DFED326A9FED327A73
:1083500077EEA67A77EEC77ADBE7DFED307A9FED2E
:10836000307A002DB8BFF0EE477AD2E703B0BDE80F
:10837000304000F0D3BDB1F1FF4F30D0022C0AD015
:10838000032C39D0DFED277A9FED217A012C18BF1D
:10839000F0EE477ABDE7DFED207ABAE7DFED1F7A2E
:1083A000CCE7019807EE100AC7EE877A17EE900A1D
:1083B00000F092FE00F0B2FD07EE900ABEE7DFED9E
:1083C000156A9FED157A77EEA67A77EE677AA0E7C1
:1083D00017EE903A03F1004307EE903A99E7022C2A
:1083E00010D0032C0BD0DFED107A9FED107A012C0A
:1083F00018BFF0EE477A8CE7DFED047A89E7DFED0E
:108400000C7A86E7DFED0B7A83E700BFDB0F49C00C
:10841000000000002EBDBB33DB0F4940DB0FC93F1E
:10842000DB0FC9BF00000080DB0F49BFDB0F493FF6
:10843000E4CB16C0E4CB164070B5994A20F0004456
:10844000944286B06BDD974A944206461CDC0028B5
:1084500024F00F04DFED947A944A07EE100A64DDED
:10846000944277EE677A00F0D5809FED917A77EEAF
:10847000C76A012077EEE67AC1ED006A77EEC77A27
:10848000C1ED017A06B070BD8A4A94420D4660DDA6
:10849000B4F1FF4F80F2B480E215863AA4EBC253E8
:1084A00007EE903ABDEEE77ADFED836AB8EEC77A61
:1084B00077EEC77A8DED037A67EEA67ABDEEE77A9E
:1084C000B8EEC77A77EEC77A8DED047A67EEA67AB2
:1084D000F5EE407AF1EE10FACDED057A40F0CC8061
:1084E000B5EE407AF1EE10FA0CBF01230223734976
:1084F00001910221009103A8294600F07FF9002E86
:1085000011DA95ED007AD5ED017AB1EE477AF1EE08
:10851000677A404285ED007AC5ED017A03E00022DA
:1085200008604A60002006B070BD944277EE277A5A
:1085300000F08F809FED5E7A77EE876A4FF0FF3014
:1085400077EEE67AC1ED006A77EE877AC1ED017ABF
:10855000E9E700F0C1FD9FED5A6A9FED535ADFED48
:10856000546A07EE100AF6EE007AE7EE067AFDEEA0
:10857000E77AB8EEE76A17EE900AF1EE465AF0EEA7
:10858000477A1F28E5EE857A26EE267A54DD77EEC7
:10859000C76A16EE903AE415C3F3C753E31A082BE3
:1085A00054DD9FED487ADFED486AB0EE675AA5EEDC
:1085B000875A77EEC57AE5EE877AD6EE267A75EE9B
:1085C000676AB0EE677A16EE903AC3F3C753E41ABF
:1085D000192C53DCC5ED006AF0EE457A77EEE67AA9
:1085E000002E77EEC77AC5ED017A9CDAF1EE666A65
:1085F000F1EE677AC5ED006AC5ED017A404292E777
:1086000007EE900A77EEE77A0020C1ED017AC1ED1E
:10861000007A88E7DFED2B6A9FED2B7A77EEE67A1A
:10862000012077EEC76A77EEE67AC1ED006A77EE51
:10863000C77AC1ED017A76E7421E244B53F8223007
:1086400024F0FF029A4277EEC76AA2D0C5ED006A15
:10865000C4E7DFED1C6A9FED1C7A77EEA67A4FF037
:10866000FF3077EE876A77EEE67AC1ED006A77EE43
:10867000877AC1ED017A56E7032338E7DFED146A04
:10868000DFED144AF0EE457AE5EEA67A35EE677A2C
:10869000A5EEA67A96EE247A77EEC76AD6E700BFF3
:1086A000D80F493FE3CB1640800FC93FD00FC93FD9
:1086B00043443537800F494300008043F852040893
:1086C00084F9223F0044353708A3852E78520408E8
:1086D00000A3852E32318D2407EE900AF1EEE77A61
:1086E00017EE900A704700BF20F00043B3F1485FD7
:1086F00006EE100A06EE901A2EDAFDEEC67A17EE96
:10870000903A002B5FD026EE067ADFED343A9FEDEB
:10871000344ADFED344A9FED345ADFED347ADFED31
:10872000345AA7EE234AE7EE044AA7EE245AE7EEAE
:10873000057AE7EE275A65EE875A66EEC66AB6EE08
:10874000006AE7EE256AF7EE007AD7EE066A77EE62
:10875000E67A17EE900A704726EE067ADFED1F3AAA
:108760009FED1F4ADFED1F4A9FED1F5ADFED1F7A75
:10877000DFED1F5A1F4AA7EE234A9342E4EE074A51
:10878000A4EE875AE5EE077AE7EE875A65EE875A38
:10879000D3DD194A93421BDC03F17F4307EE903A85
:1087A000B7EE005A35EE675A66EEC66AB6EE006A54
:1087B000E7EE256AD7EE067A77EEE67A75EE677A07
:1087C00017EE900A7047F7EE007A17EE900A70479E
:1087D000B6EE075AF5EE027AE6E700BF4ED747AD90
:1087E000F6740F317CF293B4010DD037610BB6BA39
:1087F000ABAA2A3D9999993E0000483F2DE9F04FD8
:108800002DED048BD7B003F1FF390293D31E48BF7F
:10881000131DBA4C649D0591DB1023EAE37354F8F1
:108820002560039303F10108A2EBC80816EB0902C7
:108830008646A3EB090316D41A449FEDB17A6598D6
:10884000511C1AAA002BA4BF50F8234007EE904AEF
:1088500003F10103ACBFF8EEE77AF0EE477A8B4202
:10886000E2EC017AEED1029B002E4FEA83044FEA3C
:10887000860A1DDB1AAB181943AA7346191902EBB5
:108880000A0742ADF446B9F1000FDFED9D7A09DB2E
:1088900002466346F3EC016A32ED017A8B42E6EE62
:1088A000877AF7D1E5EC017ABD4200F10400EAD104
:1088B000AAF1080306ADEB1804939FED939ADFED40
:1088C000918A009605ABB34674449A4442AF76460B
:1088D0004FEA8B0356AA1A44BBF1000F52ED146AFB
:1088E00016DD07EB8B02294666EE897AB0EE667AD2
:1088F000FDEEE77A32ED016AF8EEE77ABA42A7EECA
:10890000E87A77EE866ABDEEC77AA1EC017AEBD100
:10891000414616EE900A019300F03CFC08EE100A66
:10892000F4EE007A68EE277A17EE900A00F0D8FB92
:1089300007EE100AF2EE007AA7EE678AB8F1000F90
:10894000019BFDEEC89AF0EE487AB8EEE98A37EE60
:10895000C88A40F3C6800BF1FF3CC8F1080255F805
:108960002C1041FA02F000FA02F2891A45F82C1094
:1089700019EE90CA8444C8F1070209EE90CA41FA80
:1089800002F2002A48DD19EE901ABBF1000F01F146
:10899000010109EE901A40F33682D5F800C0BCF10F
:1089A000000F40F09B80BBF1010F20D0AE460120AC
:1089B0005EF8041F00F1010C002900F09980E646E2
:1089C0008C467146CCF5807C8B4545F820C00CDD8B
:1089D00055F821002B4405EB810100E00868C0F147
:1089E000FF0041F8040B9942F8D14FF0010CB8F1A7
:1089F000000F0EDDB8F1010F00F02E81B8F1020F6B
:108A000007D10BF1FF3155F8213003F03F0345F852
:108A10002130022A00F00981B5EE408AF1EE10FA09
:108A200040F08680009B0BF1FF3C63450EDC0BF1B0
:108A30008041013905EB8101002051F8043951458D
:108A400040EA0300F9D1002840F00F81009B013B70
:108A500055F82330002B40F0FC80049B4FF0010CB4
:108A600053F804290CF1010C002AF9D0DC440BF175
:108A7000010EE64530DC039B029A0EEB03015A44DB
:108A800003EB0C0B1AAB01F1804103EB8202659BF7
:108A9000013903EB810107EB8E0E03EB8B0B51F8D1
:108AA000043F9FED177A07EE903AF8EEE77A10460A
:108AB000B9F1000FE0EC017A09DB334601E072ED19
:108AC000017AF3EC016AA342A6EEA77AF7D15945E1
:108AD000AEEC017A0246E2D1E346F9E6012100203C
:108AE00070E715D10BF1FF3255F82220121248E73A
:108AF000E34560467FF45CAF8C4678E73C5604085B
:108B000000000000000080430000803B0000C93FDF
:108B1000F6EE007AB4EEE78AF1EE10FA80F25D81AB
:108B2000B5EE408AF1EE10FA4FF000023FF47AAF52
:108B3000C8F1000118EE100A0192009E00F02AFB15
:108B40005FED106A019A07EE100AB4EEE67AF1EED4
:108B500010FAC0F25B815FED147A67EE277A0BF1B1
:108B60000103FDEEE77A08F10808F8EEE77AA7EED0
:108B7000E67AFDEEE77ABDEEC77A17EE101A45F8F1
:108B80002B1017EE901A45F8231041464FF07E50F7
:108B9000CDE9002300F0FEFA019B009A002B07EEBE
:108BA000100AC0F24A819F0042A907F1040E5FED4E
:108BB0002A6A0F44381D05EB0E0171ED017AF8EEBB
:108BC000E77AA94267EE877A27EE267A60ED017A86
:108BD000F3D10DF1B8081FED336AC44603F1010962
:108BE0000025002EC0F20481A24CDFEDA37A3846A6
:108BF000B0EE467A002103E0A94208DCB4EC017A29
:108C0000F0EC016A01318E42E6EE877AF4DA013542
:108C10004D45ECEC017AA7F10407E2D164990329F0
:108C200055D8DFE801F0CAB7B75DF7EE007A37EE46
:108C3000C88ABCF1000F3FF4EFAE17EE900A414630
:108C4000019200F0A7FA07EE900A019A38EE678ABF
:108C5000E2E64FF0010C09E70BF1FF3155F8213046
:108C600003F07F0345F82130D3E655F82C10009E21
:108C70006346A8F10808002987D10CF18041013929
:108C800005EB810151F80409013BA8F1080800280F
:108C9000F8D07AE7DFED787A002A40F0BF809DEDCA
:108CA0002E7A0599002BC1ED007A77EE677A0BDDFD
:108CB0002FA80121B0EC017A01318B4277EE877A3F
:108CC000F8DA002A40F0B680059BC3ED017A19EE70
:108CD000903A03F0070057B0BDEC048BBDE8F08F6D
:108CE000002B40F3C4809C0056A921440DF1B80824
:108CF00003F1804051ED286A013808EB830171EDE2
:108D0000017A37EEA67A884577EEC77A81ED007A48
:108D100077EEA67AF0EE476AC1ED017AEFD1012B2A
:108D200040F3A58056AB1C448000031D54ED286A17
:108D300043442FA973ED017A37EEA67A994277EE74
:108D4000C77A83ED007A77EEA67AF0EE476AC3ED34
:108D5000017AEFD10830DFED487A08EB000308F123
:108D6000080833ED017A984577EE877AF9D1DDED81
:108D70002E6A9DED2F7A2AB1F1EE666AB1EE477A3E
:108D8000F1EE677A059BC3ED006A83ED017AC3EDCE
:108D9000027A9CE7002BFFF67DAF2EA800EB830143
:108DA000DFED357A043131ED017A884277EE877A4A
:108DB000F9D1002A3FF473AF30E0DFED2F7AC644DB
:108DC0003EED017AF04577EE877AF9D10AB1F1EEFE
:108DD000677A059BC3ED007A79E719EE902ABBF11B
:108DE000000F02F1010209EE902A3ADD0222D4E5D9
:108DF000DFED217A01354D45ECEC017AA7F104074E
:108E00007FF4EFAE0AE74FF0000CF0E5BDEEC77A55
:108E10005B4617EE101A45F82B10B6E6DDED2E6A0C
:108E20000599B1EE677A002B76EEE77A81ED007A4C
:108E30003FF73EAFF1EE677A46E7649903293FF6C4
:108E400046AF01A050F821F0598E0308958D030814
:108E5000958D0308E18C0308DFED077A002AB6D16F
:108E6000B7E7F7EE007A37EEC88A0222D4E5DFEDE5
:108E7000027A7CE7145604080000000020F000434A
:108E8000B3F1485F07EE900A06EE101A04DABDEE61
:108E9000E77A17EE103A23B327EEA77A9FED174A29
:108EA000DFED174A9FED175ADFED175ADFED176A0E
:108EB000E7EE044A27EE874AA4EE875AE5EE075A02
:108EC000E5EE876A82B166EEC46AF6EE005AE6EE17
:108ED000256ADFED0F5A96EE876AA4EE256A77EED3
:108EE000C67A17EE900A70479FED0A6AA7EE266AC7
:108EF000E6EE047A17EE900A704700BFD3C92E2F12
:108F0000342FD7B21BEF3836010D50B98988083C91
:108F1000ABAA2A3EABAA2ABE0020704738B520F083
:108F20000044B4F1A14F07EE900A05460DDBB4F101
:108F3000FF4F5CDC9FED557ADFED557A0028C8BF06
:108F4000F0EE477A17EE900A38BD524B9C4261DC36
:108F5000B4F1445F50DB4FF0FF3327EEA76A9FED7B
:108F60004E1A9FED4E2ADFED4E1ADFED4E2A9FED91
:108F70004E3ADFED4E3A9FED4E4ADFED4E4A9FED01
:108F80004E5A9FED4E7ADFED4E5A66EE066A5A1C37
:108F9000A6EE812AE6EEA12AA2EE263AE2EEA63A53
:108FA000A3EE264AE3EEA64AA4EE265AA4EEA67A3B
:108FB000E5EE265A27EE267AA5EE867A27EE277A60
:108FC0003FD04049404A9B001944D1ED006A37EE3A
:108FD000667A134437EE677AD3ED007A77EEC77A74
:108FE000002DB8BFF1EE677A17EE900A38BD77EE24
:108FF000A77A17EE900A38BD9FED347A37EE877A5C
:10900000F7EE006AB4EEE67AF1EE10FAA3DD17EEA1
:10901000900A38BD00F060F82D4B9C4207EE100A14
:1090200014DCA3F5D0039C4225DCF0EE007AFFEEC1
:10903000006AE7EE276A002337EE277AC6EE877AC2
:109040008BE777EEC77A17EE900A38BD214B9C422A
:109050000BDCF7EE087AF7EE006AE7EE276A0223E8
:1090600037EE677AC7EE267A77E7FFEE006AC6EE3C
:10907000877A032371E7F7EE007A77EE676A37EEB7
:10908000277A0123C6EE877A67E700BFDB0FC93F67
:10909000DB0FC9BFFFFFDF3ED769853C59DA4B3D87
:1090A00021A215BD6BF16EBD356B883D95879DBDC9
:1090B0006E2EBA3D388EE3BD2549123ECDCC4CBE56
:1090C000ABAAAA3E5856040848560408CAF2497189
:1090D000FFFF973FFFFF1B4020F00040704700BF9D
:1090E00082B00190019A22F00041CB0D7F3B162BFC
:1090F00020DC002B10462EDB234919410A4224D0E4
:10910000DFED227A9DED017A77EE277AF5EEC07ACF
:10911000F1EE10FA19DD002A04DA4FF4000242FAE7
:1091200003F3184420EA010307EE903A17EE900A81
:1091300002B07047B1F1FF4FDDED017AF6D377EE63
:10914000A77A17EE900A02B07047DDED017A17EEAC
:10915000900A02B07047DFED0D7A9DED017A77EE4F
:10916000277AF5EEC07AF1EE10FAEEDD002A02DB86
:10917000DFED077ADAE7FFEE007A002918BFB0EEDC
:10918000677AF0EE477AD1E7FFFF7F00CAF24971B4
:109190000000000000B52DED028B83B00190019B13
:1091A00033F000421DD0B2F1FF4F0FD2B2F5000FE5
:1091B00020D3D20D0A44FE2A2CDC002A3DDD23F008
:1091C000FF4343EAC25307EE903A03E007EE900AEA
:1091D00077EEA77A17EE900A03B0BDEC028B5DF82C
:1091E00004FBDDED017A17EE900A03B0BDEC028BB3
:1091F0005DF804FB9DED017ADFED1B7A1B4B67EEFA
:10920000277A9942CDED017A10DB019BC3F3C75257
:10921000193ACFE79FED168A019918EE100A00F06F
:109220002DF807EE900A67EE887AD3E7DFED117A22
:109230009DED017A67EE277ACCE712F1160F06DA78
:109240004CF250339942E5DC9FED0A8AE4E719328B
:1092500023F0FF4343EAC2539FED077A07EE903AAB
:1092600067EE877AB6E700BF0000004CB03CFFFF16
:10927000CAF249716042A20D0000003301F00041C2
:1092800020F000400843704708B5062001F0D6F9E9
:10929000012005F06DFF00BF00B50A4C26680546A9
:1092A00085B01C46F06852B1074B0091CDE9013200
:1092B00006492B46224600F019F8FFF7E5FF044B5C
:1092C0001A46F2E7CC0000206856040878560408D5
:1092D0007456040813460A460146022003F0F6BEFF
:1092E000014B1868704700BFCC0000200EB410B5C9
:1092F00083B005AB064C53F8042B0193014620685C
:1093000002F05CFF03B0BDE8104003B0704700BF3F
:10931000CC000020144B70B51D6806460C460DB1FC
:10932000AB6B9BB1636ED80702D4A389990516D5A0
:1093300028462246314600F055FF636EDA0705469F
:1093400002D4A3899B0505D5284670BD284604F0A4
:10935000BBFFE7E7A06D00F0A3FB284670BDA06D42
:1093600000F09CFBE4E700BFCC00002030B587B0E4
:109370000546084614460191CFF7C2FC01AA012315
:109380000590CDE9020204930DB1AB6BFBB1616EA8
:10939000B4F90C30C9079AB201D4900521D59104D3
:1093A00006D4626E43F4005322F40052A381626635
:1093B000284603AA214600F067F9636EDA070546DE
:1093C00002D4A3899B0506D5284607B030BD2846A0
:1093D00004F07AFFDBE7A06D00F062FB284607B0DF
:1093E00030BDA06D00F05AFBB4F90C309AB2D6E74C
:1093F000024B0A4601461868FFF7B8BFCC000020B0
:10940000F8B5244F0C46064600F0E0FEBB685D68E8
:10941000C4F57E610F3125F00305294421F47F61F5
:1094200021F00F01A1F58054B4F5805F07DB002126
:10943000304601F0C5F8BB682B44984204D0304652
:1094400000F0CAFE0020F8BD6142304601F0B8F8D5
:1094500001300DD0104BBA6819682D1B45F001057D
:109460003046091B5560196000F0B6FE0120F8BDBA
:109470000021304601F0A4F8BA68831A0F2BDEDD14
:10948000064C0549246843F00103001B5360086043
:10949000D5E700BFF8040020B464012000090020D3
:1094A000002953D0F8B50C46064600F08FFE54F85C
:1094B00004CC714F2CF00101A4F108056B18B868B9
:1094C0005A68984222F0030253D01CF0010F5A60F0
:1094D00003EB02003BD154F808CC4068A5EB0C0527
:1094E00007F1080EAC687445614400F0010075D0C6
:1094F000D5F80CC0C4F80CC0CCF8084060B341F0FB
:1095000001036B606950B1F5007F50D34B0A042B07
:1095100070D88B0903F13904E40003F138023819DB
:109520003B590838984278D05A6822F003028A42A0
:1095300071D99B689842F7D1C368C5E902039D6061
:10954000C5603046BDE8F84000F046BE7047406850
:1095500000F001000028D2D19868484C1144A04284
:1095600041F0010262D0DB68C36098606A606950B4
:10957000C9E71CF0010F0A4407D154F8083CED1A62
:109580001A44D5E90213CB6099603D4B1B6842F049
:10959000010193426960BD6004D83A4B30461968B6
:1095A000FFF72EFF3046BDE8F84000F015BEC908B1
:1095B00078684A1C012389108B40034307EBC201E2
:1095C00057F832007B600839C5E9020147F832508C
:1095D000C5603046BDE8F84000F0FEBD002845D12A
:1095E0000A44D3E9021342F00100CB60996068603D
:1095F000AA50D7E7142B08D9542B1ED80B0B03F114
:109600006F04E40003F16E0289E703F15C04E400F7
:1096100003F15B0283E718468EE793107968012215
:1096200002FA03F30B437B60034686E7C7E9045560
:10963000C5E902006A606950B4E7B3F5AA7F06D8AD
:10964000CB0B03F17804E40003F1770267E740F203
:109650005452934206D88B0C03F17D04E40003F1CD
:109660007C025CE74FF47E747E2258E741F00102F1
:109670006A60196096E700BFF8040020000500202A
:1096800004090020E46401209368002B00F0E480CA
:109690002DE9F04FB1F90C309BB20C46190783B09D
:1096A0008246904635D522699AB313F00202D8F863
:1096B00000603DD00027D4F824B0D4F81CC0DFF8F7
:1096C000C0923D464D452B463A4628BF4B46614623
:1096D0005046D5B1D847002840F3C680D8F80830A6
:1096E0001B1A07442D1AC8F80830002B00F0B08070
:1096F000D4F81CC0D4F824B04D452B463A4628BFB8
:109700004B4661465046002DE4D1D6E90075083637
:10971000D8E72146504603F073FC002840F02A8128
:10972000B4F90C30D8F800609BB213F00202C1D13A
:1097300013F001095DD1A76820684D46002D54D073
:109740009A0540F19B80AF42BB4600F2D88013F4EB
:10975000906F2FD0D4E9041707EB4707A0EB010B5C
:1097600007EBD777681C7F105844B8423A4684BF4D
:1097700007463A465B0540F1D3801146504600F05B
:10978000A1F9002800F0F0805A4621690190CFF736
:109790008FF8A289019B22F4906242F08002A2819C
:1097A000A7EB0B0203EB0B00676123612060A26053
:1097B0002F46AB465A46494600F05AFCA268236839
:1097C000D21B5B442F46A26023600025D8F80830E6
:1097D000DB1BB944C8F80830002B39D0B4F90C3081
:1097E000A76820689BB2002DAAD1D6E9009508365B
:1097F000A4E733469146104617464E469B46002F37
:109800006BD0002871D0D4E904122068B9454B46CA
:1098100028BF3B46884203D9A5681544AB4271DC9A
:109820009A4200F393801346656AE16932465046D6
:10983000A847051E18DDB9EB05090FD00120D8F89F
:1098400008305B1B2E447F1BC8F80830002BD6D194
:10985000002003B0BDE8F08F00207047214650463D
:1098600004F0D6FC0028EAD0B4F90C3043F04003F1
:109870004FF0FF30A38103B0BDE8F08F236983422E
:1098800015D36169A94212D83C4B676A9D4294BFC7
:109890002B466FF000434A4693FBF1F3504601FB21
:1098A00003F3E169B847071EDEDDED1B8EE7AF422B
:1098B00028BF2F463A46494600F0DAFBA3682268E3
:1098C000DB1B3A44A3602260002BEED121465046B8
:1098D00004F09EFC0028E8D0C6E70BF1080353E92A
:1098E00002679B460833002FF9D03A460A213046DA
:1098F000CEF78EFF38B30130A0EB060983E72F4681
:10990000AB4657E731462A4600F0B2FB23682B44AA
:1099100023602146504604F07BFC00288BD0A3E74F
:10992000504600F09FFC034600287FF439AF2169C0
:109930005046FFF7B5FDB4F90C300C2223F080033C
:10994000CAF8002092E707F101095CE71A463146A0
:10995000019300F08DFB019BA1682268C91A1A448B
:10996000A16022601D4666E70C23CAF80030B4F9F6
:109970000C307BE74FF0FF306BE700BFFEFFFF7F4F
:1099800000FCFF7F2DE9F04186B002FB03F5904615
:109990001E4601AA0123CDE901150595CDE9032352
:1099A0000C9C074610B1836B002B30D0616EB4F96C
:1099B0000C30C8079AB201D491052BD5920406D475
:1099C000626E43F4005322F40052A381626638466B
:1099D00003AA2146FFF758FE636E40B9D80702D4A8
:1099E000A38999051DD5304606B0BDE8F081DA0798
:1099F00006D505982D1AB5FBF8F006B0BDE8F08144
:109A0000A3899B05F5D4A06D00F04AF8F1E704F0B6
:109A10005BFCCBE7A06D00F041F8B4F90C309AB2D2
:109A2000CCE7A06D00F03CF83046E6E710B582B018
:109A3000054C0093246813460A4601462046FFF76A
:109A4000A1FF02B010BD00BFCC00002070B50D4ECC
:109A50000D4D761BB61006D00024013455F8043B9A
:109A60009847A642F9D1094E094D761B05F082FBB5
:109A7000B61006D00024013455F8043B9847A6429E
:109A8000F9D170BD0C5C04080C5C0408305C04085F
:109A90000C5C0408704700BF704700BF704700BFF0
:109AA000704700BF024B0146186800F00BB800BFBA
:109AB000CC000020024B01461868FFF7F1BC00BF44
:109AC000CC0000202DE9F04F01F10B05162D83B0DD
:109AD000064623D8102900F2B98000F077FB102544
:109AE00018230220C54F3B44A3F108025C6894424E
:109AF00000F06681636823F003032344D4E9025134
:109B00005A68E96042F001028D6030465A6000F008
:109B100063FB0834204603B0BDE8F08F35F007053D
:109B200000F19480A94200F2918000F04FFBB5F55E
:109B3000FC7FC0F083816B0A00F08F80042B00F261
:109B40004681AB0903F1390003F1380CC300AB4F78
:109B50003B44A3F108015C68A14206D10CE0002A55
:109B600080F21D81E468A14206D0636823F00303FC
:109B70005A1B0F2AF3DD60463C69DFF894C2644546
:109B800071D0636823F003035A1B0F2A00F344814A
:109B9000002AC7E904CC80F22681B3F5007F80F06B
:109BA0006981DB08591C7A6857F83180C4F808804D
:109BB0004FF0010E9B100EFA03F307EBC10E134397
:109BC000AEF10802E2607B6047F83140C8F80C4013
:109BD0008210012494409C424BD81C4206D120F0B4
:109BE000030064001C4200F10400FAD007EBC00936
:109BF000CE468046DEF80C309E4507D122E1002A91
:109C000080F22981DB689E4500F01C81596821F0B3
:109C100003014A1B0F2AF2DDD3E9028E5C1945F0DD
:109C200001055D6042F00105C8F80CE03046CEF851
:109C30000880C7E90444C4E902CC65605A50019326
:109C400000F0CAFA019B03F1080463E700240C2327
:109C50002046336003B0BDE8F08F4FF4007340201E
:109C60004FF03F0C73E77B688210012494409C42C4
:109C7000B3D9BC68636823F00309A94503D3A9EBF2
:109C800005030F2B7BDC5E4BDFF888A11A68DAF83E
:109C90000030013305EB020800F0488108F58058D8
:109CA00008F10F0828F47F6828F00F084146304675
:109CB00000F086FCB0F1FF3F834600F0048104EB26
:109CC0000900584500F2FD804E4A13684344136072
:109CD00000F04D81DAF8001001311BBFABEB000042
:109CE0001B18CAF800B013601BF0070300F03481A2
:109CF000C3F10801C3F580538B440833D844C8F33B
:109D00000B08A3EB080841463046019200F058FCCE
:109D1000431C019A00F04681A0EB0B01414441F045
:109D200001011368C7F808B04344BC42CBF80410E3
:109D3000136015D0B9F10F0F40F230816068A9F1BE
:109D40000C0121F0070100F0010004EB010C0843B5
:109D50004FF0050E0F296060CCE901EE00F23A8168
:109D6000294A2A481168BC688B42016888BF136081
:109D700062688B4222F0030288BF0360A7E0621989
:109D800043F0010345F0010565603046BA60536059
:109D900000F022FA0834204603B0BDE8F08F2344D7
:109DA000E1685A68A56842F00102E96030468D60BA
:109DB0005A6000F011FA0834204603B0BDE8F08F75
:109DC000DC68A34208BF02303FF4D6AE92E6142B03
:109DD00071D9542B00F2AD802B0B03F16F0003F10E
:109DE0006E0CC300B3E6234430465A6842F00102C9
:109DF0005A60083400F0F0F98CE600BFF804002047
:109E0000E4640120B4640120DC640120E0640120EA
:109E10000005002000090020611945F0010E42F004
:109E20000105C4F804E03046C7E90411C1E902CCD9
:109E30004D60E25000F0D0F908346BE6E80805F117
:109E400008034FE608F1010818F0030F0EF1080EA1
:109E50007FF4D0AE52E019441C464A68DB6854F8DF
:109E6000085F42F001024A603046EB609D6000F0FE
:109E7000B3F94FE65A0A042A35D9142A6FD802F1E9
:109E80005C01C9005B3207EB010E7958AEF1080E98
:109E90008E4558D04A6822F003029A4202D9896856
:109EA0008E45F7D1D1F80CE07B68C4E9021ECEF8EC
:109EB0000840CC608CE603F15C0003F15B0CC3004E
:109EC00045E6BC4272D0BC68626822F0030295424B
:109ED000A2EB050302D80F2B3FF751AF304600F03D
:109EE0007BF9002416E69A0902F13901C9003832DB
:109EF000C9E7D9F80090994540F0838010F0030F2E
:109F0000A9F1080300F1FF30F3D17B6823EA0403D1
:109F10007B6064009C423FF6ACAE1CB9A9E66400CD
:109F200008F104081C42FAD040465FE608F1100828
:109F3000BCE6B3F5AA7F26D8EB0B03F1780003F15A
:109F4000770CC30003E67B6892104FF0010808FA13
:109F500002F213437B60A8E74FF48053CEE6542A05
:109F600029D81A0B02F16F01C9006E328BE7C0F3DA
:109F70000B0100297FF4AEAE09EB0802B96842F08C
:109F800001024A60ECE640F2545293421CD8AB0CFA
:109F900003F17D0003F17C0CC300D8E50123CBF86D
:109FA00004309BE701214FF00008BAE6164A136817
:109FB000434413608EE6B2F5AA7F14D8DA0B02F19F
:109FC0007801C90077325EE74FF47E737F204FF04F
:109FD0007E0CBCE504F1080130460192FFF760FAFF
:109FE000019A1368BCE640F254518A4205D89A0C93
:109FF00002F17D01C9007C3245E74FF47E717E227B
:10A0000041E77B6885E700BFB4640120032A70B490
:10A0100014D940EA0105AD0704460B4622D11D685C
:10A020002668AE421946204603F1040304F10404F5
:10A0300018D1043A032A20461946F0D8541E72B1AA
:10A0400002780B789A4208BF641806D00CE010F82A
:10A05000012F11F8013F9A4206D1A142F7D1002009
:10A0600070BC7047541EEBE7D01A70BC704700BF3D
:10A070008842F0B40DD98B1883420AD9841832B1C2
:10A08000224613F8014D02F8014D9942F9D1F0BC76
:10A0900070470F2A49D940EA01039B0747D1A2F133
:10A0A00010031B0901F1200707EB031701F110044E
:10A0B00000F1100554F8106C45F8106C54F80C6C55
:10A0C00045F80C6C54F8086C45F8086C54F8046CAE
:10A0D00045F8046C1034BC4205F11005EAD1013397
:10A0E00002F00F051B01032D1944034421D91F1F42
:10A0F0000E462C46043C56F804CB47F804CF032CFC
:10A10000F8D82C1F24F0030404342344214402F023
:10A110000302002ABBD0013B0A4411F8014B03F8AB
:10A12000014F9142F9D1F0BC70470346F1E7034675
:10A13000F1E72A46EDE700BFF0B4860743D0541E8E
:10A14000002A3ED0CAB2034602E014F1FF3438D3ED
:10A1500003F8012B9D07F8D1032C2BD9CDB245EA8A
:10A1600005250F2C45EA054516D9A4F110073F092E
:10A1700003F1200606EB071603F1100242E904552D
:10A1800042E902551032B242F8D104F00F0401370F
:10A19000032C03EB07130DD91E462246043A032A6B
:10A1A00046F8045BFAD8221F22F00302043213445B
:10A1B00004F003042CB1C9B21C4403F8011B9C42F7
:10A1C000FBD1F0BC704714460346C5E70148FFF7D2
:10A1D00065BC00BF786701200148FFF761BC00BF84
:10A1E00078670120F8B50E461446074608B1836B20
:10A1F000BBB1636ED80702D4A389990526D5A3689D
:10A20000013B002BA3600FDBF5B223685A1C2260D0
:10A210001E70636EDA0702D4A3899B0511D5284608
:10A22000F8BD04F051F8E4E7A269934202DBF5B20D
:10A230000A2DEAD131463846224602F073FE054621
:10A24000E7E7A06DFFF72CFC2846F8BDA06DFFF7EF
:10A2500025FCD4E7024B0A460146186800F002B814
:10A26000CC0000202DE9F04F924683B0002900F089
:10A27000A1800D4680460AF10B04FFF7A7FF55F8B1
:10A28000042C162C22F00306A5F108073ED8102452
:10A290002146A2453FD88E4207EB060974DAC74B28
:10A2A0009868484500F0AA80D9F8040020F001031E
:10A2B0004B445B68DB0740F18380D20734D55146BD
:10A2C0004046FFF7FFFB8246E0B155F8043C23F01F
:10A2D00001033B44A0F10802934200F0F980321FD1
:10A2E000242A00F20781132A296800F2E680034637
:10A2F0002A4619605168596092689A60294640461A
:10A30000FFF7CEF84046FFF767FF4FE024F0070461
:10A31000002C2146BDDA4FF0000A0C235046C8F845
:10A32000003003B0BDE8F08F55F8083CA7EB030BF5
:10A33000DBF8042022F00302B3188B42BFDBDA46BD
:10A34000DBF80C105AF8080F321F242AC1600BEBFF
:10A350000309886000F2C680132A296840F2C08091
:10A36000CBF808106968CBF80C101B2AA96800F21A
:10A37000D8800BF110020835116069685160A96836
:10A3800091601E465F4655467B68321B0F2A03F0DC
:10A39000010322D833437B60D9F8043043F0010332
:10A3A000C9F804304046FFF717FFAA46504603B0ED
:10A3B000BDE8F08F114603B0BDE8F04FFFF782BB58
:10A3C00020F0030033188B4261DBD9E902121E46EC
:10A3D000CA6007EB03099160D6E73919234342F0BD
:10A3E00001027B604A60D9F8043043F00103083170
:10A3F000C9F804304046FFF753F8D3E7406820F02F
:10A400000309B14404F11000814577DAD2073FF522
:10A4100056AF55F8082CA7EB020BDBF8042022F00E
:10A4200003029144484587DCDA46DBF80C105AF801
:10A43000080F321F242AC160886000F2A180132A0D
:10A44000296840F29B80CBF808106968CBF80C10A3
:10A450001B2AA96800F29B800BF1100208351160DD
:10A4600069685160A96891600BEB0401A9EB0402D3
:10A4700042F0010299604A60DBF8043003F0010306
:10A480001C434046CBF80440FFF7A6FE8EE7D307F7
:10A490003FF515AF55F8083CA7EB030BDBF804209C
:10A4A00022F00302104483198B42FFF645AFD9E92D
:10A4B0000212DA46CA60916042E701606B6843604D
:10A4C0001B2A3AD805F1080200F10803A96810E731
:10A4D00050F8043C23F003031E4407EB060953E73E
:10A4E000524649E7294650461E465F46FFF7C0FDE3
:10A4F000554649E72946FFF7BBFDFFE62744A9EB90
:10A50000040949F001029F607A6055F8043C03F0A9
:10A5100001031C43404645F8044CFFF75DFEAA4684
:10A5200044E7CBF81010E968CBF81410242A10D0B7
:10A5300029690BF1180210351EE7AB688360EB68E0
:10A54000C360242A10D005F1100200F1100329691C
:10A55000CFE62A69CBF818206A69CBF81C20A969D4
:10A560000BF12002183507E72B6903616B69436122
:10A57000A96905F1180200F11803BAE652466EE720
:10A58000294650460193FFF773FD019B6CE7CBF81A
:10A590001010E968CBF81410242A04D029690BF1B3
:10A5A000180210355BE72A69CBF818206A69CBF8E6
:10A5B0001C20A9690BF12002183550E7F80400208F
:10A5C00038B5074C002305460846236004F0BAFD61
:10A5D000431C00D038BD2368002BFBD02B6038BD56
:10A5E0008C6701201F2938B522D8D0F8DC32054607
:10A5F0000C466BB153F8212052B1012A12D0511CE4
:10A6000012D00025204643F824509047284638BDF4
:10A61000284600F02FF8224601462846BDE838407B
:10A6200000F014B8002038BD16230360012038BDA7
:10A63000162303604FF0FF3038BD00BF024B0146C8
:10A640001868FFF7CFBF00BFCC00002038B50B461D
:10A65000074C0546114618460023236004F05AFDB6
:10A66000431C00D038BD2368002BFBD02B6038BDC5
:10A670008C67012004F03EBD0EB430B59CB01FAB1A
:10A680000C4C0D4D53F8042B019301460291069199
:10A69000206802A96FF000440794CDE9044500F05A
:10A6A0005BF8029B00221A701CB0BDE8304003B07A
:10A6B000704700BFCC0000200802FFFF002A41D0F5
:10A6C00040EA010313F00303F0B425D1032A23D990
:10A6D00004680D68AC421FD1043A35D0A4F10135AD
:10A6E00025EA040414F0803F31D1071D0D1D0DE053
:10A6F00057F8043B0E68A3F10134B34224EA030483
:10A700000AD1043A20D014F0803F1DD1032A2946F3
:10A71000384605F10405EBD803780C789C4202F129
:10A72000FF320CD182B114B90EE06AB17BB110F8DE
:10A73000013F11F8014FA34202F1FF32F5D0181B7F
:10A74000F0BC7047104670470020F0BC70471846B8
:10A75000F6E700BF000000002DE9F04FDBB00C462B
:10A760000A9193460D93079003F0BAFE03681B937A
:10A770001846CEF7C5FAA3891A901F0603D5236998
:10A78000002B00F0578700235E469FED8F7B1493CC
:10A79000CDE92F331993CDE91D331F931C930993F2
:10A7A00031AB2E93994633788DED167B002B00F05C
:10A7B000CE82252B344602D11CE0252B03D014F881
:10A7C000013F002BF9D1A51B85B1DDE92F32013303
:10A7D0002A44072BC9F80060C9F80450CDE92F328C
:10A7E0007CDC09F10809099B2B4409932378002B91
:10A7F00000F0AD82002367780B9398468DF89B306C
:10A8000004F1010B4FF0FF3A2B250BF1010BA7F1DF
:10A8100020035A2B00F2E483DFE813F0A503E203E0
:10A82000E203A003E203E203E2038103E203E203A3
:10A83000B503B003E20372015801E2033B03C60013
:10A84000C600C600C600C600C600C600C600C600D8
:10A85000E203E203E203E203E203E203E203400372
:10A86000E2037701F002400340034003E203E20306
:10A87000E203E203EB02E203E2038400E203E20309
:10A88000E203C202E203CE03E203E203AC02E2030C
:10A89000E203E203E203E203E203E203E203400332
:10A8A000E2037701DA00400340034003C103DA000A
:10A8B0005B00E2031E03E203060386002B035B003A
:10A8C000E203C2025D002901E203E2033801E20370
:10A8D0005D0048F020089BF8007096E72EAA0A99C0
:10A8E000079804F047FA80B90DF1C4097BE72EAA56
:10A8F0005946504604F03EFA002801F0C7800E9BEE
:10A900001BB10E990798FEF7CBFD0A9B9B8913F0AC
:10A91000400F099B18BF4FF0FF33099309985BB0B4
:10A92000BDE8F08F48F0100818F0200F00F0738594
:10A930000D9C073424F00703D3E9004503F1080216
:10A940000D9228F48063002200218DF89B10BAF14B
:10A95000FF3F5AA9089100F0A78454EA050123F0AB
:10A9600080085BD1BAF1000F40F09887002A40F0D0
:10A970001F8513F001035AAE0C9302D0302306F862
:10A98000013D00230E931393189315930C9B9DF890
:10A990009B205345B8BF53460893002A00F0C88057
:10A9A000089B01330893C3E0A7F1300300221BF892
:10A9B000017B02EB820203EB4202A7F13003092B79
:10A9C000F5D90B9223E700BF000000000000000053
:10A9D00043469E0640F117820D9C073424F007047D
:10A9E000D4E9000104F108020D9204460D46002846
:10A9F00071F1000205DA2D22644265EB45058DF800
:10AA00009B205AAABAF1FF3F089200F0E58654EA6B
:10AA100005014FF0010223F08008A3D0012A00F0C5
:10AA20004784022A00F0EF825AA900E03146E2088A
:10AA300042EA4572E80804F007030546144630333D
:10AA400054EA050201F8013C01F1FF36EED118F09D
:10AA5000010F00F0E882302B00F0E582089A0239FD
:10AA60003023521A06F8013C0C920E4689E7434601
:10AA70009E0640F1A6820D9C073424F0070202F1E5
:10AA80000801D2E900450D9101225DE7B64B19930B
:10AA900018F0200F00F074810D9C073424F0070398
:10AAA000D3E9004503F108020D9218F0010F09D017
:10AAB00054EA050306D030238DF89D7048F0020853
:10AAC0008DF89C3028F4806302223DE79BF80070EB
:10AAD0002A2F0BF1010201F0EF82A7F13003092BBD
:10AAE00093464FF0000A3FF692AE1BF8017B0AEB4B
:10AAF0008A0A03EB4A0AA7F13003092BF5D986E647
:10AB00009BF8007048F004087FE60D980023016868
:10AB10008DF89B301A468DF804110123011DCDE9F3
:10AB20000C3108930E92924613921892159241AEF0
:10AB300018F002030F9302D0089B0233089318F019
:10AB40008403309C12933FD10B9B08995D1A002D12
:10AB50003ADD102D2F9A29DD49462046B1461023B3
:10AB60002497079C0A9E04E0103D102D01F1080176
:10AB700018DD01327D4F1030072ACDE92F20C1E9C1
:10AB80000073F1DD2EAA31462046109304F0F2F84E
:10AB900000287FF4B4AE103D102DDDE92F2031A93F
:10ABA000109BE6DC249F4E460446894601326F4BDB
:10ABB0002C44072ACDE92F24C9E9003500F37E850E
:10ABC0009DF89B2009F1080972B12F9A01320134D6
:10ABD0000DF19B000121072ACDE92F24C9E90001CD
:10ABE00000F3738309F108090F9B6BB12F9B0133AD
:10ABF000023427A90222072BCDE92F34C9E900121C
:10AC000000F36F8309F10809129B802B00F0798211
:10AC10000C9BAAEB0305002D35DD102D2F9A544B0C
:10AC200026DD49462046B1464FF0100A0A9E1C46D2
:10AC300004E0103D102D01F1080115DD0132103046
:10AC4000072ACDE92F20C1E9004AF2DD2EAA3146BC
:10AC5000079804F08FF800287FF451AE103D102DB6
:10AC6000DDE92F2031A9E9DC4E462346894604461A
:10AC700001322C44072ACDE92F24C9E9003500F31D
:10AC80003C8309F1080918F4807F40F0DB812F9B99
:10AC90000C9AC9F8006001331444072B3094C9F8AA
:10ACA00004202F9300F3A18209F1080918F0040F82
:10ACB00033D00B9B089A9D1A002D2EDD102D2F9B53
:10ACC00021DD1026079FDDF8288004E0103D102DBF
:10ACD00009F1080917DD0133244A1034072BCDE9A7
:10ACE0002F34C9E90026F1DD2EAA4146384604F08A
:10ACF00041F800287FF403AE103D102DDDE92F341C
:10AD00000DF1C409E7DC0133184A2C44072BCDE9C7
:10AD10002F34C9E9002500F3A583099B0B9A0899F4
:10AD20008A42ACBF9B185B180993002C40F0258227
:10AD300000232F930E9B1BB10E990798FEF7B0FBD3
:10AD40000DF1C4095E463378002B7FF432AD309BA1
:10AD5000002B3FF4DAAD0A9C07982EAA214604F096
:10AD600009F8A389D3E500BFBC560408F0560408CF
:10AD700000570408AE4B199318F0200F7FF48CAEE7
:10AD80000D9A18F0100F02F1040340F0798318F0C7
:10AD9000400F0D9A00F0708314880D93002584E60F
:10ADA0000D9B1E6800258DF89B501C1D002E00F089
:10ADB0007584BAF1FF3F00F061865246294630465D
:10ADC000CDF726FD0E90002800F09A870E9B9B1B66
:10ADD0000C93AA4623EAE3730D940893CDF838A0A8
:10ADE000CDF84CA0CDF860A0CDF854A09DF89B20E4
:10ADF000D3E548F008089BF8007006E548F010031A
:10AE00009E063FF5E9AD0D99DD0601F1040200F162
:10AE100051835C060D9940F14A83B1F900400D92CF
:10AE2000E51720462946E2E50D9A18F0200F52F862
:10AE3000043B0D9240F0458318F0100F40F07E85E2
:10AE400018F0400F40F0308618F4007F00F076854F
:10AE5000099A1A705E4676E79BF800706C2F03BF64
:10AE60009BF8017048F020080BF1010B48F0100826
:10AE7000CBE40D996F4B0C68199347F630020431FF
:10AE8000ADF89C2048F002030D910025022278279E
:10AE90005AE548F080089BF80070B6E40D9C073432
:10AEA00024F0070494ED007B52EC171B22F00043C2
:10AEB00021938DED207A0834DDE920014FF0FF3237
:10AEC0005D4B0D948DED167BCEF710F8002840F009
:10AED000FF824FF0FF32584BDDE92001CDF7E8FF4C
:10AEE000002840F0F58200220023DDE91601CDF7AD
:10AEF000D5FF002840F0E3869DF89B204F4E504B35
:10AF00000020032108910E9028F08008472FD8BF19
:10AF10001E460C9182461390189015903DE5079FB0
:10AF2000384603F0DDFA43681C931846CDF7E8FE77
:10AF30001F900446384603F0D3FA83681E93002C12
:10AF40003FF4C9AC9BF80070002B3FF45EAC1B785B
:10AF5000002B3FF45AAC48F4806856E448F00108EE
:10AF60009BF8007051E49DF89B309BF80070002B1B
:10AF70007FF44BAC20238DF89B3046E48DF89B503A
:10AF80009BF8007041E40D9B9BF800701A680B92CF
:10AF9000002A03F10403C0F25C830D9335E49BF8AF
:10AFA0000070682F03BF9BF8017048F400780BF124
:10AFB000010B48F0400828E448F010039E063FF5D6
:10AFC0005AAD0D9ADD0602F1040100F161825C06C2
:10AFD0000D9A40F15A8214880D9100250122B3E4A4
:10AFE000002F3FF4B4AE002301211A4608918DF8DA
:10AFF00004718DF89B300E939A4613931893159312
:10B000000C9141AE94E519985AAE230904F00F0152
:10B0100043EA05732A091C461546435C06F8013DC0
:10B0200054EA0503F1D1089B9B1B0C93A9E400BFD4
:10B03000D0560408BC560408FFFFEF7FB056040842
:10B04000AC560408652F40F3DC8000220023DDE9C4
:10B050001601CDF719FF002800F060812F9BAD4A43
:10B06000C9F80020013301340122072BCDE92F3428
:10B07000C9F8042000F33E8409F10809289B149ABA
:10B08000309C934280F2E9812F9B1B9AC9F80020E3
:10B090001A9AC9F8042001331444072BCDE92F3440
:10B0A00000F3F08209F10809149B5D1E002D7FF763
:10B0B000FDAD102D2F9A984B40F3058419461026AC
:10B0C0002346079FDDF828A00C4605E009F1080992
:10B0D000103D102D40F3F48301321033072ACDE9DF
:10B0E0002F23C9E90046F1DD2EAA5146384603F068
:10B0F00041FE00287FF403ACDDE92F230DF1C409E4
:10B10000E6E70B9B089A9D1A002D7FF781AD102D65
:10B110002F9A814B25DD49462046B1461C460A9EA2
:10B1200004E0103D102D01F1080116DD0132103050
:10B130001023072ACDE92F200C604B60F1DD2EAAE9
:10B140003146079803F016FE00287FF4D8AB103D77
:10B15000102DDDE92F2031A9E8DC4E462346894633
:10B16000044601322C44072ACDE92F24C9E90035D1
:10B1700000F3B38309F108094AE52EAA0A99079852
:10B1800003F0F8FD00283FF4D3ADFFF7B8BB2EAABB
:10B190000A99079803F0EEFD00287FF4B0AB289BD6
:10B1A000309C0DF1C4091BB9149A002A00F0948454
:10B1B0002F9A1B99C9F800101A99C9F80410013286
:10B1C0000C44072A30942F9200F3A78509F108094F
:10B1D000002BC0F21E86149B01321C44072ACDE9C5
:10B1E0002F24C9E900637FF75FAD2EAA0A9907985B
:10B1F00003F0C0FD00287FF482AB309C0DF1C40940
:10B2000054E5149A2F9B012A04F1010403F101056E
:10B2100009F1080740F30E810123072DC9F80060EA
:10B22000CDE92F54C9F8043000F31F831A9B1B9AF1
:10B23000691C1C4407290F91CDE92F14C7E900238D
:10B2400000F31F8308370F9A531C1D460C95149D5D
:10B25000129300220023DDE9160105F1FF3A07F100
:10B260000809CDF711FE002840F0A7800C9DC7F813
:10B2700004A001365444072D3E6030942F9500F30E
:10B28000F1810F9A07F1100302324F460C92994652
:10B290001D9A7A6014440C9A30942AAB072A2F9294
:10B2A0003B607FF703ADA0E7012A98467FF4B9AB76
:10B2B000002D08BF0A2C80F095825AAE303401234D
:10B2C00006F8014D0C93FFF75CBB2EAA0A9907986C
:10B2D00003F050FD00287FF412AB309C0DF1C4093F
:10B2E00082E42EAA0A99079803F044FD00287FF40F
:10B2F00006AB309C0DF1C40986E42EAA0A99079882
:10B3000003F038FD00287FF4FAAA309C0DF1C4093F
:10B31000B9E400BFEC56040800570408289B002B32
:10B3200040F37781DDE914239342A8BF1346002B35
:10B330001D460DDD2F9BC9F8006001332C44072BFF
:10B340003094C9F804502F9300F3BE8409F1080922
:10B35000159B002DA8BF5B1B002B1D4640F3D6811B
:10B36000102D2F9ABD4B40F3BD81184621464B4608
:10B370001027B146DDF81CA00A9C064604E00833FD
:10B38000103D102D40F3A98101321031072ACDE97B
:10B390002F21C3E90067F2DD2EAA2146504603F0B3
:10B3A000E9FC00287FF4ABAADDE92F2131ABE7E708
:10B3B000CDF830A05AAEFFF7E4BABAF1000F7FF72C
:10B3C00067AFBAF1100FA54B40F3528619462246DB
:10B3D0003B461026DDF81C900A9C129D0F4607E0A4
:10B3E0000833AAF1100ABAF1100F40F38F82013529
:10B3F0001032072DCDE92F52C3E90076F0DD2EAAD9
:10B400002146484603F0B6FC00287FF478AADDE91F
:10B410002F5231ABE5E70D9A18F0100F02F104033B
:10B4200040D118F0400F0D9A38D014880D930025A4
:10B43000FFF787BA18F0010F7FF4EEAE0122072D57
:10B44000C9F80060CDE92F54C9F8042000F30A813F
:10B4500002330C9309F110091AE718F0010F7FF479
:10B4600013AE23E42EAA0A99079803F083FC002860
:10B470007FF445AA309C50E418F4007F40F00F831D
:10B4800014680D930025FFF710BB980500F1118398
:10B4900014680D9101220025FFF756BA18F4007FB9
:10B4A00040F0158314680D930025FFF74ABA9805FC
:10B4B00000F105830C680D92E51720462946FFF739
:10B4C00096BA099A1046D117C3E900015E463AE4DC
:10B4D000DDE9160102460B46CDF708FD002840F0D5
:10B4E0009D85612F00F00784412F00F0FB8248F416
:10B4F000807327F02002BAF1FF3F12930892179B46
:10B5000000F02085472A00F01785002BC0F2E98360
:10B510009DED167BCDE90E008DED227B662F00F0B0
:10B52000DB84462F00F06385089B452B0CBF0AF196
:10B53000010555462CA829A928AA0223CDE9031004
:10B54000029200930195DDE92223079801F0C0FEE5
:10B55000672F064640F0978518F0010F40F0F684FB
:10B560002C9B40469B1BDDF848801493289B159329
:10B57000089B472B00F06F83089B462B00F0058447
:10B580000899159BFAB2412908BF0F3203F1FF3326
:10B5900006BFD2B201210021002B2893B8BF159B12
:10B5A0008DF8A820BABFC3F101032D222B22092B4D
:10B5B0008DF8A92000F3E484002940F06C85302246
:10B5C0008DF8AA200DF1AB0230331370531C2AAA58
:10B5D0009B1A149A1D93012A13440C9340F32A8555
:10B5E0000C9B1A9A13440C930023139318931593EE
:10B5F0000C9B20F4806023EAE37340F48078089386
:10B600000F9B002B40F03A839A469DF89B20FFF752
:10B61000C4B92F9A1249C9F800100132013401212E
:10B62000072ACDE92F24C9F804103FF7B0AD09F17E
:10B630000809B8E540210798FEF744FA0A9B18600C
:10B640001861002800F062850A9A40235361FFF7D1
:10B650009AB852420B920D93FFF754BA0057040860
:10B66000EC5604082EAA0A99079803F083FB0028D9
:10B670007FF445A9DDE92F3401330C930DF1CC099A
:10B6800031AF05E62EAA0A99079803F073FB00284C
:10B690007FF435A9309C0DF1C40905E55346062B0E
:10B6A00028BF0623B2461396189615960E96324674
:10B6B0000893CDE90C34A44EFFF76FB92EAA0A996E
:10B6C000079803F057FB00287FF419A99DF89B20E9
:10B6D000309C0DF1C409FFF777BA0C4631464E464F
:10B6E00099460B4601322C44072ACDE92F24C9E99B
:10B6F000003540F3D1812EAA0A99079803F03AFB4E
:10B7000000287FF4FCA8309C0DF1C409159B18F4A7
:10B71000806F33449A4640F01B81289B149A9342D1
:10B7200049DB18F0010F46D1149AB518A5EB0A05AC
:10B73000D31A9D42A8BF1D46002D0DDD2F9AC9F8D2
:10B7400000A001322C44072A3094C9F804502F92EB
:10B7500000F33A8309F10809002DACBF5D1B1D46BB
:10B76000002D7FF7A3AA102D2F9A784B40F3AB80C2
:10B77000194610262346079FDDF828A00C4605E051
:10B7800009F10809103D102D40F39A800132103361
:10B79000072ACDE92F23C9E90046F1DD2EAA51463B
:10B7A000384603F0E7FA00287FF4A9A8DDE92F2343
:10B7B0000DF1C409E6E72F9A1B99C9F800101A99F0
:10B7C000C9F8041001320C44072A30942F9200F378
:10B7D000B38209F10809A7E7002D08BF0A2C984693
:10B7E000FFF46BAD08F480630022CDF830900E9723
:10B7F000CDF83C805AAE9146DDF878801F460AE0CD
:10B800000023204629460A22CBF7F6FE04460D46C1
:10B8100054EA050346D00A22002320462946CBF7E6
:10B82000EBFE303206F8012C09F10109013E002F30
:10B83000E6D098F800309945E2D1B9F1FF0FDFD09A
:10B84000002D08BF0A2CDBD31F9B1C99F61A1A4641
:10B85000304603F05DFA98F80130002B00F0888341
:10B8600008F101084FF00009CAE72EAA0A990798C3
:10B8700003F080FA00287FF442A8DDE92F5431AFAD
:10B88000D4E42EAA0A99079803F074FA00287FF4EA
:10B8900036A8DDE92F3431AF0F93D4E4012A7FF4C9
:10B8A000C0A80AE5089BCDF850909B1BDDF83090AE
:10B8B000CDF878800E9FDDF83C800C93FFF761B8DF
:10B8C00021461C460B4601322C44072ACDE92F2481
:10B8D000C9E900357FF7E8A987E42EAA0A990798F5
:10B8E00003F048FA00287FF40AA8309C0DF1C4093F
:10B8F000FFF78EB92EAA0A99079803F03BFA0028A1
:10B900007EF4FDAF0DF1C409FFF7B8BB14463A460B
:10B910001F4613462A4601320C9207F10802C7E976
:10B92000003A0C9B2F935444072B30943FF79AAE68
:10B9300001330C9302F108091746A9E4099A1A6029
:10B940005E46FFF700BA00BFE4560408005704083B
:10B95000149BCDF83CB0F3180C93189BCDF848809D
:10B960004A461096C14FDDF87C90DDF87880DDF80E
:10B9700028B056462146DDF81CA0002B5ED0139B54
:10B98000002B5FD1189B013B08F1FF3818932F9BC8
:10B990001C98106001334944072B3091C2F8049081
:10B9A0002F9353DC08320C9898F80030851B9D4289
:10B9B000A8BF1D46002D0BDD2F9B166001332944C7
:10B9C000072B309155602F934BDC98F800300832EC
:10B9D000002DACBF5D1B1D46002D2BDD102D2F98BB
:10B9E0001CDD102404E0103D102D02F1080215DDCD
:10B9F000013010310728CDE92F01C2E90074F2DDD2
:10BA00002EAA5946504603F0B5F900287EF477AFC8
:10BA1000103D102DDDE92F0131AAE9DC0130294468
:10BA20000728CDE92F01C2E900753EF760AF98F80D
:10BA3000003008321E44189B002BA0D1139B002B12
:10BA400000F0F980139B013B1393A0E72EAA5946FF
:10BA5000504603F08FF900287EF451AF309931AA97
:10BA6000A1E72EAA5946504603F084F900287EF437
:10BA700046AF98F80030309931AAA9E73046CDF7A3
:10BA80003FF9AA4603460C90FFF7A4B998F8003096
:10BA9000309931AA1E44CEE709F1080936E6147838
:10BAA0000D930025FFF701B8099A1A805E46FFF74B
:10BAB0004AB914780D9100250122FEF745BF91F98E
:10BAC00000400D92E51720462946FEF790BF1478F6
:10BAD0000D930025FEF735BF18F0010F3FF4E6A8DF
:10BAE000FFF766BB30238DF89C305823BAF1630F03
:10BAF0008DF89D3048F0020400F3B28148F4817360
:10BB0000129327F0200308930022179B0E92A04661
:10BB100041AE002BC0F2E6809DED167B8DED227BC1
:10BB200000230F93612F00F05E81412F7FF4F6AC6C
:10BB300028AADDE9220103F075F800224FF07F53B7
:10BB4000CBF7A8FA00220023CDE91001CDF79CF92C
:10BB5000002840F04482464B0C930AF1FF34CDE9B3
:10BB6000139B1597CDF860A0B1462596CDF890802F
:10BB7000DDF830A0DDE9106703E0CDF785F920BBE3
:10BB8000A94600223B4B30463946CBF783FA0F4695
:10BB90000646CDF7C1F98046CBF712FA02460B46AE
:10BBA00030463946CBF7BEF84D461AF808C005F8BE
:10BBB00001CBB4F1FF3FA34606460F464FF000020B
:10BBC0004FF0000304F1FF34D7D13046394600224C
:10BBD000294B159FDDF860A0CDF854904446DDF860
:10BBE0004C90DDF89080CDF84CB0259EDDF850B03B
:10BBF000CDE91001CDF770F9002840F0AA80DDE909
:10BC0000100100221C4BCDF73FF918B12346DB078A
:10BC100000F19F80139B002B07DB139B01332B4408
:10BC2000302205F8012BAB42FBD1AB1B40461493ED
:10BC3000DDF848809AE4B246149B109ECDF87880D7
:10BC4000F3189A459146DDF83CB0DDF848800C4683
:10BC500028BF9A4661E5159BDA1C01DB534514DDCC
:10BC6000023F27F0200308938AE400BF005704082E
:10BC7000D0560408000030400000E03F2D228DF82F
:10BC80009B204FF0000AFEF78BBE159B14998B4248
:10BC9000C0F29080C20740F1A7811A9A13440C9316
:10BCA000470503D5159B002B00F3ED800C9B23EA81
:10BCB000E37308936727002313931893A0E42D22BE
:10BCC0008DF89B20FFF71AB92EAA0A99079803F05E
:10BCD00051F800287EF413AE309C0DF1C409FFF733
:10BCE00037BB0E90DDE9161202F1004323932D239A
:10BCF00022910F9316E730238DF89C307823F5E6D8
:10BD0000CDF820A0CDF830A00D9482461390189065
:10BD100015909DF89B20FEF740BE2EAA0A99079821
:10BD200003F028F800287EF4EAAD289BDDE92F24F3
:10BD30000DF1C409FFF74CBA2EAA0A99079803F02F
:10BD400019F800287EF4DBAD289B309C0DF1C40966
:10BD5000EAE4159B2C930C9B15F8012CD97B91429E
:10BD60002B4609D1302003F8010C2C9B5A1E2C9233
:10BD700013F8012C9142F6D0392A0BBF0C9A0132EC
:10BD8000927AD2B203F8012C4FE7159B002B40F3B7
:10BD90005681159BBAF1000F40F0EC80C40700F10A
:10BDA000E9800C93662743056ED40C9B23EAE3736A
:10BDB000089380E7149B1A9A13440C93159B002B4D
:10BDC00040F34C816727EEE72EAA0A99079802F004
:10BDD000D1FF00287EF493AD289B149A309CD31A8F
:10BDE0000DF1C409B8E428AADDE9220102F01AFF26
:10BDF00000224FF07F53CBF74DF900220023CDE90D
:10BE00001001CDF741F808B101232893B94B0C93E9
:10BE1000A3E65D421033B84B80F29D80194610278F
:10BE20002346DDF81CA00C4605E009F10809103D89
:10BE3000102D40F38D8001321033072ACDE92F23D6
:10BE4000C9E90047F1DD2EAA0A99504602F092FF97
:10BE500000287EF454ADDDE92F230DF1C409E6E797
:10BE60000AF101010798FDF72DFE0646002800F0B3
:10BE7000558148F48173129327F020030893A0465C
:10BE8000179B0E9045E667271E9800221392189282
:10BE90000378159AFF2B0CD093420ADA4178D21A14
:10BEA000B1B1189B013318930B46FF2B00F1010031
:10BEB000F2D11592189B139A0C991E9013441F9A55
:10BEC00002FB03130C9323EAE3730893FFF798BB79
:10BED000139901311391DDE72CA829A928AA03237E
:10BEE000CDE9031002920093CDF804A0DDE92223EE
:10BEF000079801F0EDF95546064600EB0A04337841
:10BF0000302B00F0CC80289D2C4400220023DDE95A
:10BF10002201CCF7B9FF10B12346FFF722BB2C9BBF
:10BF2000A342BFF41EAB30215A1C2C9219702C9BDB
:10BF30009C42F9D8FFF715BBBAF1000F00F08980D9
:10BF40000E90E6E50E904FF0060AE2E57419DCE784
:10BF500021461C460B4601322C44072ACDE92F24EA
:10BF6000C9E9003500F3B38009F10809FFF733B9D7
:10BF7000994645E41A9A134453440C93662712E7F2
:10BF80000DF1B70C64465D4D00E01446A5FB0312AD
:10BF9000D20802EB8201A3EB410303F13001134607
:10BFA000092B04F8011C04F1FF32EEDC3033023CB3
:10BFB000DBB2A44502F8013C40F297800DF1AA04DF
:10BFC000114601E011F8013B04F8013B8C45F9D121
:10BFD0002EAB9B1A0DF1AA021344FFF7F8BA012306
:10BFE0002893474B0C93B8E5159B0C9358E62CA867
:10BFF00029A928AA0323CDE9031002920093CDF8C2
:10C0000004A0DDE92223079801F062F955460646AF
:10C01000462F06EB05043FF472AF76E7179B394EC7
:10C02000002BB6BF2D229DF89B208DF89B20364B10
:10C03000FEF766BFC5077FF5D7AAFFF7D1BABAF1F9
:10C04000000F17D1C10715D4012308930C9366275D
:10C0500031E6CDF838A04FF0010A5AE50C9AC3F149
:10C0600001031A4422EAE2730C920893672722E63E
:10C070004A4654E41A9B013353440C9323EAE37376
:10C080000893662717E6472F7FF460AF18F0010F7B
:10C090003FF466AABCE70DF1AA02FFF795BA0022A9
:10C0A0000023DDE92201CCF7EFFE00287FF42BAF5F
:10C0B000C5F10105289527E70D999BF801700B68DC
:10C0C00043EAE37A0B1D93460D93FEF79EBB2EAA1F
:10C0D0000A99079802F04EFE00287EF410ACDDE9C4
:10C0E0002F240DF1C409FFF776B80DF1AA03FFF76D
:10C0F0006EBA00BFBC56040800570408CDCCCCCCA7
:10C10000D0560408B8560408B4560408079A0C23FD
:10C1100013604FF0FF330993FEF700BC0A9A93892E
:10C1200043F040039381FEF7F2BB00BF10B4044C10
:10C1300013460A46014620685DF8044B00F04ABFEA
:10C14000CC0000202DE9F84F4B6E9C0492462DD573
:10C150009368126843B30E46074602F1080959E98D
:10C16000025B5FEA9B0815D0043D002401E0A04576
:10C170000ED0324655F8041F384602F047F9431CEA
:10C1800004F10104F3D10023CAE90133BDE8F88FBB
:10C19000DAF808302BF0030BA3EB0B03CAF80830D6
:10C1A00009F10809002BDAD10020ECE7FDF76CFA61
:10C1B0000023CAE90133BDE8F88F00BF2DE9F04F35
:10C1C000BDB01C4601919046CDE9050318B1836BC3
:10C1D000002B00F0CE83019BB3F90C105B6EDB07E4
:10C1E0008AB202D4970540F13B85960408D40198A1
:10C1F000436E41F4005223F400538281436692B2AD
:10C20000150740F1C780019B1B69002B00F0C2801D
:10C2100002F01A030A2B00F093830023CDE91133B7
:10C22000CDE90C330DF14C090A930B930293CDF831
:10C230004090CB4698F80030002B00F04584252B29
:10C24000444602D11EE0252B03D014F8013F002BF9
:10C25000F9D1A4EB08058DB1DDE9113201332A448F
:10C26000072BCBF80080CBF80450CDE9113200F356
:10C27000A6800BF1080B029B2B4402932378002B22
:10C2800000F02284002304934FF000021F466378DD
:10C290008DF83B2004F101084FF0FF3A2B2508F1FF
:10C2A0000108A3F120025A2A00F26683DFE812F0A7
:10C2B000DB0264036403D602640364036403FC02C8
:10C2C00064036403F002EB026403E60220036403E8
:10C2D0001B033601360136013601360136013601BF
:10C2E0003601360164036403640364036403640376
:10C2F0006403640364034501A602640364036403E6
:10C3000064036403640364036403640364036000FC
:10C310006403640364038A026403760264036403AF
:10C320003802640364036403640364036403640302
:10C330006403640364034501E90064036403640364
:10C34000C902E9005B006403BC026403630262008B
:10C3500054025B0064038A025D009400640364037A
:10C36000CB0064035D0047F0200798F8003096E7A3
:10C3700047F01007BC0640F1D582069B073323F037
:10C380000703D3E9004503F10802069227F480630E
:10C3900000222FE0019D0598294600F031FEA0B152
:10C3A000019A536ED80703D49389990540F1AD845F
:10C3B0004FF0FF33029302983DB0BDE8F08F002AA2
:10C3C00040F01D841192CB4655E7AA8902F01A036A
:10C3D0000A2B7FF422AFB3E23B469D06069A40F15A
:10C3E000E381073222F0070202F10801D2E9004599
:10C3F000069101224FF000018DF83B10BAF1FF3F8A
:10C400003CA9009100F0C88354EA050123F080079D
:10C410005CD1BAF1000F40F0DA84002A40F0EB83DF
:10C4200013F001033CAE039340F02384039A9DF87C
:10C430003B305245B8BF52460092002B00F08D8031
:10C440000132009289E0C04A0A92BE0640F16D8135
:10C45000069A073222F00702D2E9004502F10801EC
:10C460000691FE0709D554EA050206D030228DF860
:10C470003D3047F002078DF83C2027F4806302220C
:10C48000B8E73B469E0640F1BE81069A073222F08D
:10C490000702D2E900010832069204460D46002840
:10C4A00071F1000205DA2D22644265EB45058DF835
:10C4B0003B203CAABAF1FF3F009200F0458454EAC9
:10C4C00005014FF0010223F08007A2D0012A00F0FD
:10C4D0006783022A00F07B833CA900E03146E20832
:10C4E00042EA4572E80804F0070305461446303373
:10C4F00054EA050201F8013C01F1FF36EED1FD07D7
:10C5000040F1FA82302B00F0F782009A0239302392
:10C51000521A06F8013C03920E4687E7A3F1300257
:10C52000002118F8013B01EB810102EB4101A3F16D
:10C530003002092AF5D90491B3E6069A4FF00001BA
:10C5400013688DF83B108DF88C300121131D00917C
:10C550000693039123AE4FF0000A17F002030893ED
:10C5600002D0009B02330093DDE9111217F084031F
:10C5700001F1010C6046079333D1049B009C1C1B06
:10C58000002C2EDD102C714D40F34A84102308E05E
:10C5900001F1020E0BF1080B0146103C102C11DDCD
:10C5A000481C103207281292CBE900531190EFDD9E
:10C5B000002A40F0A582103C102C11464FF0010ECD
:10C5C000CB46EDDC2244BEF1070F1292CBE90054BA
:10C5D000CDF844E000F3BC820BF1080B0EF1010032
:10C5E00071469DF83B400BF1080C002C00F0ED81EA
:10C5F00001320DF13B0401210728CDE91102CBE9FD
:10C60000004140F3B682002A40F0D181089B002B04
:10C6100040F0B58208460DF1540C1146CB46079BFD
:10C62000802B00F0ED81039BAAEB0304002C2DDD91
:10C63000102C474D40F3CF834FF0100A06E0881CC2
:10C640000BF1080B1946103C102C11DD4B1C10325D
:10C65000072B1292CBE9005A1193F0DD002A40F02B
:10C660009981103C102C4FF001001146CB46EDDCB7
:10C670000BF10803224407281292CBE900541190D1
:10C6800000F39A82013003F1080C9B46039B119042
:10C690001A4407281292CBE9006340F3F681002A7E
:10C6A00040F0EB817C07119231D5049B00995C1A14
:10C6B000002C2CDDCC46102C1199244D40F3B38373
:10C6C0001026059F06E0881C0CF1080C1946103C4A
:10C6D000102C11DD4B1C1032072B1292CCE90056A6
:10C6E0001193F0DD002A40F01A82103C102C4FF01C
:10C6F00001001146CC46EDDC224407281292CCE919
:10C700000054119040F3C981002A40F0F482029B4A
:10C71000049A00998A42ACBF9B185B180293CBE144
:10C720000C4A0A92BE063FF593AE0699FD0601F14A
:10C73000040200F1B8827C06069940F1B1820C88AF
:10C74000069200258DE600BFBC5604081057040869
:10C7500020570408D05604080699AE4B0C680A937B
:10C7600047F630020431ADF83C2047F00203069151
:10C77000002502223EE6069AB90652F8043B0692CC
:10C7800000F19E82FA0600F136837E0600F14D83A9
:10C79000BD0540F13083029A1A704BE547F0100353
:10C7A0009D06069A3FF51DAEDC0602F1040100F17C
:10C7B00071825806069A40F16A8214880691002513
:10C7C000012217E6069B1E684FF000028DF83B2001
:10C7D0001C1D002E00F0A082BAF1FF3F00F00F8375
:10C7E000524600213046CCF713F8002800F0398378
:10C7F000831B039306944FF0000A17E647F01003DB
:10C800009E063FF542AE0699DD0601F1040200F1F5
:10C8100038825C06069940F13182B1F900400692F7
:10C82000E517204629463AE698F800306C2B03BFFE
:10C8300098F8013047F0200708F1010847F0100789
:10C840002DE598F80030682B03BF98F8013047F4C5
:10C85000007708F1010847F0400720E547F001079D
:10C8600098F800301BE59DF83B2098F80030002A2E
:10C870007FF415AD20228DF83B2010E598F80030AC
:10C8800047F004070BE58DF83B5098F8003006E5BB
:10C89000069A98F8003011680491002902F1040208
:10C8A000C0F21F820692FAE4059E304601F018FE9F
:10C8B00043680C931846CCF723FA0D900446304693
:10C8C00001F00EFE82680B92002C3FF44EAD98F8FA
:10C8D0000030002A3FF4E3AC1278002A3FF4DFACCA
:10C8E00047F48067DBE447F0800798F80030D6E42F
:10C8F00098F800302A2B08F1010100F0C482A3F15E
:10C900003002092A88464FF0000A3FF6CAAC18F8F0
:10C91000013B0AEB8A0A02EB4A0AA3F13002092A18
:10C92000F5D9BEE4069AF80602F1040300F1C381CA
:10C930007906069A40F1BC8114880693002525E506
:10C940000199B1F90E30002BFFF667AC4B6EDB0797
:10C9500004D4970502D4886DFDF7A2F82346424619
:10C960000199059800F09CFA029002983DB0BDE84C
:10C97000F08F01F0A9FC2EE4002B00F0A58001222D
:10C980008DF88C304FF0000300928DF83B3003920D
:10C9900023AEE0E510AA01990598FFF7D3FB002824
:10C9A00040F09880DDE91112CB46481C4BE610AAF6
:10C9B00001990598FFF7C6FB002840F08B80DDE960
:10C9C00011120DF1540C481CCB46089B002B3FF470
:10C9D00026AE02320FA902230728CDE91102CBE9C6
:10C9E000001340F3D380002A40F01481079B802B72
:10C9F0000DF1540C4FF001001146CB467FF413AEFD
:10CA0000049B009C1C1B002C7FF70DAE102C024DCC
:10CA10000CDC2CE2BC5604082057040801F1020C7F
:10CA20000BF1080B1946103C102C13DD4B1C103277
:10CA30001020072B1292CBF80050CBF80400119372
:10CA4000ECDD002A77D1103C102C4FF0010C114680
:10CA5000CB46EBDC0BF108032244BCF1070F12922A
:10CA6000CBE90054CDF844C000F3E3800CF10100A1
:10CA700061469B4603F1080CD5E510AA019905987B
:10CA8000FFF760FB30BB129ACC46780705D5049BB4
:10CA900000995C1A002C3FF70EAE029B0499009897
:10CAA0008142ACBF5B181B1802932AB110AA0199EE
:10CAB0000598FFF747FB68B90023119398F80030F9
:10CAC000CB46002B7FF4BBAB129B002B40F0D281F6
:10CAD00000231193019B5A6E9B89D10702D49A05BA
:10CAE00040F103815B063FF563AC02983DB0BDE8C1
:10CAF000F08F039FDDF81C80009B9B1B039395E444
:10CB000010AA019905980993FFF71CFB0028E1D1B1
:10CB1000DDE91112CB4601F1010E099B3DE510AA9A
:10CB200001993846FFF70EFB0028D3D1DDE9111239
:10CB3000CC46481CCBE510AA01990598FFF702FBEB
:10CB40000028C7D1DDE91112CB4601F1010C6AE7DB
:10CB5000002A40F042819DF83B10002900F0B78088
:10CB600001210DF13B040A461491084613940DF17E
:10CB7000540C0146E34601300CF1080C25E70FABDD
:10CB80000222CDE9133208460DF1540C0146E3466A
:10CB900001300CF1080C42E5012A1F467FF499ACE4
:10CBA000002D08BF0A2C80F0D5803CAE3034012324
:10CBB00006F8014D039339E4002A42D1039A1492F6
:10CBC0000123CDE9122611930DF1540C5DE70A986B
:10CBD0003CAE230904F00F0143EA05732A091C4601
:10CBE0001546435C06F8013D54EA0503F1D1009B6C
:10CBF0009B1B03931AE4CDF80CA03CAE16E410AADC
:10CC000001990598FFF79EFA00287FF463AFCB46A1
:10CC1000FFF731BB10AA01990598FFF793FA002896
:10CC20007FF458AFDDE911120DF1540C481CCB46CE
:10CC3000F5E4002A79D10DF1540C01201146CB46C0
:10CC4000F1E410AA01990598FFF77CFA00287FF417
:10CC500041AFDDE911020DF1540C0130CB4615E571
:10CC6000019DA86DFCF71AFFB5F90C108AB2FFF709
:10CC7000BCBA302306F8013DFFF7D8BB980500F198
:10CC8000D8800C680692E5172046294607E49F05E0
:10CC900000F1DC801468069101220025FFF7AABB91
:10CCA000B80500F1D9800C6806920025FFF7D9BBC2
:10CCB000BE0500F1C680146806930025FFF766BB29
:10CCC000029A1046D117C3E90001FFF7B3BA089BD7
:10CCD000002B40F09D8011460DF1540C0120CB46F5
:10CCE000A1E4494204910692CAE5019CA06DFCF7BB
:10CCF000D7FEA389F6E610AA01990598FFF722FA54
:10CD000000287FF4E7AE129AC7E6906DFCF7C8FEE4
:10CD10004FF0FF330293E8E65346062B28BF062365
:10CD20000393069400935D4E15E410AA01990598AB
:10CD3000FFF708FA00287FF4CDAEDDE911120DF1FE
:10CD4000540C481CCB466EE4002D08BF0A2C1F462D
:10CD5000FFF42BAF07F4806300220397CDF81C800B
:10CD60003CAE174698460BE00023204629460A228F
:10CD7000CAF742FC04460D4654EA05033FF4B9AE37
:10CD80000A22002320462946CAF736FC303206F82C
:10CD9000012C0137013EB8F1000FE5D00B9B1B7849
:10CDA000BB42E1D1FF2FDFD0002D08BF0A2CDBD31F
:10CDB0000D9B0C99F61A1A46304601F0A9FF0B9B01
:10CDC0005F78002FD0D001330B930027CCE7012AE6
:10CDD0007FF47FABE9E663464CE410AA019905981D
:10CDE000FFF7B0F900287FF475AEDDE91112CB46EC
:10CDF000481CFFF7F6BB029A1A60FFF71BBA3046D1
:10CE00000694CBF77DFF4FF0000A0390FFF70EBBAF
:10CE10000FAB0222CDE9133201200DF1540CB5E61F
:10CE2000E646FFF7CFBB481C66E4029A1A80FFF77C
:10CE300001BA91F900400692E51720462946FFF70E
:10CE40002EBB147806930025FFF7A0BA147806913C
:10CE500000250122FFF7CEBA0C7806920025FFF7D5
:10CE600000BBCDF80CA006948246FFF7DFBA6346FC
:10CE70008446F1E50598019910AAFFF763F90028A7
:10CE80003FF426AE26E6069898F80130026842EA9A
:10CE9000E27A021D88460692FFF701BAE4560408BA
:10CEA0002DE9F0410C46ADF58D6D8989666EE589F9
:10CEB000199621F002010646E069ADF80C101746FC
:10CEC0004FF48061626AADF80E5098461AAD0023A7
:10CED000079016A809920693009504950291059172
:10CEE000FCF7D8FD43463A4669463046FFF766F9F7
:10CEF000051E07DB3046694601F08AF9002818BF95
:10CF00004FF0FF35BDF80C305B0603D5A38943F025
:10CF10004003A3811698FCF7BFFD28460DF58D6DE3
:10CF2000BDE8F081F8B50D461446064610B1836B96
:10CF3000002B43D0B4F90C20A369A36091B2080779
:10CF40001BD52369CBB1EDB289042F4622D52268C7
:10CF50006169D31A994229DD0133A168501C013956
:10CF6000A1602060157062699A422AD0A389DB070C
:10CF700001D50A2D25D03846F8BD2146304600F0AF
:10CF80003FF820BBB4F90C20236991B2EDB28904BB
:10CF90002F46DCD4616E42F4005221F40051A2818C
:10CFA000226861666169D31A9942D5DC2146304610
:10CFB00001F02EF958B922680123CEE701F084F977
:10CFC000B8E72146304601F023F90028D3D04FF0CE
:10CFD000FF37D0E770B50D46084C114606461A4695
:10CFE00028460023236002F0BBF8431C00D070BD2C
:10CFF0002368002BFBD0336070BD00BF8C6701201D
:10D0000038B5314B1B6805460C4613B19A6B002AA4
:10D010003AD0B4F90C2093B218070CD52069A8B106
:10D0200013F0010220D0636900225B42A361A26079
:10D0300000B3002038BDD9063ED5580728D4206952
:10D0400042F00803A3819BB20028E9D103F42072C7
:10D05000B2F5007FE4D02846214601F07DFAA3898D
:10D06000206913F00102DED1990758BF6269A260FE
:10D070000028DED1B4F90C301A06DBD543F04003AA
:10D08000A3814FF0FF3038BD184601F01DF9C0E70D
:10D09000216B51B104F14003994204D02846FCF7BA
:10D0A000FFF9B4F90C200023236300232069636097
:10D0B00022F024022060C3E742F0400209232B60E3
:10D0C0004FF0FF30A28138BDCC0000202DE9F8439D
:10D0D0002B4D0646286898460F469146FCF7DEFC25
:10D0E000284B1C68D4F84831002B3DD05A681F2AC1
:10D0F0000DDC02F1010C16BB0232C3F804C0286833
:10D1000043F82270FCF7CCFC0020BDE8F8831E4BEE
:10D110007BB34FF4C870FCF7C5FC034648B3D4F8A2
:10D1200048210021C0E900214FF0010CC4F848015A
:10D130000A46C0F88811C0F88C11002EDCD003EB31
:10D1400082010124C1F88890D3F8880194402043DB
:10D15000022EC3F88801C1F80881CDD1D3F88C1113
:10D160000C43C3F88C41C7E704F5A673C4F84831F3
:10D17000BCE72868FCF794FC4FF0FF30C5E700BF20
:10D1800008090020A8560408A59A0308024B13B109
:10D19000024800F005B870470000000039E30308BA
:10D1A000002301461A461846FFF790BF2DE9F04FBD
:10D1B00003690F69BB4283B0C0F28680013F01F171
:10D1C000140900F1140A59F827205AF82730BC0036
:10D1D0000132B3FBF2F80AEB0403009409EB040BF1
:10D1E0000193B8F1000F38D000252E46CE46D44624
:10D1F0005EF8044BDCF80030A2B208FB0255220CAA
:10D200002C0C08FB0242ADB2751B96B2C6EB13465E
:10D2100015FA83F306EB23469BB243EA0643F34534
:10D220004FEA12454CF8043B4FEA2646E0D2009BF9
:10D230005AF803308BB9019A131F9A450CD252F851
:10D24000043C4BB9A2F1080302E01A68043B1AB986
:10D250009A4507F1FF37F8D30761044601F0F2FB66
:10D2600000282DDB08F101085546002359F8041B5E
:10D2700028688AB29A1A0B0C12FA80F2C3EB104398
:10D2800003EB224392B242EA0342CB4545F8042B1A
:10D290004FEA2343EAD25AF827200AEB87037AB9E8
:10D2A0001A1F92450BD253F8042C42B9083B02E0F6
:10D2B0001A68043B1AB99A4507F1FF37F8D327617A
:10D2C000404603B0BDE8F08F002003B0BDE8F08F0A
:10D2D0002DE9F04F016C97B014461D468346CDE909
:10D2E000024549B1426C4A60012393408B6001F0D2
:10D2F000B9F90023CBF840302E1E239AB4BF012386
:10D3000000231360784BBCBF26F000460396B3435E
:10D3100000F0A880DDE9028900220023404649464A
:10D32000CBF7B2FD054678B1229A01231360249B06
:10D33000002B00F0C4806D4B249A1360013B0493D2
:10D34000049817B0BDE8F08F14AA15ABCDE90032F0
:10D35000584642464B4601F007FC340D824640F0E9
:10D36000A380DDE914542C4404F23243202B40F313
:10D370001384C3F140039E40029B04F2124023FA3F
:10D3800000F03043C9F70CFE01238046013CA1F1B7
:10D39000F87912930022564B40464946C9F7C2FC21
:10D3A0004BA3D3E90023C9F775FE4BA3D3E90023B0
:10D3B000C9F7BAFC064620460F46C9F701FE48A346
:10D3C000D3E90023C9F766FE02460B4630463946CC
:10D3D000C9F7AAFC06460F46CBF79EFD0022059032
:10D3E000002330463946CBF759FD002840F06C82C7
:10D3F000059E162E00F25D823E4B03EBC603D3E979
:10D400000001DDE90223CBF767FD002800F0C083AF
:10D41000731E059300230A932C1B059BB4F101088E
:10D4200046BFC4F101094FF000084FF00009002B7E
:10D43000C0F242829844099300230893209B092B51
:10D4400060D8052B40F3A683043B20930025209B46
:10D45000023B032B00F28984DFE813F0C503A50328
:10D46000CF03E604229A42F20F731360029B7BB94A
:10D47000C6F3130666B9249B002B00F00E861E4BE4
:10D4800004930833249A0498136017B0BDE8F08F12
:10D49000249B2BB9194B0493049817B0BDE8F08F67
:10D4A000164B04930333EDE7C9F3130343F07F599D
:10D4B0001295A4F2FF3449F44019149D6AE7104B09
:10D4C0000493049817B0BDE8F08F00BFAFF300805D
:10D4D00061436F63A787D23FB3C8608B288AC63F7A
:10D4E000FB799F501344D33F0000F07FED560408B2
:10D4F0000000F83F78570408305704083C570408E8
:10D50000EC5604084FF0FF340125CDE90645002311
:10D51000209321930021CBF844100B94584601F03E
:10D520007BF80E2C0490CBF8400000F2F780002D21
:10D5300000F0F4809DED027B059900298DED0C7BB8
:10D5400040F3D183C14B01F00F0203EBC20393ED13
:10D55000007B0C11E3068DED027B40F18684BC4B11
:10D56000DDE90C01D3E90823C9F7BEFECDE90E01C0
:10D5700004F00F0403267CB1DDE90201B44DE70796
:10D5800004D5D5E90023C9F785FD0136641005F1FE
:10D590000805F4D1CDE90201DDE90223DDE90E0140
:10D5A000C9F7A2FECDE902010A9B43B10022A94BB3
:10D5B000DDE90201CBF772FC002840F0E984304637
:10D5C000C9F7FEFCDDE90223C9F764FDA24B002286
:10D5D000C9F7AAFB069B0646A1F15077002B00F085
:10D5E0000884059B1393069B0E93DDE90201CBF79C
:10D5F00093FC0E9A954B03EBC20313ED027B00F1F3
:10D6000030058DED107BC9F7DBFC02460B46DDE9EA
:10D610000201CDE90267C9F785FB049B064607981E
:10D620005C1CEDB20F46DDE91023002800F04384B6
:10D6300000208A49C9F758FEDDE90223C9F772FBC9
:10D64000049A3B4615703246CDE90201CBF744FC03
:10D65000002840F0ED8432463B4600207D49C9F762
:10D6600061FB02460B46DDE90201CBF735FC0028E1
:10D6700040F0E3840E9901294CD0049ACDF83890FB
:10D680001144CDF84080DDE90289CDF808A08A4632
:10D690000CE000206F49C9F745FB42464B46CBF7EB
:10D6A000FDFB002840F0C78454452DD04046494634
:10D6B00000226B4BC9F7EEFC0022694B804689467D
:10D6C00030463946C9F7E6FC0F460646CBF724FC40
:10D6D0000546C9F775FC02460B4630463946C9F780
:10D6E00021FB3035EDB242464B4604F8015B06465D
:10D6F0000F46CBF7D3FB32463B460028C9D0139BDD
:10D70000DDF808A0059317E2DDF83890DDF84080D9
:10D71000DDF808A0DDE90C34CDE90234159B002BBF
:10D72000C0F2AD80059A0E2A00F3A980474B03EBA7
:10D73000C203D3E90089219B002BC0F2B182DDE94D
:10D74000026742464B4630463946C9F7CDFDCBF716
:10D75000E3FB0546C9F734FC42464B46C9F79AFC41
:10D7600002460B4630463946C9F7DCFA049A05F101
:10D7700030031370069B012B06460F4602F101048D
:10D7800046D00022364BC9F785FC0022002306460E
:10D790000F46CBF779FB002840F0CE81CDF808A0EA
:10D7A000DDF818A0CDF818B0DDF810B00AE0C9F720
:10D7B00071FC0022002306460F46CBF765FB0028CC
:10D7C00040F03C8342464B4630463946C9F78CFD13
:10D7D000CBF7A2FB0546C9F7F3FB42464B46C9F718
:10D7E00059FC02460B4630463946C9F79BFA05F10B
:10D7F000300C04F801CBA4EB0B0CE24506460F46B7
:10D800004FF00002164BD2D1DDF808A0DDF818B0B9
:10D8100032463B4630463946C9F786FA42464B46C1
:10D8200006460F46CBF758FB58B942464B463046A2
:10D830003946CBF729FB002800F07E81EB0740F149
:10D840007B8114F8015C049A12E000BF7857040849
:10D85000505704080000F03F00001C400000E03F6B
:10D86000000024409A4200F01C8313F8015C1C461F
:10D87000392D04F1FF33F5D001351D705CE1079AB5
:10D8800092B3209A012A40F30082069B5F1E089BF8
:10D89000BB42C0F2D882DF1B069B002BC0F2F7828E
:10D8A0004C46984499440121584600F075FF0546BE
:10D8B0001DE001230A93AFE5059BA9EB03095B4239
:10D8C000089300230993B9E5DDF814804046C9F7B1
:10D8D00077FB32463B46CBF7D7FA00287FF488AD7A
:10D8E00008F1FF33059383E5089F079D4C46002C04
:10D8F0000BDDB8F1000F08DD44452346A8BF4346C1
:10D90000A9EB0309E41AA8EB0308089B6BB1079A7B
:10D91000002A00F08C82DE1B002F40F08C815146E3
:10D920003246584600F0E8FF82460121584600F092
:10D9300033FF099A0646002A40F01681209B012BEE
:10D9400040F35E810120404410F01F0000F0078189
:10D95000C0F12003042B40F3A483C0F11C008144D8
:10D9600004448044B9F1000F05DD51464A4658464B
:10D9700001F012F88246B8F1000F05DD314642464B
:10D98000584601F009F806460A9B002B73D1069B06
:10D99000002B40F30782079B002B00F08580002CB2
:10D9A00000F35E81099B002B40F0C681A846029AD5
:10D9B000049F02F001020992069A7B1E1A44079204
:10D9C00031465046FFF7F2FB294681460890504603
:10D9D00001F038F8314602904246584601F04EF8C0
:10D9E000C368044609F130090146002B40F0D58197
:10D9F000504601F027F821460690584600F032FEC6
:10DA0000069B33B9209A22B9099B002B00F0198399
:10DA1000209B029A002AC0F21E8205D1209A1AB9D0
:10DA2000099A002A00F01782002B07F1010400F385
:10DA30002382079B87F80090BB4200F02C8251465E
:10DA400000230A22584600F017FE45458246294623
:10DA50004FF000034FF00A02584600F0988100F0A2
:10DA60000BFE4146054600230A22584600F004FEFC
:10DA700027468046A4E73146504600F0E3FF0028E1
:10DA800085DA059F514600230A225846013F059733
:10DA900000F0F2FD079B8246002B40F0E2820B9BD8
:10DAA000002B40F3EA820693DDF81080069F44467F
:10DAB00002E000F0E1FD824631465046FFF776FB7A
:10DAC00000F1300904F8019BA4EB08039F424FF0DA
:10DAD0000A024FF0000351465846EADC0023029345
:10DAE00051460122584600F057FF3146824600F069
:10DAF000A9FF002814F8012C40F3B980049905E02F
:10DB0000994200F05C8113F8012C1C46392A04F17B
:10DB1000FF33F5D001321A703146584600F0A2FDAD
:10DB200055B1029921B1A94202D0584600F09AFDA0
:10DB30002946584600F096FD5146584600F092FDA1
:10DB40000022059B2270229A01331360249B002B34
:10DB50003FF4F6AB04981C6017B0BDE8F08F1C20B2
:10DB6000814404448044FDE60146584600F0C4FE6A
:10DB7000209B012B064640F3F38000230993336971
:10DB800006EB8303186900F0B7FDC0F12000DAE668
:10DB90000A9041E401255AE4C3F12006029B03FAEE
:10DBA00006F0FFF7EFBB00230793059B219A134470
:10DBB0000B930133012B1E460693B8BF01260021AB
:10DBC000172ECBF84410069C7FF7A8AC0122042343
:10DBD0005B0003F11400B042114602F10102F7D9D3
:10DBE000CBF844109AE400230793219B002B40F3C9
:10DBF000ED800B9306931E46E1E701230793F4E7BC
:10DC0000029B002B7FF49EAEDDE90212C2F31303E8
:10DC1000002B40F0998122F000431B0D1B0523B11E
:10DC200009F1010908F101080123099A0993002A61
:10DC30003FF488AEA3E73A462946584600F05CFE1A
:10DC4000524601460546584600F0B0FD514607468B
:10DC5000584600F007FDBA46002E3FF466AE5EE679
:10DC600029462246584600F097FE05469AE607D117
:10DC700019F0010F7FF442AF02E014F8022C1C46A9
:10DC8000302A04F1FF33F8D046E7129A002A00F058
:10DC9000538103F233434C4698449944089F02E66B
:10DCA000069B002B3FF74BAD40F0BB800022B24BF0
:10DCB00040464946C9F7EEF9DDE90223CBF702F900
:10DCC000069E3546002875D1059A01320592049AC0
:10DCD00031231370541C3146584600F0C3FC002D0C
:10DCE0007FF426AF28E700F03F81059B5C42A34B01
:10DCF00004F00F0203EBC203D3E90023DDE90C01BA
:10DD0000C9F7C8F92411CDE9020100F0BB819C4D8F
:10DD100000230226E20705D5D5E90023C9F7BAF9A1
:10DD200001360123641005F10805F3D1002B3FF4FF
:10DD30003BACCDE9020137E46968584600F06CFC61
:10DD40002B6902339A00044605F10C010C30CAF726
:10DD5000AFFD21460122584600F01EFE804626E611
:10DD6000029B002B3FF450AF07E70024CBF8444060
:10DD70002146584600F050FC4FF0FF330B930693BA
:10DD8000012304902194CBF840000793C6E400F0EF
:10DD900073FC27460546804612E6584600F062FCB2
:10DDA000012336E6209B022B7FF7F5AD069B002B67
:10DDB00000F0CC80219B049CDB4305938BE7059A04
:10DDC00001320592049A31231370A5E601242194AF
:10DDD0000694FFF79FBB3046C9F7F2F8DDE902234E
:10DDE000C9F758F90022674BC8F79EFF0646A1F114
:10DDF00050770022604BDDE90201C8F793FF3246FD
:10DE00003B4604460D46CBF767F8002846D132461C
:10DE100007F1004320462946CBF740F800283FF49D
:10DE200079AC00263546C5E701230793BDE6514688
:10DE3000089A584600F060FD824676E5DDF808A0B5
:10DE4000DDF818B078E6089B099AFB1A1A44CDE968
:10DE50000872002720E5002B07F1010400F3BC80C5
:10DE6000029587F80090454656E69DED0C7B02260C
:10DE70008DED0E7BFFF77FBBB9F1390F00F0BE804F
:10DE800009F10109029587F80090454644E6069B92
:10DE9000A9EB030407E50295454621E60026354631
:10DEA00012E7049A30231370059B14F8015C0133C8
:10DEB00005931346E0E4DDE90201C9F7EBF8049BA2
:10DEC0001D700E9B012BCDE9020123D00E9B049AFD
:10DED000CDF838901344C146984600222A4B30466C
:10DEE0003946C9F7D7F80F460646CBF715F8054669
:10DEF000C9F766F8303502460B4630463946C8F752
:10DF000011FF04F8015B444506460F46E5D1C846BB
:10DF1000DDF838901D4B0022DDE90201C8F704FF4F
:10DF200032463B46CAF7BAFF00286DD0139B0593D3
:10DF300014F8015C049A9BE4149B089FC3F1360318
:10DF40004C4698449944AEE400236EE631460522DF
:10DF5000584600F091FB01460646504600F072FD1F
:10DF600000283FF7B1AE25E79DED0C7B02268DED35
:10DF7000027BFFF719BB00BF00001440785704086C
:10DF80005057040800001C40000024400000E03FFF
:10DF9000069B002B3FF41FAF0B9C002C7FF7BAAB06
:10DFA0000022424BDDE90201C9F774F8CDE9020114
:10DFB000701CC9F705F8DDE90223C9F76BF83C4B83
:10DFC0000022C8F7B1FE059B0E94013B0646A1F165
:10DFD00050771393FFF709BB51460122584600F0D2
:10DFE000DBFC3146824600F02DFD002832DDB9F120
:10DFF000390F03D0089B03F1310931E7392202952B
:10E000003A704546049981E5DDE90223002029495B
:10E01000C8F788FE32463B46CAF75EFF10B9FFF7E5
:10E0200079BB144614F8013C302B04F1FF32F8D0D0
:10E03000139B059380E5DDF808A0139B0593049AD4
:10E0400016E4B9F1390F07F10104D7D0029B002B78
:10E05000D0DC05E77FF404AF19F0010F3FF400AF07
:10E06000C5E7294600230A22584600F005FB0B9B12
:10E07000002B054609DD069391E4209B022B09DC69
:10E080000B9B10E50226FFF78FBA209B022B01DCC9
:10E090000B9BF0E70B9B069388E6074B0493FFF777
:10E0A0004FB93FF45FACC0F13C0059E5000024409B
:10E0B00000001C400000E03F30570408B1F90C306C
:10E0C0009AB22DE9F0410C461107804644D46268AB
:10E0D00043F40063002AA38159DDA56A002D53D0C3
:10E0E00000229BB2D8F80060E169C8F8002013F460
:10E0F000805240F0838001234046A847421C4AD00A
:10E10000A389A56AE1695B0705D56268236B801A5C
:10E110000BB1E36BC01A024600234046A847471CD8
:10E1200045D0B4F90C302269226023F40063002248
:10E13000A381DB04626000D52065216BC8F8006014
:10E1400011B304F14003994202D04046FBF7A8F90D
:10E1500000202063BDE8F0812669AEB12568266005
:10E1600092070CBF63690023AD1BA3600AE02B4636
:10E170003246676AE1694046B8470028A5EB0005CA
:10E1800006442BDD002DF2DC0020BDE8F081E26BBF
:10E19000002AA2DCF8E7D8F80030002BB0D01D2B05
:10E1A00001D0162B2CD1C8F800600020EDE7D8F87C
:10E1B00000101D291AD8154BB4F90C20CB40DB43B5
:10E1C00013F0010314D1256922F40062C4E900535D
:10E1D000D504A281B1D50029AFD1ADE7A38943F021
:10E1E0004003A3814FF0FF30BDE8F081B4F90C206B
:10E1F00042F04002A2814FF0FF30C6E7206D82E777
:10E20000A38943F04003A381BFE700BF0100402082
:10E2100038B50D46044608B1836BA3B1B5F90C00BF
:10E22000B8B16B6EDB0701D481051AD520462946AB
:10E23000FFF744FF6B6EDA07044602D4AB899B05F7
:10E240000AD5204638BD00F03FF8B5F90C0000288B
:10E25000E7D10446204638BDA86DFBF721FC2046D7
:10E2600038BDA86DFBF71AFCE0E700BF10B500232E
:10E2700004468181C281C0E9003383604366C0E9FE
:10E2800004338361194608225C30FBF755FF0748C9
:10E290000749084A084BE362C4E90740C4E9091288
:10E2A00004F15800BDE81040FBF7F4BB89EC03080B
:10E2B000ADEC0308E9EC030809ED0308014900F09F
:10E2C000D7B800BF61EF030810B504461248FBF74A
:10E2D000E5FBA26BD2B904F53B731048C4F8E832F1
:10E2E0000321C4F8E022E063C4F8E412606804216A
:10E2F000FFF7BCFF01220921A068FFF7B7FF022248
:10E300001221E068FFF7B2FF0123A3630248BDE8D2
:10E310001040FBF7C5BB00BF74670120BDE20308D6
:10E320000148FBF7BBBB00BF886701200148FBF732
:10E33000B7BB00BF8867012038B50A4C0A4D641B83
:10E34000A4100AD004F18043013B05EB8305013C96
:10E3500055F804399847002CF9D1BDE8384000F051
:10E360000FBF00BF345C0408305C04082DE9F0479F
:10E3700082B081468846144600F0A4F8012803D1F3
:10E3800008F1FF33FE2B33D9424604F15C0301A9A7
:10E39000484600F069FD421C06462FD020B39DF888
:10E3A00004C000250DF1040A09E023685A1C22600C
:10E3B00083F800C00135B54216D215F80AC0A3682B
:10E3C000013B002BA360F0DAA769BB4261462246FD
:10E3D000484602DBBCF10A0FE7D1FEF7A3FD431C60
:10E3E000E8D102B0BDE8F087404602B0BDE8F08752
:10E3F0005FFA88FC06468DF804C0D2E7A38943F093
:10E400004003A38102B0BDE8F08700BF30B50546E8
:10E41000506EB2F90C30C007144683B09AB201D4E2
:10E4200090051CD5900406D4626E43F4005342F468
:10E430000052A381626628462246FFF797FF636E6B
:10E44000DA07054602D4A3899B0502D5284603B006
:10E4500030BDA06DFBF724FB284603B030BDA06D96
:10E460000191FBF71BFBB4F90C3001999AB2D9E783
:10E470002DE9F84310F538771FD0884606464FF04F
:10E480000009D7E90154013D11D4A389012B05F1FD
:10E49000FF352146304606D9B4F90E30013302D09B
:10E4A000C04749EA00096B1C04F16804EDD13F68DC
:10E4B000002FE6D14846BDE8F883B9464846BDE896
:10E4C000F88300BF044B054A1B685B6B002B08BF39
:10E4D000134693F828017047CC0000200C09002057
:10E4E000044A054B1268506B002808BF1846F030EC
:10E4F000704700BFCC0000200C09002070B50C460E
:10E50000B1F90E10002996B015461E460FDAA28901
:10E51000002312F08000336004D14FF480632B603D
:10E5200016B070BD402218462A6016B070BD6A460B
:10E5300000F07EFD0028EADB019B03F47043A3F5A5
:10E540000053B3FA83F35B094FF480624FF4006029
:10E5500033602A6016B070BD8A8992070B4606D5D3
:10E5600001F1430201211A60C3E90421704770B52B
:10E5700082B001AB6A460C460546FFF7BFFF009923
:10E5800006462846FBF79EFAB4F90C30D8B1164976
:10E59000E963019A0099206043F08003A381C4E9F4
:10E5A00004011AB93343A38102B070BD2846B4F9FF
:10E5B0000E1000F051FDA0B1A38923F0030343F036
:10E5C00001031BB2EEE79A05EED423F0030304F136
:10E5D000430243F002030121A3812260C4E9042124
:10E5E000E2E7B4F90C30DDE7BDE2030882B049B1DF
:10E5F0005AB16BB113780B601278101C18BF012050
:10E6000002B0704701A9002AF3D1104602B070474A
:10E610006FF00100F4E700BFC36C70B505460C460F
:10E620004BB153F8240080B1026843F82420002342
:10E63000C0E9033370BD2122042100F04BFC0346E6
:10E64000E8640028EDD1002070BD012101FA04F634
:10E65000721D2846920000F03DFC0028F3D0C0E96E
:10E660000146E4E731B1C36C4A6853F82200086000
:10E6700043F82210704700BFF0B50C6983B00D4617
:10E68000064601F1140C0027DCF8000081B202FB01
:10E690000133010C180C02FB01019BB2013703EBA3
:10E6A0000143BC424CF8043B4FEA1143ECDC3BB164
:10E6B000AA68A24207DD05EB8402013453612C6194
:10E6C000284603B0F0BD6968019301313046FFF779
:10E6D000A3FF2A69023205F10C01074692000C30B3
:10E6E000CAF7E6F8F26C6968019B52F821002860CD
:10E6F00042F821503D46DEE7020C12040346C2B93F
:10E700000304102013F07F4F04BF1B02083013F0E6
:10E71000704F04BF1B01043013F0404F04BF9B0037
:10E720000230002B04DB5B0001D501307047202054
:10E7300070470020E6E700BF036813F007020146B8
:10E7400007D0DA071FD498071FD55B080B6001209C
:10E75000704798B2A0B1104613F0FF0F04BF1B0A18
:10E7600008301A0704BF1B0904309A0704BF9B082E
:10E770000230DA0702D45B080BD001300B6070471F
:10E780001B0C1020E8E7002070479B080B6002205C
:10E7900070472020704700BF10B50C460121FFF7DD
:10E7A0003BFF0122C0E9042410BD00BF2DE9F04F5A
:10E7B0000E691469A64283B00F46154604DA324644
:10E7C0002F4626460D461446D7E9011306EB0408EA
:10E7D0004345B8BF0131FFF71FFF00F1140909EBF2
:10E7E000880EF145009005D24B46002243F8042BD9
:10E7F0009E45FBD805F1140A0AEB840407F11403C3
:10E80000A24503EB860C61D2641B153C24F0030483
:10E81000CDF804E0A24405F110029E4605E02D0C5F
:10E820002BD1924509F104094ED052F8045F1FFA2A
:10E8300085FBBBF1000FF2D077464E46002000E08A
:10E84000264657F8041B34688BB2A5B2090C240C79
:10E850000BFB035303440BFB014000EB1340344616
:10E860009BB243EA0043BC454FEA104044F8043BE6
:10E87000E6D8706015682D0CD3D0D9F800307646F4
:10E880001846CB46002100E0A3463488000C05FB67
:10E89000040001449BB25C4643EA014344F8043B54
:10E8A00056F8043BDBF804001B0C87B205FB03732E
:10E8B00003EB1143B4454FEA1341E5D89245CBF839
:10E8C000043009F10409B0D1DDF804E0B8F1000F1B
:10E8D0000BDD5EF8043CAEF1040E1BB105E05EF802
:10E8E000043D13B9B8F10108F9D10098C0F81080BF
:10E8F00003B0BDE8F08F00BF12F003032DE9F04133
:10E90000144607462ED10D46A4101CD0BE6C96B3FB
:10E91000E3074FF0000806D4641014D03068A8B1A3
:10E920000646E307F8D5324629463846FFF73EFF4C
:10E93000B5B16A68FB6C641053F82210296043F883
:10E9400022500546EAD12846BDE8F08132463146DC
:10E950003846FFF72BFF3060C0F800800646E0E73E
:10E960000546D9E7013B0B4A52F823200023FFF765
:10E9700083FE0546C8E701213846FFF74DFE40F209
:10E98000712343610122002302610646B8640360DB
:10E99000BEE700BF405804082DE9F04791460A69D8
:10E9A0000E464FEA6914D1E9011304EB020808F19D
:10E9B00001059D42074604DD5B009D4201F1010116
:10E9C000FADC3846FFF728FE002C00F1140337DD8F
:10E9D00003EB8401002243F8042B8B42FBD1346902
:10E9E00006F1140319F01F0903EB840C20D0C9F1C0
:10E9F000200E002200E051461C688A4604FA09F401
:10EA000014434AF8044B53F8042B634522FA0EF2E0
:10EA1000F1D34A600AB108F10205FB6C7268013D4E
:10EA200053F822100561316043F82260BDE8F08799
:10EA3000043953F8042B41F8042F9C45F9D8ECE72E
:10EA40001946CCE730B40B6905460069C01A0FD1EE
:10EA50009B001435143119442B4401E09D4207D228
:10EA600053F8044D51F8042D9442F7D002D30120FD
:10EA700030BC70474FF0FF30FAE700BF2DE9F0419E
:10EA800013690D69ED1A002D0E46904601F114042C
:10EA900002F1140714D19B00E2183B4401E0A242AA
:10EAA00059D952F804CD53F8041D8C45F7D009D23A
:10EAB000224633463C46464617469846012501E025
:10EAC000F6DB00257168FFF7A7FDD8F8103036692E
:10EAD000C56007EB830EBC4600F1140504EB860706
:10EAE00000235CF8041B54F8048B8AB213FA88F3F1
:10EAF000090C9A1AC1EB184303EB224392B242EA83
:10EB00000342E64545F8042B4FEA2343E9D8A742E0
:10EB100017D9AE46A4465CF8042B13FA82F31914F5
:10EB200001EB12419BB243EA014267454EF8042BC8
:10EB30004FEA2143EFD8E443274427F00307043783
:10EB40003D44043D22B955F8043D013E002BFAD066
:10EB50000661BDE8F0810021FFF75EFD0122002380
:10EB6000C0E90423BDE8F0812DE9F04383B0012121
:10EB70001F4616460A9DFFF74FFDC7F30A5481460C
:10EB8000C7F313030CB143F48013002E019323D079
:10EB900002A840F8086DFFF7CFFD002835D1DDE968
:10EBA0000023C9F81420002B0CBF01210221C9F851
:10EBB0001830C9F81010DCB909EB8103A0F232401B
:10EBC00028601869FFF798FD0B9BC0EB4110186097
:10EBD000484603B0BDE8F08301A8FFF7ADFD019BF7
:10EBE000C9F8143001212030C9F81010002CE3D0EE
:10EBF000A4F2334808EB00032B600B9BC0F13500F7
:10EC00001860484603B0BDE8F083DDE90013C0F1A9
:10EC1000200203FA02F20A43C3400193C9F8142008
:10EC2000C1E700BFDFF85CC0F8B521F00043002762
:10EC3000634504460D46164617601EDC844653EABB
:10EC40000C0C1AD0B3F5801F0A4609DA00220C4BCF
:10EC5000C8F720FA6FF0350704460A4621F0004352
:10EC600022F0FF421B1522F4E002A3F2FE3342F031
:10EC70007F553B4445F40015336020462946F8BDD6
:10EC800000005043FFFFEF7F10B50C46B1F90E10A6
:10EC900000F00AFA002803DB236D0344236510BD4E
:10ECA000A38923F48053A38110BD00BF2DE9F04157
:10ECB0001646B1F90C201F46D3050C460546B1F99E
:10ECC0000E1007D50022022300F0D8F9B4F90C2069
:10ECD000B4F90E1022F48052A2813B4632462846F7
:10ECE000BDE8F041FEF776B910B50C46B1F90E104B
:10ECF00000F0C4F9A389421C0EBF23F4805343F4EF
:10ED000080532065A38110BDB1F90E1000F016B933
:10ED100040EA01039B0770B42AD1032A28D90C4684
:10ED20000346214654F8046BA6F1013525EA060591
:10ED300015F0803F06D1043A032A43F8046B2146BC
:10ED4000EFD89AB10C781C70013A01333CB16AB12A
:10ED500011F8014F03F8014B013A002CF7D12AB109
:10ED60001A44002103F8011B9342FBD170BC704789
:10ED70000346E6E72DE9F04F936883B09046002BF9
:10ED80006CD017688D6882460C460868083742E0E8
:10ED9000A38913F4906F2DD0D4E9041505EB450534
:10EDA000A0EB010B05EBD575701C6D105844A84203
:10EDB0002A4684BF05462A465B0536D5114650468D
:10EDC000FAF780FE00283AD05A4621690190C9F727
:10EDD0006FFDA289019B22F4906242F08002A28121
:10EDE000A5EB0B0203EB0B00656123612060A260C1
:10EDF0003546B3465A464946FBF73AF9D8F8083043
:10EE0000A2682068551B58449E1BA5602060C8F866
:10EE100008601EB3083757E90296AB46002EF9D0BA
:10EE2000AE42B5D23546B346E4E75046FBF71AFA90
:10EE300003460028D4D121695046FAF731FB0C2350
:10EE4000CAF80030A389002243F040034FF0FF309E
:10EE5000A381C8E9012203B0BDE8F08F0020C8F803
:10EE6000040003B0BDE8F08FF0B5114C246885B004
:10EE70000646646B1F4651B10E4D002C08BF2C4650
:10EE8000D4F8E040A047431C0CD005B0F0BD094ABF
:10EE9000002C08BF14460A46D4F8E04001A9A04758
:10EEA000431CF2D100228A233A60336005B0F0BDE2
:10EEB000CC0000200C09002021B1FF2A04D80A70E0
:10EEC00001207047084670478A2303604FF0FF30E7
:10EED000704700BF10B502FB01F1FAF7F3FD0446DD
:10EEE000D8B150F8042C22F00302043A242A1DD889
:10EEF000132A14D900231B2AC0E900331BD9242A62
:10EF0000C0E902330ABFC0E9043300F1100200F186
:10EF100018020023C2E900339360204610BD024668
:10EF20000023C2E900339360204610BD0021FBF7A7
:10EF300003F9204610BD00F10802F1E738B5074C8F
:10EF4000002305460846236000F0C4F8431C00D0A7
:10EF500038BD2368002BFBD02B6038BD8C670120A7
:10EF600070B5002948D005460C4610B1836B002BC4
:10EF700048D0626EB4F90C30D00740D4990530D532
:10EF800021462846FFF79AF8E36A064633B1E1695D
:10EF9000284698470028B8BF4FF0FF36A3891A06C5
:10EFA0003CD4216B41B104F14003994202D0284680
:10EFB000FAF776FA00232363616C21B12846FAF749
:10EFC0006FFA00236364FFF7ABF9636E0022DB077F
:10EFD000A2811FD5A06DFAF75FFDFFF7A7F93046B4
:10EFE00070BDA06DFAF75AFDB4F90C30002BC7D1F3
:10EFF000666E16F0010616D00026304670BD002B56
:10F00000FAD0BDE7FFF760F9626EB4F90C30D007B3
:10F01000F5D4B3E7A06DFAF743FDDBE72169284695
:10F02000FAF73EFABDE7A06DFAF73AFD304670BD3B
:10F0300038B50B46074C0546114618460023236099
:10F0400000F050F8431C00D038BD2368002BFBD0E3
:10F050002B6038BD8C67012038B5074C002305466E
:10F060000846236000F04EF8431C00D038BD2368EA
:10F07000002BFBD02B6038BD8C67012070B50D468E
:10F08000084C114606461A4628460023236000F025
:10F0900049F8431C00D070BD2368002BFBD03360BF
:10F0A00070BD00BF8C67012070B50D46084C11463D
:10F0B00006461A4628460023236000F03BF8431C0E
:10F0C00000D070BD2368002BFBD0336070BD00BF43
:10F0D0008C670120024B58221A604FF0FF307047B6
:10F0E0008C670120024B58221A604FF0FF307047A6
:10F0F0008C670120024B58221A604FF0FF30704796
:10F100008C670120024B58221A600020704700BF14
:10F110008C670120024B58221A604FF0FF30704775
:10F120008C670120024B58221A604FF0FF30704765
:10F130008C670120024B58221A604FF0FF30704755
:10F140008C670120044A05491368002B08BF0B4651
:10F150001844106018467047E86401209067012049
:10F16000024B58221A604FF0FF3070478C67012025
:10F17000FEE700BFF8B500BFF8BC08BC9E4670476C
:0CF18000F8B500BFF8BC08BC9E46704704
:10F19000140000000B0000002F0000000E00000013
:10F1A0000A00000000000000120000001C00000027
:10F1B0000D00000006000000020000002900000011
:10F1C0002C000000050000000300000011000000FA
:10F1D000240000002E0000001A0000000F000000B4
:10F1E0001D00000027000000190000000C000000B6
:10F1F00013000000180000000700000026000000B7
:10F20000250000001E000000090000002B00000087
:10F21000040000001F00000016000000170000009E
:10F220002300000010000000200000002A00000061
:10F23000080000000100000028000000210000007C
:10F24000150000001B000000220000002D0000003F
:10F2500000000000FFFFFFFFFFFFFFFF00000000B6
:10F26000010000000000000000000000010000009C
:10F27000FFFFFFFFFFFFFFFF01000000FFFFFFFF99
:10F28000FFFFFFFF0100000001000000010000007F
:10F290007400000084490408030000008449040845
:10F2A00003000000000000000000000061000000FA
:10F2B000B04C04080E000000B04C04080E00000022
:10F2C000C04C04080900000062000000CC4C040897
:10F2D00011000000CC4C040811000000E04C0408B0
:10F2E0000C00000073000000F04C04080B0000004C
:10F2F000FC4C040846000000E04C04080C00000030
:10F3000069000000444D04080C000000544D04083E
:10F3100031000000884D04080D0000006F0000005F
:10F32000984D04080C000000A84D040831000000AE
:10F33000DC4D04080D00000064000000EC4D0408E2
:10F340000D000000FC4D040832000000304E04089F
:10F350000E000000405004080B000000405004085C
:10F360000B000000000000004C50040804000000E6
:10F370005450040807000000070000005C50040817
:10F3800004000000645004080400000000000000B5
:10F390006C500408060000006C50040806000000D1
:10F3A00008000000745004080B00000074500408AA
:10F3B0000B00000008000000805004080500000059
:10F3C0008050040805000000080000008850040870
:10F3D0000A000000885004080A000000080000002D
:10F3E000945004080D000000945004080D00000023
:10F3F00000000000A450040803000000A45004080A
:10F400000300000001000000A85004080C000000E8
:10F41000B8500408080000000200000000000000CE
:10F4200000000000000000000000000000000000DC
:10F43000C450040804000000C45004080400000084
:10F4400003000000CC5004080D000000CC5004085C
:10F450000D00000004000000DC500408080000005B
:10F46000DC5004080800000000000000E850040818
:10F4700011000000E8500408110000000000000026
:10F48000000000000000000000000000000000007C
:10F49000000000000000000000000000000000006C
:10F4A000000000000000000000000000000000005C
:10F4B000000000000000000000000000FC500408F4
:10F4C00005000000FC5004080500000000000000DA
:10F4D000045104080E000000045104080E0000004E
:10F4E000000000000000000000000000000000001C
:10F4F0000000000000000000145104080400000097
:10F500001451040804000000090000001C51040804
:10F51000070000005C500408040000000000000028
:10F520002451040809000000C4500408040000002D
:10F53000050000003051040812000000305104089A
:10F540001200000006000000AC4B0408030000009D
:10F55000AC4B040803000000000000004451040804
:10F5600009000000445104080900000000000000E8
:10F57000505104080900000050510408090000001F
:10F58000000000005C5104080A0000005C510408FF
:10F590000A00000000000000685104080400000098
:10F5A00068510408040000000800000070510408BD
:10F5B000080000007051040808000000000000006E
:10F5C0007C510408080000007C5104080800000079
:10F5D0000000000088510408110000008851040850
:10F5E0001100000000000000404E0408444E0408D2
:10F5F0000200000002000000484E04084C4E0408BF
:10F600000100000002000000504E0408744C040881
:10F610000200000002000000544B0408544E04088D
:10F620000100000001000000584E0408544E040878
:10F6300001000000020000005C4E0408604E040857
:10F6400008000000010000006C4E0408604E040831
:10F650000800000001000000704E0408744E040809
:10F660000A0000000200000064490408804E0408FB
:10F670000200000002000000844E0408884E0408C6
:10F6800001000000020000008C4E0408904E0408A7
:10F690000100000001000000944E0408984E040888
:10F6A00002000000020000009C4E0408A04E040866
:10F6B0000900000001000000AC4E0408B04E040830
:10F6C0000C00000002000000C04E0408C44E0408F4
:10F6D0000100000001000000C84E0408CC4E0408E0
:10F6E0000700000001000000D44E0408D84E0408B2
:10F6F00002000000020000006849040808500408E5
:10F700000100000002000000DC4E0408E04E040886
:10F710000100000002000000E44E0408E84E040866
:10F720000200000002000000EC4E0408F04E040845
:10F730000100000002000000F44E0408F84E040826
:10F740000200000002000000FC4E0408AC4B04085C
:10F750000300000003000000004F0408AC4B040845
:10F760000300000003000000044F0408AC4B040831
:10F770000300000002000000084F0408AC4B04081E
:10F7800003000000020000000C4F0408104F0408A2
:10F7900002000000020000005C4B0408AC490408B1
:10F7A0000200000001000000144F0408844D04080A
:10F7B0000100000002000000644B0408CC4904086A
:10F7C0000200000002000000184F04081C4F04084B
:10F7D000030000000200000070500408204F0408DD
:10F7E0000200000002000000A0490408244F0408A1
:10F7F0000B00000001000000304F0408344F0408E3
:10F800000200000002000000384F04083C4F0408CA
:10F810000100000002000000404F0408444F0408AB
:10F820000200000002000000484F04084C4F04088A
:10F830000200000002000000504F0408544F04086A
:10F840000100000002000000584F0408C44E0408E4
:10F8500001000000020000005C4F0408604F040833
:10F860000200000001000000644F0408684F040813
:10F870000500000003000000704F0408744F0408E6
:10F88000020000000200000040510408544F040828
:10F890000100000001000000784F04087C4F0408BC
:10F8A0000100000001000000804F0408844F04089C
:10F8B0000300000003000000884F04088C4F040878
:10F8C0000200000002000000904F0408944F04085A
:10F8D0000200000002000000BC4C0408984F04081D
:10F8E00001000000020000009C4F0408A04F040823
:10F8F0000200000002000000A44F0408A84F040802
:10F900000100000002000000AC4F0408B04F0408E2
:10F910000300000002000000B44F0408B84F0408C0
:10F920000200000001000000BC4F0408A84F0408BA
:10F9300001000000010000006C490408C04F0408E9
:10F94000020000000200000070490408C44F0408CF
:10F950000100000003000000C84F0408CC4F040859
:10F960000200000002000000D04F0408D44F040839
:10F970000300000002000000D84F0408DC4F040818
:10F980001000000002000000F04F0408F44F0408CB
:10F990000100000002000000F84F0408FC4F0408BA
:10F9A0000200000002000000604904080050040842
:10F9B0000900000001000000584B04080050040832
:10F9C00009000000010000000C5004081050040859
:10F9D0000B000000020000007C4E04081C500408CC
:10F9E0000700000001000000245004081C50040817
:10F9F0000700000001000000285004082C500408F3
:10FA000005000000000000003450040838500408CD
:10FA100006000000010000000000000000000000DF
:10FA200000000000000000000000000000000000D6
:10FA3000718F0008858F0008136A0208B18F0008D3
:10FA4000698F00086F8F0008ED6402089565020851
:10FA5000956402086B8F00086D8F0008000000009D
:10FA600000000000BB8F0008BB8F0008B58F0008A6
:10FA7000BD8F0008FCFFFFFF00000000B78F0008EB
:10FA8000CB8F00080000000000000000F38F00088A
:10FA9000F38F0008ED8F0008F58F0008FCFFFFFFD3
:10FAA00000000000EF8F0008039000080000000035
:10FAB00000000000299000083D900008136A020829
:10FAC00069900008698F000827900008ED6402081B
:10FAD00095650208956402086B8F00086D8F000819
:10FAE000259000080000000000000000A147020867
:10FAF000194802082D480208494802089990000850
:10FB0000AF90000883900008899000088590000855
:10FB1000DD4A0208759000087D47020877900008CA
:10FB200041480208B1530208E9470208C54C0208DF
:10FB3000B9470208FD48020800000000000000006C
:10FB400059910008919100085B9100087991000893
:10FB50007479706564546578747320213D20302079
:10FB60002626202254797065645465787420646177
:10FB700074616261736520686173206E6F742062C6
:10FB800065656E20696E697469616C697A65642E59
:10FB900022004D6964646C6577617265732F5354FC
:10FBA0002F746F7563686766782F6672616D65770D
:10FBB0006F726B2F696E636C7564652F746F7563FC
:10FBC000686766782F5479706564546578742E6818
:10FBD0007070000000000000000000005591000857
:10FBE0009F910008136A020857910008698F000866
:10FBF00053910008ED6402089565020895640208B7
:10FC00006B8F00086D8F0008636F6E737420746FC4
:10FC10007563686766783A3A466F6E742A20746F27
:10FC20007563686766783A3A5479706564546578A4
:10FC3000743A3A676574466F6E74282920636F6E54
:10FC40007374000000000000000000002D94000804
:10FC5000659400082F9400084D94000800000000EF
:10FC6000000000002994000873940008136A020839
:10FC70002B940008698F000853910008ED64020876
:10FC800095650208956402086B8F00086D8F000867
:10FC90002590000800000000000000009996000870
:10FCA000FF9600089B960008BB9600080000000025
:10FCB00000000000A1470208194802082D48020868
:10FCC00049480208814B0208AF9000088796000857
:10FCD000EF96000885900008DD4A0208759000083C
:10FCE0007D4702087790000841480208B153020896
:10FCF000E9470208C54C0208B9470208FD48020856
:10FD0000000000000000000097960008E19600083F
:10FD1000899600087F960008819600080D970008D4
:10FD2000839600080000000000000000959600087F
:10FD3000D39600081D9700088F960008919600083A
:10FD4000939600088396000873697A656F66285356
:10FD5000637265656E5479706529203C3D20686545
:10FD600061702E73637265656E53746F726167653F
:10FD70002E656C656D656E745F73697A65282920E0
:10FD8000262620225669657720616C6C6F6361744A
:10FD9000696F6E206572726F723A20436865636B9B
:10FDA000207468617420616C6C20766965777320BB
:10FDB00061726520616464656420746F2046726FAF
:10FDC0006E74656E64486561703A3A566965775439
:10FDD0007970657322004D6964646C657761726542
:10FDE000732F53542F746F7563686766782F66722C
:10FDF000616D65776F726B2F696E636C7564652FCB
:10FE00006D76702F4D56504170706C6963617469E6
:10FE10006F6E2E6870700073697A656F6628507215
:10FE20006573656E7465725479706529203C3D2058
:10FE3000686561702E70726573656E746572537457
:10FE40006F726167652E656C656D656E745F736951
:10FE50007A652829202626202250726573656E74E3
:10FE6000657220616C6C6F636174696F6E2065727E
:10FE7000726F723A20436865636B20746861742006
:10FE8000616C6C2070726573656E7465727320614D
:10FE9000726520616464656420746F2046726F6EC1
:10FEA00074656E64486561703A3A50726573656E48
:10FEB0007465725479706573220073697A656F6630
:10FEC000285472616E735479706529203C3D206816
:10FED0006561702E7472616E736974696F6E5374AC
:10FEE0006F726167652E656C656D656E745F7369B1
:10FEF0007A65282920262620225472616E7369743F
:10FF0000696F6E20616C6C6F636174696F6E2065E0
:10FF100072726F723A20436865636B207468617413
:10FF200020616C6C207472616E736974696F6E739A
:10FF30002061726520616464656420746F2046727C
:10FF40006F6E74656E64486561703A3A5472616EA2
:10FF5000736974696F6E54797065732200507265AD
:10FF600073656E746572547970652A20746F756359
:10FF7000686766783A3A6D616B655472616E736951
:10FF800074696F6E28746F7563686766783A3A5360
:10FF9000637265656E2A2A2C20746F7563686766C4
:10FFA000783A3A50726573656E7465722A2A2C200D
:10FFB000746F7563686766783A3A4D565048656164
:10FFC00070262C20746F7563686766783A3A5472AD
:10FFD000616E736974696F6E2A2A2C204D6F646597
:10FFE0006C547970652A29205B77697468205363A3
:10FFF0007265656E54797065203D20536372656546
:020000040804EE
:100000006E31566965773B2050726573656E746515
:100010007254797065203D2053637265656E31506E
:10002000726573656E7465723B205472616E7354B1
:10003000797065203D20746F7563686766783A3A19
:100040004E6F5472616E736974696F6E3B204D6FB1
:1000500064656C54797065203D204D6F64656C5DFE
:100060000050726573656E746572547970652A20EC
:10007000746F7563686766783A3A6D616B65547240
:10008000616E736974696F6E28746F7563686766F3
:10009000783A3A53637265656E2A2A2C20746F751C
:1000A00063686766783A3A50726573656E74657214
:1000B0002A2A2C20746F7563686766783A3A4D5621
:1000C0005048656170262C20746F75636867667888
:1000D0003A3A5472616E736974696F6E2A2A2C20E1
:1000E0004D6F64656C547970652A29205B7769745B
:1000F000682053637265656E54797065203D2053A6
:10010000637265656E31566965773B205072657321
:10011000656E74657254797065203D205363726515
:10012000656E3150726573656E7465723B205472F2
:10013000616E7354797065203D20746F75636867D4
:1001400066783A3A426C6F636B5472616E7369748D
:10015000696F6E3B204D6F64656C54797065203D0E
:10016000204D6F64656C5D0050726573656E7465DB
:1001700072547970652A20746F7563686766783A7F
:100180003A6D616B655472616E736974696F6E2844
:10019000746F7563686766783A3A53637265656E23
:1001A0002A2A2C20746F7563686766783A3A507211
:1001B0006573656E7465722A2A2C20746F75636886
:1001C0006766783A3A4D565048656170262C20741F
:1001D0006F7563686766783A3A5472616E736974D2
:1001E000696F6E2A2A2C204D6F64656C5479706596
:1001F0002A29205B776974682053637265656E54A1
:10020000797065203D2053637265656E325669656D
:10021000773B2050726573656E74657254797065B2
:10022000203D2053637265656E3250726573656E52
:100230007465723B205472616E7354797065203D11
:1002400020746F7563686766783A3A4E6F547261CE
:100250006E736974696F6E3B204D6F64656C547981
:100260007065203D204D6F64656C5D0000000000EE
:1002700000000000559D0008A19D0008EF630208E2
:10028000099D0008279D00082B9D000819A0000863
:1002900035A00008BD590208DD5A0208D5590208E8
:1002A000795A02082F9D00086F5A0208339D0008F2
:1002B000379D00083F9D0008679D00087F5A02088F
:1002C0004D9D0008519D0008459D0008499D00086E
:1002D000579D000800000000000000008D9E0008EF
:1002E0008F9E00080000000000000000B59F00087D
:1002F000A59F0008A79F000800730590000000005C
:10030000E001100100000000E001100180BB00903E
:1003100000000000F000320005000000E60032405E
:100320000000009000000000F00032000500000016
:10033000E60032400077019000000000E00110016B
:1003400000000000E001100175736564203E20305C
:10035000004D6964646C6577617265732F53542F27
:10036000746F7563686766782F6672616D65776F05
:10037000726B2F696E636C7564652F746F7563683B
:100380006766782F5465787450726F766964657209
:100390002E687070006F6666736574203C207573FC
:1003A000656400746F7563686766783A3A556E697C
:1003B000636F64653A3A556E69636F64654368615B
:1003C0007220746F7563686766783A3A546578741A
:1003D00050726F76696465723A3A63697263756CDC
:1003E00061724275666665723C73697A653E3A3A37
:1003F0007065656B436861722875696E7431365F2C
:100400007429205B7769746820756E7369676E65FF
:100410006420696E742073697A65203D2031303B19
:1004200020746F7563686766783A3A556E69636FD2
:1004300064653A3A556E69636F646543686172201A
:100440003D2073686F727420756E7369676E6564A2
:1004500020696E743B2075696E7431365F74203D7F
:100460002073686F727420756E7369676E6564209F
:10047000696E745D00746F7563686766783A3A55A3
:100480006E69636F64653A3A556E69636F6465437C
:1004900068617220746F7563686766783A3A54656C
:1004A000787450726F76696465723A3A6369726300
:1004B000756C61724275666665723C73697A653EF9
:1004C0003A3A7065656B436861722829205B7769E9
:1004D000746820756E7369676E656420696E742038
:1004E00073697A65203D2031303B20746F756368F5
:1004F0006766783A3A556E69636F64653A3A556E45
:1005000069636F646543686172203D2073686F7230
:100510007420756E7369676E656420696E745D0022
:1005200000000000000000000000000000000000CB
:10053000CDA10008D1A10008DBA10008E5700308E7
:100540000000000000000000F1A2000821A3000844
:100550003D1D0208FFA10008115C02082D1E0208C3
:10056000E9900008F7900008915B020841910008AB
:10057000D15B0208AB5B0208FB900008FF9000080B
:1005800003910008079100080B9100080D910008E5
:100590000F9100081191000813910008715C020886
:1005A000159100082D910008DDA10008E3A10008C5
:1005B000E9A100081FA200080000000000000000E0
:1005C000EFA200082FA30008FD0B02080BA20008F1
:1005D0000FA2000813A2000819A20008A50B020828
:1005E000B31C0208BB0B0208BF0B0208E30B020896
:1005F000390C0208E70B020823A2000827A2000812
:100600002BA200080000000000000000EDA200087E
:1006100013A30008EDA60008F5A2000831A4000805
:10062000D5A500080BA3000857AA000839AA00089E
:1006300025A5000811A40008E5A30008C1A300082F
:100640000DA3000868616E646C65203C206E6F5FCE
:1006500073747265616D7300546F756368474658B3
:100660002F7461726765742F67656E65726174655A
:10067000642F446F75626C65427566666572656469
:10068000566964656F436F6E74726F6C6C65722E21
:1006900068707000302026262022556E61626C65DD
:1006A00020746F2066696E642066726565207669C5
:1006B00064656F2073747265616D2068616E646C2F
:1006C0006521220030202626202272656769737416
:1006D0006572566964656F5769646765743A205539
:1006E0006E61626C6520746F20616C6C6F63617405
:1006F000652074776F205247422062756666657286
:1007000073212200636F6D70617469626C6546725B
:10071000616D65627566666572284269746D6170A7
:100720003A3A524742353635292026262022546847
:10073000652063686F73656E207061696E746572A1
:10074000206F6E6C7920776F726B73207769746895
:100750002052474235363520646973706C61797375
:1007600022004D6964646C6577617265732F535420
:100770002F746F7563686766782F6672616D657731
:100780006F726B2F696E636C7564652F746F756320
:10079000686766782F776964676574732F63616E25
:1007A0007661732F41627374726163745061696E14
:1007B0007465725247423536352E6870700077691D
:1007C000647468203E3D20444953504C41595F5762
:1007D0004944544820262620686569676874203E8D
:1007E0003D20444953504C41595F4845494748547E
:1007F00020262620224672616D65627566666572E6
:100800002063616E6E6F7420626520736D616C6C25
:100810006572207468616E20646973706C617922FE
:10082000006672616D6542756666657220213D20C5
:1008300030202626202241206672616D6562756631
:100840006665722061646472657373206D7573747C
:100850002062652073657422004D6964646C65775D
:10086000617265732F53542F746F75636867667870
:100870002F6672616D65776F726B2F696E636C7531
:1008800064652F746F7563686766782F68616C2F75
:1008900048414C2E68707000766F696420446F7513
:1008A000626C654275666665726564566964656FFB
:1008B000436F6E74726F6C6C65723C6E6F5F7374B5
:1008C0007265616D732C2077696474682C2068658B
:1008D000696768742C207374726964652C206F7565
:1008E000747075745F666F726D61743E3A3A7365C9
:1008F00074436F6D6D616E6428746F7563686766AD
:10090000783A3A566964656F436F6E74726F6C6CB7
:1009100065723A3A48616E646C652C20746F756339
:10092000686766783A3A566964656F436F6E7472A9
:100930006F6C6C65723A3A436F6D6D616E642C201A
:1009400075696E7433325F7429205B77697468202F
:100950006C6F6E6720756E7369676E656420696E73
:1009600074206E6F5F73747265616D73203D20310A
:100970003B206C6F6E6720756E7369676E656420CF
:10098000696E74207769647468203D203438303B88
:10099000206C6F6E6720756E7369676E6564206981
:1009A0006E7420686569676874203D203237323B79
:1009B000206C6F6E6720756E7369676E6564206961
:1009C0006E7420737472696465203D203936303B43
:1009D00020746F7563686766783A3A4269746D612E
:1009E000703A3A4269746D6170466F726D6174203D
:1009F0006F75747075745F666F726D6174203D20E1
:100A000028746F7563686766783A3A4269746D61F5
:100A1000703A3A4269746D6170466F726D61742903
:100A2000303B20746F7563686766783A3A5669643C
:100A3000656F436F6E74726F6C6C65723A3A4861A1
:100A40006E646C65203D206C6F6E6720756E7369F7
:100A5000676E656420696E743B2075696E7433320D
:100A60005F74203D206C6F6E6720756E7369676ED2
:100A7000656420696E745D00626F6F6C20446F75F1
:100A8000626C654275666665726564566964656F19
:100A9000436F6E74726F6C6C65723C6E6F5F7374D3
:100AA0007265616D732C2077696474682C206865A9
:100AB000696768742C207374726964652C206F7583
:100AC000747075745F666F726D61743E3A3A7570DA
:100AD000646174654672616D6528746F75636867DB
:100AE00066783A3A566964656F436F6E74726F6CDC
:100AF0006C65723A3A48616E646C652C20746F754F
:100B000063686766783A3A566964656F57696467DF
:100B100065742629205B77697468206C6F6E672086
:100B2000756E7369676E656420696E74206E6F5FA1
:100B300073747265616D73203D20313B206C6F6E64
:100B40006720756E7369676E656420696E742077BF
:100B500069647468203D203438303B206C6F6E67C8
:100B600020756E7369676E656420696E74206865B0
:100B700069676874203D203237323B206C6F6E67A6
:100B800020756E7369676E656420696E7420737476
:100B900072696465203D203936303B20746F75637F
:100BA000686766783A3A4269746D61703A3A4269A8
:100BB000746D6170466F726D6174206F75747075BD
:100BC000745F666F726D6174203D2028746F756369
:100BD000686766783A3A4269746D61703A3A426978
:100BE000746D6170466F726D617429303B20746F53
:100BF0007563686766783A3A566964656F436F6EE5
:100C000074726F6C6C65723A3A48616E646C652000
:100C10003D206C6F6E6720756E7369676E6564202A
:100C2000696E745D00626F6F6C20446F75626C65F5
:100C30004275666665726564566964656F436F6E7A
:100C400074726F6C6C65723C6E6F5F737472656109
:100C50006D732C2077696474682C206865696768F7
:100C6000742C207374726964652C206F75747075B0
:100C7000745F666F726D61743E3A3A67657449736A
:100C8000506C6179696E6728746F75636867667800
:100C90003A3A566964656F436F6E74726F6C6C6537
:100CA000723A3A48616E646C6529205B77697468B2
:100CB000206C6F6E6720756E7369676E656420695E
:100CC0006E74206E6F5F73747265616D73203D206A
:100CD000313B206C6F6E6720756E7369676E65645B
:100CE00020696E74207769647468203D2034383040
:100CF0003B206C6F6E6720756E7369676E6564204C
:100D0000696E7420686569676874203D20323732E7
:100D10003B206C6F6E6720756E7369676E6564202B
:100D2000696E7420737472696465203D20393630B1
:100D30003B20746F7563686766783A3A4269746DF0
:100D400061703A3A4269746D6170466F726D617498
:100D5000206F75747075745F666F726D6174203D7D
:100D60002028746F7563686766783A3A4269746DD3
:100D700061703A3A4269746D6170466F726D617468
:100D800029303B20746F7563686766783A3A566914
:100D900064656F436F6E74726F6C6C65723A3A483B
:100DA000616E646C65203D206C6F6E6720756E739C
:100DB00069676E656420696E745D00766F69642092
:100DC000446F75626C6542756666657265645669E6
:100DD00064656F436F6E74726F6C6C65723C6E6F9E
:100DE0005F73747265616D732C2077696474682C0D
:100DF000206865696768742C207374726964652C57
:100E0000206F75747075745F666F726D61743E3AB1
:100E10003A7365744672616D655261746528746FCA
:100E20007563686766783A3A566964656F436F6EB2
:100E300074726F6C6C65723A3A48616E646C652CC2
:100E40002075696E7433325F742C2075696E74334B
:100E5000325F7429205B77697468206C6F6E67203D
:100E6000756E7369676E656420696E74206E6F5F5E
:100E700073747265616D73203D20313B206C6F6E21
:100E80006720756E7369676E656420696E7420777C
:100E900069647468203D203438303B206C6F6E6785
:100EA00020756E7369676E656420696E742068656D
:100EB00069676874203D203237323B206C6F6E6763
:100EC00020756E7369676E656420696E7420737433
:100ED00072696465203D203936303B20746F75633C
:100EE000686766783A3A4269746D61703A3A426965
:100EF000746D6170466F726D6174206F757470757A
:100F0000745F666F726D6174203D2028746F756325
:100F1000686766783A3A4269746D61703A3A426934
:100F2000746D6170466F726D617429303B20746F0F
:100F30007563686766783A3A566964656F436F6EA1
:100F400074726F6C6C65723A3A48616E646C6520BD
:100F50003D206C6F6E6720756E7369676E656420E7
:100F6000696E743B2075696E7433325F74203D2066
:100F70006C6F6E6720756E7369676E656420696E4D
:100F8000745D00746F7563686766783A3A56696491
:100F9000656F436F6E74726F6C6C65723A3A48613C
:100FA0006E646C6520446F75626C6542756666653B
:100FB000726564566964656F436F6E74726F6C6CB2
:100FC00065723C6E6F5F73747265616D732C207710
:100FD000696474682C206865696768742C20737470
:100FE000726964652C206F75747075745F666F72BA
:100FF0006D61743E3A3A6765744672656548616E24
:10100000646C652829205B77697468206C6F6E6753
:1010100020756E7369676E656420696E74206E6FEB
:101020005F73747265616D73203D20313B206C6F7E
:101030006E6720756E7369676E656420696E7420D3
:101040007769647468203D203438303B206C6F6EC3
:101050006720756E7369676E656420696E742068B9
:101060006569676874203D203237323B206C6F6EB3
:101070006720756E7369676E656420696E7420738E
:101080007472696465203D203936303B20746F7579
:1010900063686766783A3A4269746D61703A3A42B9
:1010A00069746D6170466F726D6174206F757470D4
:1010B00075745F666F726D6174203D2028746F7562
:1010C00063686766783A3A4269746D61703A3A4289
:1010D00069746D6170466F726D617429303B207464
:1010E0006F7563686766783A3A566964656F436FEF
:1010F0006E74726F6C6C65723A3A48616E646C65BE
:10110000203D206C6F6E6720756E7369676E656435
:1011100020696E745D00766F696420446F75626C3F
:10112000654275666665726564566964656F436F8E
:101130006E74726F6C6C65723C6E6F5F7374726507
:10114000616D732C2077696474682C206865696709
:1011500068742C207374726964652C206F757470C8
:1011600075745F666F726D61743E3A3A6765745666
:101170006964656F496E666F726D6174696F6E2820
:10118000746F7563686766783A3A566964656F4349
:101190006F6E74726F6C6C65723A3A48616E646C13
:1011A000652C20746F7563686766783A3A5669648F
:1011B000656F496E666F726D6174696F6E2A292062
:1011C0005B77697468206C6F6E6720756E736967F2
:1011D0006E656420696E74206E6F5F7374726561F2
:1011E0006D73203D20313B206C6F6E6720756E73F0
:1011F00069676E656420696E74207769647468201D
:101200003D203438303B206C6F6E6720756E7369FB
:10121000676E656420696E7420686569676874200C
:101220003D203237323B206C6F6E6720756E7369DC
:10123000676E656420696E742073747269646520DA
:101240003D203936303B20746F7563686766783AA5
:101250003A4269746D61703A3A4269746D617046E0
:101260006F726D6174206F75747075745F666F72E4
:101270006D6174203D2028746F7563686766783AE5
:101280003A4269746D61703A3A4269746D617046B0
:101290006F726D617429303B20746F756368676687
:1012A000783A3A566964656F436F6E74726F6C6C0E
:1012B00065723A3A48616E646C65203D206C6F6ED1
:1012C0006720756E7369676E656420696E745D0072
:1012D000746F7563686766783A3A566964656F43F8
:1012E0006F6E74726F6C6C65723A3A48616E646CC2
:1012F0006520446F75626C654275666665726564EB
:10130000566964656F436F6E74726F6C6C65723C86
:101310006E6F5F73747265616D732C20776964748E
:10132000682C206865696768742C2073747269641E
:10133000652C206F75747075745F666F726D617463
:101340003E3A3A7265676973746572566964656F8F
:1013500057696467657428746F7563686766783A5F
:101360003A566964656F5769646765742629205B1E
:1013700077697468206C6F6E6720756E7369676E2D
:10138000656420696E74206E6F5F73747265616D41
:1013900073203D20313B206C6F6E6720756E736942
:1013A000676E656420696E74207769647468203D97
:1013B000203438303B206C6F6E6720756E73696720
:1013C0006E656420696E7420686569676874203D85
:1013D000203237323B206C6F6E6720756E73696701
:1013E0006E656420696E7420737472696465203D53
:1013F000203936303B20746F7563686766783A3AF7
:101400004269746D61703A3A4269746D6170466FF9
:10141000726D6174206F75747075745F666F726D34
:101420006174203D2028746F7563686766783A3A66
:101430004269746D61703A3A4269746D6170466FC9
:10144000726D617429303B20746F756368676678CC
:101450003A3A566964656F436F6E74726F6C6C656F
:10146000723A3A48616E646C65203D206C6F6E671D
:1014700020756E7369676E656420696E745D0075B2
:10148000696E7433325F7420446F75626C654275A7
:10149000666665726564566964656F436F6E7472E3
:1014A0006F6C6C65723C6E6F5F73747265616D73A7
:1014B0002C2077696474682C206865696768742CCF
:1014C000207374726964652C206F75747075745F15
:1014D000666F726D61743E3A3A67657443757272F5
:1014E000656E744672616D654E756D6265722874C5
:1014F0006F7563686766783A3A566964656F436FDB
:101500006E74726F6C6C65723A3A48616E646C65A9
:1015100029205B77697468206C6F6E6720756E7325
:1015200069676E656420696E74206E6F5F73747294
:1015300065616D73203D20313B206C6F6E672075B7
:101540006E7369676E656420696E74207769647470
:1015500068203D203438303B206C6F6E6720756EFC
:101560007369676E656420696E7420686569676871
:1015700074203D203237323B206C6F6E6720756ED1
:101580007369676E656420696E7420737472696430
:1015900065203D203936303B20746F75636867667F
:1015A000783A3A4269746D61703A3A4269746D6191
:1015B00070466F726D6174206F75747075745F66BC
:1015C0006F726D6174203D2028746F756368676663
:1015D000783A3A4269746D61703A3A4269746D6161
:1015E00070466F726D617429303B2075696E74337B
:1015F000325F74203D206C6F6E6720756E73696773
:101600006E656420696E743B20746F7563686766ED
:10161000783A3A566964656F436F6E74726F6C6C9A
:1016200065723A3A48616E646C65203D206C6F6E5D
:101630006720756E7369676E656420696E745D00FE
:10164000746F7563686766783A3A41627374726161
:1016500063745061696E7465725247423536353A2B
:101660003A41627374726163745061696E74657239
:101670005247423536352829007669727475616C97
:1016800020766F696420746F7563686766783A3A8C
:1016900048414C3A3A7365744672616D65427566AD
:1016A00066657253697A652875696E7431365F7440
:1016B0002C2075696E7431365F74290076697274F6
:1016C00075616C20766F696420746F7563686766F6
:1016D000783A3A48414C3A3A7365744672616D659E
:1016E00042756666657253746172744164647265B2
:1016F0007373657328766F69642A2C20766F69642A
:101700002A2C20766F69642A290030202626202280
:10171000556E737570706F7274656420666F726D4C
:1017200061742200302026262022556E7375707059
:101730006F7274656420466F726D6174212200546B
:101740006F7563684746582F7461726765742F67B9
:10175000656E6572617465642F53544D3332444D28
:10176000412E6370700000000000000000000000C7
:1017700081AB0008D90402081DAB000831AB00089A
:101780004105020827AB000823AB000809AE00089A
:1017900029AE0008EF03020865050208E903020804
:1017A00015AC00087DAD00087B0402087D0402082A
:1017B0007B040208250502087669727475616C2045
:1017C000766F69642053544D3332444D413A3A7335
:1017D0006574757044617461436F707928636F6ECE
:1017E000737420746F7563686766783A3A426C69FF
:1017F000744F7026290075696E7433325F742053FC
:10180000544D3332444D413A3A6765744368726FC0
:101810006D415254496E707574466F726D617428D3
:10182000746F7563686766783A3A4269746D61707F
:101830003A3A4269746D6170466F726D6174290045
:1018400075696E7433325F742053544D3332444D96
:10185000413A3A6765744368726F6D4152544F75EF
:1018600074707574466F726D617428746F756368F7
:101870006766783A3A4269746D61703A3A426974BF
:101880006D6170466F726D61742900286672616DBA
:10189000655F6275666665725F73656D20213D20C8
:1018A0004E554C4C292026262022437265617469CE
:1018B0006F6E206F66206672616D65627566666523
:1018C000722073656D6170686F7265206661696C06
:1018D00065642200546F7563684746582F746172BF
:1018E0006765742F67656E6572617465642F4F5309
:1018F00057726170706572732E6370700028767312
:10190000796E635F717565756520213D204E554C7C
:101910004C2920262620224372656174696F6E204F
:101920006F66207673796E63206D6573736167658A
:10193000207175657565206661696C656422007348
:10194000746174696320766F696420746F7563686D
:101950006766783A3A4F5357726170706572733A9E
:101960003A696E697469616C697A652829000000BA
:10197000000000000000000005B1000819B10008D7
:101980000FF2010823F20108E3F10108E7F1010871
:1019900009F2010893B0000897B000089BB0000856
:1019A000A3B000080000000000000000D9B000084B
:1019B000EDB000080FF2010823F20108E3F101087D
:1019C000E7F1010809F2010871B0000875B00008DC
:1019D0007BB0000887B00008000000000000000095
:1019E000B1B00008C5B000080FF2010823F20108E9
:1019F000E3F10108E7F1010809F2010855B0000818
:101A000059B000085DB0000867B000080000000091
:101A1000000000002DB1000855B10008ABB000086F
:101A20006C696E6542756666657220262620224CBA
:101A3000696E65427566666572206D7573742062A5
:101A4000652061737369676E6564207072696F7277
:101A500020746F206465636F64696E6720646972C7
:101A60006563746C7920746F206672616D65627550
:101A7000666665722200286672616D654E756D62DC
:101A80006572203E2030292026262022536F66745E
:101A9000776172654D4A5045474465636F6465726E
:101AA000206465636F64696E6720776974686F7519
:101AB00074206672616D6520646174612122005436
:101AC0006F7563684746582F7461726765742F6736
:101AD000656E6572617465642F536F6674776172A9
:101AE000654D4A5045474465636F6465722E637067
:101AF00070005249464600212252494646206865F8
:101B000061646572206E6F7420666F756E6422006A
:101B1000415649200021224156492068656164658B
:101B200072206E6F7420666F756E6422004C49538C
:101B300054002122415649204C495354206E6F7461
:101B400020666F756E6422006176694C6973745308
:101B5000697A65006864726C0061766968006D6F0F
:101B60007669006964783100212242756666657283
:101B700020746F20736D616C6C2200000000000007
:101B800000000000F3A20008E9A9000805BA000857
:101B900011BA00080FB400084DBA000809B60008D1
:101BA000A5B6000835B40008DDB7000805B4000884
:101BB00021B4000825B4000809B4000876697274DD
:101BC00075616C20626F6F6C20536F667477617201
:101BD000654D4A5045474465636F6465723A3A649F
:101BE00065636F64654672616D6528636F6E7374BB
:101BF00020746F7563686766783A3A526563742635
:101C00002C2075696E74385F742A2C2075696E7487
:101C100033325F7429007669727475616C20626F6B
:101C20006F6C20536F6674776172654D4A504547FB
:101C30004465636F6465723A3A676F746F4E657896
:101C4000744672616D652829007669727475616CDD
:101C500020626F6F6C20536F6674776172654D4AB6
:101C60005045474465636F6465723A3A6465636FD3
:101C700064654E6578744672616D652875696E7429
:101C8000385F742A2C2075696E7431365F742C208D
:101C900075696E7431365F742C2075696E743332D9
:101CA0005F7429007669727475616C20626F6F6C65
:101CB00020536F6674776172654D4A50454744659D
:101CC000636F6465723A3A6465636F6465546875FE
:101CD0006D626E61696C2875696E7433325F742C45
:101CE0002075696E74385F742A2C2075696E7431A2
:101CF000365F742C2075696E7431365F74290076F6
:101D00006F696420536F6674776172654D4A504500
:101D1000474465636F6465723A3A726561645669F7
:101D200064656F486561646572282900636F6E732E
:101D3000742075696E74385F742A20536F667477E7
:101D40006172654D4A5045474465636F6465723AF8
:101D50003A72656164446174612875696E743332E6
:101D60005F742C2075696E7433325F742900000033
:101D7000000000000000000053B000089FB20008FF
:101D80008DA100087DA3000819BB00084FF80108C9
:101D9000C1BB000855BB000895F70108A3F701086F
:101DA00049030208EDF901084DBB0008ADBB00086E
:101DB000CBA400085DFF0108ABF7010891FB010807
:101DC00089FE0108F3FE0108EDFB0108ED000208A1
:101DD000250002088102020851FC0108FDF90108F2
:101DE00071010208F5010208B5A40008B1BB0008A2
:101DF000B5BB0008B9BB0008BDBB000899A100082D
:101E00003DA300089DA1000825FB0108B1A1000821
:101E1000B5A10008BFA10008C5A1000867F7010827
:101E2000A5FC01086DF80108A5A40008A9A40008F4
:101E300051BB000805FA010803FB0108DDA40008F6
:101E400095A2000895A20008000000000000000014
:101E50004DB0000875B2000871BD000885BD0008CE
:101E6000000000000000000035BE000815BB00089F
:101E7000E1BB000865BE000871BE00087DBE000819
:101E80002DBE000831BE0008000000000000000068
:101E90000102030406070809000000000102030410
:101EA000F21E040800000000000000000000000016
:101EB00000000000004000001800000000000000CA
:101EC00000000000FF1E04080000000000000000E9
:101ED00000000000000000000002000018000000E8
:101EE0000000000000000000766964656F546173B3
:101EF0006B00546F7563684746585461736B006498
:101F0000656661756C745461736B0000E81E0408AB
:101F100000000000000000000000000000000000C1
:101F2000A00F0000080000000000000000000000FA
:101F300049444C4500546D725100546D72205376E3
:101F40006300040A10161C22282E343A03090F15C8
:101F50001B21272D3339060C12181E242A30363C3B
:101F6000050B11171D23292F353B000081011D5A38
:101F70000E0286251003141112040B081405D80351
:101F80001706DA011907E5001C086F001E09360064
:101F9000210A1A00230B0D00090C06000A0D03008C
:101FA0000C0D01008F0F7F5A2410253F2611F22CB3
:101FB00027127C202813B9172A1482112B15EF0C35
:101FC0002D16A1092E172F0730185C0531190604AC
:101FD000331A0303341B4002361CB101381D44017F
:101FE000391EF5003B1FB7003C208A003E216800E7
:101FF0003F224E0020233B0021092C00A525E15A59
:1020000040264C4841270D3A4328F12E44291F26EB
:10201000452A331F462BA819482C1815492D77112E
:102020004A2E740E4B2FFB0B4D30F8094E316108D0
:102030004F3206073033CD053234DE0432350F041B
:10204000333663033437D40235385C023639F8014D
:10205000373AA401383B6001393C25013A3DF6008E
:102060003B3ECB003D3FAB003D208F00C141125BAA
:102070005042044D51432C415244D8375345E82F28
:1020800054463C29564779235748DF1E5749A91A19
:10209000484A4E17484B24144A4C9C114A4D6B0F2A
:1020A0004B4E510D4D4FB60B4D30400AD05132586A
:1020B00058521C4D59538E435A54DD3B5B55EE34F8
:1020C0005C56AE2E5D579A2956471625D85970553D
:1020D0005F5AA94C605BD944615C223E635D243841
:1020E000635EB4325D56172EDF60A8566561464FB9
:1020F0006662E5476763CF4168643D3C635D5E3778
:10210000696631526A670F4C6B68394667635E4196
:10211000E96A27566C6BE7506D67854B6E6D975576
:102120006F6B4F50EE6F105A706D2255F06FEB5978
:1021300071711D5AFFD90000000000000000F03F3F
:10214000EF6148B15031F63FCA6F4D91AEE7F43FB1
:10215000AA116CEF62D0F23F000000000000F03FD7
:102160003BBFA7C06924E93FBB20C77B7A51E13F51
:102170005DAB72DE55A8D13F0040C5589F53424B1E
:1021800000404932A322A811C558217BFC73626824
:10219000C558BF450B307E189F53FC73416D546288
:1021A0009F53B341412D1217424B626854627E58CF
:1021B000424B213BBA28C3140040C5589F53424BA1
:1021C00000404932A322A8114932BF45B341213B07
:1021D00049328227371BE00DA3220B30412DBA284C
:1021E000A322371BBF128E09A8117E181217C31421
:1021F000A811E00D8E09DF040000000001000000BE
:1022000003000000070000000F0000001F00000096
:102210003F0000007F000000FF000000FF01000001
:10222000FF030000FF070000FF0F0000FF1F00007A
:10223000FF3F0000FF7F00000000000001000000E1
:1022400005000000060000000E0000000F00000066
:102250001B0000001C000000020000000400000041
:10226000070000000D000000100000001A00000030
:102270001D0000002A00000003000000080000000C
:102280000C00000011000000190000001E000000FA
:10229000290000002B000000090000000B000000D6
:1022A00012000000180000001F00000028000000BD
:1022B0002C000000350000000A00000013000000A0
:1022C0001700000020000000270000002D00000083
:1022D000340000003600000014000000160000006A
:1022E00021000000260000002E0000003300000046
:1022F000370000003C000000150000002200000034
:10230000250000002F00000032000000380000000F
:102310003B0000003D0000002300000024000000FE
:102320003000000031000000390000003A000000D9
:102330003E0000003F00000000000000010000001F
:102340000200000003000000000000000100000087
:10235000050000000200000004000000060000006C
:10236000030000000700000008000000000000005B
:10237000010000000500000006000000020000004F
:1023800004000000070000000C0000000300000033
:10239000080000000B0000000D0000000900000014
:1023A0000A0000000E0000000F0000000000000006
:1023B0000100000005000000060000000E00000003
:1023C0000200000004000000070000000D000000F3
:1023D0000F00000003000000080000000C000000D7
:1023E0001000000015000000090000000B000000B4
:1023F0001100000014000000160000000A00000098
:102400001200000013000000170000001800000078
:1024100000000000010000000500000006000000B0
:102420000E0000000F000000020000000400000089
:10243000070000000D00000010000000190000005F
:1024400003000000080000000C0000001100000064
:10245000180000001A000000090000000B00000036
:1024600012000000170000001B0000002000000008
:102470000A00000013000000160000001C0000000D
:102480001F000000210000001400000015000000E3
:102490001D0000001E0000002200000023000000BC
:1024A0000000000001000000050000000600000020
:1024B0000E0000000F0000001B00000002000000E2
:1024C00004000000070000000D00000010000000E4
:1024D0001A0000001C0000000300000008000000BB
:1024E0000C00000011000000190000001D00000099
:1024F00026000000090000000B0000001200000090
:10250000180000001E000000250000002700000049
:102510000A00000013000000170000001F00000068
:1025200024000000280000002D000000140000001E
:102530001600000020000000230000002900000019
:102540002C0000002E0000001500000021000000FB
:10255000220000002A0000002B0000002F000000D5
:1025600030000000642704087A2704089A2704082A
:10257000BF270408D9270408F82704080D280408F1
:102580002A2804085428040894280408B3280408B6
:10259000CA280408E0280408F4280408312904089B
:1025A000612904087D290408A0290408D729040802
:1025B0000E2A0408252A0408452A04086F2A04085C
:1025C000BC2A0408D72A0408022B04081E2B04087E
:1025D000432B0408692B04088E2B0408A12B040844
:1025E000B62B0408C92B0408DC2B0408012C0408B2
:1025F000162C04082A2C04084B2C0408612C04080F
:10260000902C0408B82C0408D92C0408FA2C0408CF
:10261000292D04083A2D0408562D0408942D040889
:10262000BB2D0408E22D0408F62D0408242E04080E
:102630004C2E0408682E04088D2E0408AF2E0408C2
:10264000D92E0408042F0408222F0408502F040850
:10265000782F04089F2F0408CC2F0408FC2F0408AF
:1026600026300408533004087F300408A2300408E0
:10267000C0300408DE300408143104083E31040878
:102680005D31040880310408A7310408BC31040816
:10269000D031040805320408153204085332040806
:1026A00095320408BF320408EB32040812330408E0
:1026B0002E3304085933040874330408883304089B
:1026C0009F330408AC330408D433040809340408E5
:1026D000453404087334040894340408BB340408F3
:1026E000D4340408FC3404081F35040837350408C2
:1026F0005B3504085739040880350408B9350408E7
:10270000F335040812360408213604083E3604085E
:102710005C3604087936040892360408AB3604089F
:10272000ED360408273704085D370408913704089C
:10273000A5370408BC370408E23704080938040840
:102740004B38040887380408B8380408DC38040813
:102750000A390408253904085D3904088839040851
:1027600000000000426F677573206D6573736167C9
:102770006520636F646520256400414C49474E5FC6
:10278000545950452069732077726F6E672C207002
:102790006C6561736520666978004D41585F414CF6
:1027A0004C4F435F4348554E4B2069732077726FFF
:1027B0006E672C20706C65617365206669780042D5
:1027C0006F6775732062756666657220636F6E74DD
:1027D000726F6C206D6F646500496E76616C696420
:1027E00020636F6D706F6E656E74204944202564A0
:1027F00020696E20534F5300496E76616C696420E6
:1028000063726F7020726571756573740044435410
:1028100020636F656666696369656E74206F7574A1
:10282000206F662072616E676500444354207363B5
:10283000616C656420626C6F636B2073697A6520DC
:102840002564782564206E6F7420737570706F72C4
:1028500074656400436F6D706F6E656E7420696E91
:102860006465782025643A206D69736D61746368CE
:10287000696E672073616D706C696E672072617438
:10288000696F2025643A25642C2025643A25642C40
:1028900020256300426F67757320487566666D6119
:1028A0006E207461626C6520646566696E69746926
:1028B0006F6E00426F67757320696E707574206368
:1028C0006F6C6F72737061636500426F6775732020
:1028D0004A50454720636F6C6F7273706163650087
:1028E000426F677573206D61726B6572206C656EE7
:1028F0006774680057726F6E67204A504547206CB6
:102900006962726172792076657273696F6E3A20BE
:102910006C6962726172792069732025642C20636E
:10292000616C6C65722065787065637473202564D2
:102930000053616D706C696E6720666163746F72BD
:102940007320746F6F206C6172676520666F7220F0
:10295000696E7465726C6561766564207363616E1F
:1029600000496E76616C6964206D656D6F727920C7
:10297000706F6F6C20636F646520256400556E7303
:102980007570706F72746564204A504547206461A9
:10299000746120707265636973696F6E20256400CD
:1029A000496E76616C69642070726F6772657373CB
:1029B00069766520706172616D657465727320530C
:1029C000733D25642053653D25642041683D2564A1
:1029D00020416C3D256400496E76616C696420700D
:1029E000726F677265737369766520706172616D6D
:1029F0006574657273206174207363616E20736304
:102A00007269707420656E74727920256400426F5B
:102A10006775732073616D706C696E6720666163A2
:102A2000746F727300496E76616C696420736361C0
:102A30006E2073637269707420617420656E7472A5
:102A40007920256400496D70726F70657220636132
:102A50006C6C20746F204A504547206C696272612B
:102A6000727920696E207374617465202564004A50
:102A700050454720706172616D6574657220737492
:102A800072756374206D69736D617463683A206C4C
:102A9000696272617279207468696E6B7320736900
:102AA0007A652069732025752C2063616C6C6572D2
:102AB000206578706563747320257500426F6775B3
:102AC00073207669727475616C206172726179200D
:102AD0006163636573730042756666657220706139
:102AE0007373656420746F204A504547206C696297
:102AF0007261727920697320746F6F20736D616CDD
:102B00006C0053757370656E73696F6E206E6F74B1
:102B100020616C6C6F776564206865726500434363
:102B200049523630312073616D706C696E67206E6A
:102B30006F7420696D706C656D656E746564207965
:102B4000657400546F6F206D616E7920636F6C6FD8
:102B50007220636F6D706F6E656E74733A202564BA
:102B60002C206D617820256400556E737570706F30
:102B70007274656420636F6C6F7220636F6E76652C
:102B80007273696F6E207265717565737400426F40
:102B90006775732044414320696E6465782025641D
:102BA00000426F677573204441432076616C756500
:102BB000203078257800426F677573204448542090
:102BC000696E64657820256400426F6775732044E0
:102BD000515420696E64657820256400456D7074D9
:102BE00079204A50454720696D6167652028444E29
:102BF0004C206E6F7420737570706F7274656429E9
:102C000000526561642066726F6D20454D532066E9
:102C100061696C656400577269746520746F204542
:102C20004D53206661696C6564004469646E277465
:102C300020657870656374206D6F726520746861BB
:102C40006E206F6E65207363616E00496E707574DF
:102C50002066696C652072656164206572726F72AE
:102C6000004F75747075742066696C6520777269A1
:102C70007465206572726F72202D2D2D206F757412
:102C8000206F66206469736B2073706163653F0019
:102C90004672616374696F6E616C2073616D706CF4
:102CA000696E67206E6F7420696D706C656D656EFE
:102CB0007465642079657400487566666D616E2080
:102CC000636F64652073697A65207461626C652046
:102CD0006F766572666C6F77004D697373696E67A6
:102CE00020487566666D616E20636F64652074614F
:102CF000626C6520656E747279004D6178696D75DE
:102D00006D20737570706F7274656420696D616792
:102D1000652064696D656E73696F6E206973202527
:102D20007520706978656C7300456D7074792069E1
:102D30006E7075742066696C65005072656D6174A3
:102D400075726520656E64206F6620696E7075749B
:102D50002066696C650043616E6E6F7420747261E9
:102D60006E73636F64652064756520746F206D7584
:102D70006C7469706C6520757365206F6620717561
:102D8000616E74697A6174696F6E207461626C65DA
:102D9000202564005363616E207363726970742030
:102DA000646F6573206E6F74207472616E736D69E9
:102DB0007420616C6C206461746100496E76616C92
:102DC000696420636F6C6F72207175616E74697ACB
:102DD0006174696F6E206D6F6465206368616E67F2
:102DE00065004E6F7420696D706C656D656E7465FD
:102DF000642079657400526571756573746564202B
:102E00006665617475726520776173206F6D697492
:102E100074656420617420636F6D70696C652074E3
:102E2000696D650041726974686D657469632074C9
:102E300061626C65203078253032782077617320AC
:102E40006E6F7420646566696E6564004261636BD1
:102E5000696E672073746F7265206E6F742073756E
:102E600070706F7274656400487566666D616E207F
:102E70007461626C65203078253032782077617318
:102E8000206E6F7420646566696E6564004A504503
:102E900047206461746173747265616D20636F6E45
:102EA0007461696E73206E6F20696D616765005192
:102EB00075616E74697A6174696F6E207461626C99
:102EC000652030782530327820776173206E6F74FA
:102ED00020646566696E6564004E6F742061204AE7
:102EE0005045472066696C653A207374617274734B
:102EF0002077697468203078253032782030782542
:102F000030327800496E73756666696369656E7400
:102F1000206D656D6F72792028636173652025646B
:102F2000290043616E6E6F74207175616E74697AE9
:102F300065206D6F7265207468616E202564206362
:102F40006F6C6F7220636F6D706F6E656E7473005F
:102F500043616E6E6F74207175616E74697A65205D
:102F6000746F206665776572207468616E202564D1
:102F700020636F6C6F72730043616E6E6F742071AB
:102F800075616E74697A6520746F206D6F7265204B
:102F90007468616E20256420636F6C6F72730049E2
:102FA0006E76616C6964204A5045472066696C659D
:102FB000207374727563747572653A2074776F202C
:102FC000534F46206D61726B65727300496E766176
:102FD0006C6964204A5045472066696C65207374AB
:102FE000727563747572653A206D697373696E6783
:102FF00020534F53206D61726B657200556E73756F
:1030000070706F72746564204A5045472070726F0B
:10301000636573733A20534F46207479706520308E
:10302000782530327800496E76616C6964204A50A8
:1030300045472066696C6520737472756374757298
:10304000653A2074776F20534F49206D61726B652C
:10305000727300496E76616C6964204A504547205E
:1030600066696C65207374727563747572653A2055
:10307000534F53206265666F726520534F4600467A
:1030800061696C656420746F20637265617465208A
:1030900074656D706F726172792066696C65202548
:1030A000730052656164206661696C6564206F6EAF
:1030B0002074656D706F726172792066696C65004D
:1030C0005365656B206661696C6564206F6E207462
:1030D000656D706F726172792066696C65005772F8
:1030E000697465206661696C6564206F6E20746523
:1030F0006D706F726172792066696C65202D2D2D5F
:10310000206F7574206F66206469736B2073706123
:1031100063653F004170706C69636174696F6E2014
:103120007472616E7366657272656420746F6F206D
:10313000666577207363616E6C696E657300556EAA
:10314000737570706F72746564206D61726B6572F7
:103150002074797065203078253032780056697295
:103160007475616C20617272617920636F6E747224
:103170006F6C6C6572206D6573736564207570008B
:10318000496D61676520746F6F207769646520669B
:103190006F72207468697320696D706C656D656EFF
:1031A000746174696F6E00526561642066726F6D40
:1031B00020584D53206661696C65640057726974CC
:1031C0006520746F20584D53206661696C656400FA
:1031D000436F707972696768742028432920323000
:1031E00031322C2054686F6D617320472E204C6162
:1031F0006E652C20477569646F20566F6C6C626534
:1032000064696E67003864202031352D4A616E2D67
:10321000323031320043617574696F6E3A207175D6
:10322000616E74697A6174696F6E207461626C6535
:10323000732061726520746F6F20636F61727365B4
:1032400020666F7220626173656C696E65204A50FA
:1032500045470041646F6265204150503134206D14
:1032600061726B65723A2076657273696F6E2025A4
:10327000642C20666C6167732030782530347820A8
:103280003078253034782C207472616E73666F72DA
:103290006D20256400556E6B6E6F776E2041505027
:1032A00030206D61726B657220286E6F74204A4603
:1032B0004946292C206C656E677468202575005579
:1032C0006E6B6E6F776E204150503134206D61729D
:1032D0006B657220286E6F742041646F6265292CC3
:1032E000206C656E67746820257500446566696E9C
:1032F000652041726974686D657469632054616208
:103300006C65203078253032783A2030782530329C
:103310007800446566696E6520487566666D616E05
:10332000205461626C652030782530327800446525
:1033300066696E65205175616E74697A6174696F32
:103340006E205461626C6520256420207072656374
:103350006973696F6E20256400446566696E652037
:103360005265737461727420496E74657276616C13
:1033700020257500467265656420454D53206861BF
:103380006E646C65202575004F627461696E6564BA
:1033900020454D532068616E646C6520257500459D
:1033A0006E64204F6620496D6167650020202020F3
:1033B00020202020253364202533642025336420F9
:1033C000253364202533642025336420253364208D
:1033D000253364004A4649462041505030206D61F3
:1033E000726B65723A2076657273696F6E20256420
:1033F0002E253032642C2064656E73697479202523
:103400006478256420202564005761726E696E67B8
:103410003A207468756D626E61696C20696D6167D0
:10342000652073697A6520646F6573206E6F742000
:103430006D617463682064617461206C656E67748B
:1034400068202575004A46494620657874656E7384
:10345000696F6E206D61726B65723A207479706568
:10346000203078253032782C206C656E67746820A7
:103470002575002020202077697468202564207835
:10348000202564207468756D626E61696C20696DB9
:10349000616765004D697363656C6C616E656F751E
:1034A00073206D61726B6572203078253032782C14
:1034B000206C656E67746820257500556E657870A0
:1034C0006563746564206D61726B65722030782568
:1034D0003032780020202020202020202534752024
:1034E0002534752025347520253475202534752024
:1034F0002534752025347520253475005175616E8D
:1035000074697A696E6720746F202564203D2025D8
:10351000642A25642A256420636F6C6F72730051DE
:1035200075616E74697A696E6720746F20256420F6
:10353000636F6C6F72730053656C656374656420B0
:10354000256420636F6C6F727320666F72207175D3
:10355000616E74697A6174696F6E004174206D6187
:10356000726B6572203078253032782C207265635A
:103570006F7665727920616374696F6E20256400CF
:10358000536D6F6F7468696E67206E6F742073750A
:1035900070706F727465642077697468206E6F6EE6
:1035A0007374616E646172642073616D706C696EB6
:1035B0006720726174696F73005374617274204F75
:1035C00066204672616D65203078253032783A2069
:1035D00077696474683D25752C206865696768742F
:1035E0003D25752C20636F6D706F6E656E74733D35
:1035F00025640020202020436F6D706F6E656E740F
:103600002025643A202564687825647620713D255C
:1036100064005374617274206F6620496D61676540
:10362000005374617274204F66205363616E3A20B8
:10363000256420636F6D706F6E656E74730020205B
:103640002020436F6D706F6E656E742025643A2084
:1036500064633D25642061633D256400202053732D
:103660003D25642C2053653D25642C2041683D2573
:10367000642C20416C3D256400436C6F73656420AD
:1036800074656D706F726172792066696C65202552
:1036900073004F70656E65642074656D706F726144
:1036A00072792066696C65202573004A4649462078
:1036B000657874656E73696F6E206D61726B65728B
:1036C0003A204A5045472D636F6D7072657373657C
:1036D00064207468756D626E61696C20696D6167E4
:1036E000652C206C656E677468202575004A464914
:1036F0004620657874656E73696F6E206D61726BBC
:1037000065723A2070616C65747465207468756DBB
:10371000626E61696C20696D6167652C206C656EF5
:10372000677468202575004A4649462065787465A7
:103730006E73696F6E206D61726B65723A205247CD
:1037400042207468756D626E61696C20696D616795
:10375000652C206C656E67746820257500556E7247
:1037600065636F676E697A656420636F6D706F6EF5
:10377000656E7420494473202564202564202564E7
:103780002C20617373756D696E67205943624372B3
:1037900000467265656420584D532068616E646C04
:1037A00065202575004F627461696E656420584D0F
:1037B000532068616E646C6520257500556E6B6ED4
:1037C0006F776E2041646F626520636F6C6F72204B
:1037D0007472616E73666F726D20636F646520250D
:1037E0006400436F7272757074204A5045472064BC
:1037F0006174613A206261642061726974686D6508
:1038000074696320636F646500496E636F6E7369EA
:103810007374656E742070726F6772657373696F0D
:103820006E2073657175656E636520666F722063C7
:103830006F6D706F6E656E7420256420636F6566B2
:1038400066696369656E7420256400436F727275E2
:103850007074204A50454720646174613A20257590
:103860002065787472616E656F7573206279746516
:1038700073206265666F7265206D61726B65722080
:1038800030782530327800436F7272757074204A38
:1038900050454720646174613A207072656D6174AF
:1038A00075726520656E64206F66206461746120A6
:1038B0007365676D656E7400436F72727570742006
:1038C0004A50454720646174613A2062616420482F
:1038D0007566666D616E20636F6465005761726E18
:1038E000696E673A20756E6B6E6F776E204A464937
:1038F00046207265766973696F6E206E756D6265BC
:10390000722025642E25303264005072656D61741A
:1039100075726520656E64206F66204A50454720A9
:1039200066696C6500436F7272757074204A504509
:103930004720646174613A20666F756E64206D6122
:10394000726B65722030782530327820696E73741E
:10395000656164206F6620525354256400496E7679
:10396000616C696420534F5320706172616D65749E
:1039700065727320666F722073657175656E746908
:10398000616C204A504547004170706C69636174F6
:10399000696F6E207472616E736665727265642001
:1039A000746F6F206D616E79207363616E6C696EE8
:1039B000657300000000000088130000400600004E
:1039C000803E000001000000020000000000000036
:1039D00000C030F00CCC3CFC03C333F30FCF3FFFEF
:1039E0008040B0708C4CBC7C8343B3738F4FBF7FDF
:1039F00020E010D02CEC1CDC23E313D32FEF1FDFCF
:103A0000A0609050AC6C9C5CA3639353AF6F9F5FBE
:103A100008C838F804C434F40BCB3BFB07C737F7AE
:103A20008848B8788444B4748B4BBB7B8747B7779E
:103A300028E818D824E414D42BEB1BDB27E717D78E
:103A4000A8689858A4649454AB6B9B5BA76797577E
:103A500002C232F20ECE3EFE01C131F10DCD3DFD6E
:103A60008242B2728E4EBE7E8141B1718D4DBD7D5E
:103A700022E212D22EEE1EDE21E111D12DED1DDD4E
:103A8000A2629252AE6E9E5EA1619151AD6D9D5D3E
:103A90000ACA3AFA06C636F609C939F905C535F52E
:103AA0008A4ABA7A8646B6768949B9798545B5751E
:103AB0002AEA1ADA26E616D629E919D925E515D50E
:103AC000AA6A9A5AA6669656A9699959A5659555FE
:103AD00000000000010000000800000010000000CD
:103AE0000900000002000000030000000A000000BE
:103AF0001100000018000000200000001900000064
:103B0000120000000B00000004000000050000008F
:103B10000C000000130000001A000000210000004B
:103B200028000000300000002900000022000000F2
:103B30001B000000140000000D0000000600000043
:103B4000070000000E000000150000001C0000002F
:103B5000230000002A0000003100000038000000AF
:103B600039000000320000002B000000240000009B
:103B70001D000000160000000F00000017000000EC
:103B80001E000000250000002C0000003300000093
:103B90003A0000003B000000340000002D0000004F
:103BA000260000001F000000270000002E0000007B
:103BB000350000003C0000003D0000003600000021
:103BC0002F000000370000003E0000003F00000012
:103BD0003F0000003F0000003F0000003F000000E9
:103BE0003F0000003F0000003F0000003F000000D9
:103BF0003F0000003F0000003F0000003F000000C9
:103C00003F0000003F0000003F0000003F000000B8
:103C10000000000001000000080000000900000092
:103C20003F0000003F0000003F0000003F00000098
:103C30003F0000003F0000003F0000003F00000088
:103C40003F0000003F0000003F0000003F00000078
:103C50003F0000003F0000003F0000003F00000068
:103C6000000000000100000008000000100000003B
:103C700009000000020000000A000000110000001E
:103C8000120000003F0000003F0000003F00000065
:103C90003F0000003F0000003F0000003F00000028
:103CA0003F0000003F0000003F0000003F00000018
:103CB0003F0000003F0000003F0000003F00000008
:103CC0003F000000000000000100000008000000AC
:103CD00010000000090000000200000003000000C6
:103CE0000A00000011000000180000001900000088
:103CF000120000000B000000130000001A0000007A
:103D00001B0000003F0000003F0000003F000000DB
:103D10003F0000003F0000003F0000003F000000A7
:103D20003F0000003F0000003F0000003F00000097
:103D30003F0000003F0000003F0000003F00000087
:103D40003F0000000000000001000000080000002B
:103D50001000000009000000020000000300000045
:103D60000A00000011000000180000002000000000
:103D700019000000120000000B0000000400000009
:103D80000C000000130000001A00000021000000D9
:103D9000220000001B000000140000001C000000B6
:103DA00023000000240000003F0000003F0000004E
:103DB0003F0000003F0000003F0000003F00000007
:103DC0003F0000003F0000003F0000003F000000F7
:103DD0003F0000003F0000003F0000003F000000E7
:103DE0003F0000003F000000000000000100000054
:103DF00008000000100000000900000002000000A0
:103E0000030000000A00000011000000180000007C
:103E10002000000019000000120000000B0000004C
:103E200004000000050000000C000000130000006A
:103E30001A000000210000002800000029000000F6
:103E4000220000001B000000140000000D00000014
:103E5000150000001C000000230000002A000000E4
:103E60002B000000240000001D00000025000000C1
:103E70002C0000002D0000003F0000003F0000006B
:103E80003F0000003F0000003F0000003F00000036
:103E90003F0000003F0000003F0000003F00000026
:103EA0003F0000003F0000003F0000003F00000016
:103EB0003F0000003F000000000000000100000083
:103EC00008000000100000000900000002000000CF
:103ED000030000000A0000001100000018000000AC
:103EE0002000000019000000120000000B0000007C
:103EF00004000000050000000C000000130000009A
:103F00001A0000002100000028000000300000001E
:103F100029000000220000001B0000001400000027
:103F20000D000000060000000E000000150000005B
:103F30001C000000230000002A00000031000000E7
:103F4000320000002B000000240000001D000000D3
:103F5000160000001E000000250000002C000000DC
:103F600033000000340000002D0000002600000097
:103F70002E00000035000000360000003F00000069
:103F80003F0000003F0000003F0000003F00000035
:103F90003F0000003F0000003F0000003F00000025
:103FA0003F0000003F0000003F0000003F00000015
:103FB0003F0000003F0000003F0000000000000044
:103FC0000000000000000000000000000FF20108E7
:103FD00023F20108E3F10108E7F1010809F2010801
:103FE000E5700308E5700308E5700308E570030851
:103FF0000000000000000000C7F20108C9F201083B
:104000009BF6010887F20108115C02086F5B020849
:10401000E99000083DF20108915B020839F30108BC
:10402000D15B0208AB5B0208FB900008FF90000820
:1040300003910008079100080B9100080D910008FA
:104040000F9100081191000813910008715C02089B
:10405000159100080DF7010855F20108D7F2010883
:104060006FF2010881F2010841F2010805F301082D
:1040700099F30108AFF20108FDF5010893F2010878
:1040800010182000000000080808080800000000C0
:1040900000000000B9030208C503020881040208F9
:1040A0007F04020833050208C5040208DD03020884
:1040B0000000000000000000130B0208150B0208AE
:1040C000CDA10008D1A10008110B02085906020871
:1040D0000000000000000000690B0208910B0208BC
:1040E0004D0B0208D1A100088D0B02086F0B0208CE
:1040F000250B0208F8FFFFFF000000006B0B020811
:104100009F0B0208450B02080000000000000000A1
:1041100099170208791A02086115020800000000C8
:10412000000000000000000000000000FD0B02087D
:104130000BA200080FA2000813A2000819A2000891
:10414000A50B0208B31C0208BB0B0208BF0B020838
:10415000E30B0208390C0208E70B0208E5700308BC
:10416000E5700308E570030800000000000000008F
:1041700000000000000000003D1D0208FFA1000833
:10418000115C02082D1E0208E9900008F790000853
:10419000915B020841910008D15B0208AB5B020809
:1041A000FB900008FF9000080391000807910008A9
:1041B0000B9100080D9100080F9100081191000863
:1041C00013910008715C0208159100082D910008F8
:1041D000DDA10008E3A10008E9A10008E5700308DB
:1041E0000000000000000000F51E0208F71E020893
:1041F000B91E02089D1E0208115C02086F5B0208CE
:10420000051F0208F7900008915B02084191000821
:10421000D15B0208AB5B0208FB900008FF9000082E
:1042200003910008079100080B9100080D91000808
:104230000F9100081191000813910008715C0208A9
:10424000159100082D9100080000000000000000FA
:10425000A9200208DD20020821210208EB20020823
:10426000115C02086F5B02080D210208F79000083C
:10427000915B020841910008D15B0208AB5B020828
:10428000FB900008FF9000080391000807910008C8
:104290000B9100080D9100080F9100081191000882
:1042A00013910008715C0208159100082D91000817
:1042B000AB2002080000000000000000A521020859
:1042C000A7210208B5210208771F0208115C020825
:1042D0006F5B020895200208F7900008915B0208C6
:1042E00041910008D15B0208AB5B0208FB9000081B
:1042F000FF90000803910008079100080B91000847
:10430000F96E03080F91000811910008139100083D
:10431000715C0208159100082D910008571F0208D2
:10432000191F02081F1F0208000000000000000003
:10433000892302088B23020800000000000000000F
:10434000A1470208194802082D48020849480208F6
:10435000814B0208B54702085D4802085F48020821
:104360007D960008DD4A0208759000087D47020826
:104370007790000841480208B1530208E947020853
:10438000C54C0208B9470208FD48020800000000B9
:104390000000000051B0000891B20008655F0208FB
:1043A000000000000000000000000000000000000D
:1043B000EF630208099D0008279D00082B9D000857
:1043C00019A0000835A00008BD590208DD5A0208EE
:1043D000D5590208795A02082F9D00086F5A020821
:1043E000339D0008379D00083F9D0008E5700308D5
:1043F0007F5A020811A0000815A00008459D00087A
:10440000499D0008E570030800000000000000005E
:104410005B6402085D640208496402080000000051
:1044200000000000596402086B6402084D64020831
:1044300000000000000000005764020879640208D0
:1044400051640208000000000000000055640208EA
:1044500087640208136A020851910008698F0008F6
:1044600053910008ED6402089565020895640208FE
:104470006B8F00086D8F0008000000000000000036
:10448000BBA5020825A90208755A0308355D030873
:10449000195F03080000000000000000B9A5020831
:1044A00033A9020885B002082DBD0208A5BF020885
:1044B0000000000000000000B7A5020841A90208A2
:1044C000D9B202082DC202081DC602080000000071
:1044D00000000000B5A5020851A90208D9B60208DB
:1044E000E9AA02080000000000000000C3A50208BD
:1044F000DBAA0208359F020800000000000000004F
:10450000C1A50208CDAA02087DA202080000000091
:1045100000000000BFA50208BFAA0208994D0308C9
:104520000000000000000000BDA50208B1AA0208BA
:10453000C55403080000000000000000D7A50208D1
:104540004FAA0208DF9402080000000000000000EB
:10455000D5A5020841AA02088D97020800000000B4
:1045600000000000F3A502088BA90208E77F0208FB
:104570000000000000000000EBA50208C3A902082B
:104580004B8402080000000000000000DBA50208C8
:104590006BAA0208018F0208000000000000000062
:1045A000CBA50208A3AA02081F9902080000000078
:1045B00000000000F1A502087DA90208A7820208F8
:1045C0000000000000000000E9A50208B5A90208EB
:1045D000158702080000000000000000D9A50208AD
:1045E0005DAA0208EF910208000000000000000030
:1045F000CFA5020817AA0208472F030800000000F1
:1046000000000000C9A5020895AA0208359C02080E
:104610000000000000000000E3A50208FBA902085A
:10462000158902080000000000000000CDA5020866
:1046300009AA0208B73403080000000000000000C7
:10464000EFA502086FA9020819EE02080000000099
:1046500000000000E7A50208A7A9020883F90208E4
:104660000000000000000000D3A5020833AA0208E1
:10467000ED1A03080000000000000000E1A5020898
:10468000EDA90208F18B0208000000000000000004
:10469000C7A5020887AA02089B3A03080000000089
:1046A00000000000EDA5020861A90208DFF302087E
:1046B0000000000000000000E5A5020899A902081A
:1046C000F1FF02080000000000000000D1A5020870
:1046D00025AA0208E52503080000000000000000EC
:1046E000C5A5020879AA0208554403080000000085
:1046F00000000000DFA50208DFA9020895060308F4
:104700000000000000000000DDA50208D1A9020899
:104710009110030800000000000000004FB00008E6
:1047200083B2000839DC020849A7020861D30208F5
:10473000F5A5020845CA020839A602086DCC020890
:1047400001CD02084D7E0208517E0208557E020806
:104750009D300208B130020869330208BD300208FA
:10476000657E0208A13102084DE002080000000049
:1047700000000000CD6E0308E56E03081B69030806
:1047800070757265207669727475616C206D6574E0
:10479000686F642063616C6C65640A00D85104081A
:1047A000A8470408204804084E395F5F676E755FAC
:1047B00063787832307265637572736976655F69A4
:1047C0006E69745F6572726F7245000000000000D0
:1047D0009C47040855740308697403088D74030822
:1047E0007374643A3A6261645F6578636570746992
:1047F0006F6E00007374643A3A657863657074692B
:104800006F6E00004C520408284804084C520408FB
:1048100048480408D85104086C4804082048040893
:104820004C520408804804084E31305F5F6378784A
:10483000616269763131355F5F666F726365645FAF
:10484000756E77696E6445004E31305F5F637878CE
:10485000616269763131395F5F666F726569676E73
:104860005F657863657074696F6E450053743133AA
:104870006261645F657863657074696F6E000000E3
:10488000537439657863657074696F6E0000000059
:104890000000000014480408897403089D7403088C
:1048A000957403087465726D696E61746520636147
:1048B0006C6C6564207265637572736976656C797A
:1048C0000A0000007465726D696E61746520636131
:1048D0006C6C6564206166746572207468726F77B1
:1048E000696E6720616E20696E7374616E63652006
:1048F0006F66202700000000270A00007465726DB3
:10490000696E6174652063616C6C6564207769749D
:10491000686F757420616E206163746976652065C7
:104920007863657074696F6E0A00000020207768F4
:10493000617428293A2020005F474C4F42414C5F68
:104940000000000028616E6F6E796D6F7573206EC8
:10495000616D657370616365290000002564000066
:1049600073500000636C00006474000070740000F9
:1049700071750000737472696E67206C697465727A
:10498000616C0000737464006175746F0000000056
:104990006465636C74797065286175746F290000B3
:1049A0006C6900005B6162693A0000003A3A0000FD
:1049B0007B64656661756C7420617267230000001A
:1049C0007D3A3A004A417272617900005B5D0000F5
:1049D0006175746F3A000000767461626C652066E0
:1049E0006F72200056545420666F72200000000041
:1049F000636F6E737472756374696F6E2076746121
:104A0000626C6520666F7220000000002D696E2DBB
:104A10000000000074797065696E666F20666F72C1
:104A20002000000074797065696E666F206E616D9C
:104A30006520666F7220000074797065696E666F1C
:104A400020666E20666F7220000000006E6F6E2D73
:104A50007669727475616C207468756E6B20746F02
:104A600020000000636F76617269616E7420726568
:104A70007475726E207468756E6B20746F20000000
:104A80006A61766120436C61737320666F722000E7
:104A90006775617264207661726961626C65206617
:104AA0006F722000544C5320696E69742066756ED5
:104AB0006374696F6E20666F72200000544C53203F
:104AC000777261707065722066756E6374696F6E5F
:104AD00020666F72200000007265666572656E6305
:104AE000652074656D706F7261727920230000001B
:104AF00068696464656E20616C69617320666F72B9
:104B0000200000006E6F6E2D7472616E73616374AD
:104B1000696F6E20636C6F6E6520666F7220000097
:104B20005F536174200000005F416363756D000096
:104B30005F467261637400002C2000006F70657224
:104B400061746F72000000006F70657261746F7243
:104B50002000000061640000735A000067730000C9
:104B60003E28000069780000203A20006E6577201A
:104B700000000000756C00006C6C0000756C6C002F
:104B800066616C736500000074727565000000005A
:104B90006A617661207265736F75726365200000CB
:104BA0006465636C74797065202800002E2E2E00D9
:104BB00074686973000000007B7061726D230000EF
:104BC000676C6F62616C20636F6E7374727563746F
:104BD0006F7273206B6579656420746F200000002C
:104BE000676C6F62616C2064657374727563746F57
:104BF0007273206B6579656420746F20000000007B
:104C00007B6C616D62646128000000002923000054
:104C10007B756E6E616D656420747970652300002C
:104C2000205B636C6F6E652000000000207265736E
:104C3000747269637400000020766F6C6174696C33
:104C40006500000020636F6E737400002074726151
:104C50006E73616374696F6E5F73616665000000F7
:104C6000206E6F6578636570740000002074687250
:104C70006F77000026260000636F6D706C657820EA
:104C800000000000696D6167696E61727920000043
:104C90003A3A2A00205F5F766563746F72280000DD
:104CA000282E2E2E000000002E2E2E29000000009F
:104CB0007374643A3A616C6C6F6361746F72000074
:104CC000616C6C6F6361746F720000007374643A9E
:104CD0003A62617369635F737472696E67000000A2
:104CE00062617369635F737472696E6700000000CC
:104CF0007374643A3A737472696E67007374643AD9
:104D00003A62617369635F737472696E673C63686A
:104D100061722C207374643A3A636861725F7472D2
:104D2000616974733C636861723E2C207374643AE9
:104D30003A616C6C6F6361746F723C636861723E60
:104D4000203E00007374643A3A6973747265616D51
:104D5000000000007374643A3A62617369635F69CA
:104D600073747265616D3C636861722C2073746446
:104D70003A3A636861725F7472616974733C636824
:104D800061723E203E00000062617369635F697377
:104D9000747265616D0000007374643A3A6F7374E5
:104DA0007265616D000000007374643A3A62617369
:104DB00069635F6F73747265616D3C636861722CC7
:104DC000207374643A3A636861725F7472616974E3
:104DD000733C636861723E203E000000626173694B
:104DE000635F6F73747265616D0000007374643A81
:104DF0003A696F73747265616D0000007374643A90
:104E00003A62617369635F696F73747265616D3C67
:104E1000636861722C207374643A3A636861725FEC
:104E20007472616974733C636861723E203E000075
:104E300062617369635F696F73747265616D0000AD
:104E4000614E0000263D0000615300003D0000005F
:104E50006161000026000000616E000061740000C6
:104E6000616C69676E6F662000000000617A000067
:104E700063630000636F6E73745F6361737400003B
:104E800028290000636D00002C000000636F000003
:104E90007E000000645600002F3D000064610000A9
:104EA00064656C6574655B5D2000000064630000F0
:104EB00064796E616D69635F636173740000000003
:104EC000646500002A000000646C000064656C6585
:104ED00074652000647300002E2A000064760000D0
:104EE0002F000000654F00005E3D0000656F000070
:104EF0005E000000657100003D3D0000664C000052
:104F000066520000666C0000667200006765000073
:104F10003E3D0000677400006C5300003C3C3D00C7
:104F20003C3D00006F70657261746F722222200038
:104F30006C7300003C3C00006C7400003C000000FE
:104F40006D4900002D3D00006D4C00002A3D000021
:104F50006D6900002D0000006D6C00006D6D00009B
:104F60002D2D00006E6100006E65775B5D00000016
:104F70006E650000213D00006E74000021000000FD
:104F80006E7700006E6577006F5200007C3D000078
:104F90006F6F00007C7C00007C000000704C000003
:104FA0002B3D0000706C00002B000000706D0000B5
:104FB0002D3E2A00707000002B2B00007073000043
:104FC0002D3E00003F000000724D0000253D000016
:104FD000725300003E3E3D00726300007265696ED0
:104FE000746572707265745F6361737400000000B1
:104FF000726D000025000000727300003E3E00004C
:1050000073697A656F662E2E2E00000073630000B0
:105010007374617469635F636173740073697A6543
:105020006F662000737A0000747200007468726FFB
:1050300077000000747700007468726F77200000BA
:105040007369676E6564206368617200626F6F6C7C
:1050500000000000626F6F6C65616E0063686172D2
:10506000000000006279746500000000646F7562E2
:105070006C6500006C6F6E6720646F75626C650014
:10508000666C6F61740000005F5F666C6F61743105
:1050900032380000756E7369676E656420636861FD
:1050A00072000000696E7400756E7369676E6564E6
:1050B00020696E7400000000756E7369676E656428
:1050C000000000006C6F6E6700000000756E736971
:1050D000676E6564206C6F6E670000005F5F696ECD
:1050E0007431323800000000756E7369676E656454
:1050F000205F5F696E7431323800000073686F7230
:1051000074000000756E7369676E65642073686F64
:1051100072740000766F6964000000007763686154
:10512000725F74006C6F6E67206C6F6E67000000BA
:10513000756E7369676E6564206C6F6E67206C6F47
:105140006E670000646563696D616C333200000056
:10515000646563696D616C36340000006465636981
:105160006D616C313238000068616C6600000000CF
:105170006368617231365F740000000063686172B9
:1051800033325F74000000006465636C747970658D
:10519000286E756C6C70747229000000D851040878
:1051A000A8510408145204084E31305F5F637878C8
:1051B000616269763132305F5F73695F636C61731E
:1051C000735F747970655F696E666F4500000000FB
:1051D000000000009C510408817E0308957E0308AE
:1051E0009D7F03089D7F03089D800308CD7F0308F2
:1051F0006D7F0308ED7E0308B17E03084C5204085E
:1052000004520408537439747970655F696E666F6F
:1052100000000000D851040820520408FC51040882
:105220004E31305F5F637878616269763131375F24
:105230005F636C6173735F747970655F696E666FCD
:10524000450000000000000014520408118003080B
:10525000258003089D7F03089D7F03089D80030828
:10526000CD7F03088580030841800308058003087B
:105270007371727466000000000FC93F000F49404F
:1052800000CB9640000FC9400053FB4000CB1641B5
:1052900000ED2F41000F49410031624100537B4135
:1052A000003A8A4100CB9641005CA34100EDAF413A
:1052B000007EBC41000FC94100A0D5410031E24150
:1052C00000C2EE410053FB4100F20342003A0A42A1
:1052D0000083104200CB164200141D42005C2342A2
:1052E00000A5294200ED2F4200363642007E3C42A6
:1052F00000C74242000F4942A2000000F90000002E
:10530000830000006E0000004E000000440000001A
:105310001500000029000000FC000000270000002C
:1053200057000000D1000000F5000000340000002C
:10533000DD000000C0000000DB0000006200000093
:1053400095000000990000003C00000043000000B0
:105350009000000041000000FE000000510000002D
:1053600063000000AB000000DE000000BB00000096
:10537000C500000061000000B7000000240000002C
:105380006E0000003A000000420000004D000000E6
:10539000D2000000E000000006000000490000000C
:1053A0002E000000EA00000009000000D10000000B
:1053B000920000001C000000FE0000001D00000024
:1053C000EB0000001C000000B100000029000000FC
:1053D000A70000003E000000E8000000820000007E
:1053E00035000000F50000002E000000BB000000AA
:1053F0004400000084000000E90000009C00000060
:105400007000000026000000B40000005F000000F3
:105410007E00000041000000390000009100000003
:10542000D600000039000000830000005300000097
:1054300039000000F40000009C000000840000001F
:105440005F0000008B000000BD000000F9000000BC
:10545000280000003B0000001F000000F8000000D2
:1054600097000000FF000000DE00000005000000C3
:10547000980000000F000000EF0000002F00000067
:10548000110000008B0000005A0000000A0000001C
:105490006D0000001F0000006D00000036000000DD
:1054A0007E000000CF00000027000000CB000000BD
:1054B00009000000B70000004F0000004600000097
:1054C0003F000000660000009E0000005F0000003A
:1054D000EA0000002D000000750000002700000019
:1054E000BA000000C7000000EB000000E50000006B
:1054F000F10000007B0000003D00000007000000FC
:1055000039000000F70000008A000000520000008F
:1055100092000000EA0000006B000000FB000000A9
:105520005F000000B10000001F0000008D000000BF
:105530005D000000080000005600000003000000AD
:105540003000000046000000FC0000007B0000006E
:105550006B000000AB000000F0000000CF00000076
:10556000BC000000200000009A000000F4000000D1
:10557000360000001D000000A9000000E30000004C
:1055800091000000610000005E000000E6000000E5
:105590001B000000080000006500000099000000EA
:1055A000850000005F00000014000000A000000063
:1055B00068000000400000008D000000FF000000B7
:1055C000D8000000800000004D00000073000000C3
:1055D0002700000031000000060000000600000067
:1055E0001500000056000000CA0000007300000013
:1055F000A8000000C900000060000000E2000000F8
:105600007B000000C00000008C0000006B00000068
:105610000000C93F0000F0390000DA370000A23373
:105620000000842E0000502B0000C2270000D02272
:105630000000C41F0000C61B000044170400000047
:1056400007000000090000003863ED3EDA0F493F13
:105650005E987B3FDA0FC93F6937AC31682122334E
:10566000B40F14336821A2332C2066756E637469FD
:105670006F6E3A2000000000617373657274696F89
:105680006E2022257322206661696C65643A20666B
:10569000696C6520222573222C206C696E6520259B
:1056A00064257325730A0000D0000020494E46008F
:1056B000696E66004E414E006E616E0030313233CD
:1056C000343536373839616263646566000000003E
:1056D0003031323334353637383941424344454628
:1056E00000000000286E756C6C290000300000007E
:1056F00020202020202020202020202020202020AA
:105700003030303030303030303030303030303099
:105710002020202020202020202020202020202089
:105720003030303030303030303030303030303079
:10573000496E66696E697479000000004E614E0022
:1057400043000000504F5349580000000000000083
:105750000080E03779C34143176E05B5B5B893466D
:10576000F5F93FE9034F384D321D30F94877825A39
:105770003CBF737FDD4F1575000000000000F03F57
:10578000000000000000244000000000000059401C
:105790000000000000408F40000000000088C3406F
:1057A00000000000006AF8400000000080842E41E4
:1057B00000000000D01263410000000084D7974130
:1057C0000000000065CDCD41000000205FA0024236
:1057D000000000E876483742000000A2941A6D42AB
:1057E000000040E59C30A2420000901EC4BCD6429E
:1057F00000003426F56B0C430080E03779C3414349
:1058000000A0D8855734764300C84E676DC1AB43BE
:10581000003D9160E458E143408CB5781DAF1544DC
:1058200050EFE2D6E41A4B4492D54D06CFF08044B7
:10583000F64AE1C7022DB544B49DD9794378EA44CC
:1058400005000000190000007D000000002020205D
:105850002020202020202828282828202020202020
:1058600020202020202020202020202020881010F0
:10587000101010101010101010101010100404044C
:10588000040404040404041010101010101041410A
:1058900041414141010101010101010101010101F8
:1058A000010101010101010110101010101042420C
:1058B00042424242020202020202020202020202C8
:1058C0000202020202020202101010102000000068
:1058D00000000000000000000000000000000000C8
:1058E00000000000000000000000000000000000B8
:1058F00000000000000000000000000000000000A8
:105900000000000000000000000000000000000097
:105910000000000000000000000000000000000087
:105920000000000000000000000000000000000077
:105930000000000000000000000000000000000067
:105940000000000000000000000000000000000057
:10595000000000007875099000000000660001005A
:08596000006F09901870099016
:1059680008B10181B0B000840000000008B10181D5
:10597800B0B0008400000000BD1CFF7F8408B101A6
:10598800B0B0B000FF1019010C020608010C041099
:10599800051C0A000001007F00007D0000000000D7
:1059A8000000000008B10181B0B0008400000000D0
:1059B80008B10181B0B000840000000008B1018185
:1059C800B0B00084000000006D1CFF7FB0AF18006D
:1059D800FF1019011124A6070000EE0704D80901D9
:1059E800BA08A8010000010000000000491CFF7F60
:1059F800B0AF0400FF101D0112200436012A042E46
:105A0800017646BC0100C40104000001000000004A
:105A180000000000211CFF7FB0AA0100FF1029012F
:105A280018343000006804A8010372360000C4016D
:105A380018EC0100E6010E00000200017D000000E4
:105A480000000000D4EDFFFFED1BFF7FA908B100A7
:105A5800FFFF010008B10181B0B000840000000020
:0C5A680008B10181B0B000840000000013
:105A7400B41BFC7F01000000141FFC7FB0A902804E
:105A8400B01FFC7FB0B0A8800020FC7F01000000A4
:105A94000C20FC7FB0B0AA804420FC7FAE71B280A1
:105AA4000421FC7F010000000021FC7FAB3F388013
:105AB4005821FC7F010000006421FC7FB0B0AA8063
:105AC400A021FC7F010000004422FC7FAB0EB280C9
:105AD400AC22FC7FB0AF08807825FC7F0100000079
:105AE4007C25FC7FAC3F0380F427FC7F0100000091
:105AF400D029FC7F00840480E429FC7F010000009D
:105B0400E029FC7FB0AD04809C2CFC7FB0A803800E
:105B1400BC2CFC7F44FFFF7FC02CFC7F48FFFF7F31
:105B2400CC2CFC7F010000000C14FF7F38FEFF7FAB
:105B34003C14FF7F01000000A815FF7F34FEFF7FA7
:105B4400B415FF7F38FEFF7FD415FF7F01000000EE
:105B5400E015FF7F54FEFF7FE015FF7F58FEFF7FB7
:105B6400EC15FF7F010000001016FF7FB0AB028030
:105B7400B816FF7F010000009417FF7FB0B0A88023
:105B8400D017FF7F010000002018FF7FAB08B18011
:105B94005018FF7FB0B0A880B818FF7F0100000044
:105BA4000C19FF7FAB08B180C419FF7F14FEFF7F7F
:105BB400F419FF7FAB08B180801AFF7F10FEFF7FCE
:105BC4005C1FFF7F01000000B01FFF7F24FEFF7FEA
:105BD4008420FF7F44FEFF7F8C21FF7F70FEFF7FC8
:105BE4000422FF7F010000008023FF7FB0B0AC805F
:105BF400A423FF7F01000000D023FF7FB0AA03800D
:085C04000024FF7F01000000F5
:105C0C008DD1030825020008F59F000879AA000829
:105C1C00ADB20008F1BB000859440208055902084E
:045C2C00BD7003083C
:045C30000102000865
:105C3400000000005A000000EC0204080024F400F4
:105C44000100000010000000AAAAAAAA591A01081B
:105C5400F1180108E9180108511A01083519010859
:105C6400791901083D1A0108551A0108EB180108B1
:105C7400471A0108E8030000804404089C4404080F
:105C8400EC440408004504081445040828450408A5
:105C9400A04504080446040864450408B4450408FF
:105CA40078450408C8450408184604087C460408D6
:105CB4003C4504085045040890460408E04604089E
:105CC40040460408A446040854460408B846040898
:105CD4008C450408DC450408F44604080847040815
:105CE400F04504082C46040868460408CC46040819
:105CF400597C03082171030801000000D000002032
:105D040000000000BC030020240400208C040020B8
:105D1400000000000000000000000000000000007F
:105D2400000000000000000000000000000000006F
:105D3400000000000000000000000000000000005F
:105D4400000000000000000000000000000000004F
:105D5400000000000000000000000000000000003F
:105D6400000000000000000000000000000000002F
:105D7400000000000000000000000000000000001F
:105D8400000000000000000000000000000000000F
:105D940000000000000000000000000000000000FF
:105DA40000000000000000000100000000000000EE
:105DB4000E33CDAB34126DE6ECDE05000B000000B3
:105DC40000000000000000000000000000000000CF
:105DD40000000000000000000000000000000000BF
:105DE40000000000000000000000000000000000AF
:105DF400000000000000000000000000000000009F
:105E0400000000000000000000000000000000008E
:105E1400000000000000000000000000000000007E
:105E2400000000000000000000000000000000006E
:105E3400000000000000000000000000000000005E
:105E4400000000000000000000000000000000004E
:105E5400000000000000000000000000000000003E
:105E6400000000000000000000000000000000002E
:105E7400000000000000000000000000000000001E
:105E8400000000000000000000000000000000000E
:105E940000000000000000000000000000000000FE
:105EA40000000000000000000000000000000000EE
:105EB40000000000000000000000000000000000DE
:105EC40000000000000000000000000000000000CE
:105ED40000000000000000000000000000000000BE
:105EE40000000000000000000000000000000000AE
:105EF400000000000000000000000000000000009E
:105F0400000000000000000000000000000000008D
:105F1400000000000000000000000000000000007D
:105F2400000000000000000000000000000000006D
:105F3400000000000000000000000000000000005D
:105F4400000000000000000000000000000000004D
:105F5400000000000000000000000000000000003D
:105F6400000000000000000000000000000000002D
:105F7400000000000000000000000000000000001D
:105F8400000000000000000000000000000000000D
:105F940000000000000000000000000000000000FD
:105FA40000000000000000000000000000000000ED
:105FB40000000000000000000000000000000000DD
:105FC40000000000000000000000000000000000CD
:105FD40000000000000000000000000000000000BD
:105FE40000000000000000000000000000000000AD
:105FF400000000000000000000000000000000009D
:10600400000000000000000000000000000000008C
:10601400000000000000000000000000000000007C
:10602400000000000000000000000000000000006C
:10603400000000000000000000000000000000005C
:10604400000000000000000000000000000000004C
:10605400000000000000000000000000000000003C
:10606400000000000000000000000000000000002C
:10607400000000000000000000000000000000001C
:10608400000000000000000000000000000000000C
:1060940000000000000000000000000000000000FC
:1060A40000000000000000000000000000000000EC
:1060B40000000000000000000000000000000000DC
:1060C40000000000000000000000000000000000CC
:1060D40000000000000000000000000000000000BC
:1060E40000000000000000000000000000000000AC
:1060F400000000000000000000000000000000009C
:10610400000000000000000000000000000000008B
:10611400000000000000000000000000000000007B
:10612400000000000000000000000000000000006B
:10613400F8040020F80400200005002000050020D9
:106144000805002008050020100500201005002087
:106154001805002018050020200500202005002037
:1061640028050020280500203005002030050020E7
:106174003805002038050020400500204005002097
:106184004805002048050020500500205005002047
:1061940058050020580500206005002060050020F7
:1061A40068050020680500207005002070050020A7
:1061B4007805002078050020800500208005002057
:1061C4008805002088050020900500209005002007
:1061D4009805002098050020A0050020A0050020B7
:1061E400A8050020A8050020B0050020B005002067
:1061F400B8050020B8050020C0050020C005002017
:10620400C8050020C8050020D0050020D0050020C6
:10621400D8050020D8050020E0050020E005002076
:10622400E8050020E8050020F0050020F005002026
:10623400F8050020F80500200006002000060020D4
:106244000806002008060020100600201006002082
:106254001806002018060020200600202006002032
:1062640028060020280600203006002030060020E2
:106274003806002038060020400600204006002092
:106284004806002048060020500600205006002042
:1062940058060020580600206006002060060020F2
:1062A40068060020680600207006002070060020A2
:1062B4007806002078060020800600208006002052
:1062C4008806002088060020900600209006002002
:1062D4009806002098060020A0060020A0060020B2
:1062E400A8060020A8060020B0060020B006002062
:1062F400B8060020B8060020C0060020C006002012
:10630400C8060020C8060020D0060020D0060020C1
:10631400D8060020D8060020E0060020E006002071
:10632400E8060020E8060020F0060020F006002021
:10633400F8060020F80600200007002000070020CF
:10634400080700200807002010070020100700207D
:10635400180700201807002020070020200700202D
:1063640028070020280700203007002030070020DD
:10637400380700203807002040070020400700208D
:10638400480700204807002050070020500700203D
:1063940058070020580700206007002060070020ED
:1063A400680700206807002070070020700700209D
:1063B400780700207807002080070020800700204D
:1063C40088070020880700209007002090070020FD
:1063D4009807002098070020A0070020A0070020AD
:1063E400A8070020A8070020B0070020B00700205D
:1063F400B8070020B8070020C0070020C00700200D
:10640400C8070020C8070020D0070020D0070020BC
:10641400D8070020D8070020E0070020E00700206C
:10642400E8070020E8070020F0070020F00700201C
:10643400F8070020F80700200008002000080020CA
:106444000808002008080020100800201008002078
:106454001808002018080020200800202008002028
:1064640028080020280800203008002030080020D8
:106474003808002038080020400800204008002088
:106484004808002048080020500800205008002038
:1064940058080020580800206008002060080020E8
:1064A4006808002068080020700800207008002098
:1064B4007808002078080020800800208008002048
:1064C40088080020880800209008002090080020F8
:1064D4009808002098080020A0080020A0080020A8
:1064E400A8080020A8080020B0080020B008002058
:1064F400B8080020B8080020C0080020C008002008
:10650400C8080020C8080020D0080020D0080020B7
:10651400D8080020D8080020E0080020E008002067
:10652400E8080020E8080020F0080020F008002017
:10653400FFFFFFFF00000200686701204300000026
:106544000000000000000000000000000000000047
:1065540000000000000000000000000043000000F4
:106564000000000000000000000000000000000027
:1065740000000000000000000000000043000000D4
:106584000000000000000000000000000000000007
:1065940000000000000000000000000043000000B4
:1065A40000000000000000000000000000000000E7
:1065B4000000000000000000000000004300000094
:1065C40000000000000000000000000000000000C7
:1065D4000000000000000000000000004300000074
:1065E40000000000000000000000000000000000A7
:1065F4000000000000000000000000004300000054
:106604000000000000000000000000000000000086
:10661400000000000000000000000000B9EE0308C4
:10662400EDE50308000000004C5804080850040875
:1066340074560408745604087456040874560408FE
:1066440074560408745604087456040874560408EE
:1066540074560408FFFFFFFFFFFFFFFFFFFFFFFF6C
:10666400FFFF0000010041534349490000000000BE
:106674000000000000000000000000000000000016
:10668400000000000000415343494900000000009D
:1066940000000000000000000000000000000000F6
:0866A4000000000000000000EE
:1066AC0000000000000000000000000000000000DE
:1066BC0000000000000000000000000000000000CE
:1066CC0000000000000000000000000000000000BE
:1066DC0000000000000000000000000000000000AE
:1066EC00000000000000000000000000000000009E
:1066FC00000000000000000000000000000000008E
:10670C00000000000000000000000000000000007D
:10671C00000000000000000000000000000000006D
:10672C00000000000000000000000000000000005D
:10673C00000000000000000000000000000000004D
:10674C00000000000000000000000000000000003D
:10675C00000000000000000000000000000000002D
:10676C00000000000000000000000000000000001D
:10677C00000000000000000000000000000000000D
:10678C0000000000000000000000000000000000FD
:10679C0000000000000000000000000000000000ED
:1067AC0000000000000000000000000000000000DD
:1067BC0000000000000000000000000000000000CD
:1067CC0000000000000000000000000000000000BD
:1067DC0000000000000000000000000000000000AD
:1067EC00000000000000000000000000000000009D
:1067FC00000000000000000000000000000000008D
:10680C00000000000000000000000000000000007C
:10681C00000000000000000000000000000000006C
:10682C00000000000000000000000000000000005C
:10683C00000000000000000000000000000000004C
:10684C00000000000000000000000000000000003C
:10685C00000000000000000000000000000000002C
:10686C00000000000000000000000000000000001C
:10687C00000000000000000000000000000000000C
:10688C0000000000000000000000000000000000FC
:10689C0000000000000000000000000000000000EC
:040000050801F1916C
:00000001FF
