// 4.24.2 0x1b451892 D2 AY R0 FARGB8888 U565 N0 SExtFlashSection
// Generated by imageconverter. Please, do not edit!

#include <touchgfx/hal/Config.hpp>

LOCATION_PRAGMA("ExtFlashSection")
KEEP extern const unsigned char image_icon_theme_images_action_settings_70_70_b5a974_svg[] LOCATION_ATTRIBUTE("ExtFlashSection") = { // 70x70 ARGB8888 pixels.
    0x00, 0x00, 0x00, 0x00, 0x00, 0x00, 0x00, 0x00, 0x00, 0x00, 0x00, 0x00,
    0x00, 0x00, 0x00, 0x00, 0x00, 0x00, 0x00, 0x00, 0x00, 0x00, 0x00, 0x00,
    0x00, 0x00, 0x00, 0x00, 0x00, 0x00, 0x00, 0x00, 0x00, 0x00, 0x00, 0x00,
    0x00, 0x00, 0x00, 0x00, 0x00, 0x00, 0x00, 0x00, 0x00, 0x00, 0x00, 0x00,
    0x00, 0x00, 0x00, 0x00, 0x00, 0x00, 0x00, 0x00, 0x00, 0x00, 0x00, 0x00,
    0x00, 0x00, 0x00, 0x00, 0x00, 0x00, 0x00, 0x00, 0x00, 0x00, 0x00, 0x00,
    0x00, 0x00, 0x00, 0x00, 0x00, 0x00, 0x00, 0x00, 0x00, 0x00, 0x00, 0x00,
    0x00, 0x00, 0x00, 0x00, 0x00, 0x00, 0x00, 0x00, 0x00, 0x00, 0x00, 0x00,
    0x00, 0x00, 0x00, 0x00, 0x00, 0x00, 0x00, 0x00, 0x00, 0x00, 0x00, 0x00,
    0x00, 0x00, 0x00, 0x00, 0x00, 0x00, 0x00, 0x00, 0x00, 0x00, 0x00, 0x00,
    0x00, 0x00, 0x00, 0x00, 0x00, 0x00, 0x00, 0x00, 0x00, 0x00, 0x00, 0x00,
    0x00, 0x00, 0x00, 0x00, 0x00, 0x00, 0x00, 0x00, 0x00, 0x00, 0x00, 0x00,
    0x00, 0x00, 0x00, 0x00, 0x00, 0x00, 0x00, 0x00, 0x00, 0x00, 0x00, 0x00,
    0x00, 0x00, 0x00, 0x00, 0x00, 0x00, 0x00, 0x00, 0x00, 0x00, 0x00, 0x00,
    0x00, 0x00, 0x00, 0x00, 0x00, 0x00, 0x00, 0x00, 0x00, 0x00, 0x00, 0x00,
    0x00, 0x00, 0x00, 0x00, 0x00, 0x00, 0x00, 0x00, 0x00, 0x00, 0x00, 0x00,
    0x00, 0x00, 0x00, 0x00, 0x00, 0x00, 0x00, 0x00, 0x00, 0x00, 0x00, 0x00,
    0x00, 0x00, 0x00, 0x00, 0x00, 0x00, 0x00, 0x00, 0x00, 0x00, 0x00, 0x00,
    0x00, 0x00, 0x00, 0x00, 0x00, 0x00, 0x00, 0x00, 0x00, 0x00, 0x00, 0x00,
    0x00, 0x00, 0x00, 0x00, 0x00, 0x00, 0x00, 0x00, 0x00, 0x00, 0x00, 0x00,
    0x00, 0x00, 0x00, 0x00, 0x00, 0x00, 0x00, 0x00, 0x00, 0x00, 0x00, 0x00,
    0x00, 0x00, 0x00, 0x00, 0x00, 0x00, 0x00, 0x00, 0x00, 0x00, 0x00, 0x00,
    0x00, 0x00, 0x00, 0x00, 0x00, 0x00, 0x00, 0x00, 0x00, 0x00, 0x00, 0x00,
    0x00, 0x00, 0x00, 0x00, 0x00, 0x00, 0x00, 0x00, 0x00, 0x00, 0x00, 0x00,
    0x00, 0x00, 0x00, 0x00, 0x00, 0x00, 0x00, 0x00, 0x00, 0x00, 0x00, 0x00,
    0x00, 0x00, 0x00, 0x00, 0x00, 0x00, 0x00, 0x00, 0x00, 0x00, 0x00, 0x00,
    0x00, 0x00, 0x00, 0x00, 0x00, 0x00, 0x00, 0x00, 0x00, 0x00, 0x00, 0x00,
    0x00, 0x00, 0x00, 0x00, 0x00, 0x00, 0x00, 0x00, 0x00, 0x00, 0x00, 0x00,
    0x00, 0x00, 0x00, 0x00, 0x00, 0x00, 0x00, 0x00, 0x00, 0x00, 0x00, 0x00,
    0x00, 0x00, 0x00, 0x00, 0x00, 0x00, 0x00, 0x00, 0x00, 0x00, 0x00, 0x00,
    0x00, 0x00, 0x00, 0x00, 0x00, 0x00, 0x00, 0x00, 0x00, 0x00, 0x00, 0x00,
    0x00, 0x00, 0x00, 0x00, 0x00, 0x00, 0x00, 0x00, 0x00, 0x00, 0x00, 0x00,
    0x00, 0x00, 0x00, 0x00, 0x00, 0x00, 0x00, 0x00, 0x00, 0x00, 0x00, 0x00,
    0x00, 0x00, 0x00, 0x00, 0x00, 0x00, 0x00, 0x00, 0x00, 0x00, 0x00, 0x00,
    0x00, 0x00, 0x00, 0x00, 0x00, 0x00, 0x00, 0x00, 0x00, 0x00, 0x00, 0x00,
    0x00, 0x00, 0x00, 0x00, 0x00, 0x00, 0x00, 0x00, 0x00, 0x00, 0x00, 0x00,
    0x00, 0x00, 0x00, 0x00, 0x00, 0x00, 0x00, 0x00, 0x00, 0x00, 0x00, 0x00,
    0x00, 0x00, 0x00, 0x00, 0x00, 0x00, 0x00, 0x00, 0x00, 0x00, 0x00, 0x00,
    0x00, 0x00, 0x00, 0x00, 0x00, 0x00, 0x00, 0x00, 0x00, 0x00, 0x00, 0x00,
    0x00, 0x00, 0x00, 0x00, 0x00, 0x00, 0x00, 0x00, 0x00, 0x00, 0x00, 0x00,
    0x00, 0x00, 0x00, 0x00, 0x00, 0x00, 0x00, 0x00, 0x00, 0x00, 0x00, 0x00,
    0x00, 0x00, 0x00, 0x00, 0x00, 0x00, 0x00, 0x00, 0x00, 0x00, 0x00, 0x00,
    0x00, 0x00, 0x00, 0x00, 0x00, 0x00, 0x00, 0x00, 0x00, 0x00, 0x00, 0x00,
    0x00, 0x00, 0x00, 0x00, 0x00, 0x00, 0x00, 0x00, 0x00, 0x00, 0x00, 0x00,
    0x00, 0x00, 0x00, 0x00, 0x00, 0x00, 0x00, 0x00, 0x00, 0x00, 0x00, 0x00,
    0x00, 0x00, 0x00, 0x00, 0x00, 0x00, 0x00, 0x00, 0x00, 0x00, 0x00, 0x00,
    0x00, 0x00, 0x00, 0x00, 0x00, 0x00, 0x00, 0x00, 0x00, 0x00, 0x00, 0x00,
    0x00, 0x00, 0x00, 0x00, 0x00, 0x00, 0x00, 0x00, 0x00, 0x00, 0x00, 0x00,
    0x00, 0x00, 0x00, 0x00, 0x00, 0x00, 0x00, 0x00, 0x00, 0x00, 0x00, 0x00,
    0x00, 0x00, 0x00, 0x00, 0x00, 0x00, 0x00, 0x00, 0x00, 0x00, 0x00, 0x00,
    0x00, 0x00, 0x00, 0x00, 0x00, 0x00, 0x00, 0x00, 0x00, 0x00, 0x00, 0x00,
    0x00, 0x00, 0x00, 0x00, 0x00, 0x00, 0x00, 0x00, 0x00, 0x00, 0x00, 0x00,
    0x00, 0x00, 0x00, 0x00, 0x00, 0x00, 0x00, 0x00, 0x00, 0x00, 0x00, 0x00,
    0x00, 0x00, 0x00, 0x00, 0x00, 0x00, 0x00, 0x00, 0x00, 0x00, 0x00, 0x00,
    0x00, 0x00, 0x00, 0x00, 0x00, 0x00, 0x00, 0x00, 0x00, 0x00, 0x00, 0x00,
    0x00, 0x00, 0x00, 0x00, 0x00, 0x00, 0x00, 0x00, 0x00, 0x00, 0x00, 0x00,
    0x00, 0x00, 0x00, 0x00, 0x00, 0x00, 0x00, 0x00, 0x00, 0x00, 0x00, 0x00,
    0x00, 0x00, 0x00, 0x00, 0x00, 0x00, 0x00, 0x00, 0x00, 0x00, 0x00, 0x00,
    0x00, 0x00, 0x00, 0x00, 0x00, 0x00, 0x00, 0x00, 0x00, 0x00, 0x00, 0x00,
    0x00, 0x00, 0x00, 0x00, 0x00, 0x00, 0x00, 0x00, 0x00, 0x00, 0x00, 0x00,
    0x00, 0x00, 0x00, 0x00, 0x00, 0x00, 0x00, 0x00, 0x00, 0x00, 0x00, 0x00,
    0x00, 0x00, 0x00, 0x00, 0x00, 0x00, 0x00, 0x00, 0x00, 0x00, 0x00, 0x00,
    0x00, 0x00, 0x00, 0x00, 0x00, 0x00, 0x00, 0x00, 0x00, 0x00, 0x00, 0x00,
    0x00, 0x00, 0x00, 0x00, 0x00, 0x00, 0x00, 0x00, 0x00, 0x00, 0x00, 0x00,
    0x00, 0x00, 0x00, 0x00, 0x00, 0x00, 0x00, 0x00, 0x00, 0x00, 0x00, 0x00,
    0x00, 0x00, 0x00, 0x00, 0x00, 0x00, 0x00, 0x00, 0x00, 0x00, 0x00, 0x00,
    0x00, 0x00, 0x00, 0x00, 0x00, 0x00, 0x00, 0x00, 0x00, 0x00, 0x00, 0x00,
    0x00, 0x00, 0x00, 0x00, 0x00, 0x00, 0x00, 0x00, 0x00, 0x00, 0x00, 0x00,
    0x00, 0x00, 0x00, 0x00, 0x00, 0x00, 0x00, 0x00, 0x00, 0x00, 0x00, 0x00,
    0x00, 0x00, 0x00, 0x00, 0x00, 0x00, 0x00, 0x00, 0x00, 0x00, 0x00, 0x00,
    0x00, 0x00, 0x00, 0x00, 0x00, 0x00, 0x00, 0x00, 0x00, 0x00, 0x00, 0x00,
    0x00, 0x00, 0x00, 0x00, 0x00, 0x00, 0x00, 0x00, 0x00, 0x00, 0x00, 0x00,
    0x00, 0x00, 0x00, 0x00, 0x00, 0x00, 0x00, 0x00, 0x00, 0x00, 0x00, 0x00,
    0x00, 0x00, 0x00, 0x00, 0x00, 0x00, 0x00, 0x00, 0x00, 0x00, 0x00, 0x00,
    0x00, 0x00, 0x00, 0x00, 0x00, 0x00, 0x00, 0x00, 0x00, 0x00, 0x00, 0x00,
    0x00, 0x00, 0x00, 0x00, 0x00, 0x00, 0x00, 0x00, 0x00, 0x00, 0x00, 0x00,
    0x00, 0x00, 0x00, 0x00, 0x00, 0x00, 0x00, 0x00, 0x00, 0x00, 0x00, 0x00,
    0x00, 0x00, 0x00, 0x00, 0x00, 0x00, 0x00, 0x00, 0x00, 0x00, 0x00, 0x00,
    0x00, 0x00, 0x00, 0x00, 0x00, 0x00, 0x00, 0x00, 0x00, 0x00, 0x00, 0x00,
    0x00, 0x00, 0x00, 0x00, 0x00, 0x00, 0x00, 0x00, 0x00, 0x00, 0x00, 0x00,
    0x00, 0x00, 0x00, 0x00, 0x00, 0x00, 0x00, 0x00, 0x00, 0x00, 0x00, 0x00,
    0x00, 0x00, 0x00, 0x00, 0x00, 0x00, 0x00, 0x00, 0x00, 0x00, 0x00, 0x00,
    0x00, 0x00, 0x00, 0x00, 0x00, 0x00, 0x00, 0x00, 0x00, 0x00, 0x00, 0x00,
    0x00, 0x00, 0x00, 0x00, 0x00, 0x00, 0x00, 0x00, 0x00, 0x00, 0x00, 0x00,
    0x00, 0x00, 0x00, 0x00, 0x00, 0x00, 0x00, 0x00, 0x00, 0x00, 0x00, 0x00,
    0x00, 0x00, 0x00, 0x00, 0x00, 0x00, 0x00, 0x00, 0x00, 0x00, 0x00, 0x00,
    0x00, 0x00, 0x00, 0x00, 0x00, 0x00, 0x00, 0x00, 0x00, 0x00, 0x00, 0x00,
    0x00, 0x00, 0x00, 0x00, 0x00, 0x00, 0x00, 0x00, 0x00, 0x00, 0x00, 0x00,
    0x00, 0x00, 0x00, 0x00, 0x00, 0x00, 0x00, 0x00, 0x00, 0x00, 0x00, 0x00,
    0x00, 0x00, 0x00, 0x00, 0x00, 0x00, 0x00, 0x00, 0x00, 0x00, 0x00, 0x00,
    0x00, 0x00, 0x00, 0x00, 0x00, 0x00, 0x00, 0x00, 0x00, 0x00, 0x00, 0x00,
    0x00, 0x00, 0x00, 0x00, 0x00, 0x00, 0x00, 0x00, 0x00, 0x00, 0x00, 0x00,
    0x00, 0x00, 0x00, 0x00, 0x00, 0x00, 0x00, 0x00, 0x00, 0x00, 0x00, 0x00,
    0x00, 0x00, 0x00, 0x00, 0x00, 0x00, 0x00, 0x00, 0x00, 0x00, 0x00, 0x00,
    0x00, 0x00, 0x00, 0x00, 0x00, 0x00, 0x00, 0x00, 0x00, 0x00, 0x00, 0x00,
    0x00, 0x00, 0x00, 0x00, 0x00, 0x00, 0x00, 0x00, 0x00, 0x00, 0x00, 0x00,
    0x00, 0x00, 0x00, 0x00, 0x00, 0x00, 0x00, 0x00, 0x00, 0x00, 0x00, 0x00,
    0x00, 0x00, 0x00, 0x00, 0x00, 0x00, 0x00, 0x00, 0x00, 0x00, 0x00, 0x00,
    0x00, 0x00, 0x00, 0x00, 0x00, 0x00, 0x00, 0x00, 0x00, 0x00, 0x00, 0x00,
    0x00, 0x00, 0x00, 0x00, 0x00, 0x00, 0x00, 0x00, 0x00, 0x00, 0x00, 0x00,
    0x00, 0x00, 0x00, 0x00, 0x00, 0x00, 0x00, 0x00, 0x00, 0x00, 0x00, 0x00,
    0x00, 0x00, 0x00, 0x00, 0x00, 0x00, 0x00, 0x00, 0x00, 0x00, 0x00, 0x00,
    0x00, 0x00, 0x00, 0x00, 0x00, 0x00, 0x00, 0x00, 0x00, 0x00, 0x00, 0x00,
    0x00, 0x00, 0x00, 0x00, 0x00, 0x00, 0x00, 0x00, 0x00, 0x00, 0x00, 0x00,
    0x00, 0x00, 0x00, 0x00, 0x00, 0x00, 0x00, 0x00, 0x00, 0x00, 0x00, 0x00,
    0x00, 0x00, 0x00, 0x00, 0x00, 0x00, 0x00, 0x00, 0x00, 0x00, 0x00, 0x00,
    0x00, 0x00, 0x00, 0x00, 0x00, 0x00, 0x00, 0x00, 0x00, 0x00, 0x00, 0x00,
    0x00, 0x00, 0x00, 0x00, 0x00, 0x00, 0x00, 0x00, 0x00, 0x00, 0x00, 0x00,
    0x00, 0x00, 0x00, 0x00, 0x00, 0x00, 0x00, 0x00, 0x00, 0x00, 0x00, 0x00,
    0x00, 0x00, 0x00, 0x00, 0x00, 0x00, 0x00, 0x00, 0x00, 0x00, 0x00, 0x00,
    0x00, 0x00, 0x00, 0x00, 0x00, 0x00, 0x00, 0x00, 0x00, 0x00, 0x00, 0x00,
    0x00, 0x00, 0x00, 0x00, 0x00, 0x00, 0x00, 0x00, 0x00, 0x00, 0x00, 0x00,
    0x00, 0x00, 0x00, 0x00, 0x00, 0x00, 0x00, 0x00, 0x00, 0x00, 0x00, 0x00,
    0x00, 0x00, 0x00, 0x00, 0x00, 0x00, 0x00, 0x00, 0x00, 0x00, 0x00, 0x00,
    0x00, 0x00, 0x00, 0x00, 0x00, 0x00, 0x00, 0x00, 0x00, 0x00, 0x00, 0x00,
    0x00, 0x00, 0x00, 0x00, 0x00, 0x00, 0x00, 0x00, 0x00, 0x00, 0x00, 0x00,
    0x00, 0x00, 0x00, 0x00, 0x00, 0x00, 0x00, 0x00, 0x00, 0x00, 0x00, 0x00,
    0x00, 0x00, 0x00, 0x00, 0x00, 0x00, 0x00, 0x00, 0x00, 0x00, 0x00, 0x00,
    0x00, 0x00, 0x00, 0x00, 0x00, 0x00, 0x00, 0x00, 0x00, 0x00, 0x00, 0x00,
    0x00, 0x00, 0x00, 0x00, 0x00, 0x00, 0x00, 0x00, 0x00, 0x00, 0x00, 0x00,
    0x00, 0x00, 0x00, 0x00, 0x00, 0x00, 0x00, 0x00, 0x00, 0x00, 0x00, 0x00,
    0x00, 0x00, 0x00, 0x00, 0x00, 0x00, 0x00, 0x00, 0x00, 0x00, 0x00, 0x00,
    0x00, 0x00, 0x00, 0x00, 0x00, 0x00, 0x00, 0x00, 0x00, 0x00, 0x00, 0x00,
    0x00, 0x00, 0x00, 0x00, 0x00, 0x00, 0x00, 0x00, 0x00, 0x00, 0x00, 0x00,
    0x00, 0x00, 0x00, 0x00, 0x00, 0x00, 0x00, 0x00, 0x00, 0x00, 0x00, 0x00,
    0x00, 0x00, 0x00, 0x00, 0x00, 0x00, 0x00, 0x00, 0x70, 0xb0, 0xb0, 0x10,
    0x70, 0xa8, 0xb0, 0x41, 0x70, 0xa8, 0xb0, 0x41, 0x70, 0xa8, 0xb0, 0x3c,
    0x70, 0xa8, 0xb0, 0x41, 0x70, 0xa8, 0xb0, 0x41, 0x70, 0xa8, 0xb0, 0x41,
    0x70, 0xa8, 0xb0, 0x3c, 0x70, 0xa8, 0xb0, 0x41, 0x70, 0xa8, 0xb0, 0x41,
    0x70, 0xa8, 0xb0, 0x41, 0x70, 0xa8, 0xb0, 0x3c, 0x70, 0xa4, 0xb0, 0x28,
    0x00, 0x00, 0x00, 0x00, 0x00, 0x00, 0x00, 0x00, 0x00, 0x00, 0x00, 0x00,
    0x00, 0x00, 0x00, 0x00, 0x00, 0x00, 0x00, 0x00, 0x00, 0x00, 0x00, 0x00,
    0x00, 0x00, 0x00, 0x00, 0x00, 0x00, 0x00, 0x00, 0x00, 0x00, 0x00, 0x00,
    0x00, 0x00, 0x00, 0x00, 0x00, 0x00, 0x00, 0x00, 0x00, 0x00, 0x00, 0x00,
    0x00, 0x00, 0x00, 0x00, 0x00, 0x00, 0x00, 0x00, 0x00, 0x00, 0x00, 0x00,
    0x00, 0x00, 0x00, 0x00, 0x00, 0x00, 0x00, 0x00, 0x00, 0x00, 0x00, 0x00,
    0x00, 0x00, 0x00, 0x00, 0x00, 0x00, 0x00, 0x00, 0x00, 0x00, 0x00, 0x00,
    0x00, 0x00, 0x00, 0x00, 0x00, 0x00, 0x00, 0x00, 0x00, 0x00, 0x00, 0x00,
    0x00, 0x00, 0x00, 0x00, 0x00, 0x00, 0x00, 0x00, 0x00, 0x00, 0x00, 0x00,
    0x00, 0x00, 0x00, 0x00, 0x00, 0x00, 0x00, 0x00, 0x00, 0x00, 0x00, 0x00,
    0x00, 0x00, 0x00, 0x00, 0x00, 0x00, 0x00, 0x00, 0x00, 0x00, 0x00, 0x00,
    0x00, 0x00, 0x00, 0x00, 0x00, 0x00, 0x00, 0x00, 0x00, 0x00, 0x00, 0x00,
    0x00, 0x00, 0x00, 0x00, 0x00, 0x00, 0x00, 0x00, 0x00, 0x00, 0x00, 0x00,
    0x00, 0x00, 0x00, 0x00, 0x00, 0x00, 0x00, 0x00, 0x00, 0x00, 0x00, 0x00,
    0x00, 0x00, 0x00, 0x00, 0x00, 0x00, 0x00, 0x00, 0x00, 0x00, 0x00, 0x00,
    0x00, 0x00, 0x00, 0x00, 0x00, 0x00, 0x00, 0x00, 0x00, 0x00, 0x00, 0x00,
    0x00, 0x00, 0x00, 0x00, 0x00, 0x00, 0x00, 0x00, 0x00, 0x00, 0x00, 0x00,
    0x00, 0x00, 0x00, 0x00, 0x00, 0x00, 0x00, 0x00, 0x00, 0x00, 0x00, 0x00,
    0x00, 0x00, 0x00, 0x00, 0x00, 0x00, 0x00, 0x00, 0x70, 0xa8, 0xb0, 0x18,
    0x70, 0xa8, 0xb8, 0xf3, 0x78, 0xa8, 0xb8, 0xff, 0x78, 0xa8, 0xb8, 0xff,
    0x78, 0xa8, 0xb8, 0xff, 0x78, 0xa8, 0xb8, 0xff, 0x78, 0xa8, 0xb8, 0xff,
    0x78, 0xa8, 0xb8, 0xff, 0x78, 0xa8, 0xb8, 0xff, 0x78, 0xa8, 0xb8, 0xff,
    0x78, 0xa8, 0xb8, 0xff, 0x78, 0xa8, 0xb8, 0xff, 0x78, 0xa8, 0xb8, 0xff,
    0x70, 0xa8, 0xb8, 0xff, 0x78, 0xa8, 0xb0, 0x6d, 0x00, 0x00, 0x00, 0x00,
    0x00, 0x00, 0x00, 0x00, 0x00, 0x00, 0x00, 0x00, 0x00, 0x00, 0x00, 0x00,
    0x00, 0x00, 0x00, 0x00, 0x00, 0x00, 0x00, 0x00, 0x00, 0x00, 0x00, 0x00,
    0x00, 0x00, 0x00, 0x00, 0x00, 0x00, 0x00, 0x00, 0x00, 0x00, 0x00, 0x00,
    0x00, 0x00, 0x00, 0x00, 0x00, 0x00, 0x00, 0x00, 0x00, 0x00, 0x00, 0x00,
    0x00, 0x00, 0x00, 0x00, 0x00, 0x00, 0x00, 0x00, 0x00, 0x00, 0x00, 0x00,
    0x00, 0x00, 0x00, 0x00, 0x00, 0x00, 0x00, 0x00, 0x00, 0x00, 0x00, 0x00,
    0x00, 0x00, 0x00, 0x00, 0x00, 0x00, 0x00, 0x00, 0x00, 0x00, 0x00, 0x00,
    0x00, 0x00, 0x00, 0x00, 0x00, 0x00, 0x00, 0x00, 0x00, 0x00, 0x00, 0x00,
    0x00, 0x00, 0x00, 0x00, 0x00, 0x00, 0x00, 0x00, 0x00, 0x00, 0x00, 0x00,
    0x00, 0x00, 0x00, 0x00, 0x00, 0x00, 0x00, 0x00, 0x00, 0x00, 0x00, 0x00,
    0x00, 0x00, 0x00, 0x00, 0x00, 0x00, 0x00, 0x00, 0x00, 0x00, 0x00, 0x00,
    0x00, 0x00, 0x00, 0x00, 0x00, 0x00, 0x00, 0x00, 0x00, 0x00, 0x00, 0x00,
    0x00, 0x00, 0x00, 0x00, 0x00, 0x00, 0x00, 0x00, 0x00, 0x00, 0x00, 0x00,
    0x00, 0x00, 0x00, 0x00, 0x00, 0x00, 0x00, 0x00, 0x00, 0x00, 0x00, 0x00,
    0x00, 0x00, 0x00, 0x00, 0x00, 0x00, 0x00, 0x00, 0x00, 0x00, 0x00, 0x00,
    0x00, 0x00, 0x00, 0x00, 0x00, 0x00, 0x00, 0x00, 0x00, 0x00, 0x00, 0x00,
    0x00, 0x00, 0x00, 0x00, 0x00, 0x00, 0x00, 0x00, 0x00, 0x00, 0x00, 0x00,
    0x00, 0x00, 0x00, 0x00, 0x00, 0x00, 0x00, 0x00, 0x00, 0x00, 0x00, 0x00,
    0x70, 0xa8, 0xb0, 0x55, 0x78, 0xa8, 0xb8, 0xff, 0x70, 0xa8, 0xb8, 0xff,
    0x70, 0xa8, 0xb0, 0xff, 0x78, 0xa8, 0xb8, 0xff, 0x70, 0xa8, 0xb8, 0xff,
    0x70, 0xa8, 0xb8, 0xff, 0x78, 0xa8, 0xb8, 0xff, 0x70, 0xa8, 0xb8, 0xff,
    0x70, 0xa8, 0xb8, 0xff, 0x78, 0xa8, 0xb0, 0xff, 0x70, 0xa8, 0xb8, 0xff,
    0x78, 0xa8, 0xb8, 0xff, 0x78, 0xa8, 0xb8, 0xff, 0x70, 0xa8, 0xb0, 0xc7,
    0x00, 0x00, 0x00, 0x00, 0x00, 0x00, 0x00, 0x00, 0x00, 0x00, 0x00, 0x00,
    0x00, 0x00, 0x00, 0x00, 0x00, 0x00, 0x00, 0x00, 0x00, 0x00, 0x00, 0x00,
    0x00, 0x00, 0x00, 0x00, 0x00, 0x00, 0x00, 0x00, 0x00, 0x00, 0x00, 0x00,
    0x00, 0x00, 0x00, 0x00, 0x00, 0x00, 0x00, 0x00, 0x00, 0x00, 0x00, 0x00,
    0x00, 0x00, 0x00, 0x00, 0x00, 0x00, 0x00, 0x00, 0x00, 0x00, 0x00, 0x00,
    0x00, 0x00, 0x00, 0x00, 0x00, 0x00, 0x00, 0x00, 0x00, 0x00, 0x00, 0x00,
    0x00, 0x00, 0x00, 0x00, 0x00, 0x00, 0x00, 0x00, 0x00, 0x00, 0x00, 0x00,
    0x00, 0x00, 0x00, 0x00, 0x00, 0x00, 0x00, 0x00, 0x00, 0x00, 0x00, 0x00,
    0x00, 0x00, 0x00, 0x00, 0x00, 0x00, 0x00, 0x00, 0x00, 0x00, 0x00, 0x00,
    0x00, 0x00, 0x00, 0x00, 0x00, 0x00, 0x00, 0x00, 0x00, 0x00, 0x00, 0x00,
    0x00, 0x00, 0x00, 0x00, 0x00, 0x00, 0x00, 0x00, 0x00, 0x00, 0x00, 0x00,
    0x00, 0x00, 0x00, 0x00, 0x00, 0x00, 0x00, 0x00, 0x00, 0x00, 0x00, 0x00,
    0x00, 0x00, 0x00, 0x00, 0x00, 0x00, 0x00, 0x00, 0x00, 0x00, 0x00, 0x00,
    0x00, 0x00, 0x00, 0x00, 0x00, 0x00, 0x00, 0x00, 0x00, 0x00, 0x00, 0x00,
    0x00, 0x00, 0x00, 0x00, 0x00, 0x00, 0x00, 0x00, 0x00, 0x00, 0x00, 0x00,
    0x00, 0x00, 0x00, 0x00, 0x00, 0x00, 0x00, 0x00, 0x00, 0x00, 0x00, 0x00,
    0x00, 0x00, 0x00, 0x00, 0x00, 0x00, 0x00, 0x00, 0x00, 0x00, 0x00, 0x00,
    0x00, 0x00, 0x00, 0x00, 0x00, 0x00, 0x00, 0x00, 0x00, 0x00, 0x00, 0x00,
    0x00, 0x00, 0x00, 0x00, 0x70, 0xa8, 0xb0, 0x75, 0x78, 0xa8, 0xb8, 0xff,
    0x78, 0xa8, 0xb0, 0xff, 0x70, 0xa8, 0xb0, 0xff, 0x70, 0xa8, 0xb8, 0xff,
    0x78, 0xa8, 0xb0, 0xff, 0x70, 0xa8, 0xb0, 0xff, 0x70, 0xa8, 0xb0, 0xff,
    0x78, 0xa8, 0xb0, 0xff, 0x70, 0xa8, 0xb8, 0xff, 0x70, 0xa8, 0xb0, 0xff,
    0x70, 0xa8, 0xb0, 0xff, 0x70, 0xa8, 0xb8, 0xff, 0x78, 0xa8, 0xb0, 0xff,
    0x70, 0xa8, 0xb8, 0xe7, 0x00, 0x00, 0x00, 0x00, 0x00, 0x00, 0x00, 0x00,
    0x00, 0x00, 0x00, 0x00, 0x00, 0x00, 0x00, 0x00, 0x00, 0x00, 0x00, 0x00,
    0x00, 0x00, 0x00, 0x00, 0x00, 0x00, 0x00, 0x00, 0x00, 0x00, 0x00, 0x00,
    0x00, 0x00, 0x00, 0x00, 0x00, 0x00, 0x00, 0x00, 0x00, 0x00, 0x00, 0x00,
    0x00, 0x00, 0x00, 0x00, 0x00, 0x00, 0x00, 0x00, 0x00, 0x00, 0x00, 0x00,
    0x00, 0x00, 0x00, 0x00, 0x00, 0x00, 0x00, 0x00, 0x00, 0x00, 0x00, 0x00,
    0x00, 0x00, 0x00, 0x00, 0x00, 0x00, 0x00, 0x00, 0x00, 0x00, 0x00, 0x00,
    0x00, 0x00, 0x00, 0x00, 0x00, 0x00, 0x00, 0x00, 0x00, 0x00, 0x00, 0x00,
    0x00, 0x00, 0x00, 0x00, 0x00, 0x00, 0x00, 0x00, 0x00, 0x00, 0x00, 0x00,
    0x00, 0x00, 0x00, 0x00, 0x00, 0x00, 0x00, 0x00, 0x00, 0x00, 0x00, 0x00,
    0x00, 0x00, 0x00, 0x00, 0x00, 0x00, 0x00, 0x00, 0x00, 0x00, 0x00, 0x00,
    0x00, 0x00, 0x00, 0x00, 0x00, 0x00, 0x00, 0x00, 0x00, 0x00, 0x00, 0x00,
    0x00, 0x00, 0x00, 0x00, 0x00, 0x00, 0x00, 0x00, 0x00, 0x00, 0x00, 0x00,
    0x00, 0x00, 0x00, 0x00, 0x00, 0x00, 0x00, 0x00, 0x00, 0x00, 0x00, 0x00,
    0x00, 0x00, 0x00, 0x00, 0x00, 0x00, 0x00, 0x00, 0x00, 0x00, 0x00, 0x00,
    0x00, 0x00, 0x00, 0x00, 0x00, 0x00, 0x00, 0x00, 0x00, 0x00, 0x00, 0x00,
    0x00, 0x00, 0x00, 0x00, 0x00, 0x00, 0x00, 0x00, 0x00, 0x00, 0x00, 0x00,
    0x00, 0x00, 0x00, 0x00, 0x00, 0x00, 0x00, 0x00, 0x00, 0x00, 0x00, 0x00,
    0x00, 0x00, 0x00, 0x00, 0x00, 0x00, 0x00, 0x00, 0x78, 0xa8, 0xb8, 0xa6,
    0x70, 0xa8, 0xb8, 0xff, 0x78, 0xac, 0xb8, 0xff, 0x78, 0xa8, 0xb8, 0xff,
    0x70, 0xac, 0xb8, 0xff, 0x78, 0xa8, 0xb8, 0xff, 0x78, 0xac, 0xb8, 0xff,
    0x70, 0xa8, 0xb8, 0xff, 0x78, 0xac, 0xb8, 0xff, 0x78, 0xa8, 0xb8, 0xff,
    0x78, 0xac, 0xb8, 0xff, 0x78, 0xac, 0xb8, 0xff, 0x70, 0xa8, 0xb0, 0xff,
    0x78, 0xac, 0xb8, 0xff, 0x70, 0xa8, 0xb8, 0xff, 0x70, 0xb0, 0xb0, 0x10,
    0x00, 0x00, 0x00, 0x00, 0x00, 0x00, 0x00, 0x00, 0x00, 0x00, 0x00, 0x00,
    0x00, 0x00, 0x00, 0x00, 0x00, 0x00, 0x00, 0x00, 0x00, 0x00, 0x00, 0x00,
    0x00, 0x00, 0x00, 0x00, 0x00, 0x00, 0x00, 0x00, 0x00, 0x00, 0x00, 0x00,
    0x00, 0x00, 0x00, 0x00, 0x00, 0x00, 0x00, 0x00, 0x00, 0x00, 0x00, 0x00,
    0x00, 0x00, 0x00, 0x00, 0x00, 0x00, 0x00, 0x00, 0x00, 0x00, 0x00, 0x00,
    0x00, 0x00, 0x00, 0x00, 0x00, 0x00, 0x00, 0x00, 0x00, 0x00, 0x00, 0x00,
    0x00, 0x00, 0x00, 0x00, 0x00, 0x00, 0x00, 0x00, 0x00, 0x00, 0x00, 0x00,
    0x00, 0x00, 0x00, 0x00, 0x00, 0x00, 0x00, 0x00, 0x00, 0x00, 0x00, 0x00,
    0x00, 0x00, 0x00, 0x00, 0x00, 0x00, 0x00, 0x00, 0x00, 0x00, 0x00, 0x00,
    0x00, 0x00, 0x00, 0x00, 0x00, 0x00, 0x00, 0x00, 0x00, 0x00, 0x00, 0x00,
    0x00, 0x00, 0x00, 0x00, 0x00, 0x00, 0x00, 0x00, 0x00, 0x00, 0x00, 0x00,
    0x00, 0x00, 0x00, 0x00, 0x00, 0x00, 0x00, 0x00, 0x00, 0x00, 0x00, 0x00,
    0x00, 0x00, 0x00, 0x00, 0x00, 0x00, 0x00, 0x00, 0x00, 0x00, 0x00, 0x00,
    0x00, 0x00, 0x00, 0x00, 0x00, 0x00, 0x00, 0x00, 0x00, 0x00, 0x00, 0x00,
    0x00, 0x00, 0x00, 0x00, 0x00, 0x00, 0x00, 0x00, 0x00, 0x00, 0x00, 0x00,
    0x00, 0x00, 0x00, 0x00, 0x00, 0x00, 0x00, 0x00, 0x00, 0x00, 0x00, 0x00,
    0x00, 0x00, 0x00, 0x00, 0x00, 0x00, 0x00, 0x00, 0x00, 0x00, 0x00, 0x00,
    0x00, 0x00, 0x00, 0x00, 0x00, 0x00, 0x00, 0x00, 0x00, 0x00, 0x00, 0x00,
    0x70, 0xa8, 0xb0, 0xc7, 0x70, 0xa8, 0xb8, 0xff, 0x78, 0xa8, 0xb0, 0xff,
    0x70, 0xa8, 0xb0, 0xff, 0x70, 0xa8, 0xb8, 0xff, 0x78, 0xac, 0xb0, 0xff,
    0x78, 0xa8, 0xb0, 0xff, 0x70, 0xa8, 0xb8, 0xff, 0x70, 0xa8, 0xb0, 0xff,
    0x78, 0xa8, 0xb0, 0xff, 0x70, 0xa8, 0xb8, 0xff, 0x78, 0xa8, 0xb8, 0xff,
    0x78, 0xa8, 0xb0, 0xff, 0x70, 0xa8, 0xb8, 0xff, 0x78, 0xa8, 0xb8, 0xff,
    0x70, 0xac, 0xb0, 0x30, 0x00, 0x00, 0x00, 0x00, 0x00, 0x00, 0x00, 0x00,
    0x00, 0x00, 0x00, 0x00, 0x00, 0x00, 0x00, 0x00, 0x00, 0x00, 0x00, 0x00,
    0x00, 0x00, 0x00, 0x00, 0x00, 0x00, 0x00, 0x00, 0x00, 0x00, 0x00, 0x00,
    0x00, 0x00, 0x00, 0x00, 0x00, 0x00, 0x00, 0x00, 0x00, 0x00, 0x00, 0x00,
    0x00, 0x00, 0x00, 0x00, 0x00, 0x00, 0x00, 0x00, 0x00, 0x00, 0x00, 0x00,
    0x00, 0x00, 0x00, 0x00, 0x00, 0x00, 0x00, 0x00, 0x00, 0x00, 0x00, 0x00,
    0x00, 0x00, 0x00, 0x00, 0x00, 0x00, 0x00, 0x00, 0x00, 0x00, 0x00, 0x00,
    0x00, 0x00, 0x00, 0x00, 0x00, 0x00, 0x00, 0x00, 0x00, 0x00, 0x00, 0x00,
    0x00, 0x00, 0x00, 0x00, 0x00, 0x00, 0x00, 0x00, 0x00, 0x00, 0x00, 0x00,
    0x00, 0x00, 0x00, 0x00, 0x00, 0x00, 0x00, 0x00, 0x00, 0x00, 0x00, 0x00,
    0x00, 0x00, 0x00, 0x00, 0x00, 0x00, 0x00, 0x00, 0x00, 0x00, 0x00, 0x00,
    0x00, 0x00, 0x00, 0x00, 0x00, 0x00, 0x00, 0x00, 0x00, 0x00, 0x00, 0x00,
    0x00, 0x00, 0x00, 0x00, 0x00, 0x00, 0x00, 0x00, 0x00, 0x00, 0x00, 0x00,
    0x00, 0x00, 0x00, 0x00, 0x00, 0x00, 0x00, 0x00, 0x00, 0x00, 0x00, 0x00,
    0x00, 0x00, 0x00, 0x00, 0x00, 0x00, 0x00, 0x00, 0x00, 0x00, 0x00, 0x00,
    0x00, 0x00, 0x00, 0x00, 0x00, 0x00, 0x00, 0x00, 0x00, 0x00, 0x00, 0x00,
    0x00, 0x00, 0x00, 0x00, 0x00, 0x00, 0x00, 0x00, 0x00, 0x00, 0x00, 0x00,
    0x00, 0x00, 0x00, 0x00, 0x00, 0x00, 0x00, 0x00, 0x00, 0x00, 0x00, 0x00,
    0x00, 0x00, 0x00, 0x00, 0x78, 0xa8, 0xb8, 0xef, 0x78, 0xa8, 0xb8, 0xff,
    0x70, 0xac, 0xb0, 0xff, 0x78, 0xa8, 0xb8, 0xff, 0x70, 0xa8, 0xb8, 0xff,
    0x70, 0xa8, 0xb0, 0xc7, 0x70, 0xa8, 0xb0, 0x3c, 0x70, 0xa8, 0xb0, 0x41,
    0x70, 0xa8, 0xb0, 0x3c, 0x70, 0xa8, 0xb8, 0x7d, 0x70, 0xa8, 0xb8, 0xff,
    0x70, 0xac, 0xb0, 0xff, 0x78, 0xa8, 0xb8, 0xff, 0x70, 0xa8, 0xb0, 0xff,
    0x78, 0xa8, 0xb8, 0xff, 0x70, 0xa8, 0xb0, 0x55, 0x00, 0x00, 0x00, 0x00,
    0x00, 0x00, 0x00, 0x00, 0x00, 0x00, 0x00, 0x00, 0x00, 0x00, 0x00, 0x00,
    0x00, 0x00, 0x00, 0x00, 0x00, 0x00, 0x00, 0x00, 0x00, 0x00, 0x00, 0x00,
    0x00, 0x00, 0x00, 0x00, 0x00, 0x00, 0x00, 0x00, 0x00, 0x00, 0x00, 0x00,
    0x00, 0x00, 0x00, 0x00, 0x00, 0x00, 0x00, 0x00, 0x00, 0x00, 0x00, 0x00,
    0x00, 0x00, 0x00, 0x00, 0x00, 0x00, 0x00, 0x00, 0x00, 0x00, 0x00, 0x00,
    0x00, 0x00, 0x00, 0x00, 0x00, 0x00, 0x00, 0x00, 0x00, 0x00, 0x00, 0x00,
    0x00, 0x00, 0x00, 0x00, 0x00, 0x00, 0x00, 0x00, 0x00, 0x00, 0x00, 0x00,
    0x00, 0x00, 0x00, 0x00, 0x00, 0x00, 0x00, 0x00, 0x00, 0x00, 0x00, 0x00,
    0x00, 0x00, 0x00, 0x00, 0x00, 0x00, 0x00, 0x00, 0x00, 0x00, 0x00, 0x00,
    0x00, 0x00, 0x00, 0x00, 0x00, 0x00, 0x00, 0x00, 0x00, 0x00, 0x00, 0x00,
    0x00, 0x00, 0x00, 0x00, 0x00, 0x00, 0x00, 0x00, 0x00, 0x00, 0x00, 0x00,
    0x00, 0x00, 0x00, 0x00, 0x00, 0x00, 0x00, 0x00, 0x00, 0x00, 0x00, 0x00,
    0x00, 0x00, 0x00, 0x00, 0x00, 0x00, 0x00, 0x00, 0x00, 0x00, 0x00, 0x00,
    0x00, 0x00, 0x00, 0x00, 0x00, 0x00, 0x00, 0x00, 0x00, 0x00, 0x00, 0x00,
    0x00, 0x00, 0x00, 0x00, 0x00, 0x00, 0x00, 0x00, 0x00, 0x00, 0x00, 0x00,
    0x00, 0x00, 0x00, 0x00, 0x00, 0x00, 0x00, 0x00, 0x00, 0x00, 0x00, 0x00,
    0x00, 0x00, 0x00, 0x00, 0x00, 0x00, 0x00, 0x00, 0x00, 0x00, 0x00, 0x00,
    0x00, 0x00, 0x00, 0x00, 0x70, 0xac, 0xb0, 0x18, 0x78, 0xa8, 0xb8, 0xff,
    0x70, 0xa8, 0xb8, 0xff, 0x78, 0xac, 0xb0, 0xff, 0x78, 0xa8, 0xb8, 0xff,
    0x78, 0xa8, 0xb8, 0xff, 0x70, 0xa8, 0xb8, 0x8e, 0x00, 0x00, 0x00, 0x00,
    0x00, 0x00, 0x00, 0x00, 0x00, 0x00, 0x00, 0x00, 0x70, 0xa8, 0xb8, 0x38,
    0x78, 0xac, 0xb8, 0xff, 0x78, 0xa8, 0xb0, 0xff, 0x70, 0xa8, 0xb8, 0xff,
    0x78, 0xac, 0xb8, 0xff, 0x70, 0xa8, 0xb0, 0xff, 0x70, 0xa8, 0xb8, 0x75,
    0x00, 0x00, 0x00, 0x00, 0x00, 0x00, 0x00, 0x00, 0x00, 0x00, 0x00, 0x00,
    0x00, 0x00, 0x00, 0x00, 0x00, 0x00, 0x00, 0x00, 0x00, 0x00, 0x00, 0x00,
    0x00, 0x00, 0x00, 0x00, 0x00, 0x00, 0x00, 0x00, 0x00, 0x00, 0x00, 0x00,
    0x00, 0x00, 0x00, 0x00, 0x00, 0x00, 0x00, 0x00, 0x00, 0x00, 0x00, 0x00,
    0x00, 0x00, 0x00, 0x00, 0x00, 0x00, 0x00, 0x00, 0x00, 0x00, 0x00, 0x00,
    0x00, 0x00, 0x00, 0x00, 0x00, 0x00, 0x00, 0x00, 0x00, 0x00, 0x00, 0x00,
    0x00, 0x00, 0x00, 0x00, 0x00, 0x00, 0x00, 0x00, 0x00, 0x00, 0x00, 0x00,
    0x00, 0x00, 0x00, 0x00, 0x00, 0x00, 0x00, 0x00, 0x00, 0x00, 0x00, 0x00,
    0x00, 0x00, 0x00, 0x00, 0x00, 0x00, 0x00, 0x00, 0x00, 0x00, 0x00, 0x00,
    0x00, 0x00, 0x00, 0x00, 0x00, 0x00, 0x00, 0x00, 0x00, 0x00, 0x00, 0x00,
    0x00, 0x00, 0x00, 0x00, 0x00, 0x00, 0x00, 0x00, 0x00, 0x00, 0x00, 0x00,
    0x00, 0x00, 0x00, 0x00, 0x00, 0x00, 0x00, 0x00, 0x00, 0x00, 0x00, 0x00,
    0x00, 0x00, 0x00, 0x00, 0x00, 0x00, 0x00, 0x00, 0x00, 0x00, 0x00, 0x00,
    0x00, 0x00, 0x00, 0x00, 0x00, 0x00, 0x00, 0x00, 0x00, 0x00, 0x00, 0x00,
    0x00, 0x00, 0x00, 0x00, 0x00, 0x00, 0x00, 0x00, 0x00, 0x00, 0x00, 0x00,
    0x00, 0x00, 0x00, 0x00, 0x00, 0x00, 0x00, 0x00, 0x00, 0x00, 0x00, 0x00,
    0x00, 0x00, 0x00, 0x00, 0x00, 0x00, 0x00, 0x00, 0x00, 0x00, 0x00, 0x00,
    0x00, 0x00, 0x00, 0x00, 0x00, 0x00, 0x00, 0x00, 0x70, 0xa8, 0xb8, 0x38,
    0x70, 0xa8, 0xb0, 0xff, 0x70, 0xa8, 0xb8, 0xff, 0x70, 0xa8, 0xb8, 0xff,
    0x78, 0xac, 0xb0, 0xff, 0x70, 0xa8, 0xb8, 0xff, 0x78, 0xa8, 0xb0, 0x6d,
    0x00, 0x00, 0x00, 0x00, 0x00, 0x00, 0x00, 0x00, 0x00, 0x00, 0x00, 0x00,
    0x78, 0xac, 0xb0, 0x18, 0x78, 0xa8, 0xb8, 0xff, 0x70, 0xa8, 0xb8, 0xff,
    0x78, 0xa8, 0xb0, 0xff, 0x70, 0xa8, 0xb8, 0xff, 0x78, 0xa8, 0xb8, 0xff,
    0x78, 0xa8, 0xb0, 0x9e, 0x00, 0x00, 0x00, 0x00, 0x00, 0x00, 0x00, 0x00,
    0x00, 0x00, 0x00, 0x00, 0x00, 0x00, 0x00, 0x00, 0x00, 0x00, 0x00, 0x00,
    0x00, 0x00, 0x00, 0x00, 0x00, 0x00, 0x00, 0x00, 0x00, 0x00, 0x00, 0x00,
    0x00, 0x00, 0x00, 0x00, 0x00, 0x00, 0x00, 0x00, 0x00, 0x00, 0x00, 0x00,
    0x00, 0x00, 0x00, 0x00, 0x00, 0x00, 0x00, 0x00, 0x00, 0x00, 0x00, 0x00,
    0x00, 0x00, 0x00, 0x00, 0x00, 0x00, 0x00, 0x00, 0x00, 0x00, 0x00, 0x00,
    0x00, 0x00, 0x00, 0x00, 0x00, 0x00, 0x00, 0x00, 0x00, 0x00, 0x00, 0x00,
    0x00, 0x00, 0x00, 0x00, 0x00, 0x00, 0x00, 0x00, 0x00, 0x00, 0x00, 0x00,
    0x00, 0x00, 0x00, 0x00, 0x00, 0x00, 0x00, 0x00, 0x00, 0x00, 0x00, 0x00,
    0x00, 0x00, 0x00, 0x00, 0x00, 0x00, 0x00, 0x00, 0x00, 0x00, 0x00, 0x00,
    0x00, 0x00, 0x00, 0x00, 0x00, 0x00, 0x00, 0x00, 0x00, 0x00, 0x00, 0x00,
    0x00, 0x00, 0x00, 0x00, 0x00, 0x00, 0x00, 0x00, 0x00, 0x00, 0x00, 0x00,
    0x00, 0x00, 0x00, 0x00, 0x00, 0x00, 0x00, 0x00, 0x00, 0x00, 0x00, 0x00,
    0x00, 0x00, 0x00, 0x00, 0x00, 0x00, 0x00, 0x00, 0x70, 0xa8, 0xb8, 0x38,
    0x70, 0xa8, 0xb8, 0xb6, 0x70, 0xa8, 0xb0, 0x75, 0x78, 0xa8, 0xb0, 0x18,
    0x00, 0x00, 0x00, 0x00, 0x00, 0x00, 0x00, 0x00, 0x00, 0x00, 0x00, 0x00,
    0x00, 0x00, 0x00, 0x00, 0x00, 0x00, 0x00, 0x00, 0x00, 0x00, 0x00, 0x00,
    0x00, 0x00, 0x00, 0x00, 0x00, 0x00, 0x00, 0x00, 0x70, 0xb0, 0xb0, 0x10,
    0x78, 0xa8, 0xb8, 0x9e, 0x78, 0xa8, 0xb0, 0xff, 0x78, 0xa8, 0xb8, 0xff,
    0x70, 0xa8, 0xb8, 0xff, 0x70, 0xa8, 0xb0, 0xff, 0x78, 0xac, 0xb8, 0xff,
    0x78, 0xa8, 0xb0, 0x45, 0x00, 0x00, 0x00, 0x00, 0x00, 0x00, 0x00, 0x00,
    0x00, 0x00, 0x00, 0x00, 0x00, 0x00, 0x00, 0x00, 0x70, 0xa8, 0xb0, 0xf7,
    0x78, 0xa8, 0xb8, 0xff, 0x70, 0xac, 0xb0, 0xff, 0x78, 0xa8, 0xb8, 0xff,
    0x70, 0xac, 0xb8, 0xff, 0x78, 0xa8, 0xb0, 0xdf, 0x78, 0xac, 0xb0, 0x30,
    0x00, 0x00, 0x00, 0x00, 0x00, 0x00, 0x00, 0x00, 0x00, 0x00, 0x00, 0x00,
    0x00, 0x00, 0x00, 0x00, 0x00, 0x00, 0x00, 0x00, 0x00, 0x00, 0x00, 0x00,
    0x00, 0x00, 0x00, 0x00, 0x00, 0x00, 0x00, 0x00, 0x00, 0x00, 0x00, 0x00,
    0x70, 0xa8, 0xb0, 0x55, 0x70, 0xa8, 0xb0, 0xae, 0x70, 0xa8, 0xb8, 0x75,
    0x00, 0x00, 0x00, 0x00, 0x00, 0x00, 0x00, 0x00, 0x00, 0x00, 0x00, 0x00,
    0x00, 0x00, 0x00, 0x00, 0x00, 0x00, 0x00, 0x00, 0x00, 0x00, 0x00, 0x00,
    0x00, 0x00, 0x00, 0x00, 0x00, 0x00, 0x00, 0x00, 0x00, 0x00, 0x00, 0x00,
    0x00, 0x00, 0x00, 0x00, 0x00, 0x00, 0x00, 0x00, 0x00, 0x00, 0x00, 0x00,
    0x00, 0x00, 0x00, 0x00, 0x00, 0x00, 0x00, 0x00, 0x00, 0x00, 0x00, 0x00,
    0x00, 0x00, 0x00, 0x00, 0x00, 0x00, 0x00, 0x00, 0x00, 0x00, 0x00, 0x00,
    0x00, 0x00, 0x00, 0x00, 0x00, 0x00, 0x00, 0x00, 0x00, 0x00, 0x00, 0x00,
    0x00, 0x00, 0x00, 0x00, 0x00, 0x00, 0x00, 0x00, 0x00, 0x00, 0x00, 0x00,
    0x00, 0x00, 0x00, 0x00, 0x00, 0x00, 0x00, 0x00, 0x70, 0xa8, 0xb0, 0x18,
    0x70, 0xa8, 0xb0, 0xf7, 0x78, 0xa8, 0xb8, 0xff, 0x78, 0xa8, 0xb8, 0xff,
    0x70, 0xa8, 0xb8, 0xff, 0x70, 0xa8, 0xb8, 0xa6, 0x78, 0xa8, 0xb0, 0x45,
    0x00, 0x00, 0x00, 0x00, 0x00, 0x00, 0x00, 0x00, 0x00, 0x00, 0x00, 0x00,
    0x00, 0x00, 0x00, 0x00, 0x00, 0x00, 0x00, 0x00, 0x70, 0xa8, 0xb0, 0x5d,
    0x70, 0xa8, 0xb8, 0xe7, 0x78, 0xa8, 0xb8, 0xff, 0x70, 0xa8, 0xb0, 0xff,
    0x78, 0xac, 0xb8, 0xff, 0x78, 0xa8, 0xb0, 0xff, 0x70, 0xa8, 0xb8, 0xff,
    0x70, 0xa8, 0xb8, 0xff, 0x78, 0xa8, 0xb8, 0x20, 0x00, 0x00, 0x00, 0x00,
    0x00, 0x00, 0x00, 0x00, 0x00, 0x00, 0x00, 0x00, 0x00, 0x00, 0x00, 0x00,
    0x70, 0xa8, 0xb8, 0xcf, 0x78, 0xa8, 0xb8, 0xff, 0x70, 0xa8, 0xb0, 0xff,
    0x70, 0xac, 0xb8, 0xff, 0x78, 0xa8, 0xb8, 0xff, 0x70, 0xa8, 0xb8, 0xff,
    0x70, 0xa8, 0xb8, 0xff, 0x78, 0xa8, 0xb0, 0x96, 0x70, 0xb0, 0xb0, 0x10,
    0x00, 0x00, 0x00, 0x00, 0x00, 0x00, 0x00, 0x00, 0x00, 0x00, 0x00, 0x00,
    0x00, 0x00, 0x00, 0x00, 0x78, 0xa8, 0xb8, 0x20, 0x78, 0xa8, 0xb8, 0x86,
    0x70, 0xa8, 0xb8, 0xe7, 0x78, 0xa8, 0xb8, 0xff, 0x78, 0xa8, 0xb8, 0xff,
    0x78, 0xa8, 0xb0, 0xff, 0x70, 0xa8, 0xb0, 0x6d, 0x00, 0x00, 0x00, 0x00,
    0x00, 0x00, 0x00, 0x00, 0x00, 0x00, 0x00, 0x00, 0x00, 0x00, 0x00, 0x00,
    0x00, 0x00, 0x00, 0x00, 0x00, 0x00, 0x00, 0x00, 0x00, 0x00, 0x00, 0x00,
    0x00, 0x00, 0x00, 0x00, 0x00, 0x00, 0x00, 0x00, 0x00, 0x00, 0x00, 0x00,
    0x00, 0x00, 0x00, 0x00, 0x00, 0x00, 0x00, 0x00, 0x00, 0x00, 0x00, 0x00,
    0x00, 0x00, 0x00, 0x00, 0x00, 0x00, 0x00, 0x00, 0x00, 0x00, 0x00, 0x00,
    0x00, 0x00, 0x00, 0x00, 0x00, 0x00, 0x00, 0x00, 0x00, 0x00, 0x00, 0x00,
    0x00, 0x00, 0x00, 0x00, 0x00, 0x00, 0x00, 0x00, 0x00, 0x00, 0x00, 0x00,
    0x00, 0x00, 0x00, 0x00, 0x00, 0x00, 0x00, 0x00, 0x00, 0x00, 0x00, 0x00,
    0x78, 0xa8, 0xb8, 0xae, 0x78, 0xa8, 0xb8, 0xff, 0x70, 0xa8, 0xb0, 0xff,
    0x78, 0xa8, 0xb8, 0xff, 0x70, 0xa8, 0xb8, 0xff, 0x70, 0xa8, 0xb0, 0xff,
    0x78, 0xa8, 0xb8, 0xff, 0x70, 0xa8, 0xb8, 0xdf, 0x70, 0xa8, 0xb0, 0x75,
    0x78, 0xa8, 0xb0, 0x18, 0x70, 0xa8, 0xb8, 0x38, 0x70, 0xa8, 0xb8, 0xc7,
    0x78, 0xa8, 0xb0, 0xff, 0x78, 0xa8, 0xb8, 0xff, 0x70, 0xa8, 0xb8, 0xff,
    0x70, 0xa8, 0xb0, 0xff, 0x70, 0xac, 0xb8, 0xff, 0x78, 0xa8, 0xb8, 0xff,
    0x78, 0xa8, 0xb0, 0xff, 0x70, 0xac, 0xb8, 0xff, 0x00, 0x00, 0x00, 0x00,
    0x00, 0x00, 0x00, 0x00, 0x00, 0x00, 0x00, 0x00, 0x00, 0x00, 0x00, 0x00,
    0x00, 0x00, 0x00, 0x00, 0x78, 0xa8, 0xb8, 0xa6, 0x70, 0xac, 0xb8, 0xff,
    0x78, 0xa8, 0xb0, 0xff, 0x78, 0xa8, 0xb0, 0xff, 0x70, 0xa8, 0xb8, 0xff,
    0x70, 0xa8, 0xb0, 0xff, 0x78, 0xa8, 0xb8, 0xff, 0x70, 0xa8, 0xb8, 0xff,
    0x70, 0xa8, 0xb8, 0xef, 0x78, 0xa8, 0xb0, 0x6d, 0x00, 0x00, 0x00, 0x00,
    0x70, 0xa8, 0xb0, 0x55, 0x70, 0xa8, 0xb8, 0xb6, 0x78, 0xa8, 0xb0, 0xff,
    0x70, 0xa8, 0xb0, 0xff, 0x70, 0xa8, 0xb8, 0xff, 0x78, 0xa8, 0xb8, 0xff,
    0x70, 0xa8, 0xb0, 0xff, 0x78, 0xa8, 0xb8, 0xff, 0x70, 0xa8, 0xb8, 0xf7,
    0x78, 0xac, 0xb0, 0x18, 0x00, 0x00, 0x00, 0x00, 0x00, 0x00, 0x00, 0x00,
    0x00, 0x00, 0x00, 0x00, 0x00, 0x00, 0x00, 0x00, 0x00, 0x00, 0x00, 0x00,
    0x00, 0x00, 0x00, 0x00, 0x00, 0x00, 0x00, 0x00, 0x00, 0x00, 0x00, 0x00,
    0x00, 0x00, 0x00, 0x00, 0x00, 0x00, 0x00, 0x00, 0x00, 0x00, 0x00, 0x00,
    0x00, 0x00, 0x00, 0x00, 0x00, 0x00, 0x00, 0x00, 0x00, 0x00, 0x00, 0x00,
    0x00, 0x00, 0x00, 0x00, 0x00, 0x00, 0x00, 0x00, 0x00, 0x00, 0x00, 0x00,
    0x00, 0x00, 0x00, 0x00, 0x00, 0x00, 0x00, 0x00, 0x00, 0x00, 0x00, 0x00,
    0x00, 0x00, 0x00, 0x00, 0x00, 0x00, 0x00, 0x00, 0x00, 0x00, 0x00, 0x00,
    0x70, 0xa8, 0xb8, 0x38, 0x70, 0xa8, 0xb8, 0xff, 0x78, 0xac, 0xb0, 0xff,
    0x70, 0xa8, 0xb8, 0xff, 0x70, 0xac, 0xb0, 0xff, 0x78, 0xac, 0xb0, 0xff,
    0x78, 0xa8, 0xb8, 0xff, 0x70, 0xa8, 0xb8, 0xff, 0x78, 0xac, 0xb8, 0xff,
    0x70, 0xa8, 0xb8, 0xff, 0x78, 0xa8, 0xb8, 0xff, 0x70, 0xa8, 0xb8, 0xff,
    0x78, 0xa8, 0xb0, 0xff, 0x78, 0xa8, 0xb8, 0xff, 0x70, 0xa8, 0xb8, 0xff,
    0x78, 0xa8, 0xb0, 0xff, 0x78, 0xac, 0xb8, 0xff, 0x70, 0xa8, 0xb8, 0xff,
    0x70, 0xa8, 0xb0, 0xff, 0x78, 0xa8, 0xb8, 0xff, 0x78, 0xa8, 0xb0, 0xd7,
    0x00, 0x00, 0x00, 0x00, 0x00, 0x00, 0x00, 0x00, 0x00, 0x00, 0x00, 0x00,
    0x00, 0x00, 0x00, 0x00, 0x00, 0x00, 0x00, 0x00, 0x70, 0xa8, 0xb0, 0x7d,
    0x78, 0xa8, 0xb8, 0xff, 0x70, 0xac, 0xb8, 0xff, 0x78, 0xa8, 0xb8, 0xff,
    0x78, 0xa8, 0xb0, 0xff, 0x70, 0xac, 0xb8, 0xff, 0x78, 0xa8, 0xb0, 0xff,
    0x78, 0xa8, 0xb8, 0xff, 0x70, 0xa8, 0xb8, 0xff, 0x70, 0xa8, 0xb8, 0xff,
    0x78, 0xa8, 0xb8, 0xff, 0x70, 0xa8, 0xb8, 0xff, 0x78, 0xa8, 0xb8, 0xff,
    0x78, 0xa8, 0xb8, 0xff, 0x70, 0xa8, 0xb0, 0xff, 0x78, 0xa8, 0xb8, 0xff,
    0x70, 0xac, 0xb0, 0xff, 0x70, 0xa8, 0xb8, 0xff, 0x78, 0xa8, 0xb8, 0xff,
    0x70, 0xa8, 0xb8, 0xff, 0x70, 0xa8, 0xb0, 0x96, 0x00, 0x00, 0x00, 0x00,
    0x00, 0x00, 0x00, 0x00, 0x00, 0x00, 0x00, 0x00, 0x00, 0x00, 0x00, 0x00,
    0x00, 0x00, 0x00, 0x00, 0x00, 0x00, 0x00, 0x00, 0x00, 0x00, 0x00, 0x00,
    0x00, 0x00, 0x00, 0x00, 0x00, 0x00, 0x00, 0x00, 0x00, 0x00, 0x00, 0x00,
    0x00, 0x00, 0x00, 0x00, 0x00, 0x00, 0x00, 0x00, 0x00, 0x00, 0x00, 0x00,
    0x00, 0x00, 0x00, 0x00, 0x00, 0x00, 0x00, 0x00, 0x00, 0x00, 0x00, 0x00,
    0x00, 0x00, 0x00, 0x00, 0x00, 0x00, 0x00, 0x00, 0x00, 0x00, 0x00, 0x00,
    0x00, 0x00, 0x00, 0x00, 0x00, 0x00, 0x00, 0x00, 0x00, 0x00, 0x00, 0x00,
    0x00, 0x00, 0x00, 0x00, 0x70, 0xa8, 0xb0, 0xcf, 0x78, 0xa8, 0xb8, 0xff,
    0x70, 0xa8, 0xb8, 0xff, 0x78, 0xa8, 0xb8, 0xff, 0x78, 0xa8, 0xb8, 0xff,
    0x70, 0xa8, 0xb0, 0xff, 0x78, 0xa8, 0xb8, 0xff, 0x70, 0xac, 0xb0, 0xff,
    0x78, 0xa8, 0xb0, 0xff, 0x78, 0xa8, 0xb8, 0xff, 0x70, 0xa8, 0xb0, 0xff,
    0x70, 0xac, 0xb8, 0xff, 0x78, 0xa8, 0xb8, 0xff, 0x70, 0xac, 0xb0, 0xff,
    0x70, 0xa8, 0xb8, 0xff, 0x78, 0xa8, 0xb0, 0xff, 0x78, 0xa8, 0xb8, 0xff,
    0x70, 0xa8, 0xb0, 0xff, 0x78, 0xac, 0xb8, 0xff, 0x70, 0xa8, 0xb8, 0xd7,
    0x70, 0xa8, 0xb0, 0x55, 0x00, 0x00, 0x00, 0x00, 0x00, 0x00, 0x00, 0x00,
    0x00, 0x00, 0x00, 0x00, 0x00, 0x00, 0x00, 0x00, 0x00, 0x00, 0x00, 0x00,
    0x70, 0xa4, 0xb0, 0x28, 0x78, 0xa8, 0xb8, 0xa6, 0x70, 0xa8, 0xb8, 0xff,
    0x70, 0xac, 0xb0, 0xff, 0x78, 0xa8, 0xb8, 0xff, 0x70, 0xa8, 0xb8, 0xff,
    0x70, 0xac, 0xb0, 0xff, 0x78, 0xa8, 0xb0, 0xff, 0x78, 0xac, 0xb8, 0xff,
    0x70, 0xa8, 0xb0, 0xff, 0x78, 0xa8, 0xb0, 0xff, 0x70, 0xa8, 0xb8, 0xff,
    0x70, 0xac, 0xb0, 0xff, 0x78, 0xa8, 0xb8, 0xff, 0x70, 0xa8, 0xb8, 0xff,
    0x78, 0xac, 0xb0, 0xff, 0x78, 0xa8, 0xb8, 0xff, 0x70, 0xa8, 0xb0, 0xff,
    0x78, 0xac, 0xb8, 0xff, 0x78, 0xa8, 0xb0, 0xff, 0x70, 0xa8, 0xb8, 0xff,
    0x78, 0xac, 0xb8, 0x30, 0x00, 0x00, 0x00, 0x00, 0x00, 0x00, 0x00, 0x00,
    0x00, 0x00, 0x00, 0x00, 0x00, 0x00, 0x00, 0x00, 0x00, 0x00, 0x00, 0x00,
    0x00, 0x00, 0x00, 0x00, 0x00, 0x00, 0x00, 0x00, 0x00, 0x00, 0x00, 0x00,
    0x00, 0x00, 0x00, 0x00, 0x00, 0x00, 0x00, 0x00, 0x00, 0x00, 0x00, 0x00,
    0x00, 0x00, 0x00, 0x00, 0x00, 0x00, 0x00, 0x00, 0x00, 0x00, 0x00, 0x00,
    0x00, 0x00, 0x00, 0x00, 0x00, 0x00, 0x00, 0x00, 0x00, 0x00, 0x00, 0x00,
    0x00, 0x00, 0x00, 0x00, 0x00, 0x00, 0x00, 0x00, 0x00, 0x00, 0x00, 0x00,
    0x00, 0x00, 0x00, 0x00, 0x70, 0xa8, 0xb8, 0x65, 0x78, 0xa8, 0xb0, 0xff,
    0x78, 0xa8, 0xb0, 0xff, 0x70, 0xa8, 0xb8, 0xff, 0x70, 0xac, 0xb0, 0xff,
    0x78, 0xa8, 0xb8, 0xff, 0x70, 0xa8, 0xb8, 0xff, 0x70, 0xa8, 0xb8, 0xff,
    0x78, 0xa8, 0xb0, 0xff, 0x70, 0xa8, 0xb8, 0xff, 0x70, 0xa8, 0xb8, 0xff,
    0x78, 0xac, 0xb0, 0xff, 0x78, 0xa8, 0xb0, 0xff, 0x70, 0xa8, 0xb8, 0xff,
    0x70, 0xa8, 0xb8, 0xff, 0x78, 0xac, 0xb0, 0xff, 0x70, 0xa8, 0xb8, 0xff,
    0x70, 0xa8, 0xb8, 0xff, 0x78, 0xac, 0xb0, 0x9e, 0x70, 0xa8, 0xb8, 0x38,
    0x00, 0x00, 0x00, 0x00, 0x00, 0x00, 0x00, 0x00, 0x00, 0x00, 0x00, 0x00,
    0x00, 0x00, 0x00, 0x00, 0x00, 0x00, 0x00, 0x00, 0x00, 0x00, 0x00, 0x00,
    0x00, 0x00, 0x00, 0x00, 0x00, 0x00, 0x00, 0x00, 0x00, 0x00, 0x00, 0x00,
    0x78, 0xac, 0xb0, 0x18, 0x70, 0xa8, 0xb8, 0x7d, 0x78, 0xa8, 0xb8, 0xef,
    0x78, 0xa8, 0xb8, 0xff, 0x70, 0xa8, 0xb8, 0xff, 0x70, 0xa8, 0xb8, 0xff,
    0x78, 0xa8, 0xb0, 0xff, 0x78, 0xac, 0xb8, 0xff, 0x70, 0xa8, 0xb8, 0xff,
    0x78, 0xa8, 0xb0, 0xff, 0x78, 0xac, 0xb8, 0xff, 0x70, 0xa8, 0xb0, 0xff,
    0x70, 0xa8, 0xb8, 0xff, 0x78, 0xa8, 0xb8, 0xff, 0x70, 0xa8, 0xb0, 0xff,
    0x70, 0xa8, 0xb8, 0xff, 0x78, 0xac, 0xb8, 0xff, 0x70, 0xa8, 0xb0, 0xff,
    0x78, 0xa8, 0xb8, 0xff, 0x70, 0xa8, 0xb0, 0xc7, 0x00, 0x00, 0x00, 0x00,
    0x00, 0x00, 0x00, 0x00, 0x00, 0x00, 0x00, 0x00, 0x00, 0x00, 0x00, 0x00,
    0x00, 0x00, 0x00, 0x00, 0x00, 0x00, 0x00, 0x00, 0x00, 0x00, 0x00, 0x00,
    0x00, 0x00, 0x00, 0x00, 0x00, 0x00, 0x00, 0x00, 0x00, 0x00, 0x00, 0x00,
    0x00, 0x00, 0x00, 0x00, 0x00, 0x00, 0x00, 0x00, 0x00, 0x00, 0x00, 0x00,
    0x00, 0x00, 0x00, 0x00, 0x00, 0x00, 0x00, 0x00, 0x00, 0x00, 0x00, 0x00,
    0x00, 0x00, 0x00, 0x00, 0x00, 0x00, 0x00, 0x00, 0x00, 0x00, 0x00, 0x00,
    0x00, 0x00, 0x00, 0x00, 0x70, 0xb0, 0xb0, 0x10, 0x70, 0xa8, 0xb8, 0xe7,
    0x78, 0xa8, 0xb8, 0xff, 0x70, 0xac, 0xb8, 0xff, 0x78, 0xa8, 0xb0, 0xff,
    0x70, 0xa8, 0xb8, 0xff, 0x78, 0xac, 0xb0, 0xff, 0x78, 0xa8, 0xb8, 0xff,
    0x70, 0xac, 0xb0, 0xff, 0x78, 0xa8, 0xb8, 0xff, 0x70, 0xa8, 0xb8, 0xff,
    0x70, 0xac, 0xb8, 0xff, 0x78, 0xa8, 0xb8, 0xff, 0x78, 0xa8, 0xb0, 0xff,
    0x70, 0xa8, 0xb8, 0xff, 0x78, 0xa8, 0xb8, 0xff, 0x78, 0xac, 0xb0, 0xff,
    0x70, 0xa8, 0xb8, 0xb6, 0x78, 0xa8, 0xb8, 0x20, 0x00, 0x00, 0x00, 0x00,
    0x00, 0x00, 0x00, 0x00, 0x00, 0x00, 0x00, 0x00, 0x00, 0x00, 0x00, 0x00,
    0x00, 0x00, 0x00, 0x00, 0x00, 0x00, 0x00, 0x00, 0x00, 0x00, 0x00, 0x00,
    0x00, 0x00, 0x00, 0x00, 0x00, 0x00, 0x00, 0x00, 0x00, 0x00, 0x00, 0x00,
    0x00, 0x00, 0x00, 0x00, 0x00, 0x00, 0x00, 0x00, 0x00, 0x00, 0x00, 0x00,
    0x70, 0xac, 0xb0, 0x18, 0x78, 0xa8, 0xb0, 0x9e, 0x78, 0xa8, 0xb8, 0xff,
    0x70, 0xac, 0xb8, 0xff, 0x70, 0xa8, 0xb0, 0xff, 0x78, 0xa8, 0xb8, 0xff,
    0x70, 0xa8, 0xb8, 0xff, 0x70, 0xa8, 0xb8, 0xff, 0x78, 0xa8, 0xb0, 0xff,
    0x78, 0xac, 0xb8, 0xff, 0x70, 0xa8, 0xb8, 0xff, 0x70, 0xa8, 0xb0, 0xf7,
    0x78, 0xac, 0xb0, 0xf7, 0x78, 0xa8, 0xb8, 0xff, 0x70, 0xa8, 0xb8, 0xff,
    0x78, 0xa8, 0xb8, 0xff, 0x70, 0xa8, 0xb0, 0xff, 0x78, 0xa8, 0xb8, 0xff,
    0x70, 0xa8, 0xb0, 0x55, 0x00, 0x00, 0x00, 0x00, 0x00, 0x00, 0x00, 0x00,
    0x00, 0x00, 0x00, 0x00, 0x00, 0x00, 0x00, 0x00, 0x00, 0x00, 0x00, 0x00,
    0x00, 0x00, 0x00, 0x00, 0x00, 0x00, 0x00, 0x00, 0x00, 0x00, 0x00, 0x00,
    0x00, 0x00, 0x00, 0x00, 0x00, 0x00, 0x00, 0x00, 0x00, 0x00, 0x00, 0x00,
    0x00, 0x00, 0x00, 0x00, 0x00, 0x00, 0x00, 0x00, 0x00, 0x00, 0x00, 0x00,
    0x00, 0x00, 0x00, 0x00, 0x00, 0x00, 0x00, 0x00, 0x00, 0x00, 0x00, 0x00,
    0x00, 0x00, 0x00, 0x00, 0x00, 0x00, 0x00, 0x00, 0x70, 0xa8, 0xb0, 0x8e,
    0x78, 0xa8, 0xb8, 0xff, 0x70, 0xa8, 0xb8, 0xff, 0x70, 0xa8, 0xb0, 0xff,
    0x78, 0xa8, 0xb8, 0xff, 0x78, 0xa8, 0xb8, 0xff, 0x70, 0xa8, 0xb0, 0xdf,
    0x70, 0xb0, 0xb0, 0x10, 0x78, 0xa8, 0xb0, 0x5d, 0x70, 0xa8, 0xb8, 0xb6,
    0x78, 0xa8, 0xb0, 0xff, 0x78, 0xa8, 0xb0, 0xff, 0x70, 0xa8, 0xb8, 0xff,
    0x70, 0xac, 0xb8, 0xff, 0x78, 0xa8, 0xb0, 0xff, 0x70, 0xa8, 0xb0, 0xf7,
    0x70, 0xa8, 0xb8, 0x5d, 0x00, 0x00, 0x00, 0x00, 0x00, 0x00, 0x00, 0x00,
    0x00, 0x00, 0x00, 0x00, 0x00, 0x00, 0x00, 0x00, 0x00, 0x00, 0x00, 0x00,
    0x00, 0x00, 0x00, 0x00, 0x00, 0x00, 0x00, 0x00, 0x00, 0x00, 0x00, 0x00,
    0x00, 0x00, 0x00, 0x00, 0x00, 0x00, 0x00, 0x00, 0x00, 0x00, 0x00, 0x00,
    0x00, 0x00, 0x00, 0x00, 0x00, 0x00, 0x00, 0x00, 0x00, 0x00, 0x00, 0x00,
    0x00, 0x00, 0x00, 0x00, 0x00, 0x00, 0x00, 0x00, 0x00, 0x00, 0x00, 0x00,
    0x70, 0xa8, 0xb8, 0x38, 0x78, 0xa8, 0xb0, 0xd7, 0x70, 0xac, 0xb8, 0xff,
    0x78, 0xa8, 0xb0, 0xff, 0x78, 0xac, 0xb8, 0xff, 0x70, 0xa8, 0xb0, 0xff,
    0x70, 0xa8, 0xb8, 0xff, 0x78, 0xa8, 0xb0, 0xdf, 0x70, 0xa8, 0xb0, 0x75,
    0x70, 0xb0, 0xb0, 0x10, 0x78, 0xa8, 0xb8, 0x86, 0x70, 0xa8, 0xb0, 0xff,
    0x70, 0xac, 0xb8, 0xff, 0x78, 0xa8, 0xb0, 0xff, 0x78, 0xac, 0xb8, 0xff,
    0x70, 0xa8, 0xb8, 0xff, 0x70, 0xa8, 0xb8, 0xe7, 0x80, 0xa0, 0xc0, 0x08,
    0x00, 0x00, 0x00, 0x00, 0x00, 0x00, 0x00, 0x00, 0x00, 0x00, 0x00, 0x00,
    0x00, 0x00, 0x00, 0x00, 0x00, 0x00, 0x00, 0x00, 0x00, 0x00, 0x00, 0x00,
    0x00, 0x00, 0x00, 0x00, 0x00, 0x00, 0x00, 0x00, 0x00, 0x00, 0x00, 0x00,
    0x00, 0x00, 0x00, 0x00, 0x00, 0x00, 0x00, 0x00, 0x00, 0x00, 0x00, 0x00,
    0x00, 0x00, 0x00, 0x00, 0x00, 0x00, 0x00, 0x00, 0x00, 0x00, 0x00, 0x00,
    0x00, 0x00, 0x00, 0x00, 0x00, 0x00, 0x00, 0x00, 0x70, 0xa8, 0xb0, 0x30,
    0x70, 0xa8, 0xb0, 0xf7, 0x78, 0xa8, 0xb8, 0xff, 0x78, 0xac, 0xb0, 0xff,
    0x70, 0xa8, 0xb8, 0xff, 0x70, 0xac, 0xb8, 0xff, 0x78, 0xa8, 0xb0, 0xff,
    0x70, 0xa8, 0xb8, 0x4d, 0x00, 0x00, 0x00, 0x00, 0x00, 0x00, 0x00, 0x00,
    0x00, 0x00, 0x00, 0x00, 0x78, 0xa8, 0xb8, 0x20, 0x78, 0xa8, 0xb8, 0x86,
    0x70, 0xa8, 0xb0, 0xe7, 0x78, 0xac, 0xb8, 0xff, 0x70, 0xa8, 0xb8, 0xd7,
    0x70, 0xa4, 0xb0, 0x28, 0x00, 0x00, 0x00, 0x00, 0x00, 0x00, 0x00, 0x00,
    0x00, 0x00, 0x00, 0x00, 0x00, 0x00, 0x00, 0x00, 0x00, 0x00, 0x00, 0x00,
    0x00, 0x00, 0x00, 0x00, 0x00, 0x00, 0x00, 0x00, 0x78, 0xac, 0xb0, 0x30,
    0x70, 0xa8, 0xb0, 0x41, 0x70, 0xa8, 0xb8, 0x75, 0x70, 0xa8, 0xb8, 0x4d,
    0x70, 0xa8, 0xb0, 0x41, 0x80, 0xa0, 0xc0, 0x08, 0x00, 0x00, 0x00, 0x00,
    0x00, 0x00, 0x00, 0x00, 0x00, 0x00, 0x00, 0x00, 0x00, 0x00, 0x00, 0x00,
    0x00, 0x00, 0x00, 0x00, 0x00, 0x00, 0x00, 0x00, 0x80, 0xa0, 0xc0, 0x04,
    0x78, 0xa8, 0xb8, 0x9e, 0x70, 0xa8, 0xb0, 0xff, 0x78, 0xa8, 0xb8, 0xff,
    0x78, 0xac, 0xb8, 0xa6, 0x70, 0xa8, 0xb0, 0x45, 0x00, 0x00, 0x00, 0x00,
    0x00, 0x00, 0x00, 0x00, 0x00, 0x00, 0x00, 0x00, 0x80, 0xa0, 0xc0, 0x08,
    0x70, 0xa8, 0xb8, 0xe7, 0x78, 0xa8, 0xb0, 0xff, 0x70, 0xa8, 0xb8, 0xff,
    0x78, 0xa8, 0xb0, 0xff, 0x70, 0xa8, 0xb8, 0xff, 0x78, 0xa8, 0xb0, 0xff,
    0x78, 0xa8, 0xb8, 0x86, 0x00, 0x00, 0x00, 0x00, 0x00, 0x00, 0x00, 0x00,
    0x00, 0x00, 0x00, 0x00, 0x00, 0x00, 0x00, 0x00, 0x00, 0x00, 0x00, 0x00,
    0x00, 0x00, 0x00, 0x00, 0x00, 0x00, 0x00, 0x00, 0x00, 0x00, 0x00, 0x00,
    0x00, 0x00, 0x00, 0x00, 0x00, 0x00, 0x00, 0x00, 0x00, 0x00, 0x00, 0x00,
    0x00, 0x00, 0x00, 0x00, 0x00, 0x00, 0x00, 0x00, 0x00, 0x00, 0x00, 0x00,
    0x00, 0x00, 0x00, 0x00, 0x00, 0x00, 0x00, 0x00, 0x00, 0x00, 0x00, 0x00,
    0x70, 0xa8, 0xb8, 0xb6, 0x78, 0xa8, 0xb8, 0xff, 0x78, 0xa8, 0xb8, 0xff,
    0x70, 0xa8, 0xb0, 0xff, 0x78, 0xac, 0xb8, 0xff, 0x78, 0xa8, 0xb0, 0xff,
    0x70, 0xa8, 0xb8, 0xbe, 0x00, 0x00, 0x00, 0x00, 0x00, 0x00, 0x00, 0x00,
    0x00, 0x00, 0x00, 0x00, 0x00, 0x00, 0x00, 0x00, 0x00, 0x00, 0x00, 0x00,
    0x00, 0x00, 0x00, 0x00, 0x00, 0x00, 0x00, 0x00, 0x70, 0xa8, 0xb8, 0x4d,
    0x80, 0xa0, 0xc0, 0x08, 0x00, 0x00, 0x00, 0x00, 0x00, 0x00, 0x00, 0x00,
    0x00, 0x00, 0x00, 0x00, 0x00, 0x00, 0x00, 0x00, 0x00, 0x00, 0x00, 0x00,
    0x78, 0xa8, 0xb8, 0x20, 0x78, 0xa8, 0xb8, 0x9e, 0x70, 0xa8, 0xb8, 0xe3,
    0x78, 0xa8, 0xb8, 0xff, 0x78, 0xa8, 0xb8, 0xff, 0x78, 0xa8, 0xb0, 0xff,
    0x78, 0xa8, 0xb8, 0xff, 0x78, 0xa8, 0xb8, 0xff, 0x70, 0xa8, 0xb0, 0xff,
    0x70, 0xa8, 0xb8, 0xb6, 0x70, 0xa8, 0xb8, 0x4d, 0x00, 0x00, 0x00, 0x00,
    0x00, 0x00, 0x00, 0x00, 0x00, 0x00, 0x00, 0x00, 0x00, 0x00, 0x00, 0x00,
    0x00, 0x00, 0x00, 0x00, 0x00, 0x00, 0x00, 0x00, 0x70, 0xa8, 0xb0, 0x45,
    0x70, 0xac, 0xb0, 0x18, 0x00, 0x00, 0x00, 0x00, 0x00, 0x00, 0x00, 0x00,
    0x00, 0x00, 0x00, 0x00, 0x00, 0x00, 0x00, 0x00, 0x00, 0x00, 0x00, 0x00,
    0x00, 0x00, 0x00, 0x00, 0x70, 0xa8, 0xb0, 0x55, 0x78, 0xa8, 0xb8, 0xff,
    0x70, 0xac, 0xb8, 0xff, 0x70, 0xa8, 0xb8, 0xff, 0x78, 0xac, 0xb0, 0xff,
    0x70, 0xa8, 0xb8, 0xff, 0x70, 0xa8, 0xb0, 0xf7, 0x78, 0xa8, 0xb8, 0x20,
    0x00, 0x00, 0x00, 0x00, 0x00, 0x00, 0x00, 0x00, 0x00, 0x00, 0x00, 0x00,
    0x00, 0x00, 0x00, 0x00, 0x00, 0x00, 0x00, 0x00, 0x00, 0x00, 0x00, 0x00,
    0x00, 0x00, 0x00, 0x00, 0x00, 0x00, 0x00, 0x00, 0x00, 0x00, 0x00, 0x00,
    0x00, 0x00, 0x00, 0x00, 0x00, 0x00, 0x00, 0x00, 0x00, 0x00, 0x00, 0x00,
    0x00, 0x00, 0x00, 0x00, 0x00, 0x00, 0x00, 0x00, 0x00, 0x00, 0x00, 0x00,
    0x78, 0xa8, 0xb0, 0x45, 0x78, 0xa8, 0xb8, 0xff, 0x70, 0xac, 0xb8, 0xff,
    0x70, 0xa8, 0xb0, 0xff, 0x70, 0xa8, 0xb8, 0xff, 0x78, 0xa8, 0xb8, 0xff,
    0x70, 0xa8, 0xb0, 0xff, 0x70, 0xac, 0xb8, 0xa6, 0x80, 0xa0, 0xc0, 0x08,
    0x00, 0x00, 0x00, 0x00, 0x00, 0x00, 0x00, 0x00, 0x00, 0x00, 0x00, 0x00,
    0x00, 0x00, 0x00, 0x00, 0x00, 0x00, 0x00, 0x00, 0x00, 0x00, 0x00, 0x00,
    0x00, 0x00, 0x00, 0x00, 0x00, 0x00, 0x00, 0x00, 0x00, 0x00, 0x00, 0x00,
    0x00, 0x00, 0x00, 0x00, 0x00, 0x00, 0x00, 0x00, 0x00, 0x00, 0x00, 0x00,
    0x78, 0xa8, 0xb0, 0x86, 0x70, 0xa8, 0xb0, 0xf7, 0x70, 0xa8, 0xb8, 0xff,
    0x78, 0xa8, 0xb0, 0xff, 0x70, 0xa8, 0xb8, 0xff, 0x70, 0xa8, 0xb8, 0xff,
    0x70, 0xa8, 0xb0, 0xff, 0x78, 0xac, 0xb8, 0xff, 0x70, 0xa8, 0xb8, 0xff,
    0x78, 0xa8, 0xb0, 0xff, 0x78, 0xa8, 0xb8, 0xff, 0x78, 0xa8, 0xb0, 0xff,
    0x70, 0xa8, 0xb8, 0xbe, 0x78, 0xa8, 0xb8, 0x20, 0x00, 0x00, 0x00, 0x00,
    0x00, 0x00, 0x00, 0x00, 0x00, 0x00, 0x00, 0x00, 0x00, 0x00, 0x00, 0x00,
    0x00, 0x00, 0x00, 0x00, 0x00, 0x00, 0x00, 0x00, 0x00, 0x00, 0x00, 0x00,
    0x00, 0x00, 0x00, 0x00, 0x00, 0x00, 0x00, 0x00, 0x00, 0x00, 0x00, 0x00,
    0x00, 0x00, 0x00, 0x00, 0x00, 0x00, 0x00, 0x00, 0x70, 0xa8, 0xb0, 0x55,
    0x78, 0xa8, 0xb8, 0xff, 0x78, 0xa8, 0xb0, 0xff, 0x70, 0xac, 0xb8, 0xff,
    0x78, 0xa8, 0xb8, 0xff, 0x78, 0xa8, 0xb0, 0xff, 0x70, 0xa8, 0xb8, 0xff,
    0x78, 0xa8, 0xb8, 0xa6, 0x00, 0x00, 0x00, 0x00, 0x00, 0x00, 0x00, 0x00,
    0x00, 0x00, 0x00, 0x00, 0x00, 0x00, 0x00, 0x00, 0x00, 0x00, 0x00, 0x00,
    0x00, 0x00, 0x00, 0x00, 0x00, 0x00, 0x00, 0x00, 0x00, 0x00, 0x00, 0x00,
    0x00, 0x00, 0x00, 0x00, 0x00, 0x00, 0x00, 0x00, 0x00, 0x00, 0x00, 0x00,
    0x00, 0x00, 0x00, 0x00, 0x00, 0x00, 0x00, 0x00, 0x00, 0x00, 0x00, 0x00,
    0x00, 0x00, 0x00, 0x00, 0x70, 0xa8, 0xb0, 0x75, 0x70, 0xa8, 0xb8, 0xff,
    0x78, 0xa8, 0xb8, 0xff, 0x78, 0xac, 0xb0, 0xff, 0x70, 0xa8, 0xb8, 0xff,
    0x78, 0xa8, 0xb8, 0xff, 0x78, 0xa8, 0xb0, 0xff, 0x70, 0xa8, 0xb8, 0xff,
    0x70, 0xa8, 0xb0, 0xcf, 0x78, 0xa8, 0xb8, 0x20, 0x00, 0x00, 0x00, 0x00,
    0x00, 0x00, 0x00, 0x00, 0x00, 0x00, 0x00, 0x00, 0x00, 0x00, 0x00, 0x00,
    0x00, 0x00, 0x00, 0x00, 0x00, 0x00, 0x00, 0x00, 0x00, 0x00, 0x00, 0x00,
    0x00, 0x00, 0x00, 0x00, 0x00, 0x00, 0x00, 0x00, 0x70, 0xb0, 0xb0, 0x10,
    0x78, 0xa8, 0xb0, 0xc3, 0x70, 0xa8, 0xb8, 0xff, 0x78, 0xac, 0xb8, 0xff,
    0x78, 0xa8, 0xb0, 0xff, 0x70, 0xac, 0xb0, 0xff, 0x78, 0xac, 0xb8, 0xff,
    0x70, 0xa8, 0xb0, 0xff, 0x70, 0xa8, 0xb8, 0xff, 0x78, 0xac, 0xb0, 0xff,
    0x70, 0xa8, 0xb8, 0xff, 0x70, 0xac, 0xb8, 0xff, 0x78, 0xac, 0xb0, 0xff,
    0x70, 0xa8, 0xb8, 0xff, 0x78, 0xa8, 0xb0, 0xff, 0x78, 0xa8, 0xb8, 0xef,
    0x70, 0xa8, 0xb0, 0x41, 0x00, 0x00, 0x00, 0x00, 0x00, 0x00, 0x00, 0x00,
    0x00, 0x00, 0x00, 0x00, 0x00, 0x00, 0x00, 0x00, 0x00, 0x00, 0x00, 0x00,
    0x00, 0x00, 0x00, 0x00, 0x00, 0x00, 0x00, 0x00, 0x00, 0x00, 0x00, 0x00,
    0x00, 0x00, 0x00, 0x00, 0x80, 0xa0, 0xc0, 0x08, 0x78, 0xa8, 0xb8, 0x96,
    0x70, 0xa8, 0xb8, 0xff, 0x78, 0xa8, 0xb0, 0xff, 0x70, 0xa8, 0xb8, 0xff,
    0x78, 0xa8, 0xb0, 0xff, 0x70, 0xa8, 0xb8, 0xff, 0x78, 0xac, 0xb8, 0xff,
    0x70, 0xa8, 0xb0, 0xff, 0x70, 0xa8, 0xb8, 0xcf, 0x00, 0x00, 0x00, 0x00,
    0x00, 0x00, 0x00, 0x00, 0x00, 0x00, 0x00, 0x00, 0x00, 0x00, 0x00, 0x00,
    0x00, 0x00, 0x00, 0x00, 0x00, 0x00, 0x00, 0x00, 0x00, 0x00, 0x00, 0x00,
    0x00, 0x00, 0x00, 0x00, 0x00, 0x00, 0x00, 0x00, 0x00, 0x00, 0x00, 0x00,
    0x00, 0x00, 0x00, 0x00, 0x00, 0x00, 0x00, 0x00, 0x00, 0x00, 0x00, 0x00,
    0x00, 0x00, 0x00, 0x00, 0x00, 0x00, 0x00, 0x00, 0x80, 0xa0, 0xc0, 0x08,
    0x70, 0xa8, 0xb8, 0xbe, 0x78, 0xa8, 0xb0, 0xff, 0x78, 0xa8, 0xb8, 0xff,
    0x70, 0xac, 0xb0, 0xff, 0x70, 0xa8, 0xb8, 0xff, 0x78, 0xac, 0xb8, 0xff,
    0x78, 0xa8, 0xb0, 0xff, 0x78, 0xa8, 0xb8, 0xff, 0x70, 0xa8, 0xb8, 0xeb,
    0x70, 0xa8, 0xb0, 0x4d, 0x00, 0x00, 0x00, 0x00, 0x00, 0x00, 0x00, 0x00,
    0x00, 0x00, 0x00, 0x00, 0x00, 0x00, 0x00, 0x00, 0x00, 0x00, 0x00, 0x00,
    0x00, 0x00, 0x00, 0x00, 0x00, 0x00, 0x00, 0x00, 0x80, 0xa0, 0xc0, 0x08,
    0x78, 0xa8, 0xb0, 0xc7, 0x70, 0xa8, 0xb8, 0xff, 0x70, 0xa8, 0xb8, 0xff,
    0x78, 0xa8, 0xb8, 0xff, 0x70, 0xa8, 0xb8, 0xff, 0x78, 0xa8, 0xb8, 0xff,
    0x78, 0xa8, 0xb0, 0xff, 0x78, 0xa8, 0xb8, 0xff, 0x78, 0xa8, 0xb8, 0xff,
    0x70, 0xa8, 0xb0, 0xff, 0x78, 0xa8, 0xb8, 0xff, 0x78, 0xa8, 0xb8, 0xff,
    0x70, 0xa8, 0xb0, 0xff, 0x70, 0xac, 0xb8, 0xff, 0x78, 0xa8, 0xb8, 0xff,
    0x70, 0xa8, 0xb0, 0xff, 0x70, 0xa8, 0xb0, 0xf3, 0x78, 0xac, 0xb8, 0x30,
    0x00, 0x00, 0x00, 0x00, 0x00, 0x00, 0x00, 0x00, 0x00, 0x00, 0x00, 0x00,
    0x00, 0x00, 0x00, 0x00, 0x00, 0x00, 0x00, 0x00, 0x00, 0x00, 0x00, 0x00,
    0x00, 0x00, 0x00, 0x00, 0x78, 0xac, 0xb8, 0x18, 0x70, 0xa8, 0xb0, 0xc7,
    0x70, 0xa8, 0xb8, 0xff, 0x78, 0xac, 0xb8, 0xff, 0x70, 0xac, 0xb0, 0xff,
    0x78, 0xa8, 0xb8, 0xff, 0x70, 0xa8, 0xb8, 0xff, 0x70, 0xac, 0xb0, 0xff,
    0x78, 0xa8, 0xb8, 0xff, 0x78, 0xa8, 0xb0, 0xef, 0x70, 0xa8, 0xb8, 0x34,
    0x00, 0x00, 0x00, 0x00, 0x00, 0x00, 0x00, 0x00, 0x00, 0x00, 0x00, 0x00,
    0x00, 0x00, 0x00, 0x00, 0x00, 0x00, 0x00, 0x00, 0x00, 0x00, 0x00, 0x00,
    0x00, 0x00, 0x00, 0x00, 0x00, 0x00, 0x00, 0x00, 0x00, 0x00, 0x00, 0x00,
    0x00, 0x00, 0x00, 0x00, 0x00, 0x00, 0x00, 0x00, 0x00, 0x00, 0x00, 0x00,
    0x00, 0x00, 0x00, 0x00, 0x00, 0x00, 0x00, 0x00, 0x00, 0x00, 0x00, 0x00,
    0x00, 0x00, 0x00, 0x00, 0x00, 0x00, 0x00, 0x00, 0x70, 0xa8, 0xb8, 0x8e,
    0x70, 0xa8, 0xb0, 0xff, 0x78, 0xa8, 0xb8, 0xff, 0x70, 0xa8, 0xb0, 0xff,
    0x70, 0xac, 0xb8, 0xff, 0x78, 0xa8, 0xb8, 0xff, 0x70, 0xa8, 0xb0, 0xff,
    0x78, 0xa8, 0xb8, 0xff, 0x78, 0xa8, 0xb8, 0xff, 0x70, 0xa8, 0xb8, 0x7d,
    0x00, 0x00, 0x00, 0x00, 0x00, 0x00, 0x00, 0x00, 0x00, 0x00, 0x00, 0x00,
    0x00, 0x00, 0x00, 0x00, 0x00, 0x00, 0x00, 0x00, 0x00, 0x00, 0x00, 0x00,
    0x78, 0xa8, 0xb0, 0x86, 0x70, 0xa8, 0xb8, 0xff, 0x78, 0xac, 0xb0, 0xff,
    0x78, 0xa8, 0xb0, 0xff, 0x70, 0xa8, 0xb8, 0xff, 0x70, 0xac, 0xb0, 0xff,
    0x70, 0xa8, 0xb8, 0xff, 0x70, 0xa8, 0xb8, 0xff, 0x70, 0xac, 0xb0, 0xff,
    0x78, 0xa8, 0xb8, 0xff, 0x70, 0xa8, 0xb8, 0xff, 0x70, 0xac, 0xb0, 0xff,
    0x78, 0xa8, 0xb8, 0xff, 0x78, 0xa8, 0xb0, 0xff, 0x70, 0xa8, 0xb8, 0xff,
    0x78, 0xac, 0xb8, 0xff, 0x70, 0xa8, 0xb8, 0xff, 0x78, 0xa8, 0xb8, 0xff,
    0x70, 0xa8, 0xb0, 0xdf, 0x80, 0xa0, 0xc0, 0x08, 0x00, 0x00, 0x00, 0x00,
    0x00, 0x00, 0x00, 0x00, 0x00, 0x00, 0x00, 0x00, 0x00, 0x00, 0x00, 0x00,
    0x00, 0x00, 0x00, 0x00, 0x70, 0xa8, 0xb8, 0x38, 0x70, 0xa8, 0xb8, 0xe7,
    0x78, 0xa8, 0xb0, 0xff, 0x78, 0xa8, 0xb0, 0xff, 0x70, 0xa8, 0xb8, 0xff,
    0x78, 0xa8, 0xb8, 0xff, 0x70, 0xa8, 0xb0, 0xff, 0x78, 0xac, 0xb8, 0xff,
    0x78, 0xa8, 0xb8, 0xff, 0x70, 0xa8, 0xb0, 0xcf, 0x78, 0xa8, 0xb8, 0x20,
    0x00, 0x00, 0x00, 0x00, 0x00, 0x00, 0x00, 0x00, 0x00, 0x00, 0x00, 0x00,
    0x00, 0x00, 0x00, 0x00, 0x00, 0x00, 0x00, 0x00, 0x00, 0x00, 0x00, 0x00,
    0x00, 0x00, 0x00, 0x00, 0x00, 0x00, 0x00, 0x00, 0x00, 0x00, 0x00, 0x00,
    0x00, 0x00, 0x00, 0x00, 0x00, 0x00, 0x00, 0x00, 0x00, 0x00, 0x00, 0x00,
    0x00, 0x00, 0x00, 0x00, 0x00, 0x00, 0x00, 0x00, 0x00, 0x00, 0x00, 0x00,
    0x00, 0x00, 0x00, 0x00, 0x00, 0x00, 0x00, 0x00, 0x00, 0x00, 0x00, 0x00,
    0x00, 0x00, 0x00, 0x00, 0x70, 0xa8, 0xb0, 0x55, 0x78, 0xa8, 0xb8, 0xf7,
    0x78, 0xa8, 0xb8, 0xff, 0x70, 0xa8, 0xb0, 0xff, 0x70, 0xac, 0xb8, 0xff,
    0x78, 0xa8, 0xb0, 0xff, 0x70, 0xac, 0xb8, 0xff, 0x78, 0xa8, 0xb0, 0xff,
    0x70, 0xa8, 0xb0, 0xff, 0x78, 0xa8, 0xb0, 0x96, 0x00, 0x00, 0x00, 0x00,
    0x00, 0x00, 0x00, 0x00, 0x00, 0x00, 0x00, 0x00, 0x00, 0x00, 0x00, 0x00,
    0x70, 0xa4, 0xb0, 0x28, 0x70, 0xa8, 0xb0, 0xf3, 0x70, 0xac, 0xb8, 0xff,
    0x78, 0xa8, 0xb8, 0xff, 0x78, 0xa8, 0xb8, 0xff, 0x70, 0xac, 0xb0, 0xff,
    0x78, 0xa8, 0xb8, 0xff, 0x78, 0xa8, 0xb0, 0xff, 0x70, 0xa8, 0xb0, 0x96,
    0x70, 0xa8, 0xb0, 0x55, 0x78, 0xa8, 0xb0, 0x41, 0x78, 0xa8, 0xb0, 0x45,
    0x70, 0xa8, 0xb8, 0x7d, 0x70, 0xa8, 0xb8, 0xef, 0x78, 0xa8, 0xb0, 0xff,
    0x70, 0xa8, 0xb0, 0xff, 0x78, 0xa8, 0xb8, 0xff, 0x78, 0xac, 0xb0, 0xff,
    0x70, 0xa8, 0xb8, 0xff, 0x78, 0xa8, 0xb8, 0xff, 0x70, 0xa8, 0xb0, 0x7d,
    0x00, 0x00, 0x00, 0x00, 0x00, 0x00, 0x00, 0x00, 0x00, 0x00, 0x00, 0x00,
    0x00, 0x00, 0x00, 0x00, 0x70, 0xa8, 0xb0, 0x41, 0x70, 0xa8, 0xb0, 0xf3,
    0x78, 0xa8, 0xb8, 0xff, 0x70, 0xa8, 0xb8, 0xff, 0x70, 0xac, 0xb0, 0xff,
    0x78, 0xa8, 0xb8, 0xff, 0x70, 0xa8, 0xb8, 0xff, 0x78, 0xa8, 0xb0, 0xff,
    0x70, 0xa8, 0xb8, 0xff, 0x70, 0xa8, 0xb8, 0xa6, 0x80, 0xa0, 0xc0, 0x08,
    0x00, 0x00, 0x00, 0x00, 0x00, 0x00, 0x00, 0x00, 0x00, 0x00, 0x00, 0x00,
    0x00, 0x00, 0x00, 0x00, 0x00, 0x00, 0x00, 0x00, 0x00, 0x00, 0x00, 0x00,
    0x00, 0x00, 0x00, 0x00, 0x00, 0x00, 0x00, 0x00, 0x00, 0x00, 0x00, 0x00,
    0x00, 0x00, 0x00, 0x00, 0x00, 0x00, 0x00, 0x00, 0x00, 0x00, 0x00, 0x00,
    0x00, 0x00, 0x00, 0x00, 0x00, 0x00, 0x00, 0x00, 0x00, 0x00, 0x00, 0x00,
    0x00, 0x00, 0x00, 0x00, 0x00, 0x00, 0x00, 0x00, 0x00, 0x00, 0x00, 0x00,
    0x00, 0x00, 0x00, 0x00, 0x00, 0x00, 0x00, 0x00, 0x00, 0x00, 0x00, 0x00,
    0x78, 0xac, 0xb0, 0x30, 0x70, 0xa8, 0xb8, 0xd7, 0x78, 0xa8, 0xb8, 0xff,
    0x78, 0xa8, 0xb0, 0xff, 0x70, 0xa8, 0xb8, 0xff, 0x70, 0xac, 0xb8, 0xff,
    0x78, 0xa8, 0xb8, 0xff, 0x70, 0xac, 0xb8, 0xff, 0x70, 0xa8, 0xb0, 0xae,
    0x00, 0x00, 0x00, 0x00, 0x00, 0x00, 0x00, 0x00, 0x00, 0x00, 0x00, 0x00,
    0x00, 0x00, 0x00, 0x00, 0x78, 0xa8, 0xb8, 0xa6, 0x78, 0xa8, 0xb8, 0xff,
    0x70, 0xa8, 0xb8, 0xff, 0x70, 0xa8, 0xb8, 0xff, 0x78, 0xa8, 0xb0, 0xff,
    0x70, 0xac, 0xb8, 0xff, 0x78, 0xa8, 0xb8, 0xef, 0x78, 0xa8, 0xb0, 0x45,
    0x00, 0x00, 0x00, 0x00, 0x00, 0x00, 0x00, 0x00, 0x00, 0x00, 0x00, 0x00,
    0x00, 0x00, 0x00, 0x00, 0x00, 0x00, 0x00, 0x00, 0x78, 0xac, 0xb0, 0x18,
    0x70, 0xac, 0xb8, 0xbe, 0x70, 0xa8, 0xb8, 0xff, 0x78, 0xa8, 0xb0, 0xff,
    0x70, 0xa8, 0xb8, 0xff, 0x70, 0xac, 0xb0, 0xff, 0x78, 0xa8, 0xb8, 0xff,
    0x70, 0xa8, 0xb0, 0xf7, 0x70, 0xb0, 0xb0, 0x10, 0x00, 0x00, 0x00, 0x00,
    0x00, 0x00, 0x00, 0x00, 0x00, 0x00, 0x00, 0x00, 0x70, 0xa8, 0xb8, 0x4d,
    0x78, 0xa8, 0xb8, 0xff, 0x78, 0xa8, 0xb8, 0xff, 0x70, 0xac, 0xb8, 0xff,
    0x78, 0xa8, 0xb0, 0xff, 0x78, 0xa8, 0xb8, 0xff, 0x70, 0xac, 0xb8, 0xff,
    0x70, 0xac, 0xb0, 0xf7, 0x78, 0xa8, 0xb0, 0x6d, 0x00, 0x00, 0x00, 0x00,
    0x00, 0x00, 0x00, 0x00, 0x00, 0x00, 0x00, 0x00, 0x00, 0x00, 0x00, 0x00,
    0x00, 0x00, 0x00, 0x00, 0x00, 0x00, 0x00, 0x00, 0x00, 0x00, 0x00, 0x00,
    0x00, 0x00, 0x00, 0x00, 0x00, 0x00, 0x00, 0x00, 0x00, 0x00, 0x00, 0x00,
    0x00, 0x00, 0x00, 0x00, 0x00, 0x00, 0x00, 0x00, 0x00, 0x00, 0x00, 0x00,
    0x00, 0x00, 0x00, 0x00, 0x00, 0x00, 0x00, 0x00, 0x00, 0x00, 0x00, 0x00,
    0x00, 0x00, 0x00, 0x00, 0x00, 0x00, 0x00, 0x00, 0x00, 0x00, 0x00, 0x00,
    0x00, 0x00, 0x00, 0x00, 0x00, 0x00, 0x00, 0x00, 0x00, 0x00, 0x00, 0x00,
    0x00, 0x00, 0x00, 0x00, 0x00, 0x00, 0x00, 0x00, 0x70, 0xb0, 0xb0, 0x10,
    0x70, 0xac, 0xb0, 0xae, 0x78, 0xa8, 0xb8, 0xff, 0x78, 0xa8, 0xb8, 0xff,
    0x70, 0xa8, 0xb0, 0xff, 0x78, 0xa8, 0xb8, 0xff, 0x78, 0xa8, 0xb8, 0xff,
    0x70, 0xa8, 0xb0, 0x96, 0x00, 0x00, 0x00, 0x00, 0x00, 0x00, 0x00, 0x00,
    0x00, 0x00, 0x00, 0x00, 0x80, 0xa0, 0xc0, 0x08, 0x70, 0xa8, 0xb0, 0xef,
    0x78, 0xac, 0xb8, 0xff, 0x78, 0xa8, 0xb0, 0xff, 0x70, 0xa8, 0xb0, 0xff,
    0x70, 0xac, 0xb8, 0xff, 0x78, 0xa8, 0xb8, 0xff, 0x70, 0xa8, 0xb0, 0x41,
    0x00, 0x00, 0x00, 0x00, 0x00, 0x00, 0x00, 0x00, 0x00, 0x00, 0x00, 0x00,
    0x00, 0x00, 0x00, 0x00, 0x00, 0x00, 0x00, 0x00, 0x00, 0x00, 0x00, 0x00,
    0x00, 0x00, 0x00, 0x00, 0x80, 0xa0, 0xc0, 0x08, 0x78, 0xa8, 0xb8, 0xd7,
    0x70, 0xa8, 0xb8, 0xff, 0x78, 0xac, 0xb0, 0xff, 0x78, 0xa8, 0xb8, 0xff,
    0x70, 0xa8, 0xb8, 0xff, 0x78, 0xac, 0xb8, 0xff, 0x70, 0xa8, 0xb0, 0x55,
    0x00, 0x00, 0x00, 0x00, 0x00, 0x00, 0x00, 0x00, 0x00, 0x00, 0x00, 0x00,
    0x70, 0xa8, 0xb8, 0x38, 0x78, 0xa8, 0xb0, 0xff, 0x70, 0xac, 0xb8, 0xff,
    0x78, 0xa8, 0xb0, 0xff, 0x70, 0xa8, 0xb8, 0xff, 0x78, 0xa8, 0xb0, 0xff,
    0x70, 0xa8, 0xb8, 0xe7, 0x70, 0xa8, 0xb8, 0x38, 0x00, 0x00, 0x00, 0x00,
    0x00, 0x00, 0x00, 0x00, 0x00, 0x00, 0x00, 0x00, 0x00, 0x00, 0x00, 0x00,
    0x00, 0x00, 0x00, 0x00, 0x00, 0x00, 0x00, 0x00, 0x00, 0x00, 0x00, 0x00,
    0x00, 0x00, 0x00, 0x00, 0x00, 0x00, 0x00, 0x00, 0x00, 0x00, 0x00, 0x00,
    0x00, 0x00, 0x00, 0x00, 0x00, 0x00, 0x00, 0x00, 0x00, 0x00, 0x00, 0x00,
    0x00, 0x00, 0x00, 0x00, 0x00, 0x00, 0x00, 0x00, 0x00, 0x00, 0x00, 0x00,
    0x00, 0x00, 0x00, 0x00, 0x00, 0x00, 0x00, 0x00, 0x00, 0x00, 0x00, 0x00,
    0x00, 0x00, 0x00, 0x00, 0x00, 0x00, 0x00, 0x00, 0x00, 0x00, 0x00, 0x00,
    0x00, 0x00, 0x00, 0x00, 0x00, 0x00, 0x00, 0x00, 0x00, 0x00, 0x00, 0x00,
    0x00, 0x00, 0x00, 0x00, 0x78, 0xa8, 0xb8, 0x1c, 0x70, 0xa8, 0xb0, 0xff,
    0x78, 0xac, 0xb8, 0xff, 0x70, 0xa8, 0xb0, 0xff, 0x70, 0xa8, 0xb0, 0xff,
    0x78, 0xac, 0xb8, 0xff, 0x70, 0xa8, 0xb8, 0x75, 0x00, 0x00, 0x00, 0x00,
    0x00, 0x00, 0x00, 0x00, 0x00, 0x00, 0x00, 0x00, 0x70, 0xa8, 0xb8, 0x38,
    0x70, 0xa8, 0xb8, 0xff, 0x70, 0xac, 0xb0, 0xff, 0x78, 0xa8, 0xb8, 0xff,
    0x78, 0xa8, 0xb8, 0xff, 0x70, 0xa8, 0xb0, 0xff, 0x70, 0xa8, 0xb8, 0x8e,
    0x00, 0x00, 0x00, 0x00, 0x00, 0x00, 0x00, 0x00, 0x00, 0x00, 0x00, 0x00,
    0x00, 0x00, 0x00, 0x00, 0x00, 0x00, 0x00, 0x00, 0x00, 0x00, 0x00, 0x00,
    0x00, 0x00, 0x00, 0x00, 0x00, 0x00, 0x00, 0x00, 0x00, 0x00, 0x00, 0x00,
    0x70, 0xa8, 0xb0, 0x41, 0x70, 0xa8, 0xb8, 0xff, 0x78, 0xa8, 0xb8, 0xff,
    0x70, 0xa8, 0xb0, 0xff, 0x70, 0xa8, 0xb8, 0xff, 0x78, 0xa8, 0xb8, 0xff,
    0x78, 0xa8, 0xb0, 0x96, 0x00, 0x00, 0x00, 0x00, 0x00, 0x00, 0x00, 0x00,
    0x00, 0x00, 0x00, 0x00, 0x78, 0xac, 0xb0, 0x18, 0x70, 0xa8, 0xb8, 0xff,
    0x78, 0xa8, 0xb0, 0xff, 0x70, 0xa8, 0xb8, 0xff, 0x70, 0xac, 0xb8, 0xff,
    0x78, 0xa8, 0xb0, 0xff, 0x70, 0xa8, 0xb8, 0x7d, 0x00, 0x00, 0x00, 0x00,
    0x00, 0x00, 0x00, 0x00, 0x00, 0x00, 0x00, 0x00, 0x00, 0x00, 0x00, 0x00,
    0x00, 0x00, 0x00, 0x00, 0x00, 0x00, 0x00, 0x00, 0x00, 0x00, 0x00, 0x00,
    0x00, 0x00, 0x00, 0x00, 0x00, 0x00, 0x00, 0x00, 0x00, 0x00, 0x00, 0x00,
    0x00, 0x00, 0x00, 0x00, 0x00, 0x00, 0x00, 0x00, 0x00, 0x00, 0x00, 0x00,
    0x00, 0x00, 0x00, 0x00, 0x00, 0x00, 0x00, 0x00, 0x00, 0x00, 0x00, 0x00,
    0x00, 0x00, 0x00, 0x00, 0x00, 0x00, 0x00, 0x00, 0x00, 0x00, 0x00, 0x00,
    0x00, 0x00, 0x00, 0x00, 0x00, 0x00, 0x00, 0x00, 0x00, 0x00, 0x00, 0x00,
    0x00, 0x00, 0x00, 0x00, 0x00, 0x00, 0x00, 0x00, 0x00, 0x00, 0x00, 0x00,
    0x00, 0x00, 0x00, 0x00, 0x00, 0x00, 0x00, 0x00, 0x70, 0xa8, 0xb0, 0x41,
    0x78, 0xa8, 0xb8, 0xff, 0x70, 0xa8, 0xb8, 0xff, 0x78, 0xac, 0xb8, 0xff,
    0x78, 0xa8, 0xb0, 0xff, 0x70, 0xa8, 0xb8, 0xff, 0x78, 0xa8, 0xb0, 0x61,
    0x00, 0x00, 0x00, 0x00, 0x00, 0x00, 0x00, 0x00, 0x00, 0x00, 0x00, 0x00,
    0x78, 0xa8, 0xb0, 0x5d, 0x78, 0xa8, 0xb8, 0xff, 0x70, 0xa8, 0xb8, 0xff,
    0x70, 0xa8, 0xb8, 0xff, 0x78, 0xac, 0xb0, 0xff, 0x78, 0xa8, 0xb8, 0xff,
    0x70, 0xa8, 0xb8, 0x4d, 0x00, 0x00, 0x00, 0x00, 0x00, 0x00, 0x00, 0x00,
    0x00, 0x00, 0x00, 0x00, 0x00, 0x00, 0x00, 0x00, 0x00, 0x00, 0x00, 0x00,
    0x00, 0x00, 0x00, 0x00, 0x00, 0x00, 0x00, 0x00, 0x00, 0x00, 0x00, 0x00,
    0x00, 0x00, 0x00, 0x00, 0x00, 0x00, 0x00, 0x00, 0x78, 0xa8, 0xb0, 0xeb,
    0x70, 0xa8, 0xb8, 0xff, 0x78, 0xac, 0xb0, 0xff, 0x70, 0xa8, 0xb0, 0xff,
    0x70, 0xa8, 0xb8, 0xff, 0x78, 0xa8, 0xb8, 0xbe, 0x00, 0x00, 0x00, 0x00,
    0x00, 0x00, 0x00, 0x00, 0x00, 0x00, 0x00, 0x00, 0x00, 0x00, 0x00, 0x00,
    0x70, 0xa8, 0xb8, 0xff, 0x78, 0xa8, 0xb8, 0xff, 0x78, 0xa8, 0xb0, 0xff,
    0x70, 0xa8, 0xb8, 0xff, 0x78, 0xac, 0xb8, 0xff, 0x78, 0xa8, 0xb0, 0x9e,
    0x00, 0x00, 0x00, 0x00, 0x00, 0x00, 0x00, 0x00, 0x00, 0x00, 0x00, 0x00,
    0x00, 0x00, 0x00, 0x00, 0x00, 0x00, 0x00, 0x00, 0x00, 0x00, 0x00, 0x00,
    0x00, 0x00, 0x00, 0x00, 0x00, 0x00, 0x00, 0x00, 0x00, 0x00, 0x00, 0x00,
    0x00, 0x00, 0x00, 0x00, 0x00, 0x00, 0x00, 0x00, 0x00, 0x00, 0x00, 0x00,
    0x00, 0x00, 0x00, 0x00, 0x00, 0x00, 0x00, 0x00, 0x00, 0x00, 0x00, 0x00,
    0x00, 0x00, 0x00, 0x00, 0x00, 0x00, 0x00, 0x00, 0x00, 0x00, 0x00, 0x00,
    0x00, 0x00, 0x00, 0x00, 0x00, 0x00, 0x00, 0x00, 0x00, 0x00, 0x00, 0x00,
    0x00, 0x00, 0x00, 0x00, 0x00, 0x00, 0x00, 0x00, 0x00, 0x00, 0x00, 0x00,
    0x00, 0x00, 0x00, 0x00, 0x00, 0x00, 0x00, 0x00, 0x00, 0x00, 0x00, 0x00,
    0x70, 0xa8, 0xb0, 0x41, 0x78, 0xa8, 0xb8, 0xff, 0x70, 0xa8, 0xb8, 0xff,
    0x70, 0xa8, 0xb0, 0xff, 0x78, 0xa8, 0xb8, 0xff, 0x70, 0xa8, 0xb8, 0xff,
    0x78, 0xa8, 0xb0, 0x5d, 0x00, 0x00, 0x00, 0x00, 0x00, 0x00, 0x00, 0x00,
    0x00, 0x00, 0x00, 0x00, 0x70, 0xa8, 0xb0, 0x75, 0x78, 0xa8, 0xb8, 0xff,
    0x78, 0xa8, 0xb0, 0xff, 0x70, 0xac, 0xb0, 0xff, 0x70, 0xa8, 0xb8, 0xff,
    0x78, 0xa8, 0xb8, 0xff, 0x78, 0xa8, 0xb8, 0x20, 0x00, 0x00, 0x00, 0x00,
    0x00, 0x00, 0x00, 0x00, 0x00, 0x00, 0x00, 0x00, 0x00, 0x00, 0x00, 0x00,
    0x00, 0x00, 0x00, 0x00, 0x00, 0x00, 0x00, 0x00, 0x00, 0x00, 0x00, 0x00,
    0x00, 0x00, 0x00, 0x00, 0x00, 0x00, 0x00, 0x00, 0x00, 0x00, 0x00, 0x00,
    0x78, 0xa8, 0xb0, 0xc7, 0x70, 0xac, 0xb8, 0xff, 0x78, 0xa8, 0xb8, 0xff,
    0x78, 0xac, 0xb8, 0xff, 0x70, 0xa8, 0xb0, 0xff, 0x70, 0xac, 0xb8, 0xd7,
    0x00, 0x00, 0x00, 0x00, 0x00, 0x00, 0x00, 0x00, 0x00, 0x00, 0x00, 0x00,
    0x00, 0x00, 0x00, 0x00, 0x70, 0xa8, 0xb8, 0xff, 0x78, 0xac, 0xb0, 0xff,
    0x70, 0xa8, 0xb8, 0xff, 0x70, 0xa8, 0xb8, 0xff, 0x78, 0xa8, 0xb0, 0xff,
    0x78, 0xa8, 0xb8, 0x9e, 0x00, 0x00, 0x00, 0x00, 0x00, 0x00, 0x00, 0x00,
    0x00, 0x00, 0x00, 0x00, 0x00, 0x00, 0x00, 0x00, 0x00, 0x00, 0x00, 0x00,
    0x00, 0x00, 0x00, 0x00, 0x00, 0x00, 0x00, 0x00, 0x00, 0x00, 0x00, 0x00,
    0x00, 0x00, 0x00, 0x00, 0x00, 0x00, 0x00, 0x00, 0x00, 0x00, 0x00, 0x00,
    0x00, 0x00, 0x00, 0x00, 0x00, 0x00, 0x00, 0x00, 0x00, 0x00, 0x00, 0x00,
    0x00, 0x00, 0x00, 0x00, 0x00, 0x00, 0x00, 0x00, 0x00, 0x00, 0x00, 0x00,
    0x00, 0x00, 0x00, 0x00, 0x00, 0x00, 0x00, 0x00, 0x00, 0x00, 0x00, 0x00,
    0x00, 0x00, 0x00, 0x00, 0x00, 0x00, 0x00, 0x00, 0x00, 0x00, 0x00, 0x00,
    0x00, 0x00, 0x00, 0x00, 0x00, 0x00, 0x00, 0x00, 0x00, 0x00, 0x00, 0x00,
    0x00, 0x00, 0x00, 0x00, 0x70, 0xa8, 0xb0, 0x3c, 0x78, 0xa8, 0xb8, 0xff,
    0x78, 0xa8, 0xb0, 0xff, 0x70, 0xac, 0xb8, 0xff, 0x78, 0xa8, 0xb8, 0xff,
    0x70, 0xa8, 0xb0, 0xff, 0x70, 0xa8, 0xb8, 0x5d, 0x00, 0x00, 0x00, 0x00,
    0x00, 0x00, 0x00, 0x00, 0x00, 0x00, 0x00, 0x00, 0x70, 0xa8, 0xb8, 0x69,
    0x70, 0xa8, 0xb8, 0xff, 0x78, 0xac, 0xb8, 0xff, 0x78, 0xa8, 0xb0, 0xff,
    0x70, 0xa8, 0xb8, 0xff, 0x70, 0xa8, 0xb0, 0xff, 0x78, 0xac, 0xb0, 0x30,
    0x00, 0x00, 0x00, 0x00, 0x00, 0x00, 0x00, 0x00, 0x00, 0x00, 0x00, 0x00,
    0x00, 0x00, 0x00, 0x00, 0x00, 0x00, 0x00, 0x00, 0x00, 0x00, 0x00, 0x00,
    0x00, 0x00, 0x00, 0x00, 0x00, 0x00, 0x00, 0x00, 0x00, 0x00, 0x00, 0x00,
    0x00, 0x00, 0x00, 0x00, 0x70, 0xa8, 0xb8, 0xd7, 0x78, 0xa8, 0xb8, 0xff,
    0x70, 0xa8, 0xb8, 0xff, 0x78, 0xa8, 0xb0, 0xff, 0x78, 0xa8, 0xb8, 0xff,
    0x70, 0xa8, 0xb0, 0xc7, 0x00, 0x00, 0x00, 0x00, 0x00, 0x00, 0x00, 0x00,
    0x00, 0x00, 0x00, 0x00, 0x00, 0x00, 0x00, 0x00, 0x78, 0xa8, 0xb8, 0xff,
    0x70, 0xac, 0xb0, 0xff, 0x78, 0xa8, 0xb8, 0xff, 0x70, 0xa8, 0xb0, 0xff,
    0x70, 0xac, 0xb8, 0xff, 0x78, 0xa8, 0xb8, 0x9e, 0x00, 0x00, 0x00, 0x00,
    0x00, 0x00, 0x00, 0x00, 0x00, 0x00, 0x00, 0x00, 0x00, 0x00, 0x00, 0x00,
    0x00, 0x00, 0x00, 0x00, 0x00, 0x00, 0x00, 0x00, 0x00, 0x00, 0x00, 0x00,
    0x00, 0x00, 0x00, 0x00, 0x00, 0x00, 0x00, 0x00, 0x00, 0x00, 0x00, 0x00,
    0x00, 0x00, 0x00, 0x00, 0x00, 0x00, 0x00, 0x00, 0x00, 0x00, 0x00, 0x00,
    0x00, 0x00, 0x00, 0x00, 0x00, 0x00, 0x00, 0x00, 0x00, 0x00, 0x00, 0x00,
    0x00, 0x00, 0x00, 0x00, 0x00, 0x00, 0x00, 0x00, 0x00, 0x00, 0x00, 0x00,
    0x00, 0x00, 0x00, 0x00, 0x00, 0x00, 0x00, 0x00, 0x00, 0x00, 0x00, 0x00,
    0x00, 0x00, 0x00, 0x00, 0x00, 0x00, 0x00, 0x00, 0x00, 0x00, 0x00, 0x00,
    0x00, 0x00, 0x00, 0x00, 0x00, 0x00, 0x00, 0x00, 0x78, 0xac, 0xb8, 0x30,
    0x70, 0xa8, 0xb8, 0xff, 0x70, 0xa8, 0xb0, 0xff, 0x78, 0xac, 0xb8, 0xff,
    0x78, 0xa8, 0xb8, 0xff, 0x70, 0xa8, 0xb0, 0xff, 0x70, 0xa8, 0xb8, 0x69,
    0x00, 0x00, 0x00, 0x00, 0x00, 0x00, 0x00, 0x00, 0x00, 0x00, 0x00, 0x00,
    0x70, 0xa8, 0xb8, 0x4d, 0x78, 0xa8, 0xb0, 0xff, 0x70, 0xa8, 0xb8, 0xff,
    0x78, 0xa8, 0xb8, 0xff, 0x78, 0xac, 0xb8, 0xff, 0x70, 0xa8, 0xb0, 0xff,
    0x70, 0xa8, 0xb8, 0x65, 0x00, 0x00, 0x00, 0x00, 0x00, 0x00, 0x00, 0x00,
    0x00, 0x00, 0x00, 0x00, 0x00, 0x00, 0x00, 0x00, 0x00, 0x00, 0x00, 0x00,
    0x00, 0x00, 0x00, 0x00, 0x00, 0x00, 0x00, 0x00, 0x00, 0x00, 0x00, 0x00,
    0x00, 0x00, 0x00, 0x00, 0x70, 0xb0, 0xb0, 0x10, 0x70, 0xa8, 0xb8, 0xff,
    0x78, 0xa8, 0xb0, 0xff, 0x70, 0xac, 0xb0, 0xff, 0x70, 0xa8, 0xb8, 0xff,
    0x78, 0xa8, 0xb8, 0xff, 0x78, 0xac, 0xb0, 0xae, 0x00, 0x00, 0x00, 0x00,
    0x00, 0x00, 0x00, 0x00, 0x00, 0x00, 0x00, 0x00, 0x80, 0xa0, 0xc0, 0x08,
    0x70, 0xa8, 0xb0, 0xff, 0x78, 0xa8, 0xb8, 0xff, 0x78, 0xa8, 0xb8, 0xff,
    0x78, 0xac, 0xb0, 0xff, 0x70, 0xa8, 0xb8, 0xff, 0x70, 0xa8, 0xb0, 0x8e,
    0x00, 0x00, 0x00, 0x00, 0x00, 0x00, 0x00, 0x00, 0x00, 0x00, 0x00, 0x00,
    0x00, 0x00, 0x00, 0x00, 0x00, 0x00, 0x00, 0x00, 0x00, 0x00, 0x00, 0x00,
    0x00, 0x00, 0x00, 0x00, 0x00, 0x00, 0x00, 0x00, 0x00, 0x00, 0x00, 0x00,
    0x00, 0x00, 0x00, 0x00, 0x00, 0x00, 0x00, 0x00, 0x00, 0x00, 0x00, 0x00,
    0x00, 0x00, 0x00, 0x00, 0x00, 0x00, 0x00, 0x00, 0x00, 0x00, 0x00, 0x00,
    0x00, 0x00, 0x00, 0x00, 0x00, 0x00, 0x00, 0x00, 0x00, 0x00, 0x00, 0x00,
    0x00, 0x00, 0x00, 0x00, 0x00, 0x00, 0x00, 0x00, 0x00, 0x00, 0x00, 0x00,
    0x00, 0x00, 0x00, 0x00, 0x00, 0x00, 0x00, 0x00, 0x00, 0x00, 0x00, 0x00,
    0x00, 0x00, 0x00, 0x00, 0x00, 0x00, 0x00, 0x00, 0x00, 0x00, 0x00, 0x00,
    0x78, 0xa8, 0xb0, 0x45, 0x70, 0xa8, 0xb8, 0xff, 0x70, 0xa8, 0xb0, 0xff,
    0x78, 0xa8, 0xb8, 0xff, 0x70, 0xac, 0xb0, 0xff, 0x78, 0xa8, 0xb8, 0xff,
    0x78, 0xa8, 0xb8, 0x7d, 0x00, 0x00, 0x00, 0x00, 0x00, 0x00, 0x00, 0x00,
    0x00, 0x00, 0x00, 0x00, 0x78, 0xa8, 0xb8, 0x20, 0x78, 0xa8, 0xb0, 0xff,
    0x70, 0xa8, 0xb0, 0xff, 0x70, 0xac, 0xb8, 0xff, 0x78, 0xa8, 0xb8, 0xff,
    0x78, 0xa8, 0xb8, 0xff, 0x70, 0xa8, 0xb8, 0xd7, 0x80, 0xa0, 0xc0, 0x08,
    0x00, 0x00, 0x00, 0x00, 0x00, 0x00, 0x00, 0x00, 0x00, 0x00, 0x00, 0x00,
    0x00, 0x00, 0x00, 0x00, 0x00, 0x00, 0x00, 0x00, 0x00, 0x00, 0x00, 0x00,
    0x00, 0x00, 0x00, 0x00, 0x00, 0x00, 0x00, 0x00, 0x78, 0xa8, 0xb8, 0x86,
    0x70, 0xac, 0xb8, 0xff, 0x78, 0xa8, 0xb0, 0xff, 0x78, 0xa8, 0xb8, 0xff,
    0x70, 0xac, 0xb8, 0xff, 0x70, 0xa8, 0xb0, 0xff, 0x70, 0xa8, 0xb8, 0x7d,
    0x00, 0x00, 0x00, 0x00, 0x00, 0x00, 0x00, 0x00, 0x00, 0x00, 0x00, 0x00,
    0x70, 0xa4, 0xb0, 0x28, 0x70, 0xa8, 0xb8, 0xff, 0x78, 0xa8, 0xb8, 0xff,
    0x70, 0xac, 0xb0, 0xff, 0x70, 0xa8, 0xb8, 0xff, 0x78, 0xa8, 0xb8, 0xff,
    0x78, 0xac, 0xb0, 0xa6, 0x00, 0x00, 0x00, 0x00, 0x00, 0x00, 0x00, 0x00,
    0x00, 0x00, 0x00, 0x00, 0x00, 0x00, 0x00, 0x00, 0x00, 0x00, 0x00, 0x00,
    0x00, 0x00, 0x00, 0x00, 0x00, 0x00, 0x00, 0x00, 0x00, 0x00, 0x00, 0x00,
    0x00, 0x00, 0x00, 0x00, 0x00, 0x00, 0x00, 0x00, 0x00, 0x00, 0x00, 0x00,
    0x00, 0x00, 0x00, 0x00, 0x00, 0x00, 0x00, 0x00, 0x00, 0x00, 0x00, 0x00,
    0x00, 0x00, 0x00, 0x00, 0x00, 0x00, 0x00, 0x00, 0x00, 0x00, 0x00, 0x00,
    0x00, 0x00, 0x00, 0x00, 0x00, 0x00, 0x00, 0x00, 0x00, 0x00, 0x00, 0x00,
    0x00, 0x00, 0x00, 0x00, 0x00, 0x00, 0x00, 0x00, 0x00, 0x00, 0x00, 0x00,
    0x00, 0x00, 0x00, 0x00, 0x00, 0x00, 0x00, 0x00, 0x00, 0x00, 0x00, 0x00,
    0x70, 0xa8, 0xb8, 0x65, 0x70, 0xa8, 0xb0, 0xf7, 0x78, 0xac, 0xb8, 0xff,
    0x78, 0xa8, 0xb8, 0xff, 0x70, 0xa8, 0xb0, 0xff, 0x70, 0xa8, 0xb8, 0xff,
    0x78, 0xac, 0xb0, 0xff, 0x78, 0xa8, 0xb8, 0x9e, 0x00, 0x00, 0x00, 0x00,
    0x00, 0x00, 0x00, 0x00, 0x00, 0x00, 0x00, 0x00, 0x00, 0x00, 0x00, 0x00,
    0x70, 0xa8, 0xb8, 0xcf, 0x78, 0xa8, 0xb8, 0xff, 0x70, 0xa8, 0xb0, 0xff,
    0x70, 0xa8, 0xb0, 0xff, 0x78, 0xac, 0xb0, 0xff, 0x78, 0xa8, 0xb8, 0xff,
    0x70, 0xa8, 0xb0, 0xa6, 0x00, 0x00, 0x00, 0x00, 0x00, 0x00, 0x00, 0x00,
    0x00, 0x00, 0x00, 0x00, 0x00, 0x00, 0x00, 0x00, 0x00, 0x00, 0x00, 0x00,
    0x00, 0x00, 0x00, 0x00, 0x00, 0x00, 0x00, 0x00, 0x70, 0xa8, 0xb0, 0x45,
    0x78, 0xa8, 0xb8, 0xff, 0x70, 0xa8, 0xb8, 0xff, 0x70, 0xa8, 0xb0, 0xff,
    0x78, 0xa8, 0xb8, 0xff, 0x78, 0xa8, 0xb8, 0xff, 0x70, 0xa8, 0xb0, 0xff,
    0x78, 0xac, 0xb8, 0x30, 0x00, 0x00, 0x00, 0x00, 0x00, 0x00, 0x00, 0x00,
    0x00, 0x00, 0x00, 0x00, 0x70, 0xa8, 0xb0, 0x3c, 0x78, 0xa8, 0xb8, 0xff,
    0x78, 0xac, 0xb0, 0xff, 0x70, 0xa8, 0xb8, 0xff, 0x70, 0xa8, 0xb8, 0xff,
    0x78, 0xa8, 0xb0, 0xff, 0x70, 0xa8, 0xb8, 0xff, 0x70, 0xa8, 0xb0, 0xae,
    0x70, 0xb0, 0xb0, 0x10, 0x00, 0x00, 0x00, 0x00, 0x00, 0x00, 0x00, 0x00,
    0x00, 0x00, 0x00, 0x00, 0x00, 0x00, 0x00, 0x00, 0x00, 0x00, 0x00, 0x00,
    0x00, 0x00, 0x00, 0x00, 0x00, 0x00, 0x00, 0x00, 0x00, 0x00, 0x00, 0x00,
    0x00, 0x00, 0x00, 0x00, 0x00, 0x00, 0x00, 0x00, 0x00, 0x00, 0x00, 0x00,
    0x00, 0x00, 0x00, 0x00, 0x00, 0x00, 0x00, 0x00, 0x00, 0x00, 0x00, 0x00,
    0x00, 0x00, 0x00, 0x00, 0x00, 0x00, 0x00, 0x00, 0x00, 0x00, 0x00, 0x00,
    0x00, 0x00, 0x00, 0x00, 0x00, 0x00, 0x00, 0x00, 0x00, 0x00, 0x00, 0x00,
    0x00, 0x00, 0x00, 0x00, 0x00, 0x00, 0x00, 0x00, 0x80, 0xa0, 0xc0, 0x08,
    0x70, 0xa8, 0xb8, 0xa6, 0x78, 0xa8, 0xb0, 0xff, 0x78, 0xa8, 0xb8, 0xff,
    0x70, 0xa8, 0xb8, 0xff, 0x78, 0xac, 0xb0, 0xff, 0x78, 0xa8, 0xb8, 0xff,
    0x70, 0xa8, 0xb8, 0xff, 0x70, 0xa8, 0xb0, 0xff, 0x70, 0xac, 0xb8, 0xbe,
    0x00, 0x00, 0x00, 0x00, 0x00, 0x00, 0x00, 0x00, 0x00, 0x00, 0x00, 0x00,
    0x00, 0x00, 0x00, 0x00, 0x78, 0xa8, 0xb0, 0x6d, 0x70, 0xac, 0xb8, 0xff,
    0x78, 0xa8, 0xb8, 0xff, 0x70, 0xa8, 0xb8, 0xff, 0x70, 0xac, 0xb8, 0xff,
    0x78, 0xa8, 0xb0, 0xff, 0x70, 0xa8, 0xb8, 0xff, 0x78, 0xac, 0xb0, 0xc7,
    0x78, 0xac, 0xb8, 0x18, 0x00, 0x00, 0x00, 0x00, 0x00, 0x00, 0x00, 0x00,
    0x00, 0x00, 0x00, 0x00, 0x00, 0x00, 0x00, 0x00, 0x78, 0xa8, 0xb8, 0x86,
    0x70, 0xac, 0xb8, 0xff, 0x78, 0xa8, 0xb0, 0xff, 0x78, 0xac, 0xb8, 0xff,
    0x70, 0xac, 0xb0, 0xff, 0x70, 0xa8, 0xb8, 0xff, 0x78, 0xa8, 0xb8, 0xff,
    0x70, 0xa8, 0xb0, 0xcf, 0x00, 0x00, 0x00, 0x00, 0x00, 0x00, 0x00, 0x00,
    0x00, 0x00, 0x00, 0x00, 0x00, 0x00, 0x00, 0x00, 0x78, 0xa8, 0xb0, 0x5d,
    0x70, 0xa8, 0xb8, 0xff, 0x78, 0xa8, 0xb8, 0xff, 0x78, 0xa8, 0xb0, 0xff,
    0x70, 0xac, 0xb8, 0xff, 0x78, 0xa8, 0xb8, 0xff, 0x78, 0xa8, 0xb8, 0xff,
    0x70, 0xac, 0xb8, 0xff, 0x78, 0xa8, 0xb0, 0xdf, 0x70, 0xac, 0xb0, 0x30,
    0x00, 0x00, 0x00, 0x00, 0x00, 0x00, 0x00, 0x00, 0x00, 0x00, 0x00, 0x00,
    0x00, 0x00, 0x00, 0x00, 0x00, 0x00, 0x00, 0x00, 0x00, 0x00, 0x00, 0x00,
    0x00, 0x00, 0x00, 0x00, 0x00, 0x00, 0x00, 0x00, 0x00, 0x00, 0x00, 0x00,
    0x00, 0x00, 0x00, 0x00, 0x00, 0x00, 0x00, 0x00, 0x00, 0x00, 0x00, 0x00,
    0x00, 0x00, 0x00, 0x00, 0x00, 0x00, 0x00, 0x00, 0x00, 0x00, 0x00, 0x00,
    0x00, 0x00, 0x00, 0x00, 0x00, 0x00, 0x00, 0x00, 0x00, 0x00, 0x00, 0x00,
    0x00, 0x00, 0x00, 0x00, 0x00, 0x00, 0x00, 0x00, 0x78, 0xa8, 0xb8, 0x20,
    0x70, 0xa8, 0xb0, 0xcf, 0x78, 0xa8, 0xb8, 0xff, 0x70, 0xa8, 0xb8, 0xff,
    0x70, 0xac, 0xb0, 0xff, 0x78, 0xa8, 0xb8, 0xff, 0x70, 0xa8, 0xb0, 0xff,
    0x78, 0xac, 0xb8, 0xff, 0x78, 0xa8, 0xb8, 0xff, 0x70, 0xa8, 0xb0, 0xe7,
    0x70, 0xa8, 0xb0, 0x41, 0x00, 0x00, 0x00, 0x00, 0x00, 0x00, 0x00, 0x00,
    0x00, 0x00, 0x00, 0x00, 0x00, 0x00, 0x00, 0x00, 0x00, 0x00, 0x00, 0x00,
    0x70, 0xa8, 0xb0, 0xcf, 0x78, 0xa8, 0xb8, 0xff, 0x78, 0xa8, 0xb8, 0xff,
    0x70, 0xa8, 0xb0, 0xff, 0x78, 0xa8, 0xb8, 0xff, 0x70, 0xa8, 0xb8, 0xff,
    0x70, 0xa8, 0xb8, 0xff, 0x78, 0xa8, 0xb0, 0xff, 0x70, 0xa8, 0xb8, 0xd3,
    0x70, 0xa8, 0xb8, 0xbe, 0x78, 0xa8, 0xb0, 0xc7, 0x70, 0xa8, 0xb8, 0xff,
    0x70, 0xac, 0xb8, 0xff, 0x78, 0xa8, 0xb0, 0xff, 0x70, 0xa8, 0xb8, 0xff,
    0x78, 0xa8, 0xb8, 0xff, 0x78, 0xa8, 0xb0, 0xff, 0x70, 0xac, 0xb8, 0xff,
    0x78, 0xa8, 0xb8, 0xff, 0x78, 0xac, 0xb0, 0x2c, 0x00, 0x00, 0x00, 0x00,
    0x00, 0x00, 0x00, 0x00, 0x00, 0x00, 0x00, 0x00, 0x00, 0x00, 0x00, 0x00,
    0x70, 0xb0, 0xb0, 0x10, 0x70, 0xa8, 0xb0, 0xae, 0x70, 0xa8, 0xb8, 0xff,
    0x78, 0xac, 0xb0, 0xff, 0x70, 0xa8, 0xb0, 0xff, 0x70, 0xa8, 0xb8, 0xff,
    0x78, 0xac, 0xb0, 0xff, 0x78, 0xa8, 0xb8, 0xff, 0x70, 0xa8, 0xb8, 0xff,
    0x70, 0xa8, 0xb0, 0xf3, 0x78, 0xa8, 0xb0, 0x55, 0x00, 0x00, 0x00, 0x00,
    0x00, 0x00, 0x00, 0x00, 0x00, 0x00, 0x00, 0x00, 0x00, 0x00, 0x00, 0x00,
    0x00, 0x00, 0x00, 0x00, 0x00, 0x00, 0x00, 0x00, 0x00, 0x00, 0x00, 0x00,
    0x00, 0x00, 0x00, 0x00, 0x00, 0x00, 0x00, 0x00, 0x00, 0x00, 0x00, 0x00,
    0x00, 0x00, 0x00, 0x00, 0x00, 0x00, 0x00, 0x00, 0x00, 0x00, 0x00, 0x00,
    0x00, 0x00, 0x00, 0x00, 0x00, 0x00, 0x00, 0x00, 0x00, 0x00, 0x00, 0x00,
    0x00, 0x00, 0x00, 0x00, 0x00, 0x00, 0x00, 0x00, 0x70, 0xa8, 0xb0, 0x41,
    0x78, 0xa8, 0xb8, 0xeb, 0x70, 0xa8, 0xb8, 0xff, 0x78, 0xa8, 0xb0, 0xff,
    0x78, 0xa8, 0xb8, 0xff, 0x70, 0xac, 0xb8, 0xff, 0x70, 0xa8, 0xb0, 0xff,
    0x78, 0xa8, 0xb8, 0xff, 0x70, 0xa8, 0xb8, 0xff, 0x78, 0xa8, 0xb0, 0xc7,
    0x78, 0xac, 0xb8, 0x18, 0x00, 0x00, 0x00, 0x00, 0x00, 0x00, 0x00, 0x00,
    0x00, 0x00, 0x00, 0x00, 0x00, 0x00, 0x00, 0x00, 0x00, 0x00, 0x00, 0x00,
    0x00, 0x00, 0x00, 0x00, 0x70, 0xa8, 0xb8, 0x38, 0x70, 0xac, 0xb0, 0xf7,
    0x78, 0xa8, 0xb0, 0xff, 0x78, 0xac, 0xb8, 0xff, 0x70, 0xa8, 0xb0, 0xff,
    0x78, 0xac, 0xb8, 0xff, 0x70, 0xa8, 0xb0, 0xff, 0x78, 0xa8, 0xb8, 0xff,
    0x70, 0xac, 0xb8, 0xff, 0x78, 0xa8, 0xb0, 0xff, 0x78, 0xa8, 0xb8, 0xff,
    0x70, 0xac, 0xb8, 0xff, 0x78, 0xa8, 0xb0, 0xff, 0x78, 0xa8, 0xb8, 0xff,
    0x70, 0xa8, 0xb8, 0xff, 0x70, 0xa8, 0xb0, 0xff, 0x78, 0xa8, 0xb8, 0xff,
    0x70, 0xa8, 0xb0, 0xff, 0x70, 0xa8, 0xb8, 0x8e, 0x00, 0x00, 0x00, 0x00,
    0x00, 0x00, 0x00, 0x00, 0x00, 0x00, 0x00, 0x00, 0x00, 0x00, 0x00, 0x00,
    0x00, 0x00, 0x00, 0x00, 0x00, 0x00, 0x00, 0x00, 0x00, 0x00, 0x00, 0x00,
    0x70, 0xa8, 0xb8, 0x7d, 0x78, 0xa8, 0xb8, 0xff, 0x78, 0xa8, 0xb8, 0xff,
    0x70, 0xa8, 0xb0, 0xff, 0x70, 0xa8, 0xb8, 0xff, 0x78, 0xa8, 0xb8, 0xff,
    0x70, 0xa8, 0xb8, 0xff, 0x78, 0xa8, 0xb8, 0xff, 0x78, 0xa8, 0xb8, 0xff,
    0x70, 0xa8, 0xb8, 0x8e, 0x00, 0x00, 0x00, 0x00, 0x00, 0x00, 0x00, 0x00,
    0x00, 0x00, 0x00, 0x00, 0x00, 0x00, 0x00, 0x00, 0x00, 0x00, 0x00, 0x00,
    0x00, 0x00, 0x00, 0x00, 0x00, 0x00, 0x00, 0x00, 0x00, 0x00, 0x00, 0x00,
    0x00, 0x00, 0x00, 0x00, 0x00, 0x00, 0x00, 0x00, 0x00, 0x00, 0x00, 0x00,
    0x00, 0x00, 0x00, 0x00, 0x00, 0x00, 0x00, 0x00, 0x00, 0x00, 0x00, 0x00,
    0x00, 0x00, 0x00, 0x00, 0x00, 0x00, 0x00, 0x00, 0x70, 0xa8, 0xb8, 0x38,
    0x78, 0xa8, 0xb8, 0xff, 0x70, 0xa8, 0xb0, 0xff, 0x70, 0xa8, 0xb8, 0xff,
    0x78, 0xa8, 0xb0, 0xff, 0x78, 0xac, 0xb8, 0xff, 0x70, 0xa8, 0xb8, 0xff,
    0x78, 0xa8, 0xb0, 0xff, 0x70, 0xa8, 0xb8, 0xff, 0x70, 0xa8, 0xb0, 0x96,
    0x80, 0xa0, 0xc0, 0x08, 0x00, 0x00, 0x00, 0x00, 0x00, 0x00, 0x00, 0x00,
    0x00, 0x00, 0x00, 0x00, 0x00, 0x00, 0x00, 0x00, 0x00, 0x00, 0x00, 0x00,
    0x00, 0x00, 0x00, 0x00, 0x00, 0x00, 0x00, 0x00, 0x00, 0x00, 0x00, 0x00,
    0x70, 0xa8, 0xb0, 0x5d, 0x70, 0xa8, 0xb8, 0xff, 0x78, 0xa8, 0xb8, 0xff,
    0x70, 0xa8, 0xb8, 0xff, 0x78, 0xac, 0xb0, 0xff, 0x78, 0xa8, 0xb8, 0xff,
    0x70, 0xa8, 0xb8, 0xff, 0x78, 0xac, 0xb0, 0xff, 0x70, 0xa8, 0xb8, 0xff,
    0x70, 0xa8, 0xb8, 0xff, 0x78, 0xa8, 0xb0, 0xff, 0x70, 0xa8, 0xb0, 0xff,
    0x78, 0xac, 0xb8, 0xff, 0x70, 0xac, 0xb8, 0xff, 0x78, 0xa8, 0xb0, 0xff,
    0x70, 0xac, 0xb8, 0xff, 0x70, 0xa8, 0xb8, 0xb6, 0x00, 0x00, 0x00, 0x00,
    0x00, 0x00, 0x00, 0x00, 0x00, 0x00, 0x00, 0x00, 0x00, 0x00, 0x00, 0x00,
    0x00, 0x00, 0x00, 0x00, 0x00, 0x00, 0x00, 0x00, 0x00, 0x00, 0x00, 0x00,
    0x00, 0x00, 0x00, 0x00, 0x00, 0x00, 0x00, 0x00, 0x78, 0xac, 0xb0, 0x45,
    0x70, 0xa8, 0xb8, 0xef, 0x78, 0xa8, 0xb8, 0xff, 0x78, 0xac, 0xb0, 0xff,
    0x70, 0xa8, 0xb0, 0xff, 0x78, 0xac, 0xb8, 0xff, 0x70, 0xac, 0xb0, 0xff,
    0x70, 0xa8, 0xb8, 0xff, 0x78, 0xa8, 0xb8, 0xff, 0x70, 0xa8, 0xb0, 0x96,
    0x00, 0x00, 0x00, 0x00, 0x00, 0x00, 0x00, 0x00, 0x00, 0x00, 0x00, 0x00,
    0x00, 0x00, 0x00, 0x00, 0x00, 0x00, 0x00, 0x00, 0x00, 0x00, 0x00, 0x00,
    0x00, 0x00, 0x00, 0x00, 0x00, 0x00, 0x00, 0x00, 0x00, 0x00, 0x00, 0x00,
    0x00, 0x00, 0x00, 0x00, 0x00, 0x00, 0x00, 0x00, 0x00, 0x00, 0x00, 0x00,
    0x00, 0x00, 0x00, 0x00, 0x00, 0x00, 0x00, 0x00, 0x00, 0x00, 0x00, 0x00,
    0x70, 0xa8, 0xb0, 0x6d, 0x78, 0xa8, 0xb8, 0xff, 0x78, 0xa8, 0xb8, 0xff,
    0x70, 0xa8, 0xb0, 0xff, 0x70, 0xac, 0xb8, 0xff, 0x70, 0xa8, 0xb0, 0xff,
    0x78, 0xa8, 0xb8, 0xff, 0x70, 0xac, 0xb0, 0xf7, 0x70, 0xa8, 0xb0, 0x55,
    0x00, 0x00, 0x00, 0x00, 0x00, 0x00, 0x00, 0x00, 0x00, 0x00, 0x00, 0x00,
    0x00, 0x00, 0x00, 0x00, 0x00, 0x00, 0x00, 0x00, 0x00, 0x00, 0x00, 0x00,
    0x00, 0x00, 0x00, 0x00, 0x00, 0x00, 0x00, 0x00, 0x00, 0x00, 0x00, 0x00,
    0x00, 0x00, 0x00, 0x00, 0x00, 0x00, 0x00, 0x00, 0x78, 0xa8, 0xb0, 0x45,
    0x70, 0xa8, 0xb8, 0xef, 0x70, 0xa8, 0xb8, 0xff, 0x78, 0xa8, 0xb0, 0xff,
    0x70, 0xa8, 0xb8, 0xff, 0x70, 0xa8, 0xb0, 0xff, 0x78, 0xa8, 0xb8, 0xff,
    0x78, 0xac, 0xb0, 0xff, 0x70, 0xa8, 0xb8, 0xff, 0x78, 0xa8, 0xb8, 0xff,
    0x70, 0xa8, 0xb0, 0xff, 0x70, 0xa8, 0xb8, 0xff, 0x78, 0xa8, 0xb8, 0xff,
    0x78, 0xa8, 0xb0, 0xff, 0x70, 0xa8, 0xb8, 0x8e, 0x00, 0x00, 0x00, 0x00,
    0x00, 0x00, 0x00, 0x00, 0x00, 0x00, 0x00, 0x00, 0x00, 0x00, 0x00, 0x00,
    0x00, 0x00, 0x00, 0x00, 0x00, 0x00, 0x00, 0x00, 0x00, 0x00, 0x00, 0x00,
    0x00, 0x00, 0x00, 0x00, 0x00, 0x00, 0x00, 0x00, 0x00, 0x00, 0x00, 0x00,
    0x00, 0x00, 0x00, 0x00, 0x78, 0xa8, 0xb8, 0x20, 0x70, 0xa8, 0xb0, 0xc7,
    0x78, 0xa8, 0xb8, 0xff, 0x70, 0xa8, 0xb8, 0xff, 0x78, 0xa8, 0xb0, 0xff,
    0x70, 0xa8, 0xb0, 0xff, 0x78, 0xac, 0xb8, 0xff, 0x78, 0xa8, 0xb0, 0xff,
    0x70, 0xa8, 0xb8, 0xcf, 0x00, 0x00, 0x00, 0x00, 0x00, 0x00, 0x00, 0x00,
    0x00, 0x00, 0x00, 0x00, 0x00, 0x00, 0x00, 0x00, 0x00, 0x00, 0x00, 0x00,
    0x00, 0x00, 0x00, 0x00, 0x00, 0x00, 0x00, 0x00, 0x00, 0x00, 0x00, 0x00,
    0x00, 0x00, 0x00, 0x00, 0x00, 0x00, 0x00, 0x00, 0x00, 0x00, 0x00, 0x00,
    0x00, 0x00, 0x00, 0x00, 0x00, 0x00, 0x00, 0x00, 0x00, 0x00, 0x00, 0x00,
    0x00, 0x00, 0x00, 0x00, 0x70, 0xa8, 0xb0, 0x18, 0x70, 0xa8, 0xb0, 0xf7,
    0x78, 0xac, 0xb8, 0xff, 0x78, 0xa8, 0xb8, 0xff, 0x70, 0xa8, 0xb0, 0xff,
    0x78, 0xa8, 0xb8, 0xff, 0x78, 0xa8, 0xb8, 0xff, 0x70, 0xa8, 0xb8, 0x7d,
    0x00, 0x00, 0x00, 0x00, 0x00, 0x00, 0x00, 0x00, 0x00, 0x00, 0x00, 0x00,
    0x00, 0x00, 0x00, 0x00, 0x00, 0x00, 0x00, 0x00, 0x00, 0x00, 0x00, 0x00,
    0x00, 0x00, 0x00, 0x00, 0x00, 0x00, 0x00, 0x00, 0x00, 0x00, 0x00, 0x00,
    0x00, 0x00, 0x00, 0x00, 0x00, 0x00, 0x00, 0x00, 0x00, 0x00, 0x00, 0x00,
    0x00, 0x00, 0x00, 0x00, 0x78, 0xac, 0xb0, 0x18, 0x78, 0xa8, 0xb0, 0x96,
    0x70, 0xa8, 0xb8, 0xff, 0x78, 0xac, 0xb8, 0xff, 0x70, 0xa8, 0xb8, 0xff,
    0x78, 0xa8, 0xb0, 0xff, 0x70, 0xa8, 0xb8, 0xff, 0x78, 0xac, 0xb8, 0xff,
    0x78, 0xac, 0xb0, 0xff, 0x70, 0xa8, 0xb8, 0xff, 0x78, 0xa8, 0xb8, 0xff,
    0x70, 0xa8, 0xb0, 0xcf, 0x70, 0xa8, 0xb0, 0x41, 0x00, 0x00, 0x00, 0x00,
    0x00, 0x00, 0x00, 0x00, 0x00, 0x00, 0x00, 0x00, 0x00, 0x00, 0x00, 0x00,
    0x00, 0x00, 0x00, 0x00, 0x00, 0x00, 0x00, 0x00, 0x00, 0x00, 0x00, 0x00,
    0x00, 0x00, 0x00, 0x00, 0x00, 0x00, 0x00, 0x00, 0x00, 0x00, 0x00, 0x00,
    0x00, 0x00, 0x00, 0x00, 0x00, 0x00, 0x00, 0x00, 0x00, 0x00, 0x00, 0x00,
    0x78, 0xa8, 0xb8, 0x20, 0x70, 0xa8, 0xb8, 0xff, 0x78, 0xac, 0xb8, 0xff,
    0x70, 0xa8, 0xb8, 0xff, 0x78, 0xa8, 0xb8, 0xff, 0x70, 0xa8, 0xb0, 0xff,
    0x70, 0xac, 0xb8, 0xff, 0x78, 0xa8, 0xb0, 0x6d, 0x00, 0x00, 0x00, 0x00,
    0x00, 0x00, 0x00, 0x00, 0x00, 0x00, 0x00, 0x00, 0x00, 0x00, 0x00, 0x00,
    0x00, 0x00, 0x00, 0x00, 0x00, 0x00, 0x00, 0x00, 0x00, 0x00, 0x00, 0x00,
    0x00, 0x00, 0x00, 0x00, 0x00, 0x00, 0x00, 0x00, 0x00, 0x00, 0x00, 0x00,
    0x00, 0x00, 0x00, 0x00, 0x00, 0x00, 0x00, 0x00, 0x00, 0x00, 0x00, 0x00,
    0x00, 0x00, 0x00, 0x00, 0x00, 0x00, 0x00, 0x00, 0x00, 0x00, 0x00, 0x00,
    0x78, 0xa8, 0xb0, 0x6d, 0x70, 0xa8, 0xb8, 0xff, 0x70, 0xa8, 0xb8, 0xff,
    0x78, 0xac, 0xb0, 0xff, 0x78, 0xa8, 0xb8, 0xff, 0x70, 0xa8, 0xb0, 0xff,
    0x70, 0xa8, 0xb8, 0xe7, 0x78, 0xac, 0xb0, 0x18, 0x00, 0x00, 0x00, 0x00,
    0x00, 0x00, 0x00, 0x00, 0x00, 0x00, 0x00, 0x00, 0x00, 0x00, 0x00, 0x00,
    0x70, 0xb0, 0xb0, 0x10, 0x70, 0xa8, 0xb8, 0x65, 0x70, 0xa8, 0xb0, 0xcf,
    0x78, 0xa8, 0xb8, 0x65, 0x00, 0x00, 0x00, 0x00, 0x00, 0x00, 0x00, 0x00,
    0x00, 0x00, 0x00, 0x00, 0x00, 0x00, 0x00, 0x00, 0x00, 0x00, 0x00, 0x00,
    0x00, 0x00, 0x00, 0x00, 0x78, 0xa8, 0xb8, 0x20, 0x70, 0xa8, 0xb0, 0x65,
    0x78, 0xac, 0xb0, 0xae, 0x70, 0xa8, 0xb8, 0xbe, 0x70, 0xa8, 0xb0, 0xf7,
    0x70, 0xa8, 0xb8, 0xcf, 0x78, 0xa8, 0xb0, 0xbe, 0x78, 0xa8, 0xb8, 0x86,
    0x70, 0xa8, 0xb8, 0x38, 0x00, 0x00, 0x00, 0x00, 0x00, 0x00, 0x00, 0x00,
    0x00, 0x00, 0x00, 0x00, 0x00, 0x00, 0x00, 0x00, 0x00, 0x00, 0x00, 0x00,
    0x00, 0x00, 0x00, 0x00, 0x70, 0xa4, 0xb0, 0x28, 0x78, 0xa8, 0xb8, 0xbe,
    0x70, 0xa8, 0xb0, 0x96, 0x70, 0xa4, 0xb0, 0x28, 0x00, 0x00, 0x00, 0x00,
    0x00, 0x00, 0x00, 0x00, 0x00, 0x00, 0x00, 0x00, 0x00, 0x00, 0x00, 0x00,
    0x00, 0x00, 0x00, 0x00, 0x70, 0xa8, 0xb0, 0xa6, 0x78, 0xa8, 0xb0, 0xff,
    0x70, 0xac, 0xb8, 0xff, 0x78, 0xa8, 0xb0, 0xff, 0x70, 0xa8, 0xb8, 0xff,
    0x78, 0xa8, 0xb8, 0xff, 0x70, 0xa8, 0xb8, 0xcf, 0x00, 0x00, 0x00, 0x00,
    0x00, 0x00, 0x00, 0x00, 0x00, 0x00, 0x00, 0x00, 0x00, 0x00, 0x00, 0x00,
    0x00, 0x00, 0x00, 0x00, 0x00, 0x00, 0x00, 0x00, 0x00, 0x00, 0x00, 0x00,
    0x00, 0x00, 0x00, 0x00, 0x00, 0x00, 0x00, 0x00, 0x00, 0x00, 0x00, 0x00,
    0x00, 0x00, 0x00, 0x00, 0x00, 0x00, 0x00, 0x00, 0x00, 0x00, 0x00, 0x00,
    0x00, 0x00, 0x00, 0x00, 0x00, 0x00, 0x00, 0x00, 0x00, 0x00, 0x00, 0x00,
    0x00, 0x00, 0x00, 0x00, 0x80, 0xa0, 0xc0, 0x08, 0x70, 0xa8, 0xb0, 0xdf,
    0x78, 0xa8, 0xb8, 0xff, 0x70, 0xac, 0xb8, 0xff, 0x70, 0xa8, 0xb0, 0xff,
    0x78, 0xa8, 0xb8, 0xff, 0x78, 0xac, 0xb8, 0xff, 0x70, 0xa8, 0xb8, 0x8e,
    0x00, 0x00, 0x00, 0x00, 0x00, 0x00, 0x00, 0x00, 0x70, 0xa8, 0xb8, 0x38,
    0x78, 0xa8, 0xb0, 0x9e, 0x70, 0xa8, 0xb0, 0xf7, 0x78, 0xa8, 0xb8, 0xff,
    0x78, 0xa8, 0xb8, 0xff, 0x70, 0xa8, 0xb0, 0xff, 0x78, 0xa8, 0xb8, 0x9e,
    0x80, 0xa0, 0xc0, 0x08, 0x00, 0x00, 0x00, 0x00, 0x00, 0x00, 0x00, 0x00,
    0x00, 0x00, 0x00, 0x00, 0x00, 0x00, 0x00, 0x00, 0x00, 0x00, 0x00, 0x00,
    0x00, 0x00, 0x00, 0x00, 0x00, 0x00, 0x00, 0x00, 0x00, 0x00, 0x00, 0x00,
    0x00, 0x00, 0x00, 0x00, 0x00, 0x00, 0x00, 0x00, 0x00, 0x00, 0x00, 0x00,
    0x00, 0x00, 0x00, 0x00, 0x00, 0x00, 0x00, 0x00, 0x00, 0x00, 0x00, 0x00,
    0x00, 0x00, 0x00, 0x00, 0x00, 0x00, 0x00, 0x00, 0x00, 0x00, 0x00, 0x00,
    0x00, 0x00, 0x00, 0x00, 0x78, 0xa8, 0xb0, 0x55, 0x78, 0xa8, 0xb8, 0xef,
    0x70, 0xac, 0xb8, 0xff, 0x78, 0xa8, 0xb8, 0xff, 0x78, 0xa8, 0xb8, 0xff,
    0x70, 0xac, 0xb0, 0xc7, 0x78, 0xa8, 0xb8, 0x5d, 0x80, 0xa0, 0xc0, 0x08,
    0x00, 0x00, 0x00, 0x00, 0x70, 0xac, 0xb0, 0x30, 0x78, 0xa8, 0xb8, 0xff,
    0x78, 0xa8, 0xb8, 0xff, 0x70, 0xa8, 0xb0, 0xff, 0x70, 0xac, 0xb8, 0xff,
    0x78, 0xa8, 0xb0, 0xff, 0x78, 0xa8, 0xb8, 0xff, 0x70, 0xa8, 0xb0, 0x45,
    0x00, 0x00, 0x00, 0x00, 0x00, 0x00, 0x00, 0x00, 0x00, 0x00, 0x00, 0x00,
    0x00, 0x00, 0x00, 0x00, 0x00, 0x00, 0x00, 0x00, 0x00, 0x00, 0x00, 0x00,
    0x00, 0x00, 0x00, 0x00, 0x00, 0x00, 0x00, 0x00, 0x00, 0x00, 0x00, 0x00,
    0x00, 0x00, 0x00, 0x00, 0x00, 0x00, 0x00, 0x00, 0x00, 0x00, 0x00, 0x00,
    0x00, 0x00, 0x00, 0x00, 0x00, 0x00, 0x00, 0x00, 0x00, 0x00, 0x00, 0x00,
    0x00, 0x00, 0x00, 0x00, 0x00, 0x00, 0x00, 0x00, 0x00, 0x00, 0x00, 0x00,
    0x70, 0xa8, 0xb8, 0x4d, 0x78, 0xa8, 0xb0, 0xff, 0x78, 0xa8, 0xb8, 0xff,
    0x70, 0xa8, 0xb8, 0xff, 0x78, 0xac, 0xb0, 0xff, 0x70, 0xa8, 0xb8, 0xff,
    0x70, 0xa8, 0xb0, 0xf7, 0x78, 0xa8, 0xb8, 0x7d, 0x78, 0xa8, 0xb8, 0xd7,
    0x70, 0xa8, 0xb8, 0xff, 0x78, 0xac, 0xb8, 0xff, 0x70, 0xa8, 0xb8, 0xff,
    0x78, 0xa8, 0xb0, 0xff, 0x70, 0xac, 0xb8, 0xff, 0x70, 0xac, 0xb8, 0xff,
    0x78, 0xa8, 0xb0, 0xff, 0x70, 0xa8, 0xb0, 0xdf, 0x70, 0xa8, 0xb8, 0x4d,
    0x00, 0x00, 0x00, 0x00, 0x00, 0x00, 0x00, 0x00, 0x00, 0x00, 0x00, 0x00,
    0x00, 0x00, 0x00, 0x00, 0x00, 0x00, 0x00, 0x00, 0x00, 0x00, 0x00, 0x00,
    0x00, 0x00, 0x00, 0x00, 0x00, 0x00, 0x00, 0x00, 0x00, 0x00, 0x00, 0x00,
    0x00, 0x00, 0x00, 0x00, 0x00, 0x00, 0x00, 0x00, 0x00, 0x00, 0x00, 0x00,
    0x00, 0x00, 0x00, 0x00, 0x00, 0x00, 0x00, 0x00, 0x00, 0x00, 0x00, 0x00,
    0x70, 0xb0, 0xb0, 0x10, 0x78, 0xa8, 0xb8, 0x9e, 0x70, 0xa8, 0xb0, 0xff,
    0x70, 0xac, 0xb8, 0xff, 0x78, 0xa8, 0xb0, 0xff, 0x70, 0xa8, 0xb8, 0xff,
    0x78, 0xa8, 0xb8, 0xff, 0x70, 0xa8, 0xb0, 0xff, 0x70, 0xa8, 0xb8, 0xff,
    0x78, 0xa8, 0xb8, 0xef, 0x70, 0xa8, 0xb0, 0x96, 0x78, 0xa8, 0xb8, 0xc7,
    0x70, 0xa8, 0xb8, 0xff, 0x78, 0xa8, 0xb8, 0xff, 0x78, 0xa8, 0xb8, 0xff,
    0x70, 0xa8, 0xb0, 0xff, 0x78, 0xac, 0xb8, 0xff, 0x70, 0xa8, 0xb0, 0xae,
    0x00, 0x00, 0x00, 0x00, 0x00, 0x00, 0x00, 0x00, 0x00, 0x00, 0x00, 0x00,
    0x00, 0x00, 0x00, 0x00, 0x00, 0x00, 0x00, 0x00, 0x00, 0x00, 0x00, 0x00,
    0x00, 0x00, 0x00, 0x00, 0x00, 0x00, 0x00, 0x00, 0x00, 0x00, 0x00, 0x00,
    0x00, 0x00, 0x00, 0x00, 0x00, 0x00, 0x00, 0x00, 0x00, 0x00, 0x00, 0x00,
    0x00, 0x00, 0x00, 0x00, 0x00, 0x00, 0x00, 0x00, 0x00, 0x00, 0x00, 0x00,
    0x00, 0x00, 0x00, 0x00, 0x00, 0x00, 0x00, 0x00, 0x00, 0x00, 0x00, 0x00,
    0x00, 0x00, 0x00, 0x00, 0x00, 0x00, 0x00, 0x00, 0x70, 0xa8, 0xb8, 0xb6,
    0x78, 0xa8, 0xb0, 0xff, 0x70, 0xac, 0xb8, 0xff, 0x78, 0xa8, 0xb8, 0xff,
    0x78, 0xa8, 0xb0, 0xff, 0x70, 0xa8, 0xb0, 0xff, 0x78, 0xac, 0xb8, 0xff,
    0x70, 0xa8, 0xb0, 0xff, 0x78, 0xa8, 0xb0, 0xff, 0x70, 0xac, 0xb8, 0xff,
    0x78, 0xa8, 0xb8, 0xff, 0x70, 0xa8, 0xb0, 0xff, 0x78, 0xa8, 0xb8, 0xff,
    0x78, 0xa8, 0xb8, 0xff, 0x70, 0xa8, 0xb0, 0xff, 0x78, 0xac, 0xb8, 0xff,
    0x70, 0xa8, 0xb8, 0xff, 0x78, 0xa8, 0xb8, 0xbe, 0x70, 0xac, 0xb0, 0x30,
    0x00, 0x00, 0x00, 0x00, 0x00, 0x00, 0x00, 0x00, 0x00, 0x00, 0x00, 0x00,
    0x00, 0x00, 0x00, 0x00, 0x00, 0x00, 0x00, 0x00, 0x00, 0x00, 0x00, 0x00,
    0x00, 0x00, 0x00, 0x00, 0x00, 0x00, 0x00, 0x00, 0x00, 0x00, 0x00, 0x00,
    0x00, 0x00, 0x00, 0x00, 0x00, 0x00, 0x00, 0x00, 0x80, 0xa0, 0xc0, 0x04,
    0x70, 0xa8, 0xb0, 0x6d, 0x70, 0xa8, 0xb8, 0xe7, 0x78, 0xa8, 0xb8, 0xff,
    0x70, 0xa8, 0xb0, 0xff, 0x78, 0xa8, 0xb8, 0xff, 0x70, 0xa8, 0xb0, 0xff,
    0x78, 0xac, 0xb0, 0xff, 0x70, 0xa8, 0xb8, 0xff, 0x78, 0xa8, 0xb8, 0xff,
    0x78, 0xa8, 0xb0, 0xff, 0x70, 0xa8, 0xb8, 0xff, 0x78, 0xa8, 0xb0, 0xff,
    0x70, 0xa8, 0xb8, 0xff, 0x70, 0xac, 0xb0, 0xff, 0x78, 0xac, 0xb0, 0xff,
    0x70, 0xa8, 0xb8, 0xff, 0x70, 0xa8, 0xb8, 0xff, 0x70, 0xa8, 0xb0, 0xf7,
    0x78, 0xa8, 0xb8, 0x20, 0x00, 0x00, 0x00, 0x00, 0x00, 0x00, 0x00, 0x00,
    0x00, 0x00, 0x00, 0x00, 0x00, 0x00, 0x00, 0x00, 0x00, 0x00, 0x00, 0x00,
    0x00, 0x00, 0x00, 0x00, 0x00, 0x00, 0x00, 0x00, 0x00, 0x00, 0x00, 0x00,
    0x00, 0x00, 0x00, 0x00, 0x00, 0x00, 0x00, 0x00, 0x00, 0x00, 0x00, 0x00,
    0x00, 0x00, 0x00, 0x00, 0x00, 0x00, 0x00, 0x00, 0x00, 0x00, 0x00, 0x00,
    0x00, 0x00, 0x00, 0x00, 0x00, 0x00, 0x00, 0x00, 0x00, 0x00, 0x00, 0x00,
    0x00, 0x00, 0x00, 0x00, 0x00, 0x00, 0x00, 0x00, 0x00, 0x00, 0x00, 0x00,
    0x70, 0xac, 0xb0, 0x30, 0x70, 0xa8, 0xb0, 0xf7, 0x78, 0xa8, 0xb8, 0xff,
    0x70, 0xa8, 0xb8, 0xff, 0x70, 0xa8, 0xb0, 0xff, 0x78, 0xac, 0xb8, 0xff,
    0x70, 0xa8, 0xb8, 0xff, 0x70, 0xa8, 0xb0, 0xff, 0x78, 0xa8, 0xb8, 0xff,
    0x78, 0xa8, 0xb0, 0xff, 0x70, 0xac, 0xb8, 0xff, 0x70, 0xa8, 0xb0, 0xff,
    0x78, 0xa8, 0xb8, 0xff, 0x70, 0xa8, 0xb8, 0xff, 0x78, 0xac, 0xb0, 0xff,
    0x70, 0xa8, 0xb8, 0xff, 0x78, 0xa8, 0xb8, 0xff, 0x78, 0xa8, 0xb0, 0xff,
    0x70, 0xa8, 0xb8, 0xff, 0x70, 0xa8, 0xb8, 0xb6, 0x78, 0xa8, 0xb0, 0x55,
    0x00, 0x00, 0x00, 0x00, 0x00, 0x00, 0x00, 0x00, 0x00, 0x00, 0x00, 0x00,
    0x00, 0x00, 0x00, 0x00, 0x00, 0x00, 0x00, 0x00, 0x00, 0x00, 0x00, 0x00,
    0x00, 0x00, 0x00, 0x00, 0x78, 0xa8, 0xb8, 0x20, 0x78, 0xa8, 0xb8, 0x86,
    0x70, 0xa8, 0xb0, 0xe7, 0x78, 0xa8, 0xb8, 0xff, 0x78, 0xac, 0xb0, 0xff,
    0x70, 0xa8, 0xb8, 0xff, 0x78, 0xac, 0xb8, 0xff, 0x78, 0xa8, 0xb8, 0xff,
    0x70, 0xa8, 0xb8, 0xff, 0x78, 0xac, 0xb0, 0xff, 0x70, 0xa8, 0xb8, 0xff,
    0x78, 0xac, 0xb8, 0xff, 0x70, 0xac, 0xb0, 0xff, 0x70, 0xa8, 0xb8, 0xff,
    0x78, 0xa8, 0xb8, 0xff, 0x78, 0xa8, 0xb0, 0xff, 0x70, 0xa8, 0xb8, 0xff,
    0x78, 0xa8, 0xb8, 0xff, 0x78, 0xac, 0xb0, 0xff, 0x70, 0xa8, 0xb8, 0xff,
    0x78, 0xa8, 0xb8, 0x86, 0x00, 0x00, 0x00, 0x00, 0x00, 0x00, 0x00, 0x00,
    0x00, 0x00, 0x00, 0x00, 0x00, 0x00, 0x00, 0x00, 0x00, 0x00, 0x00, 0x00,
    0x00, 0x00, 0x00, 0x00, 0x00, 0x00, 0x00, 0x00, 0x00, 0x00, 0x00, 0x00,
    0x00, 0x00, 0x00, 0x00, 0x00, 0x00, 0x00, 0x00, 0x00, 0x00, 0x00, 0x00,
    0x00, 0x00, 0x00, 0x00, 0x00, 0x00, 0x00, 0x00, 0x00, 0x00, 0x00, 0x00,
    0x00, 0x00, 0x00, 0x00, 0x00, 0x00, 0x00, 0x00, 0x00, 0x00, 0x00, 0x00,
    0x00, 0x00, 0x00, 0x00, 0x00, 0x00, 0x00, 0x00, 0x00, 0x00, 0x00, 0x00,
    0x00, 0x00, 0x00, 0x00, 0x00, 0x00, 0x00, 0x00, 0x70, 0xa8, 0xb8, 0x8e,
    0x78, 0xa8, 0xb8, 0xff, 0x78, 0xac, 0xb0, 0xff, 0x70, 0xa8, 0xb8, 0xff,
    0x78, 0xa8, 0xb8, 0xff, 0x78, 0xa8, 0xb8, 0xff, 0x70, 0xac, 0xb8, 0xff,
    0x70, 0xa8, 0xb8, 0xff, 0x78, 0xa8, 0xb8, 0xff, 0x70, 0xa8, 0xb0, 0xff,
    0x78, 0xac, 0xb8, 0xff, 0x70, 0xa8, 0xb0, 0xff, 0x78, 0xa8, 0xb8, 0xff,
    0x70, 0xac, 0xb8, 0xff, 0x70, 0xa8, 0xb0, 0xff, 0x78, 0xa8, 0xb8, 0xff,
    0x70, 0xac, 0xb0, 0xff, 0x78, 0xa8, 0xb8, 0xff, 0x78, 0xa8, 0xb8, 0xff,
    0x70, 0xa8, 0xb8, 0xff, 0x70, 0xa8, 0xb8, 0xbe, 0x00, 0x00, 0x00, 0x00,
    0x00, 0x00, 0x00, 0x00, 0x00, 0x00, 0x00, 0x00, 0x00, 0x00, 0x00, 0x00,
    0x00, 0x00, 0x00, 0x00, 0x70, 0xa8, 0xb8, 0x4d, 0x70, 0xa8, 0xb0, 0xff,
    0x78, 0xac, 0xb8, 0xff, 0x70, 0xa8, 0xb8, 0xff, 0x78, 0xa8, 0xb0, 0xff,
    0x70, 0xa8, 0xb8, 0xff, 0x70, 0xa8, 0xb0, 0xff, 0x78, 0xac, 0xb0, 0xff,
    0x70, 0xa8, 0xb8, 0xff, 0x70, 0xa8, 0xb8, 0xff, 0x78, 0xa8, 0xb0, 0xff,
    0x78, 0xa8, 0xb8, 0xff, 0x70, 0xa8, 0xb8, 0xff, 0x78, 0xa8, 0xb0, 0xff,
    0x70, 0xac, 0xb8, 0xff, 0x78, 0xa8, 0xb8, 0xff, 0x70, 0xac, 0xb0, 0xff,
    0x70, 0xa8, 0xb8, 0xff, 0x78, 0xa8, 0xb8, 0xff, 0x78, 0xa8, 0xb0, 0xff,
    0x70, 0xa8, 0xb8, 0xe7, 0x80, 0xa0, 0xc0, 0x04, 0x00, 0x00, 0x00, 0x00,
    0x00, 0x00, 0x00, 0x00, 0x00, 0x00, 0x00, 0x00, 0x00, 0x00, 0x00, 0x00,
    0x00, 0x00, 0x00, 0x00, 0x00, 0x00, 0x00, 0x00, 0x00, 0x00, 0x00, 0x00,
    0x00, 0x00, 0x00, 0x00, 0x00, 0x00, 0x00, 0x00, 0x00, 0x00, 0x00, 0x00,
    0x00, 0x00, 0x00, 0x00, 0x00, 0x00, 0x00, 0x00, 0x00, 0x00, 0x00, 0x00,
    0x00, 0x00, 0x00, 0x00, 0x00, 0x00, 0x00, 0x00, 0x00, 0x00, 0x00, 0x00,
    0x00, 0x00, 0x00, 0x00, 0x00, 0x00, 0x00, 0x00, 0x00, 0x00, 0x00, 0x00,
    0x00, 0x00, 0x00, 0x00, 0x00, 0x00, 0x00, 0x00, 0x00, 0x00, 0x00, 0x00,
    0x70, 0xb0, 0xb0, 0x10, 0x70, 0xa8, 0xb8, 0xe7, 0x78, 0xa8, 0xb0, 0xff,
    0x70, 0xac, 0xb8, 0xff, 0x70, 0xa8, 0xb0, 0xff, 0x78, 0xa8, 0xb0, 0xff,
    0x78, 0xac, 0xb8, 0xff, 0x70, 0xa8, 0xb0, 0xff, 0x78, 0xa8, 0xb8, 0xff,
    0x70, 0xa8, 0xb0, 0xf7, 0x78, 0xac, 0xb8, 0x9e, 0x78, 0xa8, 0xb0, 0xc7,
    0x70, 0xa8, 0xb8, 0xff, 0x78, 0xa8, 0xb8, 0xff, 0x78, 0xa8, 0xb0, 0xff,
    0x70, 0xa8, 0xb8, 0xff, 0x70, 0xac, 0xb8, 0xff, 0x78, 0xa8, 0xb0, 0xff,
    0x78, 0xa8, 0xb0, 0xff, 0x70, 0xac, 0xb8, 0xff, 0x78, 0xa8, 0xb8, 0xef,
    0x00, 0x00, 0x00, 0x00, 0x00, 0x00, 0x00, 0x00, 0x00, 0x00, 0x00, 0x00,
    0x00, 0x00, 0x00, 0x00, 0x00, 0x00, 0x00, 0x00, 0x78, 0xa8, 0xb8, 0x86,
    0x70, 0xa8, 0xb0, 0xff, 0x70, 0xa8, 0xb8, 0xff, 0x78, 0xac, 0xb8, 0xff,
    0x70, 0xa8, 0xb0, 0xff, 0x78, 0xa8, 0xb8, 0xff, 0x78, 0xa8, 0xb8, 0xff,
    0x70, 0xa8, 0xb0, 0xff, 0x78, 0xac, 0xb8, 0xff, 0x70, 0xa8, 0xb0, 0xef,
    0x70, 0xa8, 0xb8, 0x8e, 0x78, 0xac, 0xb0, 0xdf, 0x70, 0xa8, 0xb8, 0xff,
    0x78, 0xa8, 0xb0, 0xff, 0x78, 0xa8, 0xb8, 0xff, 0x70, 0xa8, 0xb8, 0xff,
    0x78, 0xa8, 0xb0, 0xff, 0x70, 0xac, 0xb8, 0xff, 0x70, 0xa8, 0xb8, 0xff,
    0x78, 0xa8, 0xb0, 0xff, 0x70, 0xa8, 0xb0, 0x55, 0x00, 0x00, 0x00, 0x00,
    0x00, 0x00, 0x00, 0x00, 0x00, 0x00, 0x00, 0x00, 0x00, 0x00, 0x00, 0x00,
    0x00, 0x00, 0x00, 0x00, 0x00, 0x00, 0x00, 0x00, 0x00, 0x00, 0x00, 0x00,
    0x00, 0x00, 0x00, 0x00, 0x00, 0x00, 0x00, 0x00, 0x00, 0x00, 0x00, 0x00,
    0x00, 0x00, 0x00, 0x00, 0x00, 0x00, 0x00, 0x00, 0x00, 0x00, 0x00, 0x00,
    0x00, 0x00, 0x00, 0x00, 0x00, 0x00, 0x00, 0x00, 0x00, 0x00, 0x00, 0x00,
    0x00, 0x00, 0x00, 0x00, 0x00, 0x00, 0x00, 0x00, 0x00, 0x00, 0x00, 0x00,
    0x00, 0x00, 0x00, 0x00, 0x00, 0x00, 0x00, 0x00, 0x00, 0x00, 0x00, 0x00,
    0x00, 0x00, 0x00, 0x00, 0x00, 0x00, 0x00, 0x00, 0x70, 0xa8, 0xb0, 0x65,
    0x78, 0xa8, 0xb8, 0xff, 0x78, 0xa8, 0xb8, 0xff, 0x70, 0xa8, 0xb0, 0xff,
    0x70, 0xa8, 0xb8, 0xff, 0x78, 0xa8, 0xb0, 0xff, 0x78, 0xac, 0xb0, 0xc7,
    0x70, 0xa8, 0xb8, 0x5d, 0x80, 0xa0, 0xc0, 0x08, 0x00, 0x00, 0x00, 0x00,
    0x00, 0x00, 0x00, 0x00, 0x70, 0xa8, 0xb0, 0x55, 0x70, 0xa8, 0xb8, 0xe7,
    0x78, 0xac, 0xb0, 0xff, 0x78, 0xa8, 0xb8, 0xff, 0x70, 0xa8, 0xb8, 0xff,
    0x70, 0xa8, 0xb0, 0xff, 0x70, 0xac, 0xb8, 0xff, 0x78, 0xa8, 0xb0, 0xff,
    0x78, 0xa8, 0xb0, 0xff, 0x70, 0xb0, 0xb0, 0x10, 0x00, 0x00, 0x00, 0x00,
    0x00, 0x00, 0x00, 0x00, 0x00, 0x00, 0x00, 0x00, 0x00, 0x00, 0x00, 0x00,
    0x78, 0xac, 0xb0, 0xae, 0x78, 0xa8, 0xb8, 0xff, 0x70, 0xa8, 0xb0, 0xff,
    0x78, 0xa8, 0xb8, 0xff, 0x70, 0xac, 0xb8, 0xff, 0x78, 0xa8, 0xb0, 0xff,
    0x70, 0xac, 0xb8, 0xff, 0x78, 0xa8, 0xb8, 0xff, 0x70, 0xa8, 0xb0, 0x8e,
    0x70, 0xb0, 0xb0, 0x10, 0x00, 0x00, 0x00, 0x00, 0x00, 0x00, 0x00, 0x00,
    0x70, 0xa8, 0xb0, 0x3c, 0x78, 0xa8, 0xb8, 0x9e, 0x70, 0xa8, 0xb0, 0xf7,
    0x70, 0xac, 0xb8, 0xff, 0x78, 0xa8, 0xb0, 0xff, 0x78, 0xa8, 0xb8, 0xff,
    0x70, 0xac, 0xb8, 0xff, 0x78, 0xa8, 0xb0, 0xc7, 0x00, 0x00, 0x00, 0x00,
    0x00, 0x00, 0x00, 0x00, 0x00, 0x00, 0x00, 0x00, 0x00, 0x00, 0x00, 0x00,
    0x00, 0x00, 0x00, 0x00, 0x00, 0x00, 0x00, 0x00, 0x00, 0x00, 0x00, 0x00,
    0x00, 0x00, 0x00, 0x00, 0x00, 0x00, 0x00, 0x00, 0x00, 0x00, 0x00, 0x00,
    0x00, 0x00, 0x00, 0x00, 0x00, 0x00, 0x00, 0x00, 0x00, 0x00, 0x00, 0x00,
    0x00, 0x00, 0x00, 0x00, 0x00, 0x00, 0x00, 0x00, 0x00, 0x00, 0x00, 0x00,
    0x00, 0x00, 0x00, 0x00, 0x00, 0x00, 0x00, 0x00, 0x00, 0x00, 0x00, 0x00,
    0x00, 0x00, 0x00, 0x00, 0x00, 0x00, 0x00, 0x00, 0x00, 0x00, 0x00, 0x00,
    0x00, 0x00, 0x00, 0x00, 0x00, 0x00, 0x00, 0x00, 0x00, 0x00, 0x00, 0x00,
    0x00, 0x00, 0x00, 0x00, 0x70, 0xa8, 0xb8, 0xb6, 0x78, 0xac, 0xb8, 0xff,
    0x78, 0xa8, 0xb8, 0xef, 0x70, 0xa8, 0xb0, 0x96, 0x70, 0xa4, 0xb0, 0x28,
    0x00, 0x00, 0x00, 0x00, 0x00, 0x00, 0x00, 0x00, 0x00, 0x00, 0x00, 0x00,
    0x00, 0x00, 0x00, 0x00, 0x00, 0x00, 0x00, 0x00, 0x00, 0x00, 0x00, 0x00,
    0x80, 0xa0, 0xc0, 0x08, 0x78, 0xa8, 0xb0, 0x86, 0x70, 0xa8, 0xb0, 0xf7,
    0x78, 0xa8, 0xb8, 0xff, 0x78, 0xac, 0xb8, 0xff, 0x70, 0xa8, 0xb8, 0xff,
    0x70, 0xa8, 0xb8, 0xff, 0x70, 0xa8, 0xb8, 0xff, 0x70, 0xac, 0xb0, 0x30,
    0x00, 0x00, 0x00, 0x00, 0x00, 0x00, 0x00, 0x00, 0x00, 0x00, 0x00, 0x00,
    0x00, 0x00, 0x00, 0x00, 0x70, 0xa8, 0xb8, 0xd7, 0x78, 0xac, 0xb8, 0xff,
    0x78, 0xa8, 0xb0, 0xff, 0x70, 0xa8, 0xb8, 0xff, 0x78, 0xa8, 0xb8, 0xff,
    0x70, 0xa8, 0xb0, 0xff, 0x70, 0xa8, 0xb8, 0xbe, 0x70, 0xa4, 0xb0, 0x28,
    0x00, 0x00, 0x00, 0x00, 0x00, 0x00, 0x00, 0x00, 0x00, 0x00, 0x00, 0x00,
    0x00, 0x00, 0x00, 0x00, 0x00, 0x00, 0x00, 0x00, 0x00, 0x00, 0x00, 0x00,
    0x70, 0xb0, 0xb0, 0x10, 0x70, 0xa8, 0xb8, 0x65, 0x78, 0xa8, 0xb0, 0xd7,
    0x70, 0xa8, 0xb8, 0xff, 0x78, 0xa8, 0xb8, 0xeb, 0x70, 0xac, 0xb0, 0x30,
    0x00, 0x00, 0x00, 0x00, 0x00, 0x00, 0x00, 0x00, 0x00, 0x00, 0x00, 0x00,
    0x00, 0x00, 0x00, 0x00, 0x00, 0x00, 0x00, 0x00, 0x00, 0x00, 0x00, 0x00,
    0x00, 0x00, 0x00, 0x00, 0x00, 0x00, 0x00, 0x00, 0x00, 0x00, 0x00, 0x00,
    0x00, 0x00, 0x00, 0x00, 0x00, 0x00, 0x00, 0x00, 0x00, 0x00, 0x00, 0x00,
    0x00, 0x00, 0x00, 0x00, 0x00, 0x00, 0x00, 0x00, 0x00, 0x00, 0x00, 0x00,
    0x00, 0x00, 0x00, 0x00, 0x00, 0x00, 0x00, 0x00, 0x00, 0x00, 0x00, 0x00,
    0x00, 0x00, 0x00, 0x00, 0x00, 0x00, 0x00, 0x00, 0x00, 0x00, 0x00, 0x00,
    0x00, 0x00, 0x00, 0x00, 0x00, 0x00, 0x00, 0x00, 0x00, 0x00, 0x00, 0x00,
    0x00, 0x00, 0x00, 0x00, 0x00, 0x00, 0x00, 0x00, 0x00, 0x00, 0x00, 0x00,
    0x70, 0xa8, 0xb8, 0x38, 0x80, 0xa0, 0xc0, 0x04, 0x00, 0x00, 0x00, 0x00,
    0x00, 0x00, 0x00, 0x00, 0x00, 0x00, 0x00, 0x00, 0x00, 0x00, 0x00, 0x00,
    0x00, 0x00, 0x00, 0x00, 0x00, 0x00, 0x00, 0x00, 0x00, 0x00, 0x00, 0x00,
    0x00, 0x00, 0x00, 0x00, 0x00, 0x00, 0x00, 0x00, 0x00, 0x00, 0x00, 0x00,
    0x70, 0xa8, 0xb0, 0x55, 0x70, 0xa8, 0xb8, 0xff, 0x78, 0xa8, 0xb0, 0xff,
    0x78, 0xa8, 0xb0, 0xff, 0x78, 0xa8, 0xb8, 0xff, 0x78, 0xac, 0xb8, 0xff,
    0x70, 0xa8, 0xb0, 0x55, 0x00, 0x00, 0x00, 0x00, 0x00, 0x00, 0x00, 0x00,
    0x00, 0x00, 0x00, 0x00, 0x00, 0x00, 0x00, 0x00, 0x70, 0xa8, 0xb0, 0xf7,
    0x70, 0xa8, 0xb8, 0xff, 0x78, 0xac, 0xb8, 0xff, 0x70, 0xa8, 0xb0, 0xff,
    0x78, 0xa8, 0xb8, 0xff, 0x70, 0xa8, 0xb8, 0xb6, 0x00, 0x00, 0x00, 0x00,
    0x00, 0x00, 0x00, 0x00, 0x00, 0x00, 0x00, 0x00, 0x00, 0x00, 0x00, 0x00,
    0x00, 0x00, 0x00, 0x00, 0x00, 0x00, 0x00, 0x00, 0x00, 0x00, 0x00, 0x00,
    0x00, 0x00, 0x00, 0x00, 0x00, 0x00, 0x00, 0x00, 0x00, 0x00, 0x00, 0x00,
    0x00, 0x00, 0x00, 0x00, 0x70, 0xac, 0xb0, 0x30, 0x70, 0xb0, 0xb0, 0x10,
    0x00, 0x00, 0x00, 0x00, 0x00, 0x00, 0x00, 0x00, 0x00, 0x00, 0x00, 0x00,
    0x00, 0x00, 0x00, 0x00, 0x00, 0x00, 0x00, 0x00, 0x00, 0x00, 0x00, 0x00,
    0x00, 0x00, 0x00, 0x00, 0x00, 0x00, 0x00, 0x00, 0x00, 0x00, 0x00, 0x00,
    0x00, 0x00, 0x00, 0x00, 0x00, 0x00, 0x00, 0x00, 0x00, 0x00, 0x00, 0x00,
    0x00, 0x00, 0x00, 0x00, 0x00, 0x00, 0x00, 0x00, 0x00, 0x00, 0x00, 0x00,
    0x00, 0x00, 0x00, 0x00, 0x00, 0x00, 0x00, 0x00, 0x00, 0x00, 0x00, 0x00,
    0x00, 0x00, 0x00, 0x00, 0x00, 0x00, 0x00, 0x00, 0x00, 0x00, 0x00, 0x00,
    0x00, 0x00, 0x00, 0x00, 0x00, 0x00, 0x00, 0x00, 0x00, 0x00, 0x00, 0x00,
    0x00, 0x00, 0x00, 0x00, 0x00, 0x00, 0x00, 0x00, 0x00, 0x00, 0x00, 0x00,
    0x00, 0x00, 0x00, 0x00, 0x00, 0x00, 0x00, 0x00, 0x00, 0x00, 0x00, 0x00,
    0x00, 0x00, 0x00, 0x00, 0x00, 0x00, 0x00, 0x00, 0x00, 0x00, 0x00, 0x00,
    0x00, 0x00, 0x00, 0x00, 0x00, 0x00, 0x00, 0x00, 0x00, 0x00, 0x00, 0x00,
    0x00, 0x00, 0x00, 0x00, 0x00, 0x00, 0x00, 0x00, 0x00, 0x00, 0x00, 0x00,
    0x00, 0x00, 0x00, 0x00, 0x70, 0xac, 0xb8, 0x30, 0x78, 0xa8, 0xb8, 0xff,
    0x70, 0xac, 0xb8, 0xff, 0x70, 0xa8, 0xb0, 0xff, 0x78, 0xa8, 0xb8, 0xff,
    0x70, 0xa8, 0xb0, 0xff, 0x70, 0xa8, 0xb8, 0x7d, 0x00, 0x00, 0x00, 0x00,
    0x00, 0x00, 0x00, 0x00, 0x00, 0x00, 0x00, 0x00, 0x70, 0xa4, 0xb0, 0x28,
    0x78, 0xa8, 0xb8, 0xff, 0x78, 0xa8, 0xb0, 0xff, 0x70, 0xa8, 0xb8, 0xff,
    0x70, 0xac, 0xb0, 0xff, 0x78, 0xac, 0xb0, 0xff, 0x70, 0xa8, 0xb8, 0x8e,
    0x00, 0x00, 0x00, 0x00, 0x00, 0x00, 0x00, 0x00, 0x00, 0x00, 0x00, 0x00,
    0x00, 0x00, 0x00, 0x00, 0x00, 0x00, 0x00, 0x00, 0x00, 0x00, 0x00, 0x00,
    0x00, 0x00, 0x00, 0x00, 0x00, 0x00, 0x00, 0x00, 0x00, 0x00, 0x00, 0x00,
    0x00, 0x00, 0x00, 0x00, 0x00, 0x00, 0x00, 0x00, 0x00, 0x00, 0x00, 0x00,
    0x00, 0x00, 0x00, 0x00, 0x00, 0x00, 0x00, 0x00, 0x00, 0x00, 0x00, 0x00,
    0x00, 0x00, 0x00, 0x00, 0x00, 0x00, 0x00, 0x00, 0x00, 0x00, 0x00, 0x00,
    0x00, 0x00, 0x00, 0x00, 0x00, 0x00, 0x00, 0x00, 0x00, 0x00, 0x00, 0x00,
    0x00, 0x00, 0x00, 0x00, 0x00, 0x00, 0x00, 0x00, 0x00, 0x00, 0x00, 0x00,
    0x00, 0x00, 0x00, 0x00, 0x00, 0x00, 0x00, 0x00, 0x00, 0x00, 0x00, 0x00,
    0x00, 0x00, 0x00, 0x00, 0x00, 0x00, 0x00, 0x00, 0x00, 0x00, 0x00, 0x00,
    0x00, 0x00, 0x00, 0x00, 0x00, 0x00, 0x00, 0x00, 0x00, 0x00, 0x00, 0x00,
    0x00, 0x00, 0x00, 0x00, 0x00, 0x00, 0x00, 0x00, 0x00, 0x00, 0x00, 0x00,
    0x00, 0x00, 0x00, 0x00, 0x00, 0x00, 0x00, 0x00, 0x00, 0x00, 0x00, 0x00,
    0x00, 0x00, 0x00, 0x00, 0x00, 0x00, 0x00, 0x00, 0x00, 0x00, 0x00, 0x00,
    0x00, 0x00, 0x00, 0x00, 0x00, 0x00, 0x00, 0x00, 0x00, 0x00, 0x00, 0x00,
    0x00, 0x00, 0x00, 0x00, 0x00, 0x00, 0x00, 0x00, 0x00, 0x00, 0x00, 0x00,
    0x00, 0x00, 0x00, 0x00, 0x00, 0x00, 0x00, 0x00, 0x00, 0x00, 0x00, 0x00,
    0x00, 0x00, 0x00, 0x00, 0x00, 0x00, 0x00, 0x00, 0x80, 0xa0, 0xc0, 0x08,
    0x78, 0xa8, 0xb0, 0xff, 0x70, 0xa8, 0xb8, 0xff, 0x70, 0xac, 0xb8, 0xff,
    0x78, 0xa8, 0xb0, 0xff, 0x78, 0xa8, 0xb8, 0xff, 0x78, 0xac, 0xb8, 0xa6,
    0x00, 0x00, 0x00, 0x00, 0x00, 0x00, 0x00, 0x00, 0x00, 0x00, 0x00, 0x00,
    0x78, 0xa8, 0xb0, 0x45, 0x70, 0xac, 0xb8, 0xff, 0x78, 0xa8, 0xb8, 0xff,
    0x70, 0xa8, 0xb8, 0xff, 0x78, 0xa8, 0xb8, 0xff, 0x78, 0xa8, 0xb0, 0xff,
    0x70, 0xa8, 0xb8, 0x65, 0x00, 0x00, 0x00, 0x00, 0x00, 0x00, 0x00, 0x00,
    0x00, 0x00, 0x00, 0x00, 0x00, 0x00, 0x00, 0x00, 0x00, 0x00, 0x00, 0x00,
    0x00, 0x00, 0x00, 0x00, 0x00, 0x00, 0x00, 0x00, 0x00, 0x00, 0x00, 0x00,
    0x00, 0x00, 0x00, 0x00, 0x00, 0x00, 0x00, 0x00, 0x00, 0x00, 0x00, 0x00,
    0x00, 0x00, 0x00, 0x00, 0x00, 0x00, 0x00, 0x00, 0x00, 0x00, 0x00, 0x00,
    0x00, 0x00, 0x00, 0x00, 0x00, 0x00, 0x00, 0x00, 0x00, 0x00, 0x00, 0x00,
    0x00, 0x00, 0x00, 0x00, 0x00, 0x00, 0x00, 0x00, 0x00, 0x00, 0x00, 0x00,
    0x00, 0x00, 0x00, 0x00, 0x00, 0x00, 0x00, 0x00, 0x00, 0x00, 0x00, 0x00,
    0x00, 0x00, 0x00, 0x00, 0x00, 0x00, 0x00, 0x00, 0x00, 0x00, 0x00, 0x00,
    0x00, 0x00, 0x00, 0x00, 0x00, 0x00, 0x00, 0x00, 0x00, 0x00, 0x00, 0x00,
    0x00, 0x00, 0x00, 0x00, 0x00, 0x00, 0x00, 0x00, 0x00, 0x00, 0x00, 0x00,
    0x00, 0x00, 0x00, 0x00, 0x00, 0x00, 0x00, 0x00, 0x00, 0x00, 0x00, 0x00,
    0x00, 0x00, 0x00, 0x00, 0x00, 0x00, 0x00, 0x00, 0x00, 0x00, 0x00, 0x00,
    0x00, 0x00, 0x00, 0x00, 0x00, 0x00, 0x00, 0x00, 0x00, 0x00, 0x00, 0x00,
    0x00, 0x00, 0x00, 0x00, 0x00, 0x00, 0x00, 0x00, 0x00, 0x00, 0x00, 0x00,
    0x00, 0x00, 0x00, 0x00, 0x00, 0x00, 0x00, 0x00, 0x00, 0x00, 0x00, 0x00,
    0x00, 0x00, 0x00, 0x00, 0x00, 0x00, 0x00, 0x00, 0x00, 0x00, 0x00, 0x00,
    0x00, 0x00, 0x00, 0x00, 0x00, 0x00, 0x00, 0x00, 0x00, 0x00, 0x00, 0x00,
    0x00, 0x00, 0x00, 0x00, 0x70, 0xa8, 0xb0, 0xdf, 0x78, 0xa8, 0xb8, 0xff,
    0x78, 0xa8, 0xb8, 0xff, 0x70, 0xac, 0xb0, 0xff, 0x70, 0xa8, 0xb8, 0xff,
    0x78, 0xa8, 0xb0, 0xff, 0x70, 0xa8, 0xb8, 0xff, 0x78, 0xa8, 0xb8, 0xff,
    0x78, 0xa8, 0xb8, 0xff, 0x70, 0xac, 0xb8, 0xff, 0x70, 0xa8, 0xb0, 0xff,
    0x78, 0xa8, 0xb0, 0xff, 0x70, 0xac, 0xb8, 0xff, 0x78, 0xa8, 0xb8, 0xff,
    0x70, 0xa8, 0xb0, 0xff, 0x78, 0xac, 0xb0, 0x45, 0x00, 0x00, 0x00, 0x00,
    0x00, 0x00, 0x00, 0x00, 0x00, 0x00, 0x00, 0x00, 0x00, 0x00, 0x00, 0x00,
    0x00, 0x00, 0x00, 0x00, 0x00, 0x00, 0x00, 0x00, 0x00, 0x00, 0x00, 0x00,
    0x00, 0x00, 0x00, 0x00, 0x00, 0x00, 0x00, 0x00, 0x00, 0x00, 0x00, 0x00,
    0x00, 0x00, 0x00, 0x00, 0x00, 0x00, 0x00, 0x00, 0x00, 0x00, 0x00, 0x00,
    0x00, 0x00, 0x00, 0x00, 0x00, 0x00, 0x00, 0x00, 0x00, 0x00, 0x00, 0x00,
    0x00, 0x00, 0x00, 0x00, 0x00, 0x00, 0x00, 0x00, 0x00, 0x00, 0x00, 0x00,
    0x00, 0x00, 0x00, 0x00, 0x00, 0x00, 0x00, 0x00, 0x00, 0x00, 0x00, 0x00,
    0x00, 0x00, 0x00, 0x00, 0x00, 0x00, 0x00, 0x00, 0x00, 0x00, 0x00, 0x00,
    0x00, 0x00, 0x00, 0x00, 0x00, 0x00, 0x00, 0x00, 0x00, 0x00, 0x00, 0x00,
    0x00, 0x00, 0x00, 0x00, 0x00, 0x00, 0x00, 0x00, 0x00, 0x00, 0x00, 0x00,
    0x00, 0x00, 0x00, 0x00, 0x00, 0x00, 0x00, 0x00, 0x00, 0x00, 0x00, 0x00,
    0x00, 0x00, 0x00, 0x00, 0x00, 0x00, 0x00, 0x00, 0x00, 0x00, 0x00, 0x00,
    0x00, 0x00, 0x00, 0x00, 0x00, 0x00, 0x00, 0x00, 0x00, 0x00, 0x00, 0x00,
    0x00, 0x00, 0x00, 0x00, 0x00, 0x00, 0x00, 0x00, 0x00, 0x00, 0x00, 0x00,
    0x00, 0x00, 0x00, 0x00, 0x00, 0x00, 0x00, 0x00, 0x00, 0x00, 0x00, 0x00,
    0x00, 0x00, 0x00, 0x00, 0x00, 0x00, 0x00, 0x00, 0x00, 0x00, 0x00, 0x00,
    0x00, 0x00, 0x00, 0x00, 0x00, 0x00, 0x00, 0x00, 0x00, 0x00, 0x00, 0x00,
    0x00, 0x00, 0x00, 0x00, 0x00, 0x00, 0x00, 0x00, 0x70, 0xa8, 0xb8, 0xb6,
    0x78, 0xa8, 0xb0, 0xff, 0x70, 0xa8, 0xb8, 0xff, 0x70, 0xa8, 0xb8, 0xff,
    0x78, 0xac, 0xb0, 0xff, 0x70, 0xa8, 0xb8, 0xff, 0x70, 0xa8, 0xb0, 0xff,
    0x78, 0xac, 0xb0, 0xff, 0x70, 0xa8, 0xb8, 0xff, 0x70, 0xa8, 0xb8, 0xff,
    0x78, 0xa8, 0xb0, 0xff, 0x78, 0xa8, 0xb8, 0xff, 0x70, 0xac, 0xb8, 0xff,
    0x70, 0xa8, 0xb0, 0xff, 0x78, 0xa8, 0xb8, 0xff, 0x78, 0xa8, 0xb8, 0x20,
    0x00, 0x00, 0x00, 0x00, 0x00, 0x00, 0x00, 0x00, 0x00, 0x00, 0x00, 0x00,
    0x00, 0x00, 0x00, 0x00, 0x00, 0x00, 0x00, 0x00, 0x00, 0x00, 0x00, 0x00,
    0x00, 0x00, 0x00, 0x00, 0x00, 0x00, 0x00, 0x00, 0x00, 0x00, 0x00, 0x00,
    0x00, 0x00, 0x00, 0x00, 0x00, 0x00, 0x00, 0x00, 0x00, 0x00, 0x00, 0x00,
    0x00, 0x00, 0x00, 0x00, 0x00, 0x00, 0x00, 0x00, 0x00, 0x00, 0x00, 0x00,
    0x00, 0x00, 0x00, 0x00, 0x00, 0x00, 0x00, 0x00, 0x00, 0x00, 0x00, 0x00,
    0x00, 0x00, 0x00, 0x00, 0x00, 0x00, 0x00, 0x00, 0x00, 0x00, 0x00, 0x00,
    0x00, 0x00, 0x00, 0x00, 0x00, 0x00, 0x00, 0x00, 0x00, 0x00, 0x00, 0x00,
    0x00, 0x00, 0x00, 0x00, 0x00, 0x00, 0x00, 0x00, 0x00, 0x00, 0x00, 0x00,
    0x00, 0x00, 0x00, 0x00, 0x00, 0x00, 0x00, 0x00, 0x00, 0x00, 0x00, 0x00,
    0x00, 0x00, 0x00, 0x00, 0x00, 0x00, 0x00, 0x00, 0x00, 0x00, 0x00, 0x00,
    0x00, 0x00, 0x00, 0x00, 0x00, 0x00, 0x00, 0x00, 0x00, 0x00, 0x00, 0x00,
    0x00, 0x00, 0x00, 0x00, 0x00, 0x00, 0x00, 0x00, 0x00, 0x00, 0x00, 0x00,
    0x00, 0x00, 0x00, 0x00, 0x00, 0x00, 0x00, 0x00, 0x00, 0x00, 0x00, 0x00,
    0x00, 0x00, 0x00, 0x00, 0x00, 0x00, 0x00, 0x00, 0x00, 0x00, 0x00, 0x00,
    0x00, 0x00, 0x00, 0x00, 0x00, 0x00, 0x00, 0x00, 0x00, 0x00, 0x00, 0x00,
    0x00, 0x00, 0x00, 0x00, 0x00, 0x00, 0x00, 0x00, 0x00, 0x00, 0x00, 0x00,
    0x00, 0x00, 0x00, 0x00, 0x00, 0x00, 0x00, 0x00, 0x00, 0x00, 0x00, 0x00,
    0x70, 0xac, 0xb8, 0x8e, 0x78, 0xa8, 0xb0, 0xff, 0x78, 0xa8, 0xb8, 0xff,
    0x70, 0xac, 0xb8, 0xff, 0x78, 0xa8, 0xb0, 0xff, 0x78, 0xa8, 0xb8, 0xff,
    0x70, 0xa8, 0xb8, 0xff, 0x78, 0xac, 0xb0, 0xff, 0x78, 0xa8, 0xb8, 0xff,
    0x70, 0xa8, 0xb0, 0xff, 0x78, 0xac, 0xb8, 0xff, 0x70, 0xa8, 0xb8, 0xff,
    0x78, 0xa8, 0xb0, 0xff, 0x78, 0xa8, 0xb8, 0xff, 0x70, 0xa8, 0xb0, 0xf7,
    0x00, 0x00, 0x00, 0x00, 0x00, 0x00, 0x00, 0x00, 0x00, 0x00, 0x00, 0x00,
    0x00, 0x00, 0x00, 0x00, 0x00, 0x00, 0x00, 0x00, 0x00, 0x00, 0x00, 0x00,
    0x00, 0x00, 0x00, 0x00, 0x00, 0x00, 0x00, 0x00, 0x00, 0x00, 0x00, 0x00,
    0x00, 0x00, 0x00, 0x00, 0x00, 0x00, 0x00, 0x00, 0x00, 0x00, 0x00, 0x00,
    0x00, 0x00, 0x00, 0x00, 0x00, 0x00, 0x00, 0x00, 0x00, 0x00, 0x00, 0x00,
    0x00, 0x00, 0x00, 0x00, 0x00, 0x00, 0x00, 0x00, 0x00, 0x00, 0x00, 0x00,
    0x00, 0x00, 0x00, 0x00, 0x00, 0x00, 0x00, 0x00, 0x00, 0x00, 0x00, 0x00,
    0x00, 0x00, 0x00, 0x00, 0x00, 0x00, 0x00, 0x00, 0x00, 0x00, 0x00, 0x00,
    0x00, 0x00, 0x00, 0x00, 0x00, 0x00, 0x00, 0x00, 0x00, 0x00, 0x00, 0x00,
    0x00, 0x00, 0x00, 0x00, 0x00, 0x00, 0x00, 0x00, 0x00, 0x00, 0x00, 0x00,
    0x00, 0x00, 0x00, 0x00, 0x00, 0x00, 0x00, 0x00, 0x00, 0x00, 0x00, 0x00,
    0x00, 0x00, 0x00, 0x00, 0x00, 0x00, 0x00, 0x00, 0x00, 0x00, 0x00, 0x00,
    0x00, 0x00, 0x00, 0x00, 0x00, 0x00, 0x00, 0x00, 0x00, 0x00, 0x00, 0x00,
    0x00, 0x00, 0x00, 0x00, 0x00, 0x00, 0x00, 0x00, 0x00, 0x00, 0x00, 0x00,
    0x00, 0x00, 0x00, 0x00, 0x00, 0x00, 0x00, 0x00, 0x00, 0x00, 0x00, 0x00,
    0x00, 0x00, 0x00, 0x00, 0x00, 0x00, 0x00, 0x00, 0x00, 0x00, 0x00, 0x00,
    0x00, 0x00, 0x00, 0x00, 0x00, 0x00, 0x00, 0x00, 0x00, 0x00, 0x00, 0x00,
    0x00, 0x00, 0x00, 0x00, 0x00, 0x00, 0x00, 0x00, 0x00, 0x00, 0x00, 0x00,
    0x00, 0x00, 0x00, 0x00, 0x70, 0xa8, 0xb8, 0x65, 0x78, 0xa8, 0xb0, 0xff,
    0x70, 0xac, 0xb8, 0xff, 0x78, 0xa8, 0xb0, 0xff, 0x70, 0xa8, 0xb8, 0xff,
    0x78, 0xa8, 0xb8, 0xff, 0x70, 0xac, 0xb8, 0xff, 0x70, 0xa8, 0xb8, 0xff,
    0x78, 0xa8, 0xb0, 0xff, 0x78, 0xa8, 0xb8, 0xff, 0x70, 0xac, 0xb8, 0xff,
    0x70, 0xa8, 0xb0, 0xff, 0x78, 0xa8, 0xb8, 0xff, 0x70, 0xac, 0xb8, 0xff,
    0x70, 0xa8, 0xb8, 0xd7, 0x00, 0x00, 0x00, 0x00, 0x00, 0x00, 0x00, 0x00,
    0x00, 0x00, 0x00, 0x00, 0x00, 0x00, 0x00, 0x00, 0x00, 0x00, 0x00, 0x00,
    0x00, 0x00, 0x00, 0x00, 0x00, 0x00, 0x00, 0x00, 0x00, 0x00, 0x00, 0x00,
    0x00, 0x00, 0x00, 0x00, 0x00, 0x00, 0x00, 0x00, 0x00, 0x00, 0x00, 0x00,
    0x00, 0x00, 0x00, 0x00, 0x00, 0x00, 0x00, 0x00, 0x00, 0x00, 0x00, 0x00,
    0x00, 0x00, 0x00, 0x00, 0x00, 0x00, 0x00, 0x00, 0x00, 0x00, 0x00, 0x00,
    0x00, 0x00, 0x00, 0x00, 0x00, 0x00, 0x00, 0x00, 0x00, 0x00, 0x00, 0x00,
    0x00, 0x00, 0x00, 0x00, 0x00, 0x00, 0x00, 0x00, 0x00, 0x00, 0x00, 0x00,
    0x00, 0x00, 0x00, 0x00, 0x00, 0x00, 0x00, 0x00, 0x00, 0x00, 0x00, 0x00,
    0x00, 0x00, 0x00, 0x00, 0x00, 0x00, 0x00, 0x00, 0x00, 0x00, 0x00, 0x00,
    0x00, 0x00, 0x00, 0x00, 0x00, 0x00, 0x00, 0x00, 0x00, 0x00, 0x00, 0x00,
    0x00, 0x00, 0x00, 0x00, 0x00, 0x00, 0x00, 0x00, 0x00, 0x00, 0x00, 0x00,
    0x00, 0x00, 0x00, 0x00, 0x00, 0x00, 0x00, 0x00, 0x00, 0x00, 0x00, 0x00,
    0x00, 0x00, 0x00, 0x00, 0x00, 0x00, 0x00, 0x00, 0x00, 0x00, 0x00, 0x00,
    0x00, 0x00, 0x00, 0x00, 0x00, 0x00, 0x00, 0x00, 0x00, 0x00, 0x00, 0x00,
    0x00, 0x00, 0x00, 0x00, 0x00, 0x00, 0x00, 0x00, 0x00, 0x00, 0x00, 0x00,
    0x00, 0x00, 0x00, 0x00, 0x00, 0x00, 0x00, 0x00, 0x00, 0x00, 0x00, 0x00,
    0x00, 0x00, 0x00, 0x00, 0x00, 0x00, 0x00, 0x00, 0x00, 0x00, 0x00, 0x00,
    0x00, 0x00, 0x00, 0x00, 0x00, 0x00, 0x00, 0x00, 0x70, 0xa8, 0xb0, 0x41,
    0x78, 0xa8, 0xb8, 0xff, 0x70, 0xa8, 0xb8, 0xff, 0x70, 0xa8, 0xb0, 0xff,
    0x78, 0xa8, 0xb8, 0xff, 0x70, 0xac, 0xb0, 0xff, 0x78, 0xa8, 0xb0, 0xff,
    0x70, 0xa8, 0xb8, 0xff, 0x70, 0xa8, 0xb8, 0xff, 0x78, 0xa8, 0xb0, 0xff,
    0x70, 0xa8, 0xb8, 0xff, 0x78, 0xa8, 0xb0, 0xff, 0x78, 0xac, 0xb8, 0xff,
    0x70, 0xa8, 0xb0, 0xff, 0x78, 0xa8, 0xb8, 0xa6, 0x00, 0x00, 0x00, 0x00,
    0x00, 0x00, 0x00, 0x00, 0x00, 0x00, 0x00, 0x00, 0x00, 0x00, 0x00, 0x00,
    0x00, 0x00, 0x00, 0x00, 0x00, 0x00, 0x00, 0x00, 0x00, 0x00, 0x00, 0x00,
    0x00, 0x00, 0x00, 0x00, 0x00, 0x00, 0x00, 0x00, 0x00, 0x00, 0x00, 0x00,
    0x00, 0x00, 0x00, 0x00, 0x00, 0x00, 0x00, 0x00, 0x00, 0x00, 0x00, 0x00,
    0x00, 0x00, 0x00, 0x00, 0x00, 0x00, 0x00, 0x00, 0x00, 0x00, 0x00, 0x00,
    0x00, 0x00, 0x00, 0x00, 0x00, 0x00, 0x00, 0x00, 0x00, 0x00, 0x00, 0x00,
    0x00, 0x00, 0x00, 0x00, 0x00, 0x00, 0x00, 0x00, 0x00, 0x00, 0x00, 0x00,
    0x00, 0x00, 0x00, 0x00, 0x00, 0x00, 0x00, 0x00, 0x00, 0x00, 0x00, 0x00,
    0x00, 0x00, 0x00, 0x00, 0x00, 0x00, 0x00, 0x00, 0x00, 0x00, 0x00, 0x00,
    0x00, 0x00, 0x00, 0x00, 0x00, 0x00, 0x00, 0x00, 0x00, 0x00, 0x00, 0x00,
    0x00, 0x00, 0x00, 0x00, 0x00, 0x00, 0x00, 0x00, 0x00, 0x00, 0x00, 0x00,
    0x00, 0x00, 0x00, 0x00, 0x00, 0x00, 0x00, 0x00, 0x00, 0x00, 0x00, 0x00,
    0x00, 0x00, 0x00, 0x00, 0x00, 0x00, 0x00, 0x00, 0x00, 0x00, 0x00, 0x00,
    0x00, 0x00, 0x00, 0x00, 0x00, 0x00, 0x00, 0x00, 0x00, 0x00, 0x00, 0x00,
    0x00, 0x00, 0x00, 0x00, 0x00, 0x00, 0x00, 0x00, 0x00, 0x00, 0x00, 0x00,
    0x00, 0x00, 0x00, 0x00, 0x00, 0x00, 0x00, 0x00, 0x00, 0x00, 0x00, 0x00,
    0x00, 0x00, 0x00, 0x00, 0x00, 0x00, 0x00, 0x00, 0x00, 0x00, 0x00, 0x00,
    0x00, 0x00, 0x00, 0x00, 0x00, 0x00, 0x00, 0x00, 0x00, 0x00, 0x00, 0x00,
    0x00, 0x00, 0x00, 0x00, 0x78, 0xa8, 0xb8, 0x86, 0x78, 0xac, 0xb0, 0xbe,
    0x70, 0xa8, 0xb8, 0xbe, 0x78, 0xa8, 0xb8, 0xbe, 0x78, 0xa8, 0xb0, 0xbe,
    0x70, 0xa8, 0xb8, 0xbe, 0x78, 0xac, 0xb8, 0xbe, 0x78, 0xac, 0xb0, 0xbe,
    0x70, 0xa8, 0xb8, 0xbe, 0x78, 0xa8, 0xb8, 0xbe, 0x70, 0xac, 0xb8, 0xbe,
    0x70, 0xa8, 0xb0, 0xbe, 0x78, 0xa8, 0xb8, 0xa6, 0x70, 0xa8, 0xb0, 0x28,
    0x00, 0x00, 0x00, 0x00, 0x00, 0x00, 0x00, 0x00, 0x00, 0x00, 0x00, 0x00,
    0x00, 0x00, 0x00, 0x00, 0x00, 0x00, 0x00, 0x00, 0x00, 0x00, 0x00, 0x00,
    0x00, 0x00, 0x00, 0x00, 0x00, 0x00, 0x00, 0x00, 0x00, 0x00, 0x00, 0x00,
    0x00, 0x00, 0x00, 0x00, 0x00, 0x00, 0x00, 0x00, 0x00, 0x00, 0x00, 0x00,
    0x00, 0x00, 0x00, 0x00, 0x00, 0x00, 0x00, 0x00, 0x00, 0x00, 0x00, 0x00,
    0x00, 0x00, 0x00, 0x00, 0x00, 0x00, 0x00, 0x00, 0x00, 0x00, 0x00, 0x00,
    0x00, 0x00, 0x00, 0x00, 0x00, 0x00, 0x00, 0x00, 0x00, 0x00, 0x00, 0x00,
    0x00, 0x00, 0x00, 0x00, 0x00, 0x00, 0x00, 0x00, 0x00, 0x00, 0x00, 0x00,
    0x00, 0x00, 0x00, 0x00, 0x00, 0x00, 0x00, 0x00, 0x00, 0x00, 0x00, 0x00,
    0x00, 0x00, 0x00, 0x00, 0x00, 0x00, 0x00, 0x00, 0x00, 0x00, 0x00, 0x00,
    0x00, 0x00, 0x00, 0x00, 0x00, 0x00, 0x00, 0x00, 0x00, 0x00, 0x00, 0x00,
    0x00, 0x00, 0x00, 0x00, 0x00, 0x00, 0x00, 0x00, 0x00, 0x00, 0x00, 0x00,
    0x00, 0x00, 0x00, 0x00, 0x00, 0x00, 0x00, 0x00, 0x00, 0x00, 0x00, 0x00,
    0x00, 0x00, 0x00, 0x00, 0x00, 0x00, 0x00, 0x00, 0x00, 0x00, 0x00, 0x00,
    0x00, 0x00, 0x00, 0x00, 0x00, 0x00, 0x00, 0x00, 0x00, 0x00, 0x00, 0x00,
    0x00, 0x00, 0x00, 0x00, 0x00, 0x00, 0x00, 0x00, 0x00, 0x00, 0x00, 0x00,
    0x00, 0x00, 0x00, 0x00, 0x00, 0x00, 0x00, 0x00, 0x00, 0x00, 0x00, 0x00,
    0x00, 0x00, 0x00, 0x00, 0x00, 0x00, 0x00, 0x00, 0x00, 0x00, 0x00, 0x00,
    0x00, 0x00, 0x00, 0x00, 0x00, 0x00, 0x00, 0x00, 0x00, 0x00, 0x00, 0x00,
    0x00, 0x00, 0x00, 0x00, 0x00, 0x00, 0x00, 0x00, 0x00, 0x00, 0x00, 0x00,
    0x00, 0x00, 0x00, 0x00, 0x00, 0x00, 0x00, 0x00, 0x00, 0x00, 0x00, 0x00,
    0x00, 0x00, 0x00, 0x00, 0x00, 0x00, 0x00, 0x00, 0x00, 0x00, 0x00, 0x00,
    0x00, 0x00, 0x00, 0x00, 0x00, 0x00, 0x00, 0x00, 0x00, 0x00, 0x00, 0x00,
    0x00, 0x00, 0x00, 0x00, 0x00, 0x00, 0x00, 0x00, 0x00, 0x00, 0x00, 0x00,
    0x00, 0x00, 0x00, 0x00, 0x00, 0x00, 0x00, 0x00, 0x00, 0x00, 0x00, 0x00,
    0x00, 0x00, 0x00, 0x00, 0x00, 0x00, 0x00, 0x00, 0x00, 0x00, 0x00, 0x00,
    0x00, 0x00, 0x00, 0x00, 0x00, 0x00, 0x00, 0x00, 0x00, 0x00, 0x00, 0x00,
    0x00, 0x00, 0x00, 0x00, 0x00, 0x00, 0x00, 0x00, 0x00, 0x00, 0x00, 0x00,
    0x00, 0x00, 0x00, 0x00, 0x00, 0x00, 0x00, 0x00, 0x00, 0x00, 0x00, 0x00,
    0x00, 0x00, 0x00, 0x00, 0x00, 0x00, 0x00, 0x00, 0x00, 0x00, 0x00, 0x00,
    0x00, 0x00, 0x00, 0x00, 0x00, 0x00, 0x00, 0x00, 0x00, 0x00, 0x00, 0x00,
    0x00, 0x00, 0x00, 0x00, 0x00, 0x00, 0x00, 0x00, 0x00, 0x00, 0x00, 0x00,
    0x00, 0x00, 0x00, 0x00, 0x00, 0x00, 0x00, 0x00, 0x00, 0x00, 0x00, 0x00,
    0x00, 0x00, 0x00, 0x00, 0x00, 0x00, 0x00, 0x00, 0x00, 0x00, 0x00, 0x00,
    0x00, 0x00, 0x00, 0x00, 0x00, 0x00, 0x00, 0x00, 0x00, 0x00, 0x00, 0x00,
    0x00, 0x00, 0x00, 0x00, 0x00, 0x00, 0x00, 0x00, 0x00, 0x00, 0x00, 0x00,
    0x00, 0x00, 0x00, 0x00, 0x00, 0x00, 0x00, 0x00, 0x00, 0x00, 0x00, 0x00,
    0x00, 0x00, 0x00, 0x00, 0x00, 0x00, 0x00, 0x00, 0x00, 0x00, 0x00, 0x00,
    0x00, 0x00, 0x00, 0x00, 0x00, 0x00, 0x00, 0x00, 0x00, 0x00, 0x00, 0x00,
    0x00, 0x00, 0x00, 0x00, 0x00, 0x00, 0x00, 0x00, 0x00, 0x00, 0x00, 0x00,
    0x00, 0x00, 0x00, 0x00, 0x00, 0x00, 0x00, 0x00, 0x00, 0x00, 0x00, 0x00,
    0x00, 0x00, 0x00, 0x00, 0x00, 0x00, 0x00, 0x00, 0x00, 0x00, 0x00, 0x00,
    0x00, 0x00, 0x00, 0x00, 0x00, 0x00, 0x00, 0x00, 0x00, 0x00, 0x00, 0x00,
    0x00, 0x00, 0x00, 0x00, 0x00, 0x00, 0x00, 0x00, 0x00, 0x00, 0x00, 0x00,
    0x00, 0x00, 0x00, 0x00, 0x00, 0x00, 0x00, 0x00, 0x00, 0x00, 0x00, 0x00,
    0x00, 0x00, 0x00, 0x00, 0x00, 0x00, 0x00, 0x00, 0x00, 0x00, 0x00, 0x00,
    0x00, 0x00, 0x00, 0x00, 0x00, 0x00, 0x00, 0x00, 0x00, 0x00, 0x00, 0x00,
    0x00, 0x00, 0x00, 0x00, 0x00, 0x00, 0x00, 0x00, 0x00, 0x00, 0x00, 0x00,
    0x00, 0x00, 0x00, 0x00, 0x00, 0x00, 0x00, 0x00, 0x00, 0x00, 0x00, 0x00,
    0x00, 0x00, 0x00, 0x00, 0x00, 0x00, 0x00, 0x00, 0x00, 0x00, 0x00, 0x00,
    0x00, 0x00, 0x00, 0x00, 0x00, 0x00, 0x00, 0x00, 0x00, 0x00, 0x00, 0x00,
    0x00, 0x00, 0x00, 0x00, 0x00, 0x00, 0x00, 0x00, 0x00, 0x00, 0x00, 0x00,
    0x00, 0x00, 0x00, 0x00, 0x00, 0x00, 0x00, 0x00, 0x00, 0x00, 0x00, 0x00,
    0x00, 0x00, 0x00, 0x00, 0x00, 0x00, 0x00, 0x00, 0x00, 0x00, 0x00, 0x00,
    0x00, 0x00, 0x00, 0x00, 0x00, 0x00, 0x00, 0x00, 0x00, 0x00, 0x00, 0x00,
    0x00, 0x00, 0x00, 0x00, 0x00, 0x00, 0x00, 0x00, 0x00, 0x00, 0x00, 0x00,
    0x00, 0x00, 0x00, 0x00, 0x00, 0x00, 0x00, 0x00, 0x00, 0x00, 0x00, 0x00,
    0x00, 0x00, 0x00, 0x00, 0x00, 0x00, 0x00, 0x00, 0x00, 0x00, 0x00, 0x00,
    0x00, 0x00, 0x00, 0x00, 0x00, 0x00, 0x00, 0x00, 0x00, 0x00, 0x00, 0x00,
    0x00, 0x00, 0x00, 0x00, 0x00, 0x00, 0x00, 0x00, 0x00, 0x00, 0x00, 0x00,
    0x00, 0x00, 0x00, 0x00, 0x00, 0x00, 0x00, 0x00, 0x00, 0x00, 0x00, 0x00,
    0x00, 0x00, 0x00, 0x00, 0x00, 0x00, 0x00, 0x00, 0x00, 0x00, 0x00, 0x00,
    0x00, 0x00, 0x00, 0x00, 0x00, 0x00, 0x00, 0x00, 0x00, 0x00, 0x00, 0x00,
    0x00, 0x00, 0x00, 0x00, 0x00, 0x00, 0x00, 0x00, 0x00, 0x00, 0x00, 0x00,
    0x00, 0x00, 0x00, 0x00, 0x00, 0x00, 0x00, 0x00, 0x00, 0x00, 0x00, 0x00,
    0x00, 0x00, 0x00, 0x00, 0x00, 0x00, 0x00, 0x00, 0x00, 0x00, 0x00, 0x00,
    0x00, 0x00, 0x00, 0x00, 0x00, 0x00, 0x00, 0x00, 0x00, 0x00, 0x00, 0x00,
    0x00, 0x00, 0x00, 0x00, 0x00, 0x00, 0x00, 0x00, 0x00, 0x00, 0x00, 0x00,
    0x00, 0x00, 0x00, 0x00, 0x00, 0x00, 0x00, 0x00, 0x00, 0x00, 0x00, 0x00,
    0x00, 0x00, 0x00, 0x00, 0x00, 0x00, 0x00, 0x00, 0x00, 0x00, 0x00, 0x00,
    0x00, 0x00, 0x00, 0x00, 0x00, 0x00, 0x00, 0x00, 0x00, 0x00, 0x00, 0x00,
    0x00, 0x00, 0x00, 0x00, 0x00, 0x00, 0x00, 0x00, 0x00, 0x00, 0x00, 0x00,
    0x00, 0x00, 0x00, 0x00, 0x00, 0x00, 0x00, 0x00, 0x00, 0x00, 0x00, 0x00,
    0x00, 0x00, 0x00, 0x00, 0x00, 0x00, 0x00, 0x00, 0x00, 0x00, 0x00, 0x00,
    0x00, 0x00, 0x00, 0x00, 0x00, 0x00, 0x00, 0x00, 0x00, 0x00, 0x00, 0x00,
    0x00, 0x00, 0x00, 0x00, 0x00, 0x00, 0x00, 0x00, 0x00, 0x00, 0x00, 0x00,
    0x00, 0x00, 0x00, 0x00, 0x00, 0x00, 0x00, 0x00, 0x00, 0x00, 0x00, 0x00,
    0x00, 0x00, 0x00, 0x00, 0x00, 0x00, 0x00, 0x00, 0x00, 0x00, 0x00, 0x00,
    0x00, 0x00, 0x00, 0x00, 0x00, 0x00, 0x00, 0x00, 0x00, 0x00, 0x00, 0x00,
    0x00, 0x00, 0x00, 0x00, 0x00, 0x00, 0x00, 0x00, 0x00, 0x00, 0x00, 0x00,
    0x00, 0x00, 0x00, 0x00, 0x00, 0x00, 0x00, 0x00, 0x00, 0x00, 0x00, 0x00,
    0x00, 0x00, 0x00, 0x00, 0x00, 0x00, 0x00, 0x00, 0x00, 0x00, 0x00, 0x00,
    0x00, 0x00, 0x00, 0x00, 0x00, 0x00, 0x00, 0x00, 0x00, 0x00, 0x00, 0x00,
    0x00, 0x00, 0x00, 0x00, 0x00, 0x00, 0x00, 0x00, 0x00, 0x00, 0x00, 0x00,
    0x00, 0x00, 0x00, 0x00, 0x00, 0x00, 0x00, 0x00, 0x00, 0x00, 0x00, 0x00,
    0x00, 0x00, 0x00, 0x00, 0x00, 0x00, 0x00, 0x00, 0x00, 0x00, 0x00, 0x00,
    0x00, 0x00, 0x00, 0x00, 0x00, 0x00, 0x00, 0x00, 0x00, 0x00, 0x00, 0x00,
    0x00, 0x00, 0x00, 0x00, 0x00, 0x00, 0x00, 0x00, 0x00, 0x00, 0x00, 0x00,
    0x00, 0x00, 0x00, 0x00, 0x00, 0x00, 0x00, 0x00, 0x00, 0x00, 0x00, 0x00,
    0x00, 0x00, 0x00, 0x00, 0x00, 0x00, 0x00, 0x00, 0x00, 0x00, 0x00, 0x00,
    0x00, 0x00, 0x00, 0x00, 0x00, 0x00, 0x00, 0x00, 0x00, 0x00, 0x00, 0x00,
    0x00, 0x00, 0x00, 0x00, 0x00, 0x00, 0x00, 0x00, 0x00, 0x00, 0x00, 0x00,
    0x00, 0x00, 0x00, 0x00, 0x00, 0x00, 0x00, 0x00, 0x00, 0x00, 0x00, 0x00,
    0x00, 0x00, 0x00, 0x00, 0x00, 0x00, 0x00, 0x00, 0x00, 0x00, 0x00, 0x00,
    0x00, 0x00, 0x00, 0x00, 0x00, 0x00, 0x00, 0x00, 0x00, 0x00, 0x00, 0x00,
    0x00, 0x00, 0x00, 0x00, 0x00, 0x00, 0x00, 0x00, 0x00, 0x00, 0x00, 0x00,
    0x00, 0x00, 0x00, 0x00, 0x00, 0x00, 0x00, 0x00, 0x00, 0x00, 0x00, 0x00,
    0x00, 0x00, 0x00, 0x00, 0x00, 0x00, 0x00, 0x00, 0x00, 0x00, 0x00, 0x00,
    0x00, 0x00, 0x00, 0x00, 0x00, 0x00, 0x00, 0x00, 0x00, 0x00, 0x00, 0x00,
    0x00, 0x00, 0x00, 0x00, 0x00, 0x00, 0x00, 0x00, 0x00, 0x00, 0x00, 0x00,
    0x00, 0x00, 0x00, 0x00, 0x00, 0x00, 0x00, 0x00, 0x00, 0x00, 0x00, 0x00,
    0x00, 0x00, 0x00, 0x00, 0x00, 0x00, 0x00, 0x00, 0x00, 0x00, 0x00, 0x00,
    0x00, 0x00, 0x00, 0x00, 0x00, 0x00, 0x00, 0x00, 0x00, 0x00, 0x00, 0x00,
    0x00, 0x00, 0x00, 0x00, 0x00, 0x00, 0x00, 0x00, 0x00, 0x00, 0x00, 0x00,
    0x00, 0x00, 0x00, 0x00, 0x00, 0x00, 0x00, 0x00, 0x00, 0x00, 0x00, 0x00,
    0x00, 0x00, 0x00, 0x00, 0x00, 0x00, 0x00, 0x00, 0x00, 0x00, 0x00, 0x00,
    0x00, 0x00, 0x00, 0x00, 0x00, 0x00, 0x00, 0x00, 0x00, 0x00, 0x00, 0x00,
    0x00, 0x00, 0x00, 0x00, 0x00, 0x00, 0x00, 0x00, 0x00, 0x00, 0x00, 0x00,
    0x00, 0x00, 0x00, 0x00, 0x00, 0x00, 0x00, 0x00, 0x00, 0x00, 0x00, 0x00,
    0x00, 0x00, 0x00, 0x00, 0x00, 0x00, 0x00, 0x00, 0x00, 0x00, 0x00, 0x00,
    0x00, 0x00, 0x00, 0x00, 0x00, 0x00, 0x00, 0x00, 0x00, 0x00, 0x00, 0x00,
    0x00, 0x00, 0x00, 0x00, 0x00, 0x00, 0x00, 0x00, 0x00, 0x00, 0x00, 0x00,
    0x00, 0x00, 0x00, 0x00, 0x00, 0x00, 0x00, 0x00, 0x00, 0x00, 0x00, 0x00,
    0x00, 0x00, 0x00, 0x00, 0x00, 0x00, 0x00, 0x00, 0x00, 0x00, 0x00, 0x00,
    0x00, 0x00, 0x00, 0x00, 0x00, 0x00, 0x00, 0x00, 0x00, 0x00, 0x00, 0x00,
    0x00, 0x00, 0x00, 0x00, 0x00, 0x00, 0x00, 0x00, 0x00, 0x00, 0x00, 0x00,
    0x00, 0x00, 0x00, 0x00, 0x00, 0x00, 0x00, 0x00, 0x00, 0x00, 0x00, 0x00,
    0x00, 0x00, 0x00, 0x00, 0x00, 0x00, 0x00, 0x00, 0x00, 0x00, 0x00, 0x00,
    0x00, 0x00, 0x00, 0x00, 0x00, 0x00, 0x00, 0x00, 0x00, 0x00, 0x00, 0x00,
    0x00, 0x00, 0x00, 0x00, 0x00, 0x00, 0x00, 0x00, 0x00, 0x00, 0x00, 0x00,
    0x00, 0x00, 0x00, 0x00, 0x00, 0x00, 0x00, 0x00, 0x00, 0x00, 0x00, 0x00,
    0x00, 0x00, 0x00, 0x00, 0x00, 0x00, 0x00, 0x00, 0x00, 0x00, 0x00, 0x00,
    0x00, 0x00, 0x00, 0x00, 0x00, 0x00, 0x00, 0x00, 0x00, 0x00, 0x00, 0x00,
    0x00, 0x00, 0x00, 0x00, 0x00, 0x00, 0x00, 0x00, 0x00, 0x00, 0x00, 0x00,
    0x00, 0x00, 0x00, 0x00, 0x00, 0x00, 0x00, 0x00, 0x00, 0x00, 0x00, 0x00,
    0x00, 0x00, 0x00, 0x00, 0x00, 0x00, 0x00, 0x00, 0x00, 0x00, 0x00, 0x00,
    0x00, 0x00, 0x00, 0x00, 0x00, 0x00, 0x00, 0x00, 0x00, 0x00, 0x00, 0x00,
    0x00, 0x00, 0x00, 0x00, 0x00, 0x00, 0x00, 0x00, 0x00, 0x00, 0x00, 0x00,
    0x00, 0x00, 0x00, 0x00, 0x00, 0x00, 0x00, 0x00, 0x00, 0x00, 0x00, 0x00,
    0x00, 0x00, 0x00, 0x00, 0x00, 0x00, 0x00, 0x00, 0x00, 0x00, 0x00, 0x00,
    0x00, 0x00, 0x00, 0x00, 0x00, 0x00, 0x00, 0x00, 0x00, 0x00, 0x00, 0x00,
    0x00, 0x00, 0x00, 0x00, 0x00, 0x00, 0x00, 0x00, 0x00, 0x00, 0x00, 0x00,
    0x00, 0x00, 0x00, 0x00, 0x00, 0x00, 0x00, 0x00, 0x00, 0x00, 0x00, 0x00,
    0x00, 0x00, 0x00, 0x00, 0x00, 0x00, 0x00, 0x00, 0x00, 0x00, 0x00, 0x00,
    0x00, 0x00, 0x00, 0x00, 0x00, 0x00, 0x00, 0x00, 0x00, 0x00, 0x00, 0x00,
    0x00, 0x00, 0x00, 0x00, 0x00, 0x00, 0x00, 0x00, 0x00, 0x00, 0x00, 0x00,
    0x00, 0x00, 0x00, 0x00, 0x00, 0x00, 0x00, 0x00, 0x00, 0x00, 0x00, 0x00,
    0x00, 0x00, 0x00, 0x00, 0x00, 0x00, 0x00, 0x00, 0x00, 0x00, 0x00, 0x00,
    0x00, 0x00, 0x00, 0x00, 0x00, 0x00, 0x00, 0x00, 0x00, 0x00, 0x00, 0x00,
    0x00, 0x00, 0x00, 0x00, 0x00, 0x00, 0x00, 0x00, 0x00, 0x00, 0x00, 0x00,
    0x00, 0x00, 0x00, 0x00, 0x00, 0x00, 0x00, 0x00, 0x00, 0x00, 0x00, 0x00,
    0x00, 0x00, 0x00, 0x00, 0x00, 0x00, 0x00, 0x00, 0x00, 0x00, 0x00, 0x00,
    0x00, 0x00, 0x00, 0x00, 0x00, 0x00, 0x00, 0x00, 0x00, 0x00, 0x00, 0x00,
    0x00, 0x00, 0x00, 0x00, 0x00, 0x00, 0x00, 0x00, 0x00, 0x00, 0x00, 0x00,
    0x00, 0x00, 0x00, 0x00, 0x00, 0x00, 0x00, 0x00, 0x00, 0x00, 0x00, 0x00,
    0x00, 0x00, 0x00, 0x00, 0x00, 0x00, 0x00, 0x00, 0x00, 0x00, 0x00, 0x00,
    0x00, 0x00, 0x00, 0x00, 0x00, 0x00, 0x00, 0x00, 0x00, 0x00, 0x00, 0x00,
    0x00, 0x00, 0x00, 0x00, 0x00, 0x00, 0x00, 0x00, 0x00, 0x00, 0x00, 0x00,
    0x00, 0x00, 0x00, 0x00, 0x00, 0x00, 0x00, 0x00, 0x00, 0x00, 0x00, 0x00,
    0x00, 0x00, 0x00, 0x00, 0x00, 0x00, 0x00, 0x00, 0x00, 0x00, 0x00, 0x00,
    0x00, 0x00, 0x00, 0x00, 0x00, 0x00, 0x00, 0x00, 0x00, 0x00, 0x00, 0x00,
    0x00, 0x00, 0x00, 0x00, 0x00, 0x00, 0x00, 0x00, 0x00, 0x00, 0x00, 0x00,
    0x00, 0x00, 0x00, 0x00, 0x00, 0x00, 0x00, 0x00, 0x00, 0x00, 0x00, 0x00,
    0x00, 0x00, 0x00, 0x00, 0x00, 0x00, 0x00, 0x00, 0x00, 0x00, 0x00, 0x00,
    0x00, 0x00, 0x00, 0x00, 0x00, 0x00, 0x00, 0x00, 0x00, 0x00, 0x00, 0x00,
    0x00, 0x00, 0x00, 0x00, 0x00, 0x00, 0x00, 0x00, 0x00, 0x00, 0x00, 0x00,
    0x00, 0x00, 0x00, 0x00, 0x00, 0x00, 0x00, 0x00, 0x00, 0x00, 0x00, 0x00,
    0x00, 0x00, 0x00, 0x00, 0x00, 0x00, 0x00, 0x00, 0x00, 0x00, 0x00, 0x00,
    0x00, 0x00, 0x00, 0x00, 0x00, 0x00, 0x00, 0x00, 0x00, 0x00, 0x00, 0x00,
    0x00, 0x00, 0x00, 0x00, 0x00, 0x00, 0x00, 0x00, 0x00, 0x00, 0x00, 0x00,
    0x00, 0x00, 0x00, 0x00, 0x00, 0x00, 0x00, 0x00, 0x00, 0x00, 0x00, 0x00,
    0x00, 0x00, 0x00, 0x00, 0x00, 0x00, 0x00, 0x00, 0x00, 0x00, 0x00, 0x00,
    0x00, 0x00, 0x00, 0x00, 0x00, 0x00, 0x00, 0x00, 0x00, 0x00, 0x00, 0x00,
    0x00, 0x00, 0x00, 0x00, 0x00, 0x00, 0x00, 0x00, 0x00, 0x00, 0x00, 0x00,
    0x00, 0x00, 0x00, 0x00, 0x00, 0x00, 0x00, 0x00, 0x00, 0x00, 0x00, 0x00,
    0x00, 0x00, 0x00, 0x00, 0x00, 0x00, 0x00, 0x00, 0x00, 0x00, 0x00, 0x00,
    0x00, 0x00, 0x00, 0x00, 0x00, 0x00, 0x00, 0x00, 0x00, 0x00, 0x00, 0x00,
    0x00, 0x00, 0x00, 0x00, 0x00, 0x00, 0x00, 0x00, 0x00, 0x00, 0x00, 0x00,
    0x00, 0x00, 0x00, 0x00, 0x00, 0x00, 0x00, 0x00, 0x00, 0x00, 0x00, 0x00,
    0x00, 0x00, 0x00, 0x00, 0x00, 0x00, 0x00, 0x00, 0x00, 0x00, 0x00, 0x00,
    0x00, 0x00, 0x00, 0x00, 0x00, 0x00, 0x00, 0x00, 0x00, 0x00, 0x00, 0x00,
    0x00, 0x00, 0x00, 0x00, 0x00, 0x00, 0x00, 0x00, 0x00, 0x00, 0x00, 0x00,
    0x00, 0x00, 0x00, 0x00, 0x00, 0x00, 0x00, 0x00, 0x00, 0x00, 0x00, 0x00,
    0x00, 0x00, 0x00, 0x00, 0x00, 0x00, 0x00, 0x00, 0x00, 0x00, 0x00, 0x00,
    0x00, 0x00, 0x00, 0x00, 0x00, 0x00, 0x00, 0x00, 0x00, 0x00, 0x00, 0x00,
    0x00, 0x00, 0x00, 0x00, 0x00, 0x00, 0x00, 0x00, 0x00, 0x00, 0x00, 0x00,
    0x00, 0x00, 0x00, 0x00, 0x00, 0x00, 0x00, 0x00, 0x00, 0x00, 0x00, 0x00,
    0x00, 0x00, 0x00, 0x00, 0x00, 0x00, 0x00, 0x00, 0x00, 0x00, 0x00, 0x00,
    0x00, 0x00, 0x00, 0x00, 0x00, 0x00, 0x00, 0x00, 0x00, 0x00, 0x00, 0x00,
    0x00, 0x00, 0x00, 0x00, 0x00, 0x00, 0x00, 0x00, 0x00, 0x00, 0x00, 0x00,
    0x00, 0x00, 0x00, 0x00, 0x00, 0x00, 0x00, 0x00, 0x00, 0x00, 0x00, 0x00,
    0x00, 0x00, 0x00, 0x00, 0x00, 0x00, 0x00, 0x00, 0x00, 0x00, 0x00, 0x00,
    0x00, 0x00, 0x00, 0x00, 0x00, 0x00, 0x00, 0x00, 0x00, 0x00, 0x00, 0x00,
    0x00, 0x00, 0x00, 0x00, 0x00, 0x00, 0x00, 0x00, 0x00, 0x00, 0x00, 0x00,
    0x00, 0x00, 0x00, 0x00, 0x00, 0x00, 0x00, 0x00, 0x00, 0x00, 0x00, 0x00,
    0x00, 0x00, 0x00, 0x00, 0x00, 0x00, 0x00, 0x00, 0x00, 0x00, 0x00, 0x00,
    0x00, 0x00, 0x00, 0x00, 0x00, 0x00, 0x00, 0x00, 0x00, 0x00, 0x00, 0x00,
    0x00, 0x00, 0x00, 0x00, 0x00, 0x00, 0x00, 0x00, 0x00, 0x00, 0x00, 0x00,
    0x00, 0x00, 0x00, 0x00, 0x00, 0x00, 0x00, 0x00, 0x00, 0x00, 0x00, 0x00,
    0x00, 0x00, 0x00, 0x00, 0x00, 0x00, 0x00, 0x00, 0x00, 0x00, 0x00, 0x00,
    0x00, 0x00, 0x00, 0x00, 0x00, 0x00, 0x00, 0x00, 0x00, 0x00, 0x00, 0x00,
    0x00, 0x00, 0x00, 0x00, 0x00, 0x00, 0x00, 0x00, 0x00, 0x00, 0x00, 0x00,
    0x00, 0x00, 0x00, 0x00, 0x00, 0x00, 0x00, 0x00, 0x00, 0x00, 0x00, 0x00,
    0x00, 0x00, 0x00, 0x00, 0x00, 0x00, 0x00, 0x00, 0x00, 0x00, 0x00, 0x00,
    0x00, 0x00, 0x00, 0x00, 0x00, 0x00, 0x00, 0x00, 0x00, 0x00, 0x00, 0x00,
    0x00, 0x00, 0x00, 0x00, 0x00, 0x00, 0x00, 0x00, 0x00, 0x00, 0x00, 0x00,
    0x00, 0x00, 0x00, 0x00
};
