// 4.24.2 0x9d25b4ad D2 AY R0 FARGB8888 U565 N0 SExtFlashSection
// Generated by imageconverter. Please, do not edit!

#include <touchgfx/hal/Config.hpp>

LOCATION_PRAGMA("ExtFlashSection")
KEEP extern const unsigned char image_icon_theme_images_action_settings_70_70_287f9c_svg[] LOCATION_ATTRIBUTE("ExtFlashSection") = { // 70x70 ARGB8888 pixels.
    0x00, 0x00, 0x00, 0x00, 0x00, 0x00, 0x00, 0x00, 0x00, 0x00, 0x00, 0x00,
    0x00, 0x00, 0x00, 0x00, 0x00, 0x00, 0x00, 0x00, 0x00, 0x00, 0x00, 0x00,
    0x00, 0x00, 0x00, 0x00, 0x00, 0x00, 0x00, 0x00, 0x00, 0x00, 0x00, 0x00,
    0x00, 0x00, 0x00, 0x00, 0x00, 0x00, 0x00, 0x00, 0x00, 0x00, 0x00, 0x00,
    0x00, 0x00, 0x00, 0x00, 0x00, 0x00, 0x00, 0x00, 0x00, 0x00, 0x00, 0x00,
    0x00, 0x00, 0x00, 0x00, 0x00, 0x00, 0x00, 0x00, 0x00, 0x00, 0x00, 0x00,
    0x00, 0x00, 0x00, 0x00, 0x00, 0x00, 0x00, 0x00, 0x00, 0x00, 0x00, 0x00,
    0x00, 0x00, 0x00, 0x00, 0x00, 0x00, 0x00, 0x00, 0x00, 0x00, 0x00, 0x00,
    0x00, 0x00, 0x00, 0x00, 0x00, 0x00, 0x00, 0x00, 0x00, 0x00, 0x00, 0x00,
    0x00, 0x00, 0x00, 0x00, 0x00, 0x00, 0x00, 0x00, 0x00, 0x00, 0x00, 0x00,
    0x00, 0x00, 0x00, 0x00, 0x00, 0x00, 0x00, 0x00, 0x00, 0x00, 0x00, 0x00,
    0x00, 0x00, 0x00, 0x00, 0x00, 0x00, 0x00, 0x00, 0x00, 0x00, 0x00, 0x00,
    0x00, 0x00, 0x00, 0x00, 0x00, 0x00, 0x00, 0x00, 0x00, 0x00, 0x00, 0x00,
    0x00, 0x00, 0x00, 0x00, 0x00, 0x00, 0x00, 0x00, 0x00, 0x00, 0x00, 0x00,
    0x00, 0x00, 0x00, 0x00, 0x00, 0x00, 0x00, 0x00, 0x00, 0x00, 0x00, 0x00,
    0x00, 0x00, 0x00, 0x00, 0x00, 0x00, 0x00, 0x00, 0x00, 0x00, 0x00, 0x00,
    0x00, 0x00, 0x00, 0x00, 0x00, 0x00, 0x00, 0x00, 0x00, 0x00, 0x00, 0x00,
    0x00, 0x00, 0x00, 0x00, 0x00, 0x00, 0x00, 0x00, 0x00, 0x00, 0x00, 0x00,
    0x00, 0x00, 0x00, 0x00, 0x00, 0x00, 0x00, 0x00, 0x00, 0x00, 0x00, 0x00,
    0x00, 0x00, 0x00, 0x00, 0x00, 0x00, 0x00, 0x00, 0x00, 0x00, 0x00, 0x00,
    0x00, 0x00, 0x00, 0x00, 0x00, 0x00, 0x00, 0x00, 0x00, 0x00, 0x00, 0x00,
    0x00, 0x00, 0x00, 0x00, 0x00, 0x00, 0x00, 0x00, 0x00, 0x00, 0x00, 0x00,
    0x00, 0x00, 0x00, 0x00, 0x00, 0x00, 0x00, 0x00, 0x00, 0x00, 0x00, 0x00,
    0x00, 0x00, 0x00, 0x00, 0x00, 0x00, 0x00, 0x00, 0x00, 0x00, 0x00, 0x00,
    0x00, 0x00, 0x00, 0x00, 0x00, 0x00, 0x00, 0x00, 0x00, 0x00, 0x00, 0x00,
    0x00, 0x00, 0x00, 0x00, 0x00, 0x00, 0x00, 0x00, 0x00, 0x00, 0x00, 0x00,
    0x00, 0x00, 0x00, 0x00, 0x00, 0x00, 0x00, 0x00, 0x00, 0x00, 0x00, 0x00,
    0x00, 0x00, 0x00, 0x00, 0x00, 0x00, 0x00, 0x00, 0x00, 0x00, 0x00, 0x00,
    0x00, 0x00, 0x00, 0x00, 0x00, 0x00, 0x00, 0x00, 0x00, 0x00, 0x00, 0x00,
    0x00, 0x00, 0x00, 0x00, 0x00, 0x00, 0x00, 0x00, 0x00, 0x00, 0x00, 0x00,
    0x00, 0x00, 0x00, 0x00, 0x00, 0x00, 0x00, 0x00, 0x00, 0x00, 0x00, 0x00,
    0x00, 0x00, 0x00, 0x00, 0x00, 0x00, 0x00, 0x00, 0x00, 0x00, 0x00, 0x00,
    0x00, 0x00, 0x00, 0x00, 0x00, 0x00, 0x00, 0x00, 0x00, 0x00, 0x00, 0x00,
    0x00, 0x00, 0x00, 0x00, 0x00, 0x00, 0x00, 0x00, 0x00, 0x00, 0x00, 0x00,
    0x00, 0x00, 0x00, 0x00, 0x00, 0x00, 0x00, 0x00, 0x00, 0x00, 0x00, 0x00,
    0x00, 0x00, 0x00, 0x00, 0x00, 0x00, 0x00, 0x00, 0x00, 0x00, 0x00, 0x00,
    0x00, 0x00, 0x00, 0x00, 0x00, 0x00, 0x00, 0x00, 0x00, 0x00, 0x00, 0x00,
    0x00, 0x00, 0x00, 0x00, 0x00, 0x00, 0x00, 0x00, 0x00, 0x00, 0x00, 0x00,
    0x00, 0x00, 0x00, 0x00, 0x00, 0x00, 0x00, 0x00, 0x00, 0x00, 0x00, 0x00,
    0x00, 0x00, 0x00, 0x00, 0x00, 0x00, 0x00, 0x00, 0x00, 0x00, 0x00, 0x00,
    0x00, 0x00, 0x00, 0x00, 0x00, 0x00, 0x00, 0x00, 0x00, 0x00, 0x00, 0x00,
    0x00, 0x00, 0x00, 0x00, 0x00, 0x00, 0x00, 0x00, 0x00, 0x00, 0x00, 0x00,
    0x00, 0x00, 0x00, 0x00, 0x00, 0x00, 0x00, 0x00, 0x00, 0x00, 0x00, 0x00,
    0x00, 0x00, 0x00, 0x00, 0x00, 0x00, 0x00, 0x00, 0x00, 0x00, 0x00, 0x00,
    0x00, 0x00, 0x00, 0x00, 0x00, 0x00, 0x00, 0x00, 0x00, 0x00, 0x00, 0x00,
    0x00, 0x00, 0x00, 0x00, 0x00, 0x00, 0x00, 0x00, 0x00, 0x00, 0x00, 0x00,
    0x00, 0x00, 0x00, 0x00, 0x00, 0x00, 0x00, 0x00, 0x00, 0x00, 0x00, 0x00,
    0x00, 0x00, 0x00, 0x00, 0x00, 0x00, 0x00, 0x00, 0x00, 0x00, 0x00, 0x00,
    0x00, 0x00, 0x00, 0x00, 0x00, 0x00, 0x00, 0x00, 0x00, 0x00, 0x00, 0x00,
    0x00, 0x00, 0x00, 0x00, 0x00, 0x00, 0x00, 0x00, 0x00, 0x00, 0x00, 0x00,
    0x00, 0x00, 0x00, 0x00, 0x00, 0x00, 0x00, 0x00, 0x00, 0x00, 0x00, 0x00,
    0x00, 0x00, 0x00, 0x00, 0x00, 0x00, 0x00, 0x00, 0x00, 0x00, 0x00, 0x00,
    0x00, 0x00, 0x00, 0x00, 0x00, 0x00, 0x00, 0x00, 0x00, 0x00, 0x00, 0x00,
    0x00, 0x00, 0x00, 0x00, 0x00, 0x00, 0x00, 0x00, 0x00, 0x00, 0x00, 0x00,
    0x00, 0x00, 0x00, 0x00, 0x00, 0x00, 0x00, 0x00, 0x00, 0x00, 0x00, 0x00,
    0x00, 0x00, 0x00, 0x00, 0x00, 0x00, 0x00, 0x00, 0x00, 0x00, 0x00, 0x00,
    0x00, 0x00, 0x00, 0x00, 0x00, 0x00, 0x00, 0x00, 0x00, 0x00, 0x00, 0x00,
    0x00, 0x00, 0x00, 0x00, 0x00, 0x00, 0x00, 0x00, 0x00, 0x00, 0x00, 0x00,
    0x00, 0x00, 0x00, 0x00, 0x00, 0x00, 0x00, 0x00, 0x00, 0x00, 0x00, 0x00,
    0x00, 0x00, 0x00, 0x00, 0x00, 0x00, 0x00, 0x00, 0x00, 0x00, 0x00, 0x00,
    0x00, 0x00, 0x00, 0x00, 0x00, 0x00, 0x00, 0x00, 0x00, 0x00, 0x00, 0x00,
    0x00, 0x00, 0x00, 0x00, 0x00, 0x00, 0x00, 0x00, 0x00, 0x00, 0x00, 0x00,
    0x00, 0x00, 0x00, 0x00, 0x00, 0x00, 0x00, 0x00, 0x00, 0x00, 0x00, 0x00,
    0x00, 0x00, 0x00, 0x00, 0x00, 0x00, 0x00, 0x00, 0x00, 0x00, 0x00, 0x00,
    0x00, 0x00, 0x00, 0x00, 0x00, 0x00, 0x00, 0x00, 0x00, 0x00, 0x00, 0x00,
    0x00, 0x00, 0x00, 0x00, 0x00, 0x00, 0x00, 0x00, 0x00, 0x00, 0x00, 0x00,
    0x00, 0x00, 0x00, 0x00, 0x00, 0x00, 0x00, 0x00, 0x00, 0x00, 0x00, 0x00,
    0x00, 0x00, 0x00, 0x00, 0x00, 0x00, 0x00, 0x00, 0x00, 0x00, 0x00, 0x00,
    0x00, 0x00, 0x00, 0x00, 0x00, 0x00, 0x00, 0x00, 0x00, 0x00, 0x00, 0x00,
    0x00, 0x00, 0x00, 0x00, 0x00, 0x00, 0x00, 0x00, 0x00, 0x00, 0x00, 0x00,
    0x00, 0x00, 0x00, 0x00, 0x00, 0x00, 0x00, 0x00, 0x00, 0x00, 0x00, 0x00,
    0x00, 0x00, 0x00, 0x00, 0x00, 0x00, 0x00, 0x00, 0x00, 0x00, 0x00, 0x00,
    0x00, 0x00, 0x00, 0x00, 0x00, 0x00, 0x00, 0x00, 0x00, 0x00, 0x00, 0x00,
    0x00, 0x00, 0x00, 0x00, 0x00, 0x00, 0x00, 0x00, 0x00, 0x00, 0x00, 0x00,
    0x00, 0x00, 0x00, 0x00, 0x00, 0x00, 0x00, 0x00, 0x00, 0x00, 0x00, 0x00,
    0x00, 0x00, 0x00, 0x00, 0x00, 0x00, 0x00, 0x00, 0x00, 0x00, 0x00, 0x00,
    0x00, 0x00, 0x00, 0x00, 0x00, 0x00, 0x00, 0x00, 0x00, 0x00, 0x00, 0x00,
    0x00, 0x00, 0x00, 0x00, 0x00, 0x00, 0x00, 0x00, 0x00, 0x00, 0x00, 0x00,
    0x00, 0x00, 0x00, 0x00, 0x00, 0x00, 0x00, 0x00, 0x00, 0x00, 0x00, 0x00,
    0x00, 0x00, 0x00, 0x00, 0x00, 0x00, 0x00, 0x00, 0x00, 0x00, 0x00, 0x00,
    0x00, 0x00, 0x00, 0x00, 0x00, 0x00, 0x00, 0x00, 0x00, 0x00, 0x00, 0x00,
    0x00, 0x00, 0x00, 0x00, 0x00, 0x00, 0x00, 0x00, 0x00, 0x00, 0x00, 0x00,
    0x00, 0x00, 0x00, 0x00, 0x00, 0x00, 0x00, 0x00, 0x00, 0x00, 0x00, 0x00,
    0x00, 0x00, 0x00, 0x00, 0x00, 0x00, 0x00, 0x00, 0x00, 0x00, 0x00, 0x00,
    0x00, 0x00, 0x00, 0x00, 0x00, 0x00, 0x00, 0x00, 0x00, 0x00, 0x00, 0x00,
    0x00, 0x00, 0x00, 0x00, 0x00, 0x00, 0x00, 0x00, 0x00, 0x00, 0x00, 0x00,
    0x00, 0x00, 0x00, 0x00, 0x00, 0x00, 0x00, 0x00, 0x00, 0x00, 0x00, 0x00,
    0x00, 0x00, 0x00, 0x00, 0x00, 0x00, 0x00, 0x00, 0x00, 0x00, 0x00, 0x00,
    0x00, 0x00, 0x00, 0x00, 0x00, 0x00, 0x00, 0x00, 0x00, 0x00, 0x00, 0x00,
    0x00, 0x00, 0x00, 0x00, 0x00, 0x00, 0x00, 0x00, 0x00, 0x00, 0x00, 0x00,
    0x00, 0x00, 0x00, 0x00, 0x00, 0x00, 0x00, 0x00, 0x00, 0x00, 0x00, 0x00,
    0x00, 0x00, 0x00, 0x00, 0x00, 0x00, 0x00, 0x00, 0x00, 0x00, 0x00, 0x00,
    0x00, 0x00, 0x00, 0x00, 0x00, 0x00, 0x00, 0x00, 0x00, 0x00, 0x00, 0x00,
    0x00, 0x00, 0x00, 0x00, 0x00, 0x00, 0x00, 0x00, 0x00, 0x00, 0x00, 0x00,
    0x00, 0x00, 0x00, 0x00, 0x00, 0x00, 0x00, 0x00, 0x00, 0x00, 0x00, 0x00,
    0x00, 0x00, 0x00, 0x00, 0x00, 0x00, 0x00, 0x00, 0x00, 0x00, 0x00, 0x00,
    0x00, 0x00, 0x00, 0x00, 0x00, 0x00, 0x00, 0x00, 0x00, 0x00, 0x00, 0x00,
    0x00, 0x00, 0x00, 0x00, 0x00, 0x00, 0x00, 0x00, 0x00, 0x00, 0x00, 0x00,
    0x00, 0x00, 0x00, 0x00, 0x00, 0x00, 0x00, 0x00, 0x00, 0x00, 0x00, 0x00,
    0x00, 0x00, 0x00, 0x00, 0x00, 0x00, 0x00, 0x00, 0x00, 0x00, 0x00, 0x00,
    0x00, 0x00, 0x00, 0x00, 0x00, 0x00, 0x00, 0x00, 0x00, 0x00, 0x00, 0x00,
    0x00, 0x00, 0x00, 0x00, 0x00, 0x00, 0x00, 0x00, 0x00, 0x00, 0x00, 0x00,
    0x00, 0x00, 0x00, 0x00, 0x00, 0x00, 0x00, 0x00, 0x00, 0x00, 0x00, 0x00,
    0x00, 0x00, 0x00, 0x00, 0x00, 0x00, 0x00, 0x00, 0x00, 0x00, 0x00, 0x00,
    0x00, 0x00, 0x00, 0x00, 0x00, 0x00, 0x00, 0x00, 0x00, 0x00, 0x00, 0x00,
    0x00, 0x00, 0x00, 0x00, 0x00, 0x00, 0x00, 0x00, 0x00, 0x00, 0x00, 0x00,
    0x00, 0x00, 0x00, 0x00, 0x00, 0x00, 0x00, 0x00, 0x00, 0x00, 0x00, 0x00,
    0x00, 0x00, 0x00, 0x00, 0x00, 0x00, 0x00, 0x00, 0x00, 0x00, 0x00, 0x00,
    0x00, 0x00, 0x00, 0x00, 0x00, 0x00, 0x00, 0x00, 0x00, 0x00, 0x00, 0x00,
    0x00, 0x00, 0x00, 0x00, 0x00, 0x00, 0x00, 0x00, 0x00, 0x00, 0x00, 0x00,
    0x00, 0x00, 0x00, 0x00, 0x00, 0x00, 0x00, 0x00, 0x00, 0x00, 0x00, 0x00,
    0x00, 0x00, 0x00, 0x00, 0x00, 0x00, 0x00, 0x00, 0x00, 0x00, 0x00, 0x00,
    0x00, 0x00, 0x00, 0x00, 0x00, 0x00, 0x00, 0x00, 0x00, 0x00, 0x00, 0x00,
    0x00, 0x00, 0x00, 0x00, 0x00, 0x00, 0x00, 0x00, 0x00, 0x00, 0x00, 0x00,
    0x00, 0x00, 0x00, 0x00, 0x00, 0x00, 0x00, 0x00, 0x00, 0x00, 0x00, 0x00,
    0x00, 0x00, 0x00, 0x00, 0x00, 0x00, 0x00, 0x00, 0x00, 0x00, 0x00, 0x00,
    0x00, 0x00, 0x00, 0x00, 0x00, 0x00, 0x00, 0x00, 0x00, 0x00, 0x00, 0x00,
    0x00, 0x00, 0x00, 0x00, 0x00, 0x00, 0x00, 0x00, 0x00, 0x00, 0x00, 0x00,
    0x00, 0x00, 0x00, 0x00, 0x00, 0x00, 0x00, 0x00, 0x00, 0x00, 0x00, 0x00,
    0x00, 0x00, 0x00, 0x00, 0x00, 0x00, 0x00, 0x00, 0x00, 0x00, 0x00, 0x00,
    0x00, 0x00, 0x00, 0x00, 0x00, 0x00, 0x00, 0x00, 0x00, 0x00, 0x00, 0x00,
    0x00, 0x00, 0x00, 0x00, 0x00, 0x00, 0x00, 0x00, 0x00, 0x00, 0x00, 0x00,
    0x00, 0x00, 0x00, 0x00, 0x00, 0x00, 0x00, 0x00, 0x00, 0x00, 0x00, 0x00,
    0x00, 0x00, 0x00, 0x00, 0x00, 0x00, 0x00, 0x00, 0x00, 0x00, 0x00, 0x00,
    0x00, 0x00, 0x00, 0x00, 0x00, 0x00, 0x00, 0x00, 0x00, 0x00, 0x00, 0x00,
    0x00, 0x00, 0x00, 0x00, 0x00, 0x00, 0x00, 0x00, 0xa0, 0x80, 0x30, 0x10,
    0x98, 0x80, 0x28, 0x41, 0x98, 0x80, 0x28, 0x41, 0x98, 0x80, 0x28, 0x3c,
    0x98, 0x80, 0x28, 0x41, 0x98, 0x80, 0x28, 0x41, 0x98, 0x80, 0x28, 0x41,
    0x98, 0x80, 0x28, 0x3c, 0x98, 0x80, 0x28, 0x41, 0x98, 0x80, 0x28, 0x41,
    0x98, 0x80, 0x28, 0x41, 0x98, 0x80, 0x28, 0x3c, 0x98, 0x80, 0x28, 0x28,
    0x00, 0x00, 0x00, 0x00, 0x00, 0x00, 0x00, 0x00, 0x00, 0x00, 0x00, 0x00,
    0x00, 0x00, 0x00, 0x00, 0x00, 0x00, 0x00, 0x00, 0x00, 0x00, 0x00, 0x00,
    0x00, 0x00, 0x00, 0x00, 0x00, 0x00, 0x00, 0x00, 0x00, 0x00, 0x00, 0x00,
    0x00, 0x00, 0x00, 0x00, 0x00, 0x00, 0x00, 0x00, 0x00, 0x00, 0x00, 0x00,
    0x00, 0x00, 0x00, 0x00, 0x00, 0x00, 0x00, 0x00, 0x00, 0x00, 0x00, 0x00,
    0x00, 0x00, 0x00, 0x00, 0x00, 0x00, 0x00, 0x00, 0x00, 0x00, 0x00, 0x00,
    0x00, 0x00, 0x00, 0x00, 0x00, 0x00, 0x00, 0x00, 0x00, 0x00, 0x00, 0x00,
    0x00, 0x00, 0x00, 0x00, 0x00, 0x00, 0x00, 0x00, 0x00, 0x00, 0x00, 0x00,
    0x00, 0x00, 0x00, 0x00, 0x00, 0x00, 0x00, 0x00, 0x00, 0x00, 0x00, 0x00,
    0x00, 0x00, 0x00, 0x00, 0x00, 0x00, 0x00, 0x00, 0x00, 0x00, 0x00, 0x00,
    0x00, 0x00, 0x00, 0x00, 0x00, 0x00, 0x00, 0x00, 0x00, 0x00, 0x00, 0x00,
    0x00, 0x00, 0x00, 0x00, 0x00, 0x00, 0x00, 0x00, 0x00, 0x00, 0x00, 0x00,
    0x00, 0x00, 0x00, 0x00, 0x00, 0x00, 0x00, 0x00, 0x00, 0x00, 0x00, 0x00,
    0x00, 0x00, 0x00, 0x00, 0x00, 0x00, 0x00, 0x00, 0x00, 0x00, 0x00, 0x00,
    0x00, 0x00, 0x00, 0x00, 0x00, 0x00, 0x00, 0x00, 0x00, 0x00, 0x00, 0x00,
    0x00, 0x00, 0x00, 0x00, 0x00, 0x00, 0x00, 0x00, 0x00, 0x00, 0x00, 0x00,
    0x00, 0x00, 0x00, 0x00, 0x00, 0x00, 0x00, 0x00, 0x00, 0x00, 0x00, 0x00,
    0x00, 0x00, 0x00, 0x00, 0x00, 0x00, 0x00, 0x00, 0x00, 0x00, 0x00, 0x00,
    0x00, 0x00, 0x00, 0x00, 0x00, 0x00, 0x00, 0x00, 0xa0, 0x80, 0x28, 0x18,
    0x98, 0x7c, 0x28, 0xf3, 0xa0, 0x80, 0x28, 0xff, 0xa0, 0x7c, 0x28, 0xff,
    0xa0, 0x80, 0x28, 0xff, 0xa0, 0x7c, 0x28, 0xff, 0xa0, 0x80, 0x28, 0xff,
    0xa0, 0x7c, 0x28, 0xff, 0xa0, 0x80, 0x28, 0xff, 0xa0, 0x7c, 0x28, 0xff,
    0xa0, 0x80, 0x28, 0xff, 0xa0, 0x7c, 0x28, 0xff, 0xa0, 0x80, 0x28, 0xff,
    0x98, 0x80, 0x28, 0xff, 0x98, 0x7c, 0x28, 0x6d, 0x00, 0x00, 0x00, 0x00,
    0x00, 0x00, 0x00, 0x00, 0x00, 0x00, 0x00, 0x00, 0x00, 0x00, 0x00, 0x00,
    0x00, 0x00, 0x00, 0x00, 0x00, 0x00, 0x00, 0x00, 0x00, 0x00, 0x00, 0x00,
    0x00, 0x00, 0x00, 0x00, 0x00, 0x00, 0x00, 0x00, 0x00, 0x00, 0x00, 0x00,
    0x00, 0x00, 0x00, 0x00, 0x00, 0x00, 0x00, 0x00, 0x00, 0x00, 0x00, 0x00,
    0x00, 0x00, 0x00, 0x00, 0x00, 0x00, 0x00, 0x00, 0x00, 0x00, 0x00, 0x00,
    0x00, 0x00, 0x00, 0x00, 0x00, 0x00, 0x00, 0x00, 0x00, 0x00, 0x00, 0x00,
    0x00, 0x00, 0x00, 0x00, 0x00, 0x00, 0x00, 0x00, 0x00, 0x00, 0x00, 0x00,
    0x00, 0x00, 0x00, 0x00, 0x00, 0x00, 0x00, 0x00, 0x00, 0x00, 0x00, 0x00,
    0x00, 0x00, 0x00, 0x00, 0x00, 0x00, 0x00, 0x00, 0x00, 0x00, 0x00, 0x00,
    0x00, 0x00, 0x00, 0x00, 0x00, 0x00, 0x00, 0x00, 0x00, 0x00, 0x00, 0x00,
    0x00, 0x00, 0x00, 0x00, 0x00, 0x00, 0x00, 0x00, 0x00, 0x00, 0x00, 0x00,
    0x00, 0x00, 0x00, 0x00, 0x00, 0x00, 0x00, 0x00, 0x00, 0x00, 0x00, 0x00,
    0x00, 0x00, 0x00, 0x00, 0x00, 0x00, 0x00, 0x00, 0x00, 0x00, 0x00, 0x00,
    0x00, 0x00, 0x00, 0x00, 0x00, 0x00, 0x00, 0x00, 0x00, 0x00, 0x00, 0x00,
    0x00, 0x00, 0x00, 0x00, 0x00, 0x00, 0x00, 0x00, 0x00, 0x00, 0x00, 0x00,
    0x00, 0x00, 0x00, 0x00, 0x00, 0x00, 0x00, 0x00, 0x00, 0x00, 0x00, 0x00,
    0x00, 0x00, 0x00, 0x00, 0x00, 0x00, 0x00, 0x00, 0x00, 0x00, 0x00, 0x00,
    0x00, 0x00, 0x00, 0x00, 0x00, 0x00, 0x00, 0x00, 0x00, 0x00, 0x00, 0x00,
    0x98, 0x80, 0x28, 0x55, 0xa0, 0x80, 0x28, 0xff, 0x98, 0x7c, 0x28, 0xff,
    0x98, 0x80, 0x28, 0xff, 0xa0, 0x80, 0x28, 0xff, 0x98, 0x80, 0x28, 0xff,
    0x98, 0x7c, 0x28, 0xff, 0xa0, 0x80, 0x28, 0xff, 0x98, 0x80, 0x28, 0xff,
    0x98, 0x80, 0x28, 0xff, 0xa0, 0x7c, 0x28, 0xff, 0x98, 0x80, 0x28, 0xff,
    0xa0, 0x80, 0x28, 0xff, 0xa0, 0x7c, 0x28, 0xff, 0x98, 0x7c, 0x28, 0xc7,
    0x00, 0x00, 0x00, 0x00, 0x00, 0x00, 0x00, 0x00, 0x00, 0x00, 0x00, 0x00,
    0x00, 0x00, 0x00, 0x00, 0x00, 0x00, 0x00, 0x00, 0x00, 0x00, 0x00, 0x00,
    0x00, 0x00, 0x00, 0x00, 0x00, 0x00, 0x00, 0x00, 0x00, 0x00, 0x00, 0x00,
    0x00, 0x00, 0x00, 0x00, 0x00, 0x00, 0x00, 0x00, 0x00, 0x00, 0x00, 0x00,
    0x00, 0x00, 0x00, 0x00, 0x00, 0x00, 0x00, 0x00, 0x00, 0x00, 0x00, 0x00,
    0x00, 0x00, 0x00, 0x00, 0x00, 0x00, 0x00, 0x00, 0x00, 0x00, 0x00, 0x00,
    0x00, 0x00, 0x00, 0x00, 0x00, 0x00, 0x00, 0x00, 0x00, 0x00, 0x00, 0x00,
    0x00, 0x00, 0x00, 0x00, 0x00, 0x00, 0x00, 0x00, 0x00, 0x00, 0x00, 0x00,
    0x00, 0x00, 0x00, 0x00, 0x00, 0x00, 0x00, 0x00, 0x00, 0x00, 0x00, 0x00,
    0x00, 0x00, 0x00, 0x00, 0x00, 0x00, 0x00, 0x00, 0x00, 0x00, 0x00, 0x00,
    0x00, 0x00, 0x00, 0x00, 0x00, 0x00, 0x00, 0x00, 0x00, 0x00, 0x00, 0x00,
    0x00, 0x00, 0x00, 0x00, 0x00, 0x00, 0x00, 0x00, 0x00, 0x00, 0x00, 0x00,
    0x00, 0x00, 0x00, 0x00, 0x00, 0x00, 0x00, 0x00, 0x00, 0x00, 0x00, 0x00,
    0x00, 0x00, 0x00, 0x00, 0x00, 0x00, 0x00, 0x00, 0x00, 0x00, 0x00, 0x00,
    0x00, 0x00, 0x00, 0x00, 0x00, 0x00, 0x00, 0x00, 0x00, 0x00, 0x00, 0x00,
    0x00, 0x00, 0x00, 0x00, 0x00, 0x00, 0x00, 0x00, 0x00, 0x00, 0x00, 0x00,
    0x00, 0x00, 0x00, 0x00, 0x00, 0x00, 0x00, 0x00, 0x00, 0x00, 0x00, 0x00,
    0x00, 0x00, 0x00, 0x00, 0x00, 0x00, 0x00, 0x00, 0x00, 0x00, 0x00, 0x00,
    0x00, 0x00, 0x00, 0x00, 0x98, 0x80, 0x28, 0x75, 0xa0, 0x80, 0x28, 0xff,
    0x98, 0x80, 0x28, 0xff, 0x98, 0x80, 0x28, 0xff, 0xa0, 0x80, 0x28, 0xff,
    0x98, 0x80, 0x28, 0xff, 0x98, 0x80, 0x28, 0xff, 0xa0, 0x80, 0x28, 0xff,
    0x98, 0x80, 0x28, 0xff, 0x98, 0x80, 0x28, 0xff, 0xa0, 0x80, 0x28, 0xff,
    0x98, 0x80, 0x28, 0xff, 0x98, 0x80, 0x28, 0xff, 0xa0, 0x80, 0x28, 0xff,
    0x98, 0x7c, 0x28, 0xe7, 0x00, 0x00, 0x00, 0x00, 0x00, 0x00, 0x00, 0x00,
    0x00, 0x00, 0x00, 0x00, 0x00, 0x00, 0x00, 0x00, 0x00, 0x00, 0x00, 0x00,
    0x00, 0x00, 0x00, 0x00, 0x00, 0x00, 0x00, 0x00, 0x00, 0x00, 0x00, 0x00,
    0x00, 0x00, 0x00, 0x00, 0x00, 0x00, 0x00, 0x00, 0x00, 0x00, 0x00, 0x00,
    0x00, 0x00, 0x00, 0x00, 0x00, 0x00, 0x00, 0x00, 0x00, 0x00, 0x00, 0x00,
    0x00, 0x00, 0x00, 0x00, 0x00, 0x00, 0x00, 0x00, 0x00, 0x00, 0x00, 0x00,
    0x00, 0x00, 0x00, 0x00, 0x00, 0x00, 0x00, 0x00, 0x00, 0x00, 0x00, 0x00,
    0x00, 0x00, 0x00, 0x00, 0x00, 0x00, 0x00, 0x00, 0x00, 0x00, 0x00, 0x00,
    0x00, 0x00, 0x00, 0x00, 0x00, 0x00, 0x00, 0x00, 0x00, 0x00, 0x00, 0x00,
    0x00, 0x00, 0x00, 0x00, 0x00, 0x00, 0x00, 0x00, 0x00, 0x00, 0x00, 0x00,
    0x00, 0x00, 0x00, 0x00, 0x00, 0x00, 0x00, 0x00, 0x00, 0x00, 0x00, 0x00,
    0x00, 0x00, 0x00, 0x00, 0x00, 0x00, 0x00, 0x00, 0x00, 0x00, 0x00, 0x00,
    0x00, 0x00, 0x00, 0x00, 0x00, 0x00, 0x00, 0x00, 0x00, 0x00, 0x00, 0x00,
    0x00, 0x00, 0x00, 0x00, 0x00, 0x00, 0x00, 0x00, 0x00, 0x00, 0x00, 0x00,
    0x00, 0x00, 0x00, 0x00, 0x00, 0x00, 0x00, 0x00, 0x00, 0x00, 0x00, 0x00,
    0x00, 0x00, 0x00, 0x00, 0x00, 0x00, 0x00, 0x00, 0x00, 0x00, 0x00, 0x00,
    0x00, 0x00, 0x00, 0x00, 0x00, 0x00, 0x00, 0x00, 0x00, 0x00, 0x00, 0x00,
    0x00, 0x00, 0x00, 0x00, 0x00, 0x00, 0x00, 0x00, 0x00, 0x00, 0x00, 0x00,
    0x00, 0x00, 0x00, 0x00, 0x00, 0x00, 0x00, 0x00, 0x98, 0x7c, 0x28, 0xa6,
    0xa0, 0x80, 0x28, 0xff, 0xa0, 0x7c, 0x28, 0xff, 0xa0, 0x80, 0x28, 0xff,
    0x98, 0x7c, 0x28, 0xff, 0xa0, 0x7c, 0x28, 0xff, 0xa0, 0x80, 0x28, 0xff,
    0xa0, 0x7c, 0x28, 0xff, 0x98, 0x80, 0x28, 0xff, 0xa0, 0x7c, 0x28, 0xff,
    0xa0, 0x80, 0x28, 0xff, 0x98, 0x7c, 0x28, 0xff, 0xa0, 0x80, 0x28, 0xff,
    0x98, 0x80, 0x28, 0xff, 0xa0, 0x80, 0x28, 0xff, 0xa0, 0x80, 0x30, 0x10,
    0x00, 0x00, 0x00, 0x00, 0x00, 0x00, 0x00, 0x00, 0x00, 0x00, 0x00, 0x00,
    0x00, 0x00, 0x00, 0x00, 0x00, 0x00, 0x00, 0x00, 0x00, 0x00, 0x00, 0x00,
    0x00, 0x00, 0x00, 0x00, 0x00, 0x00, 0x00, 0x00, 0x00, 0x00, 0x00, 0x00,
    0x00, 0x00, 0x00, 0x00, 0x00, 0x00, 0x00, 0x00, 0x00, 0x00, 0x00, 0x00,
    0x00, 0x00, 0x00, 0x00, 0x00, 0x00, 0x00, 0x00, 0x00, 0x00, 0x00, 0x00,
    0x00, 0x00, 0x00, 0x00, 0x00, 0x00, 0x00, 0x00, 0x00, 0x00, 0x00, 0x00,
    0x00, 0x00, 0x00, 0x00, 0x00, 0x00, 0x00, 0x00, 0x00, 0x00, 0x00, 0x00,
    0x00, 0x00, 0x00, 0x00, 0x00, 0x00, 0x00, 0x00, 0x00, 0x00, 0x00, 0x00,
    0x00, 0x00, 0x00, 0x00, 0x00, 0x00, 0x00, 0x00, 0x00, 0x00, 0x00, 0x00,
    0x00, 0x00, 0x00, 0x00, 0x00, 0x00, 0x00, 0x00, 0x00, 0x00, 0x00, 0x00,
    0x00, 0x00, 0x00, 0x00, 0x00, 0x00, 0x00, 0x00, 0x00, 0x00, 0x00, 0x00,
    0x00, 0x00, 0x00, 0x00, 0x00, 0x00, 0x00, 0x00, 0x00, 0x00, 0x00, 0x00,
    0x00, 0x00, 0x00, 0x00, 0x00, 0x00, 0x00, 0x00, 0x00, 0x00, 0x00, 0x00,
    0x00, 0x00, 0x00, 0x00, 0x00, 0x00, 0x00, 0x00, 0x00, 0x00, 0x00, 0x00,
    0x00, 0x00, 0x00, 0x00, 0x00, 0x00, 0x00, 0x00, 0x00, 0x00, 0x00, 0x00,
    0x00, 0x00, 0x00, 0x00, 0x00, 0x00, 0x00, 0x00, 0x00, 0x00, 0x00, 0x00,
    0x00, 0x00, 0x00, 0x00, 0x00, 0x00, 0x00, 0x00, 0x00, 0x00, 0x00, 0x00,
    0x00, 0x00, 0x00, 0x00, 0x00, 0x00, 0x00, 0x00, 0x00, 0x00, 0x00, 0x00,
    0xa0, 0x7c, 0x28, 0xc7, 0x98, 0x80, 0x28, 0xff, 0x98, 0x80, 0x28, 0xff,
    0xa0, 0x80, 0x28, 0xff, 0x98, 0x80, 0x28, 0xff, 0x98, 0x80, 0x28, 0xff,
    0xa0, 0x80, 0x28, 0xff, 0x98, 0x80, 0x28, 0xff, 0x98, 0x7c, 0x28, 0xff,
    0xa0, 0x80, 0x28, 0xff, 0x98, 0x80, 0x28, 0xff, 0xa0, 0x80, 0x28, 0xff,
    0x98, 0x7c, 0x28, 0xff, 0xa0, 0x80, 0x28, 0xff, 0x98, 0x80, 0x28, 0xff,
    0x98, 0x80, 0x28, 0x30, 0x00, 0x00, 0x00, 0x00, 0x00, 0x00, 0x00, 0x00,
    0x00, 0x00, 0x00, 0x00, 0x00, 0x00, 0x00, 0x00, 0x00, 0x00, 0x00, 0x00,
    0x00, 0x00, 0x00, 0x00, 0x00, 0x00, 0x00, 0x00, 0x00, 0x00, 0x00, 0x00,
    0x00, 0x00, 0x00, 0x00, 0x00, 0x00, 0x00, 0x00, 0x00, 0x00, 0x00, 0x00,
    0x00, 0x00, 0x00, 0x00, 0x00, 0x00, 0x00, 0x00, 0x00, 0x00, 0x00, 0x00,
    0x00, 0x00, 0x00, 0x00, 0x00, 0x00, 0x00, 0x00, 0x00, 0x00, 0x00, 0x00,
    0x00, 0x00, 0x00, 0x00, 0x00, 0x00, 0x00, 0x00, 0x00, 0x00, 0x00, 0x00,
    0x00, 0x00, 0x00, 0x00, 0x00, 0x00, 0x00, 0x00, 0x00, 0x00, 0x00, 0x00,
    0x00, 0x00, 0x00, 0x00, 0x00, 0x00, 0x00, 0x00, 0x00, 0x00, 0x00, 0x00,
    0x00, 0x00, 0x00, 0x00, 0x00, 0x00, 0x00, 0x00, 0x00, 0x00, 0x00, 0x00,
    0x00, 0x00, 0x00, 0x00, 0x00, 0x00, 0x00, 0x00, 0x00, 0x00, 0x00, 0x00,
    0x00, 0x00, 0x00, 0x00, 0x00, 0x00, 0x00, 0x00, 0x00, 0x00, 0x00, 0x00,
    0x00, 0x00, 0x00, 0x00, 0x00, 0x00, 0x00, 0x00, 0x00, 0x00, 0x00, 0x00,
    0x00, 0x00, 0x00, 0x00, 0x00, 0x00, 0x00, 0x00, 0x00, 0x00, 0x00, 0x00,
    0x00, 0x00, 0x00, 0x00, 0x00, 0x00, 0x00, 0x00, 0x00, 0x00, 0x00, 0x00,
    0x00, 0x00, 0x00, 0x00, 0x00, 0x00, 0x00, 0x00, 0x00, 0x00, 0x00, 0x00,
    0x00, 0x00, 0x00, 0x00, 0x00, 0x00, 0x00, 0x00, 0x00, 0x00, 0x00, 0x00,
    0x00, 0x00, 0x00, 0x00, 0x00, 0x00, 0x00, 0x00, 0x00, 0x00, 0x00, 0x00,
    0x00, 0x00, 0x00, 0x00, 0x98, 0x7c, 0x28, 0xef, 0xa0, 0x80, 0x28, 0xff,
    0x98, 0x80, 0x28, 0xff, 0xa0, 0x7c, 0x28, 0xff, 0xa0, 0x80, 0x28, 0xff,
    0x98, 0x7c, 0x28, 0xc7, 0x98, 0x80, 0x28, 0x3c, 0x98, 0x80, 0x28, 0x41,
    0xa0, 0x80, 0x28, 0x3c, 0x98, 0x80, 0x28, 0x7d, 0x98, 0x80, 0x28, 0xff,
    0xa0, 0x80, 0x28, 0xff, 0xa0, 0x80, 0x28, 0xff, 0x98, 0x7c, 0x28, 0xff,
    0xa0, 0x80, 0x28, 0xff, 0xa0, 0x80, 0x28, 0x55, 0x00, 0x00, 0x00, 0x00,
    0x00, 0x00, 0x00, 0x00, 0x00, 0x00, 0x00, 0x00, 0x00, 0x00, 0x00, 0x00,
    0x00, 0x00, 0x00, 0x00, 0x00, 0x00, 0x00, 0x00, 0x00, 0x00, 0x00, 0x00,
    0x00, 0x00, 0x00, 0x00, 0x00, 0x00, 0x00, 0x00, 0x00, 0x00, 0x00, 0x00,
    0x00, 0x00, 0x00, 0x00, 0x00, 0x00, 0x00, 0x00, 0x00, 0x00, 0x00, 0x00,
    0x00, 0x00, 0x00, 0x00, 0x00, 0x00, 0x00, 0x00, 0x00, 0x00, 0x00, 0x00,
    0x00, 0x00, 0x00, 0x00, 0x00, 0x00, 0x00, 0x00, 0x00, 0x00, 0x00, 0x00,
    0x00, 0x00, 0x00, 0x00, 0x00, 0x00, 0x00, 0x00, 0x00, 0x00, 0x00, 0x00,
    0x00, 0x00, 0x00, 0x00, 0x00, 0x00, 0x00, 0x00, 0x00, 0x00, 0x00, 0x00,
    0x00, 0x00, 0x00, 0x00, 0x00, 0x00, 0x00, 0x00, 0x00, 0x00, 0x00, 0x00,
    0x00, 0x00, 0x00, 0x00, 0x00, 0x00, 0x00, 0x00, 0x00, 0x00, 0x00, 0x00,
    0x00, 0x00, 0x00, 0x00, 0x00, 0x00, 0x00, 0x00, 0x00, 0x00, 0x00, 0x00,
    0x00, 0x00, 0x00, 0x00, 0x00, 0x00, 0x00, 0x00, 0x00, 0x00, 0x00, 0x00,
    0x00, 0x00, 0x00, 0x00, 0x00, 0x00, 0x00, 0x00, 0x00, 0x00, 0x00, 0x00,
    0x00, 0x00, 0x00, 0x00, 0x00, 0x00, 0x00, 0x00, 0x00, 0x00, 0x00, 0x00,
    0x00, 0x00, 0x00, 0x00, 0x00, 0x00, 0x00, 0x00, 0x00, 0x00, 0x00, 0x00,
    0x00, 0x00, 0x00, 0x00, 0x00, 0x00, 0x00, 0x00, 0x00, 0x00, 0x00, 0x00,
    0x00, 0x00, 0x00, 0x00, 0x00, 0x00, 0x00, 0x00, 0x00, 0x00, 0x00, 0x00,
    0x00, 0x00, 0x00, 0x00, 0xa0, 0x80, 0x28, 0x18, 0x98, 0x80, 0x28, 0xff,
    0xa0, 0x80, 0x28, 0xff, 0x98, 0x80, 0x28, 0xff, 0x98, 0x80, 0x28, 0xff,
    0xa0, 0x80, 0x28, 0xff, 0xa0, 0x7c, 0x28, 0x8e, 0x00, 0x00, 0x00, 0x00,
    0x00, 0x00, 0x00, 0x00, 0x00, 0x00, 0x00, 0x00, 0x98, 0x7c, 0x28, 0x38,
    0xa0, 0x80, 0x28, 0xff, 0x98, 0x80, 0x28, 0xff, 0x98, 0x7c, 0x28, 0xff,
    0xa0, 0x80, 0x28, 0xff, 0x98, 0x80, 0x28, 0xff, 0x98, 0x7c, 0x28, 0x75,
    0x00, 0x00, 0x00, 0x00, 0x00, 0x00, 0x00, 0x00, 0x00, 0x00, 0x00, 0x00,
    0x00, 0x00, 0x00, 0x00, 0x00, 0x00, 0x00, 0x00, 0x00, 0x00, 0x00, 0x00,
    0x00, 0x00, 0x00, 0x00, 0x00, 0x00, 0x00, 0x00, 0x00, 0x00, 0x00, 0x00,
    0x00, 0x00, 0x00, 0x00, 0x00, 0x00, 0x00, 0x00, 0x00, 0x00, 0x00, 0x00,
    0x00, 0x00, 0x00, 0x00, 0x00, 0x00, 0x00, 0x00, 0x00, 0x00, 0x00, 0x00,
    0x00, 0x00, 0x00, 0x00, 0x00, 0x00, 0x00, 0x00, 0x00, 0x00, 0x00, 0x00,
    0x00, 0x00, 0x00, 0x00, 0x00, 0x00, 0x00, 0x00, 0x00, 0x00, 0x00, 0x00,
    0x00, 0x00, 0x00, 0x00, 0x00, 0x00, 0x00, 0x00, 0x00, 0x00, 0x00, 0x00,
    0x00, 0x00, 0x00, 0x00, 0x00, 0x00, 0x00, 0x00, 0x00, 0x00, 0x00, 0x00,
    0x00, 0x00, 0x00, 0x00, 0x00, 0x00, 0x00, 0x00, 0x00, 0x00, 0x00, 0x00,
    0x00, 0x00, 0x00, 0x00, 0x00, 0x00, 0x00, 0x00, 0x00, 0x00, 0x00, 0x00,
    0x00, 0x00, 0x00, 0x00, 0x00, 0x00, 0x00, 0x00, 0x00, 0x00, 0x00, 0x00,
    0x00, 0x00, 0x00, 0x00, 0x00, 0x00, 0x00, 0x00, 0x00, 0x00, 0x00, 0x00,
    0x00, 0x00, 0x00, 0x00, 0x00, 0x00, 0x00, 0x00, 0x00, 0x00, 0x00, 0x00,
    0x00, 0x00, 0x00, 0x00, 0x00, 0x00, 0x00, 0x00, 0x00, 0x00, 0x00, 0x00,
    0x00, 0x00, 0x00, 0x00, 0x00, 0x00, 0x00, 0x00, 0x00, 0x00, 0x00, 0x00,
    0x00, 0x00, 0x00, 0x00, 0x00, 0x00, 0x00, 0x00, 0x00, 0x00, 0x00, 0x00,
    0x00, 0x00, 0x00, 0x00, 0x00, 0x00, 0x00, 0x00, 0x98, 0x80, 0x28, 0x38,
    0xa0, 0x80, 0x28, 0xff, 0xa0, 0x7c, 0x28, 0xff, 0x98, 0x80, 0x28, 0xff,
    0xa0, 0x80, 0x28, 0xff, 0x98, 0x7c, 0x28, 0xff, 0x98, 0x80, 0x28, 0x6d,
    0x00, 0x00, 0x00, 0x00, 0x00, 0x00, 0x00, 0x00, 0x00, 0x00, 0x00, 0x00,
    0xa0, 0x80, 0x28, 0x18, 0xa0, 0x7c, 0x28, 0xff, 0x98, 0x80, 0x28, 0xff,
    0xa0, 0x80, 0x28, 0xff, 0xa0, 0x80, 0x28, 0xff, 0x98, 0x80, 0x28, 0xff,
    0xa0, 0x7c, 0x28, 0x9e, 0x00, 0x00, 0x00, 0x00, 0x00, 0x00, 0x00, 0x00,
    0x00, 0x00, 0x00, 0x00, 0x00, 0x00, 0x00, 0x00, 0x00, 0x00, 0x00, 0x00,
    0x00, 0x00, 0x00, 0x00, 0x00, 0x00, 0x00, 0x00, 0x00, 0x00, 0x00, 0x00,
    0x00, 0x00, 0x00, 0x00, 0x00, 0x00, 0x00, 0x00, 0x00, 0x00, 0x00, 0x00,
    0x00, 0x00, 0x00, 0x00, 0x00, 0x00, 0x00, 0x00, 0x00, 0x00, 0x00, 0x00,
    0x00, 0x00, 0x00, 0x00, 0x00, 0x00, 0x00, 0x00, 0x00, 0x00, 0x00, 0x00,
    0x00, 0x00, 0x00, 0x00, 0x00, 0x00, 0x00, 0x00, 0x00, 0x00, 0x00, 0x00,
    0x00, 0x00, 0x00, 0x00, 0x00, 0x00, 0x00, 0x00, 0x00, 0x00, 0x00, 0x00,
    0x00, 0x00, 0x00, 0x00, 0x00, 0x00, 0x00, 0x00, 0x00, 0x00, 0x00, 0x00,
    0x00, 0x00, 0x00, 0x00, 0x00, 0x00, 0x00, 0x00, 0x00, 0x00, 0x00, 0x00,
    0x00, 0x00, 0x00, 0x00, 0x00, 0x00, 0x00, 0x00, 0x00, 0x00, 0x00, 0x00,
    0x00, 0x00, 0x00, 0x00, 0x00, 0x00, 0x00, 0x00, 0x00, 0x00, 0x00, 0x00,
    0x00, 0x00, 0x00, 0x00, 0x00, 0x00, 0x00, 0x00, 0x00, 0x00, 0x00, 0x00,
    0x00, 0x00, 0x00, 0x00, 0x00, 0x00, 0x00, 0x00, 0x98, 0x80, 0x28, 0x38,
    0x98, 0x7c, 0x28, 0xb6, 0x98, 0x80, 0x28, 0x75, 0xa0, 0x80, 0x28, 0x18,
    0x00, 0x00, 0x00, 0x00, 0x00, 0x00, 0x00, 0x00, 0x00, 0x00, 0x00, 0x00,
    0x00, 0x00, 0x00, 0x00, 0x00, 0x00, 0x00, 0x00, 0x00, 0x00, 0x00, 0x00,
    0x00, 0x00, 0x00, 0x00, 0x00, 0x00, 0x00, 0x00, 0xa0, 0x80, 0x30, 0x10,
    0xa0, 0x7c, 0x28, 0x9e, 0x98, 0x80, 0x28, 0xff, 0x98, 0x80, 0x28, 0xff,
    0xa0, 0x7c, 0x28, 0xff, 0xa0, 0x80, 0x28, 0xff, 0x98, 0x80, 0x28, 0xff,
    0x98, 0x80, 0x20, 0x45, 0x00, 0x00, 0x00, 0x00, 0x00, 0x00, 0x00, 0x00,
    0x00, 0x00, 0x00, 0x00, 0x00, 0x00, 0x00, 0x00, 0x98, 0x7c, 0x28, 0xf7,
    0xa0, 0x80, 0x28, 0xff, 0x98, 0x80, 0x28, 0xff, 0x98, 0x7c, 0x28, 0xff,
    0xa0, 0x80, 0x28, 0xff, 0xa0, 0x7c, 0x28, 0xdf, 0x98, 0x80, 0x28, 0x30,
    0x00, 0x00, 0x00, 0x00, 0x00, 0x00, 0x00, 0x00, 0x00, 0x00, 0x00, 0x00,
    0x00, 0x00, 0x00, 0x00, 0x00, 0x00, 0x00, 0x00, 0x00, 0x00, 0x00, 0x00,
    0x00, 0x00, 0x00, 0x00, 0x00, 0x00, 0x00, 0x00, 0x00, 0x00, 0x00, 0x00,
    0x98, 0x80, 0x28, 0x55, 0x98, 0x7c, 0x28, 0xae, 0x98, 0x80, 0x28, 0x75,
    0x00, 0x00, 0x00, 0x00, 0x00, 0x00, 0x00, 0x00, 0x00, 0x00, 0x00, 0x00,
    0x00, 0x00, 0x00, 0x00, 0x00, 0x00, 0x00, 0x00, 0x00, 0x00, 0x00, 0x00,
    0x00, 0x00, 0x00, 0x00, 0x00, 0x00, 0x00, 0x00, 0x00, 0x00, 0x00, 0x00,
    0x00, 0x00, 0x00, 0x00, 0x00, 0x00, 0x00, 0x00, 0x00, 0x00, 0x00, 0x00,
    0x00, 0x00, 0x00, 0x00, 0x00, 0x00, 0x00, 0x00, 0x00, 0x00, 0x00, 0x00,
    0x00, 0x00, 0x00, 0x00, 0x00, 0x00, 0x00, 0x00, 0x00, 0x00, 0x00, 0x00,
    0x00, 0x00, 0x00, 0x00, 0x00, 0x00, 0x00, 0x00, 0x00, 0x00, 0x00, 0x00,
    0x00, 0x00, 0x00, 0x00, 0x00, 0x00, 0x00, 0x00, 0x00, 0x00, 0x00, 0x00,
    0x00, 0x00, 0x00, 0x00, 0x00, 0x00, 0x00, 0x00, 0xa0, 0x80, 0x28, 0x18,
    0x98, 0x7c, 0x28, 0xf7, 0xa0, 0x80, 0x28, 0xff, 0xa0, 0x80, 0x28, 0xff,
    0x98, 0x80, 0x28, 0xff, 0x98, 0x7c, 0x28, 0xa6, 0x98, 0x80, 0x28, 0x45,
    0x00, 0x00, 0x00, 0x00, 0x00, 0x00, 0x00, 0x00, 0x00, 0x00, 0x00, 0x00,
    0x00, 0x00, 0x00, 0x00, 0x00, 0x00, 0x00, 0x00, 0x98, 0x80, 0x28, 0x5d,
    0x98, 0x7c, 0x28, 0xe7, 0xa0, 0x80, 0x28, 0xff, 0x98, 0x80, 0x28, 0xff,
    0x98, 0x80, 0x28, 0xff, 0xa0, 0x7c, 0x28, 0xff, 0x98, 0x80, 0x28, 0xff,
    0xa0, 0x80, 0x28, 0xff, 0xa0, 0x7c, 0x28, 0x20, 0x00, 0x00, 0x00, 0x00,
    0x00, 0x00, 0x00, 0x00, 0x00, 0x00, 0x00, 0x00, 0x00, 0x00, 0x00, 0x00,
    0xa0, 0x7c, 0x28, 0xcf, 0x98, 0x80, 0x28, 0xff, 0xa0, 0x80, 0x28, 0xff,
    0x98, 0x80, 0x28, 0xff, 0x98, 0x80, 0x28, 0xff, 0xa0, 0x80, 0x28, 0xff,
    0x98, 0x80, 0x28, 0xff, 0xa0, 0x7c, 0x28, 0x96, 0xa0, 0x80, 0x30, 0x10,
    0x00, 0x00, 0x00, 0x00, 0x00, 0x00, 0x00, 0x00, 0x00, 0x00, 0x00, 0x00,
    0x00, 0x00, 0x00, 0x00, 0xa0, 0x80, 0x28, 0x20, 0x98, 0x7c, 0x28, 0x86,
    0x98, 0x7c, 0x28, 0xe7, 0xa0, 0x80, 0x28, 0xff, 0xa0, 0x80, 0x28, 0xff,
    0xa0, 0x80, 0x28, 0xff, 0x98, 0x80, 0x28, 0x6d, 0x00, 0x00, 0x00, 0x00,
    0x00, 0x00, 0x00, 0x00, 0x00, 0x00, 0x00, 0x00, 0x00, 0x00, 0x00, 0x00,
    0x00, 0x00, 0x00, 0x00, 0x00, 0x00, 0x00, 0x00, 0x00, 0x00, 0x00, 0x00,
    0x00, 0x00, 0x00, 0x00, 0x00, 0x00, 0x00, 0x00, 0x00, 0x00, 0x00, 0x00,
    0x00, 0x00, 0x00, 0x00, 0x00, 0x00, 0x00, 0x00, 0x00, 0x00, 0x00, 0x00,
    0x00, 0x00, 0x00, 0x00, 0x00, 0x00, 0x00, 0x00, 0x00, 0x00, 0x00, 0x00,
    0x00, 0x00, 0x00, 0x00, 0x00, 0x00, 0x00, 0x00, 0x00, 0x00, 0x00, 0x00,
    0x00, 0x00, 0x00, 0x00, 0x00, 0x00, 0x00, 0x00, 0x00, 0x00, 0x00, 0x00,
    0x00, 0x00, 0x00, 0x00, 0x00, 0x00, 0x00, 0x00, 0x00, 0x00, 0x00, 0x00,
    0x98, 0x7c, 0x28, 0xae, 0xa0, 0x80, 0x28, 0xff, 0xa0, 0x80, 0x28, 0xff,
    0x98, 0x80, 0x28, 0xff, 0xa0, 0x7c, 0x28, 0xff, 0xa0, 0x80, 0x28, 0xff,
    0xa0, 0x80, 0x28, 0xff, 0x98, 0x7c, 0x28, 0xdf, 0x98, 0x80, 0x28, 0x75,
    0xa0, 0x80, 0x28, 0x18, 0x98, 0x80, 0x28, 0x38, 0xa0, 0x7c, 0x28, 0xc7,
    0xa0, 0x80, 0x28, 0xff, 0x98, 0x80, 0x28, 0xff, 0xa0, 0x7c, 0x28, 0xff,
    0xa0, 0x80, 0x28, 0xff, 0xa0, 0x80, 0x28, 0xff, 0x98, 0x80, 0x28, 0xff,
    0xa0, 0x80, 0x28, 0xff, 0x98, 0x80, 0x28, 0xff, 0x00, 0x00, 0x00, 0x00,
    0x00, 0x00, 0x00, 0x00, 0x00, 0x00, 0x00, 0x00, 0x00, 0x00, 0x00, 0x00,
    0x00, 0x00, 0x00, 0x00, 0x98, 0x7c, 0x28, 0xa6, 0xa0, 0x80, 0x28, 0xff,
    0xa0, 0x80, 0x28, 0xff, 0xa0, 0x7c, 0x28, 0xff, 0x98, 0x80, 0x28, 0xff,
    0x98, 0x80, 0x28, 0xff, 0xa0, 0x80, 0x28, 0xff, 0x98, 0x80, 0x28, 0xff,
    0x98, 0x7c, 0x28, 0xef, 0x98, 0x80, 0x28, 0x6d, 0x00, 0x00, 0x00, 0x00,
    0xa0, 0x80, 0x28, 0x55, 0x98, 0x7c, 0x28, 0xb6, 0xa0, 0x80, 0x28, 0xff,
    0xa0, 0x80, 0x28, 0xff, 0x98, 0x80, 0x28, 0xff, 0xa0, 0x80, 0x28, 0xff,
    0x98, 0x80, 0x28, 0xff, 0xa0, 0x7c, 0x28, 0xff, 0x98, 0x7c, 0x28, 0xf7,
    0xa0, 0x80, 0x28, 0x18, 0x00, 0x00, 0x00, 0x00, 0x00, 0x00, 0x00, 0x00,
    0x00, 0x00, 0x00, 0x00, 0x00, 0x00, 0x00, 0x00, 0x00, 0x00, 0x00, 0x00,
    0x00, 0x00, 0x00, 0x00, 0x00, 0x00, 0x00, 0x00, 0x00, 0x00, 0x00, 0x00,
    0x00, 0x00, 0x00, 0x00, 0x00, 0x00, 0x00, 0x00, 0x00, 0x00, 0x00, 0x00,
    0x00, 0x00, 0x00, 0x00, 0x00, 0x00, 0x00, 0x00, 0x00, 0x00, 0x00, 0x00,
    0x00, 0x00, 0x00, 0x00, 0x00, 0x00, 0x00, 0x00, 0x00, 0x00, 0x00, 0x00,
    0x00, 0x00, 0x00, 0x00, 0x00, 0x00, 0x00, 0x00, 0x00, 0x00, 0x00, 0x00,
    0x00, 0x00, 0x00, 0x00, 0x00, 0x00, 0x00, 0x00, 0x00, 0x00, 0x00, 0x00,
    0x98, 0x80, 0x28, 0x38, 0xa0, 0x80, 0x28, 0xff, 0x98, 0x80, 0x28, 0xff,
    0x98, 0x80, 0x28, 0xff, 0xa0, 0x7c, 0x28, 0xff, 0x98, 0x80, 0x28, 0xff,
    0xa0, 0x80, 0x28, 0xff, 0x98, 0x80, 0x28, 0xff, 0xa0, 0x80, 0x28, 0xff,
    0xa0, 0x7c, 0x28, 0xff, 0x98, 0x80, 0x28, 0xff, 0xa0, 0x80, 0x28, 0xff,
    0x98, 0x80, 0x28, 0xff, 0x98, 0x80, 0x28, 0xff, 0xa0, 0x80, 0x28, 0xff,
    0x98, 0x7c, 0x28, 0xff, 0x98, 0x80, 0x28, 0xff, 0xa0, 0x80, 0x28, 0xff,
    0x98, 0x7c, 0x28, 0xff, 0xa0, 0x80, 0x28, 0xff, 0xa0, 0x7c, 0x28, 0xd7,
    0x00, 0x00, 0x00, 0x00, 0x00, 0x00, 0x00, 0x00, 0x00, 0x00, 0x00, 0x00,
    0x00, 0x00, 0x00, 0x00, 0x00, 0x00, 0x00, 0x00, 0x98, 0x80, 0x28, 0x7d,
    0x98, 0x80, 0x28, 0xff, 0xa0, 0x80, 0x28, 0xff, 0x98, 0x7c, 0x28, 0xff,
    0xa0, 0x80, 0x28, 0xff, 0xa0, 0x80, 0x28, 0xff, 0x98, 0x7c, 0x28, 0xff,
    0xa0, 0x80, 0x28, 0xff, 0xa0, 0x80, 0x28, 0xff, 0x98, 0x80, 0x28, 0xff,
    0xa0, 0x80, 0x28, 0xff, 0x98, 0x80, 0x28, 0xff, 0x98, 0x80, 0x28, 0xff,
    0xa0, 0x80, 0x28, 0xff, 0x98, 0x80, 0x28, 0xff, 0xa0, 0x80, 0x28, 0xff,
    0x98, 0x7c, 0x28, 0xff, 0x98, 0x80, 0x28, 0xff, 0xa0, 0x80, 0x28, 0xff,
    0x98, 0x80, 0x28, 0xff, 0xa0, 0x7c, 0x28, 0x96, 0x00, 0x00, 0x00, 0x00,
    0x00, 0x00, 0x00, 0x00, 0x00, 0x00, 0x00, 0x00, 0x00, 0x00, 0x00, 0x00,
    0x00, 0x00, 0x00, 0x00, 0x00, 0x00, 0x00, 0x00, 0x00, 0x00, 0x00, 0x00,
    0x00, 0x00, 0x00, 0x00, 0x00, 0x00, 0x00, 0x00, 0x00, 0x00, 0x00, 0x00,
    0x00, 0x00, 0x00, 0x00, 0x00, 0x00, 0x00, 0x00, 0x00, 0x00, 0x00, 0x00,
    0x00, 0x00, 0x00, 0x00, 0x00, 0x00, 0x00, 0x00, 0x00, 0x00, 0x00, 0x00,
    0x00, 0x00, 0x00, 0x00, 0x00, 0x00, 0x00, 0x00, 0x00, 0x00, 0x00, 0x00,
    0x00, 0x00, 0x00, 0x00, 0x00, 0x00, 0x00, 0x00, 0x00, 0x00, 0x00, 0x00,
    0x00, 0x00, 0x00, 0x00, 0x98, 0x7c, 0x28, 0xcf, 0xa0, 0x80, 0x28, 0xff,
    0x98, 0x80, 0x28, 0xff, 0xa0, 0x7c, 0x28, 0xff, 0x98, 0x80, 0x28, 0xff,
    0x98, 0x80, 0x28, 0xff, 0xa0, 0x7c, 0x28, 0xff, 0x98, 0x80, 0x28, 0xff,
    0x98, 0x80, 0x28, 0xff, 0xa0, 0x80, 0x28, 0xff, 0xa0, 0x7c, 0x28, 0xff,
    0x98, 0x80, 0x28, 0xff, 0xa0, 0x7c, 0x28, 0xff, 0x98, 0x80, 0x28, 0xff,
    0xa0, 0x80, 0x28, 0xff, 0x98, 0x80, 0x28, 0xff, 0xa0, 0x80, 0x28, 0xff,
    0x98, 0x7c, 0x28, 0xff, 0x98, 0x80, 0x28, 0xff, 0xa0, 0x7c, 0x28, 0xd7,
    0x98, 0x80, 0x28, 0x55, 0x00, 0x00, 0x00, 0x00, 0x00, 0x00, 0x00, 0x00,
    0x00, 0x00, 0x00, 0x00, 0x00, 0x00, 0x00, 0x00, 0x00, 0x00, 0x00, 0x00,
    0x98, 0x80, 0x20, 0x28, 0x98, 0x7c, 0x28, 0xa6, 0xa0, 0x80, 0x28, 0xff,
    0x98, 0x80, 0x28, 0xff, 0x98, 0x80, 0x28, 0xff, 0xa0, 0x7c, 0x28, 0xff,
    0x98, 0x80, 0x28, 0xff, 0xa0, 0x80, 0x28, 0xff, 0x98, 0x7c, 0x28, 0xff,
    0xa0, 0x80, 0x28, 0xff, 0xa0, 0x7c, 0x28, 0xff, 0x98, 0x80, 0x28, 0xff,
    0xa0, 0x80, 0x28, 0xff, 0x98, 0x7c, 0x28, 0xff, 0xa0, 0x80, 0x28, 0xff,
    0xa0, 0x80, 0x28, 0xff, 0x98, 0x7c, 0x28, 0xff, 0xa0, 0x80, 0x28, 0xff,
    0xa0, 0x80, 0x28, 0xff, 0x98, 0x80, 0x28, 0xff, 0x98, 0x80, 0x28, 0xff,
    0x98, 0x80, 0x28, 0x30, 0x00, 0x00, 0x00, 0x00, 0x00, 0x00, 0x00, 0x00,
    0x00, 0x00, 0x00, 0x00, 0x00, 0x00, 0x00, 0x00, 0x00, 0x00, 0x00, 0x00,
    0x00, 0x00, 0x00, 0x00, 0x00, 0x00, 0x00, 0x00, 0x00, 0x00, 0x00, 0x00,
    0x00, 0x00, 0x00, 0x00, 0x00, 0x00, 0x00, 0x00, 0x00, 0x00, 0x00, 0x00,
    0x00, 0x00, 0x00, 0x00, 0x00, 0x00, 0x00, 0x00, 0x00, 0x00, 0x00, 0x00,
    0x00, 0x00, 0x00, 0x00, 0x00, 0x00, 0x00, 0x00, 0x00, 0x00, 0x00, 0x00,
    0x00, 0x00, 0x00, 0x00, 0x00, 0x00, 0x00, 0x00, 0x00, 0x00, 0x00, 0x00,
    0x00, 0x00, 0x00, 0x00, 0x98, 0x80, 0x28, 0x65, 0xa0, 0x80, 0x28, 0xff,
    0x98, 0x7c, 0x28, 0xff, 0xa0, 0x80, 0x28, 0xff, 0xa0, 0x80, 0x28, 0xff,
    0x98, 0x80, 0x28, 0xff, 0xa0, 0x80, 0x28, 0xff, 0xa0, 0x7c, 0x28, 0xff,
    0x98, 0x80, 0x28, 0xff, 0x98, 0x80, 0x28, 0xff, 0xa0, 0x80, 0x28, 0xff,
    0x98, 0x80, 0x28, 0xff, 0x98, 0x80, 0x28, 0xff, 0xa0, 0x7c, 0x28, 0xff,
    0xa0, 0x80, 0x28, 0xff, 0x98, 0x80, 0x28, 0xff, 0xa0, 0x7c, 0x28, 0xff,
    0xa0, 0x80, 0x28, 0xff, 0xa0, 0x7c, 0x28, 0x9e, 0x98, 0x80, 0x28, 0x38,
    0x00, 0x00, 0x00, 0x00, 0x00, 0x00, 0x00, 0x00, 0x00, 0x00, 0x00, 0x00,
    0x00, 0x00, 0x00, 0x00, 0x00, 0x00, 0x00, 0x00, 0x00, 0x00, 0x00, 0x00,
    0x00, 0x00, 0x00, 0x00, 0x00, 0x00, 0x00, 0x00, 0x00, 0x00, 0x00, 0x00,
    0xa0, 0x80, 0x28, 0x18, 0x98, 0x80, 0x28, 0x7d, 0x98, 0x7c, 0x28, 0xef,
    0xa0, 0x80, 0x28, 0xff, 0xa0, 0x80, 0x28, 0xff, 0x98, 0x80, 0x28, 0xff,
    0x98, 0x80, 0x28, 0xff, 0xa0, 0x80, 0x28, 0xff, 0x98, 0x7c, 0x28, 0xff,
    0xa0, 0x80, 0x28, 0xff, 0x98, 0x80, 0x28, 0xff, 0xa0, 0x7c, 0x28, 0xff,
    0x98, 0x80, 0x28, 0xff, 0x98, 0x80, 0x28, 0xff, 0xa0, 0x80, 0x28, 0xff,
    0x98, 0x80, 0x28, 0xff, 0xa0, 0x7c, 0x28, 0xff, 0xa0, 0x80, 0x28, 0xff,
    0x98, 0x80, 0x28, 0xff, 0xa0, 0x7c, 0x28, 0xc7, 0x00, 0x00, 0x00, 0x00,
    0x00, 0x00, 0x00, 0x00, 0x00, 0x00, 0x00, 0x00, 0x00, 0x00, 0x00, 0x00,
    0x00, 0x00, 0x00, 0x00, 0x00, 0x00, 0x00, 0x00, 0x00, 0x00, 0x00, 0x00,
    0x00, 0x00, 0x00, 0x00, 0x00, 0x00, 0x00, 0x00, 0x00, 0x00, 0x00, 0x00,
    0x00, 0x00, 0x00, 0x00, 0x00, 0x00, 0x00, 0x00, 0x00, 0x00, 0x00, 0x00,
    0x00, 0x00, 0x00, 0x00, 0x00, 0x00, 0x00, 0x00, 0x00, 0x00, 0x00, 0x00,
    0x00, 0x00, 0x00, 0x00, 0x00, 0x00, 0x00, 0x00, 0x00, 0x00, 0x00, 0x00,
    0x00, 0x00, 0x00, 0x00, 0xa0, 0x80, 0x30, 0x10, 0x98, 0x7c, 0x28, 0xe7,
    0xa0, 0x80, 0x28, 0xff, 0x98, 0x80, 0x28, 0xff, 0x98, 0x80, 0x28, 0xff,
    0xa0, 0x7c, 0x28, 0xff, 0x98, 0x80, 0x28, 0xff, 0xa0, 0x80, 0x28, 0xff,
    0xa0, 0x80, 0x28, 0xff, 0x98, 0x7c, 0x28, 0xff, 0xa0, 0x80, 0x28, 0xff,
    0xa0, 0x7c, 0x28, 0xff, 0x98, 0x80, 0x28, 0xff, 0xa0, 0x80, 0x28, 0xff,
    0x98, 0x80, 0x28, 0xff, 0x98, 0x80, 0x28, 0xff, 0xa0, 0x7c, 0x28, 0xff,
    0x98, 0x7c, 0x28, 0xb6, 0xa0, 0x80, 0x28, 0x20, 0x00, 0x00, 0x00, 0x00,
    0x00, 0x00, 0x00, 0x00, 0x00, 0x00, 0x00, 0x00, 0x00, 0x00, 0x00, 0x00,
    0x00, 0x00, 0x00, 0x00, 0x00, 0x00, 0x00, 0x00, 0x00, 0x00, 0x00, 0x00,
    0x00, 0x00, 0x00, 0x00, 0x00, 0x00, 0x00, 0x00, 0x00, 0x00, 0x00, 0x00,
    0x00, 0x00, 0x00, 0x00, 0x00, 0x00, 0x00, 0x00, 0x00, 0x00, 0x00, 0x00,
    0xa0, 0x80, 0x28, 0x18, 0xa0, 0x7c, 0x28, 0x9e, 0x98, 0x80, 0x28, 0xff,
    0xa0, 0x7c, 0x28, 0xff, 0xa0, 0x80, 0x28, 0xff, 0x98, 0x80, 0x28, 0xff,
    0x98, 0x80, 0x28, 0xff, 0xa0, 0x80, 0x28, 0xff, 0x98, 0x80, 0x28, 0xff,
    0xa0, 0x80, 0x28, 0xff, 0x98, 0x7c, 0x28, 0xff, 0x98, 0x7c, 0x28, 0xf7,
    0x98, 0x7c, 0x28, 0xf7, 0xa0, 0x80, 0x28, 0xff, 0x98, 0x80, 0x28, 0xff,
    0x98, 0x7c, 0x28, 0xff, 0xa0, 0x80, 0x28, 0xff, 0xa0, 0x80, 0x28, 0xff,
    0x98, 0x80, 0x28, 0x55, 0x00, 0x00, 0x00, 0x00, 0x00, 0x00, 0x00, 0x00,
    0x00, 0x00, 0x00, 0x00, 0x00, 0x00, 0x00, 0x00, 0x00, 0x00, 0x00, 0x00,
    0x00, 0x00, 0x00, 0x00, 0x00, 0x00, 0x00, 0x00, 0x00, 0x00, 0x00, 0x00,
    0x00, 0x00, 0x00, 0x00, 0x00, 0x00, 0x00, 0x00, 0x00, 0x00, 0x00, 0x00,
    0x00, 0x00, 0x00, 0x00, 0x00, 0x00, 0x00, 0x00, 0x00, 0x00, 0x00, 0x00,
    0x00, 0x00, 0x00, 0x00, 0x00, 0x00, 0x00, 0x00, 0x00, 0x00, 0x00, 0x00,
    0x00, 0x00, 0x00, 0x00, 0x00, 0x00, 0x00, 0x00, 0x98, 0x7c, 0x28, 0x8e,
    0xa0, 0x80, 0x28, 0xff, 0xa0, 0x80, 0x28, 0xff, 0x98, 0x80, 0x28, 0xff,
    0xa0, 0x7c, 0x28, 0xff, 0x98, 0x80, 0x28, 0xff, 0x98, 0x7c, 0x28, 0xdf,
    0xa0, 0x80, 0x30, 0x10, 0x98, 0x80, 0x28, 0x5d, 0xa0, 0x7c, 0x28, 0xb6,
    0x98, 0x80, 0x28, 0xff, 0x98, 0x80, 0x28, 0xff, 0xa0, 0x7c, 0x28, 0xff,
    0xa0, 0x80, 0x28, 0xff, 0x98, 0x80, 0x28, 0xff, 0x98, 0x7c, 0x28, 0xf7,
    0xa0, 0x80, 0x28, 0x5d, 0x00, 0x00, 0x00, 0x00, 0x00, 0x00, 0x00, 0x00,
    0x00, 0x00, 0x00, 0x00, 0x00, 0x00, 0x00, 0x00, 0x00, 0x00, 0x00, 0x00,
    0x00, 0x00, 0x00, 0x00, 0x00, 0x00, 0x00, 0x00, 0x00, 0x00, 0x00, 0x00,
    0x00, 0x00, 0x00, 0x00, 0x00, 0x00, 0x00, 0x00, 0x00, 0x00, 0x00, 0x00,
    0x00, 0x00, 0x00, 0x00, 0x00, 0x00, 0x00, 0x00, 0x00, 0x00, 0x00, 0x00,
    0x00, 0x00, 0x00, 0x00, 0x00, 0x00, 0x00, 0x00, 0x00, 0x00, 0x00, 0x00,
    0x98, 0x80, 0x28, 0x38, 0x98, 0x7c, 0x28, 0xd7, 0xa0, 0x80, 0x28, 0xff,
    0x98, 0x80, 0x28, 0xff, 0xa0, 0x7c, 0x28, 0xff, 0xa0, 0x7c, 0x28, 0xff,
    0x98, 0x80, 0x28, 0xff, 0xa0, 0x7c, 0x28, 0xdf, 0xa0, 0x80, 0x28, 0x75,
    0xa0, 0x80, 0x30, 0x10, 0xa0, 0x7c, 0x28, 0x86, 0x98, 0x80, 0x28, 0xff,
    0xa0, 0x80, 0x28, 0xff, 0x98, 0x80, 0x28, 0xff, 0xa0, 0x7c, 0x28, 0xff,
    0x98, 0x80, 0x28, 0xff, 0x98, 0x7c, 0x28, 0xe7, 0xa0, 0x7c, 0x18, 0x08,
    0x00, 0x00, 0x00, 0x00, 0x00, 0x00, 0x00, 0x00, 0x00, 0x00, 0x00, 0x00,
    0x00, 0x00, 0x00, 0x00, 0x00, 0x00, 0x00, 0x00, 0x00, 0x00, 0x00, 0x00,
    0x00, 0x00, 0x00, 0x00, 0x00, 0x00, 0x00, 0x00, 0x00, 0x00, 0x00, 0x00,
    0x00, 0x00, 0x00, 0x00, 0x00, 0x00, 0x00, 0x00, 0x00, 0x00, 0x00, 0x00,
    0x00, 0x00, 0x00, 0x00, 0x00, 0x00, 0x00, 0x00, 0x00, 0x00, 0x00, 0x00,
    0x00, 0x00, 0x00, 0x00, 0x00, 0x00, 0x00, 0x00, 0x98, 0x80, 0x28, 0x30,
    0x98, 0x7c, 0x28, 0xf7, 0xa0, 0x80, 0x28, 0xff, 0x98, 0x80, 0x28, 0xff,
    0xa0, 0x7c, 0x28, 0xff, 0xa0, 0x80, 0x28, 0xff, 0x98, 0x80, 0x28, 0xff,
    0xa0, 0x80, 0x28, 0x4d, 0x00, 0x00, 0x00, 0x00, 0x00, 0x00, 0x00, 0x00,
    0x00, 0x00, 0x00, 0x00, 0xa0, 0x80, 0x28, 0x20, 0x98, 0x7c, 0x28, 0x86,
    0x98, 0x7c, 0x28, 0xe7, 0xa0, 0x80, 0x28, 0xff, 0xa0, 0x7c, 0x28, 0xd7,
    0x98, 0x80, 0x20, 0x28, 0x00, 0x00, 0x00, 0x00, 0x00, 0x00, 0x00, 0x00,
    0x00, 0x00, 0x00, 0x00, 0x00, 0x00, 0x00, 0x00, 0x00, 0x00, 0x00, 0x00,
    0x00, 0x00, 0x00, 0x00, 0x00, 0x00, 0x00, 0x00, 0x98, 0x80, 0x28, 0x30,
    0x98, 0x80, 0x28, 0x41, 0xa0, 0x80, 0x28, 0x75, 0xa0, 0x80, 0x28, 0x4d,
    0x98, 0x80, 0x28, 0x41, 0xa0, 0x7c, 0x18, 0x08, 0x00, 0x00, 0x00, 0x00,
    0x00, 0x00, 0x00, 0x00, 0x00, 0x00, 0x00, 0x00, 0x00, 0x00, 0x00, 0x00,
    0x00, 0x00, 0x00, 0x00, 0x00, 0x00, 0x00, 0x00, 0xa0, 0x7c, 0x18, 0x04,
    0xa0, 0x7c, 0x28, 0x9e, 0x98, 0x80, 0x28, 0xff, 0xa0, 0x80, 0x28, 0xff,
    0x98, 0x7c, 0x28, 0xa6, 0x98, 0x80, 0x20, 0x45, 0x00, 0x00, 0x00, 0x00,
    0x00, 0x00, 0x00, 0x00, 0x00, 0x00, 0x00, 0x00, 0xa0, 0x80, 0x18, 0x08,
    0x98, 0x7c, 0x28, 0xe7, 0xa0, 0x80, 0x28, 0xff, 0xa0, 0x80, 0x28, 0xff,
    0x98, 0x80, 0x28, 0xff, 0xa0, 0x80, 0x28, 0xff, 0xa0, 0x80, 0x28, 0xff,
    0x98, 0x7c, 0x28, 0x86, 0x00, 0x00, 0x00, 0x00, 0x00, 0x00, 0x00, 0x00,
    0x00, 0x00, 0x00, 0x00, 0x00, 0x00, 0x00, 0x00, 0x00, 0x00, 0x00, 0x00,
    0x00, 0x00, 0x00, 0x00, 0x00, 0x00, 0x00, 0x00, 0x00, 0x00, 0x00, 0x00,
    0x00, 0x00, 0x00, 0x00, 0x00, 0x00, 0x00, 0x00, 0x00, 0x00, 0x00, 0x00,
    0x00, 0x00, 0x00, 0x00, 0x00, 0x00, 0x00, 0x00, 0x00, 0x00, 0x00, 0x00,
    0x00, 0x00, 0x00, 0x00, 0x00, 0x00, 0x00, 0x00, 0x00, 0x00, 0x00, 0x00,
    0xa0, 0x7c, 0x28, 0xb6, 0xa0, 0x80, 0x28, 0xff, 0x98, 0x80, 0x28, 0xff,
    0x98, 0x80, 0x28, 0xff, 0xa0, 0x80, 0x28, 0xff, 0x98, 0x80, 0x28, 0xff,
    0xa0, 0x7c, 0x28, 0xbe, 0x00, 0x00, 0x00, 0x00, 0x00, 0x00, 0x00, 0x00,
    0x00, 0x00, 0x00, 0x00, 0x00, 0x00, 0x00, 0x00, 0x00, 0x00, 0x00, 0x00,
    0x00, 0x00, 0x00, 0x00, 0x00, 0x00, 0x00, 0x00, 0x98, 0x80, 0x28, 0x4d,
    0xa0, 0x7c, 0x18, 0x08, 0x00, 0x00, 0x00, 0x00, 0x00, 0x00, 0x00, 0x00,
    0x00, 0x00, 0x00, 0x00, 0x00, 0x00, 0x00, 0x00, 0x00, 0x00, 0x00, 0x00,
    0xa0, 0x80, 0x28, 0x20, 0xa0, 0x7c, 0x28, 0x9e, 0x98, 0x7c, 0x28, 0xe3,
    0xa0, 0x80, 0x28, 0xff, 0x98, 0x80, 0x28, 0xff, 0xa0, 0x7c, 0x28, 0xff,
    0x98, 0x80, 0x28, 0xff, 0xa0, 0x80, 0x28, 0xff, 0xa0, 0x80, 0x28, 0xff,
    0x98, 0x7c, 0x28, 0xb6, 0xa0, 0x80, 0x28, 0x4d, 0x00, 0x00, 0x00, 0x00,
    0x00, 0x00, 0x00, 0x00, 0x00, 0x00, 0x00, 0x00, 0x00, 0x00, 0x00, 0x00,
    0x00, 0x00, 0x00, 0x00, 0x00, 0x00, 0x00, 0x00, 0x98, 0x80, 0x20, 0x45,
    0xa0, 0x80, 0x28, 0x18, 0x00, 0x00, 0x00, 0x00, 0x00, 0x00, 0x00, 0x00,
    0x00, 0x00, 0x00, 0x00, 0x00, 0x00, 0x00, 0x00, 0x00, 0x00, 0x00, 0x00,
    0x00, 0x00, 0x00, 0x00, 0x98, 0x80, 0x28, 0x55, 0x98, 0x80, 0x28, 0xff,
    0xa0, 0x7c, 0x28, 0xff, 0x98, 0x80, 0x28, 0xff, 0x98, 0x80, 0x28, 0xff,
    0xa0, 0x80, 0x28, 0xff, 0x98, 0x7c, 0x28, 0xf7, 0xa0, 0x80, 0x28, 0x20,
    0x00, 0x00, 0x00, 0x00, 0x00, 0x00, 0x00, 0x00, 0x00, 0x00, 0x00, 0x00,
    0x00, 0x00, 0x00, 0x00, 0x00, 0x00, 0x00, 0x00, 0x00, 0x00, 0x00, 0x00,
    0x00, 0x00, 0x00, 0x00, 0x00, 0x00, 0x00, 0x00, 0x00, 0x00, 0x00, 0x00,
    0x00, 0x00, 0x00, 0x00, 0x00, 0x00, 0x00, 0x00, 0x00, 0x00, 0x00, 0x00,
    0x00, 0x00, 0x00, 0x00, 0x00, 0x00, 0x00, 0x00, 0x00, 0x00, 0x00, 0x00,
    0x98, 0x80, 0x28, 0x45, 0x98, 0x80, 0x28, 0xff, 0xa0, 0x80, 0x28, 0xff,
    0x98, 0x7c, 0x28, 0xff, 0xa0, 0x80, 0x28, 0xff, 0x98, 0x80, 0x28, 0xff,
    0x98, 0x7c, 0x28, 0xff, 0x98, 0x7c, 0x28, 0xa6, 0xa0, 0x7c, 0x18, 0x08,
    0x00, 0x00, 0x00, 0x00, 0x00, 0x00, 0x00, 0x00, 0x00, 0x00, 0x00, 0x00,
    0x00, 0x00, 0x00, 0x00, 0x00, 0x00, 0x00, 0x00, 0x00, 0x00, 0x00, 0x00,
    0x00, 0x00, 0x00, 0x00, 0x00, 0x00, 0x00, 0x00, 0x00, 0x00, 0x00, 0x00,
    0x00, 0x00, 0x00, 0x00, 0x00, 0x00, 0x00, 0x00, 0x00, 0x00, 0x00, 0x00,
    0x98, 0x7c, 0x28, 0x86, 0x98, 0x80, 0x28, 0xf7, 0xa0, 0x80, 0x28, 0xff,
    0x98, 0x80, 0x28, 0xff, 0xa0, 0x80, 0x28, 0xff, 0xa0, 0x80, 0x28, 0xff,
    0x98, 0x7c, 0x28, 0xff, 0x98, 0x80, 0x28, 0xff, 0xa0, 0x80, 0x28, 0xff,
    0x98, 0x7c, 0x28, 0xff, 0xa0, 0x80, 0x28, 0xff, 0x98, 0x80, 0x28, 0xff,
    0xa0, 0x7c, 0x28, 0xbe, 0xa0, 0x80, 0x28, 0x20, 0x00, 0x00, 0x00, 0x00,
    0x00, 0x00, 0x00, 0x00, 0x00, 0x00, 0x00, 0x00, 0x00, 0x00, 0x00, 0x00,
    0x00, 0x00, 0x00, 0x00, 0x00, 0x00, 0x00, 0x00, 0x00, 0x00, 0x00, 0x00,
    0x00, 0x00, 0x00, 0x00, 0x00, 0x00, 0x00, 0x00, 0x00, 0x00, 0x00, 0x00,
    0x00, 0x00, 0x00, 0x00, 0x00, 0x00, 0x00, 0x00, 0xa0, 0x80, 0x28, 0x55,
    0x98, 0x80, 0x28, 0xff, 0xa0, 0x7c, 0x28, 0xff, 0xa0, 0x80, 0x28, 0xff,
    0x98, 0x80, 0x28, 0xff, 0xa0, 0x7c, 0x28, 0xff, 0xa0, 0x80, 0x28, 0xff,
    0x98, 0x80, 0x28, 0xa6, 0x00, 0x00, 0x00, 0x00, 0x00, 0x00, 0x00, 0x00,
    0x00, 0x00, 0x00, 0x00, 0x00, 0x00, 0x00, 0x00, 0x00, 0x00, 0x00, 0x00,
    0x00, 0x00, 0x00, 0x00, 0x00, 0x00, 0x00, 0x00, 0x00, 0x00, 0x00, 0x00,
    0x00, 0x00, 0x00, 0x00, 0x00, 0x00, 0x00, 0x00, 0x00, 0x00, 0x00, 0x00,
    0x00, 0x00, 0x00, 0x00, 0x00, 0x00, 0x00, 0x00, 0x00, 0x00, 0x00, 0x00,
    0x00, 0x00, 0x00, 0x00, 0x98, 0x80, 0x28, 0x75, 0xa0, 0x80, 0x28, 0xff,
    0x98, 0x80, 0x28, 0xff, 0xa0, 0x7c, 0x28, 0xff, 0xa0, 0x80, 0x28, 0xff,
    0xa0, 0x80, 0x28, 0xff, 0xa0, 0x80, 0x28, 0xff, 0x98, 0x80, 0x28, 0xff,
    0xa0, 0x80, 0x28, 0xcf, 0xa0, 0x80, 0x28, 0x20, 0x00, 0x00, 0x00, 0x00,
    0x00, 0x00, 0x00, 0x00, 0x00, 0x00, 0x00, 0x00, 0x00, 0x00, 0x00, 0x00,
    0x00, 0x00, 0x00, 0x00, 0x00, 0x00, 0x00, 0x00, 0x00, 0x00, 0x00, 0x00,
    0x00, 0x00, 0x00, 0x00, 0x00, 0x00, 0x00, 0x00, 0xa0, 0x80, 0x30, 0x10,
    0xa0, 0x7c, 0x28, 0xc3, 0x98, 0x80, 0x28, 0xff, 0xa0, 0x80, 0x28, 0xff,
    0x98, 0x80, 0x28, 0xff, 0x98, 0x80, 0x28, 0xff, 0xa0, 0x7c, 0x28, 0xff,
    0x98, 0x80, 0x28, 0xff, 0x98, 0x80, 0x28, 0xff, 0xa0, 0x80, 0x28, 0xff,
    0x98, 0x80, 0x28, 0xff, 0xa0, 0x7c, 0x28, 0xff, 0x98, 0x80, 0x28, 0xff,
    0x98, 0x80, 0x28, 0xff, 0xa0, 0x80, 0x28, 0xff, 0x98, 0x7c, 0x28, 0xef,
    0x98, 0x80, 0x28, 0x41, 0x00, 0x00, 0x00, 0x00, 0x00, 0x00, 0x00, 0x00,
    0x00, 0x00, 0x00, 0x00, 0x00, 0x00, 0x00, 0x00, 0x00, 0x00, 0x00, 0x00,
    0x00, 0x00, 0x00, 0x00, 0x00, 0x00, 0x00, 0x00, 0x00, 0x00, 0x00, 0x00,
    0x00, 0x00, 0x00, 0x00, 0xa0, 0x7c, 0x18, 0x08, 0xa0, 0x7c, 0x28, 0x96,
    0x98, 0x80, 0x28, 0xff, 0xa0, 0x80, 0x28, 0xff, 0x98, 0x80, 0x28, 0xff,
    0x98, 0x80, 0x28, 0xff, 0xa0, 0x80, 0x28, 0xff, 0x98, 0x80, 0x28, 0xff,
    0x98, 0x80, 0x28, 0xff, 0xa0, 0x7c, 0x28, 0xcf, 0x00, 0x00, 0x00, 0x00,
    0x00, 0x00, 0x00, 0x00, 0x00, 0x00, 0x00, 0x00, 0x00, 0x00, 0x00, 0x00,
    0x00, 0x00, 0x00, 0x00, 0x00, 0x00, 0x00, 0x00, 0x00, 0x00, 0x00, 0x00,
    0x00, 0x00, 0x00, 0x00, 0x00, 0x00, 0x00, 0x00, 0x00, 0x00, 0x00, 0x00,
    0x00, 0x00, 0x00, 0x00, 0x00, 0x00, 0x00, 0x00, 0x00, 0x00, 0x00, 0x00,
    0x00, 0x00, 0x00, 0x00, 0x00, 0x00, 0x00, 0x00, 0xa0, 0x7c, 0x18, 0x08,
    0xa0, 0x7c, 0x28, 0xbe, 0x98, 0x80, 0x28, 0xff, 0x98, 0x80, 0x28, 0xff,
    0x98, 0x80, 0x28, 0xff, 0xa0, 0x7c, 0x28, 0xff, 0x98, 0x80, 0x28, 0xff,
    0xa0, 0x80, 0x28, 0xff, 0x98, 0x80, 0x28, 0xff, 0x98, 0x7c, 0x28, 0xeb,
    0xa0, 0x80, 0x28, 0x4d, 0x00, 0x00, 0x00, 0x00, 0x00, 0x00, 0x00, 0x00,
    0x00, 0x00, 0x00, 0x00, 0x00, 0x00, 0x00, 0x00, 0x00, 0x00, 0x00, 0x00,
    0x00, 0x00, 0x00, 0x00, 0x00, 0x00, 0x00, 0x00, 0xa0, 0x7c, 0x18, 0x08,
    0x98, 0x80, 0x28, 0xc7, 0x98, 0x80, 0x28, 0xff, 0xa0, 0x80, 0x28, 0xff,
    0xa0, 0x80, 0x28, 0xff, 0x98, 0x7c, 0x28, 0xff, 0xa0, 0x80, 0x28, 0xff,
    0xa0, 0x80, 0x28, 0xff, 0x98, 0x7c, 0x28, 0xff, 0xa0, 0x80, 0x28, 0xff,
    0xa0, 0x80, 0x28, 0xff, 0x98, 0x7c, 0x28, 0xff, 0xa0, 0x80, 0x28, 0xff,
    0xa0, 0x80, 0x28, 0xff, 0x98, 0x80, 0x28, 0xff, 0xa0, 0x80, 0x28, 0xff,
    0xa0, 0x80, 0x28, 0xff, 0x98, 0x7c, 0x28, 0xf3, 0x98, 0x80, 0x28, 0x30,
    0x00, 0x00, 0x00, 0x00, 0x00, 0x00, 0x00, 0x00, 0x00, 0x00, 0x00, 0x00,
    0x00, 0x00, 0x00, 0x00, 0x00, 0x00, 0x00, 0x00, 0x00, 0x00, 0x00, 0x00,
    0x00, 0x00, 0x00, 0x00, 0xa0, 0x80, 0x28, 0x18, 0x98, 0x7c, 0x28, 0xc7,
    0x98, 0x80, 0x28, 0xff, 0xa0, 0x80, 0x28, 0xff, 0xa0, 0x7c, 0x28, 0xff,
    0x98, 0x80, 0x28, 0xff, 0xa0, 0x7c, 0x28, 0xff, 0xa0, 0x80, 0x28, 0xff,
    0x98, 0x80, 0x28, 0xff, 0x98, 0x7c, 0x28, 0xef, 0x98, 0x80, 0x28, 0x34,
    0x00, 0x00, 0x00, 0x00, 0x00, 0x00, 0x00, 0x00, 0x00, 0x00, 0x00, 0x00,
    0x00, 0x00, 0x00, 0x00, 0x00, 0x00, 0x00, 0x00, 0x00, 0x00, 0x00, 0x00,
    0x00, 0x00, 0x00, 0x00, 0x00, 0x00, 0x00, 0x00, 0x00, 0x00, 0x00, 0x00,
    0x00, 0x00, 0x00, 0x00, 0x00, 0x00, 0x00, 0x00, 0x00, 0x00, 0x00, 0x00,
    0x00, 0x00, 0x00, 0x00, 0x00, 0x00, 0x00, 0x00, 0x00, 0x00, 0x00, 0x00,
    0x00, 0x00, 0x00, 0x00, 0x00, 0x00, 0x00, 0x00, 0xa0, 0x7c, 0x28, 0x8e,
    0x98, 0x80, 0x28, 0xff, 0xa0, 0x80, 0x28, 0xff, 0x98, 0x80, 0x28, 0xff,
    0x98, 0x7c, 0x28, 0xff, 0xa0, 0x80, 0x28, 0xff, 0xa0, 0x80, 0x28, 0xff,
    0x98, 0x7c, 0x28, 0xff, 0x98, 0x80, 0x28, 0xff, 0x98, 0x80, 0x28, 0x7d,
    0x00, 0x00, 0x00, 0x00, 0x00, 0x00, 0x00, 0x00, 0x00, 0x00, 0x00, 0x00,
    0x00, 0x00, 0x00, 0x00, 0x00, 0x00, 0x00, 0x00, 0x00, 0x00, 0x00, 0x00,
    0xa0, 0x80, 0x28, 0x86, 0x98, 0x80, 0x28, 0xff, 0xa0, 0x80, 0x28, 0xff,
    0x98, 0x7c, 0x28, 0xff, 0x98, 0x80, 0x28, 0xff, 0xa0, 0x80, 0x28, 0xff,
    0x98, 0x80, 0x28, 0xff, 0x98, 0x80, 0x28, 0xff, 0xa0, 0x80, 0x28, 0xff,
    0x98, 0x7c, 0x28, 0xff, 0x98, 0x80, 0x28, 0xff, 0xa0, 0x80, 0x28, 0xff,
    0x98, 0x80, 0x28, 0xff, 0x98, 0x7c, 0x28, 0xff, 0xa0, 0x80, 0x28, 0xff,
    0x98, 0x7c, 0x28, 0xff, 0xa0, 0x80, 0x28, 0xff, 0xa0, 0x80, 0x28, 0xff,
    0x98, 0x7c, 0x28, 0xdf, 0xa0, 0x7c, 0x18, 0x08, 0x00, 0x00, 0x00, 0x00,
    0x00, 0x00, 0x00, 0x00, 0x00, 0x00, 0x00, 0x00, 0x00, 0x00, 0x00, 0x00,
    0x00, 0x00, 0x00, 0x00, 0x98, 0x80, 0x28, 0x38, 0x98, 0x7c, 0x28, 0xe7,
    0xa0, 0x80, 0x28, 0xff, 0x98, 0x80, 0x28, 0xff, 0xa0, 0x80, 0x28, 0xff,
    0x98, 0x80, 0x28, 0xff, 0x98, 0x80, 0x28, 0xff, 0xa0, 0x7c, 0x28, 0xff,
    0x98, 0x80, 0x28, 0xff, 0xa0, 0x7c, 0x28, 0xcf, 0xa0, 0x80, 0x28, 0x20,
    0x00, 0x00, 0x00, 0x00, 0x00, 0x00, 0x00, 0x00, 0x00, 0x00, 0x00, 0x00,
    0x00, 0x00, 0x00, 0x00, 0x00, 0x00, 0x00, 0x00, 0x00, 0x00, 0x00, 0x00,
    0x00, 0x00, 0x00, 0x00, 0x00, 0x00, 0x00, 0x00, 0x00, 0x00, 0x00, 0x00,
    0x00, 0x00, 0x00, 0x00, 0x00, 0x00, 0x00, 0x00, 0x00, 0x00, 0x00, 0x00,
    0x00, 0x00, 0x00, 0x00, 0x00, 0x00, 0x00, 0x00, 0x00, 0x00, 0x00, 0x00,
    0x00, 0x00, 0x00, 0x00, 0x00, 0x00, 0x00, 0x00, 0x00, 0x00, 0x00, 0x00,
    0x00, 0x00, 0x00, 0x00, 0xa0, 0x80, 0x28, 0x55, 0x98, 0x7c, 0x28, 0xf7,
    0xa0, 0x80, 0x28, 0xff, 0x98, 0x80, 0x28, 0xff, 0xa0, 0x80, 0x28, 0xff,
    0xa0, 0x80, 0x28, 0xff, 0x98, 0x80, 0x28, 0xff, 0xa0, 0x80, 0x28, 0xff,
    0xa0, 0x80, 0x28, 0xff, 0xa0, 0x7c, 0x28, 0x96, 0x00, 0x00, 0x00, 0x00,
    0x00, 0x00, 0x00, 0x00, 0x00, 0x00, 0x00, 0x00, 0x00, 0x00, 0x00, 0x00,
    0x98, 0x80, 0x28, 0x28, 0x98, 0x7c, 0x28, 0xf3, 0xa0, 0x80, 0x28, 0xff,
    0xa0, 0x80, 0x28, 0xff, 0x98, 0x7c, 0x28, 0xff, 0xa0, 0x80, 0x28, 0xff,
    0xa0, 0x80, 0x28, 0xff, 0x98, 0x7c, 0x28, 0xff, 0xa0, 0x7c, 0x28, 0x96,
    0xa0, 0x80, 0x28, 0x55, 0x98, 0x80, 0x28, 0x41, 0x98, 0x80, 0x20, 0x45,
    0xa0, 0x80, 0x28, 0x7d, 0x98, 0x7c, 0x28, 0xef, 0xa0, 0x80, 0x28, 0xff,
    0x98, 0x80, 0x28, 0xff, 0x98, 0x80, 0x28, 0xff, 0xa0, 0x7c, 0x28, 0xff,
    0x98, 0x80, 0x28, 0xff, 0xa0, 0x80, 0x28, 0xff, 0x98, 0x80, 0x28, 0x7d,
    0x00, 0x00, 0x00, 0x00, 0x00, 0x00, 0x00, 0x00, 0x00, 0x00, 0x00, 0x00,
    0x00, 0x00, 0x00, 0x00, 0x98, 0x80, 0x28, 0x41, 0xa0, 0x7c, 0x28, 0xf3,
    0xa0, 0x80, 0x28, 0xff, 0x98, 0x80, 0x28, 0xff, 0xa0, 0x80, 0x28, 0xff,
    0x98, 0x7c, 0x28, 0xff, 0xa0, 0x80, 0x28, 0xff, 0xa0, 0x80, 0x28, 0xff,
    0x98, 0x80, 0x28, 0xff, 0x98, 0x7c, 0x28, 0xa6, 0xa0, 0x7c, 0x18, 0x08,
    0x00, 0x00, 0x00, 0x00, 0x00, 0x00, 0x00, 0x00, 0x00, 0x00, 0x00, 0x00,
    0x00, 0x00, 0x00, 0x00, 0x00, 0x00, 0x00, 0x00, 0x00, 0x00, 0x00, 0x00,
    0x00, 0x00, 0x00, 0x00, 0x00, 0x00, 0x00, 0x00, 0x00, 0x00, 0x00, 0x00,
    0x00, 0x00, 0x00, 0x00, 0x00, 0x00, 0x00, 0x00, 0x00, 0x00, 0x00, 0x00,
    0x00, 0x00, 0x00, 0x00, 0x00, 0x00, 0x00, 0x00, 0x00, 0x00, 0x00, 0x00,
    0x00, 0x00, 0x00, 0x00, 0x00, 0x00, 0x00, 0x00, 0x00, 0x00, 0x00, 0x00,
    0x00, 0x00, 0x00, 0x00, 0x00, 0x00, 0x00, 0x00, 0x00, 0x00, 0x00, 0x00,
    0x98, 0x80, 0x28, 0x30, 0xa0, 0x7c, 0x28, 0xd7, 0x98, 0x80, 0x28, 0xff,
    0x98, 0x7c, 0x28, 0xff, 0xa0, 0x80, 0x28, 0xff, 0x98, 0x7c, 0x28, 0xff,
    0xa0, 0x80, 0x28, 0xff, 0x98, 0x80, 0x28, 0xff, 0x98, 0x7c, 0x28, 0xae,
    0x00, 0x00, 0x00, 0x00, 0x00, 0x00, 0x00, 0x00, 0x00, 0x00, 0x00, 0x00,
    0x00, 0x00, 0x00, 0x00, 0x98, 0x7c, 0x28, 0xa6, 0xa0, 0x80, 0x28, 0xff,
    0x98, 0x80, 0x28, 0xff, 0x98, 0x80, 0x28, 0xff, 0xa0, 0x80, 0x28, 0xff,
    0x98, 0x80, 0x28, 0xff, 0x98, 0x7c, 0x28, 0xef, 0x98, 0x80, 0x20, 0x45,
    0x00, 0x00, 0x00, 0x00, 0x00, 0x00, 0x00, 0x00, 0x00, 0x00, 0x00, 0x00,
    0x00, 0x00, 0x00, 0x00, 0x00, 0x00, 0x00, 0x00, 0xa0, 0x80, 0x28, 0x18,
    0xa0, 0x7c, 0x28, 0xbe, 0x98, 0x80, 0x28, 0xff, 0xa0, 0x80, 0x28, 0xff,
    0x98, 0x80, 0x28, 0xff, 0xa0, 0x80, 0x28, 0xff, 0x98, 0x80, 0x28, 0xff,
    0x98, 0x7c, 0x28, 0xf7, 0xa0, 0x80, 0x30, 0x10, 0x00, 0x00, 0x00, 0x00,
    0x00, 0x00, 0x00, 0x00, 0x00, 0x00, 0x00, 0x00, 0xa0, 0x80, 0x28, 0x4d,
    0x98, 0x80, 0x28, 0xff, 0xa0, 0x80, 0x28, 0xff, 0x98, 0x80, 0x28, 0xff,
    0xa0, 0x80, 0x28, 0xff, 0x98, 0x80, 0x28, 0xff, 0x98, 0x7c, 0x28, 0xff,
    0xa0, 0x7c, 0x28, 0xf7, 0x98, 0x80, 0x28, 0x6d, 0x00, 0x00, 0x00, 0x00,
    0x00, 0x00, 0x00, 0x00, 0x00, 0x00, 0x00, 0x00, 0x00, 0x00, 0x00, 0x00,
    0x00, 0x00, 0x00, 0x00, 0x00, 0x00, 0x00, 0x00, 0x00, 0x00, 0x00, 0x00,
    0x00, 0x00, 0x00, 0x00, 0x00, 0x00, 0x00, 0x00, 0x00, 0x00, 0x00, 0x00,
    0x00, 0x00, 0x00, 0x00, 0x00, 0x00, 0x00, 0x00, 0x00, 0x00, 0x00, 0x00,
    0x00, 0x00, 0x00, 0x00, 0x00, 0x00, 0x00, 0x00, 0x00, 0x00, 0x00, 0x00,
    0x00, 0x00, 0x00, 0x00, 0x00, 0x00, 0x00, 0x00, 0x00, 0x00, 0x00, 0x00,
    0x00, 0x00, 0x00, 0x00, 0x00, 0x00, 0x00, 0x00, 0x00, 0x00, 0x00, 0x00,
    0x00, 0x00, 0x00, 0x00, 0x00, 0x00, 0x00, 0x00, 0xa0, 0x80, 0x30, 0x10,
    0x98, 0x7c, 0x28, 0xae, 0xa0, 0x80, 0x28, 0xff, 0x98, 0x80, 0x28, 0xff,
    0xa0, 0x7c, 0x28, 0xff, 0x98, 0x80, 0x28, 0xff, 0xa0, 0x80, 0x28, 0xff,
    0xa0, 0x7c, 0x28, 0x96, 0x00, 0x00, 0x00, 0x00, 0x00, 0x00, 0x00, 0x00,
    0x00, 0x00, 0x00, 0x00, 0xa0, 0x7c, 0x18, 0x08, 0x98, 0x80, 0x28, 0xef,
    0xa0, 0x80, 0x28, 0xff, 0xa0, 0x7c, 0x28, 0xff, 0x98, 0x80, 0x28, 0xff,
    0xa0, 0x80, 0x28, 0xff, 0xa0, 0x7c, 0x28, 0xff, 0x98, 0x80, 0x28, 0x41,
    0x00, 0x00, 0x00, 0x00, 0x00, 0x00, 0x00, 0x00, 0x00, 0x00, 0x00, 0x00,
    0x00, 0x00, 0x00, 0x00, 0x00, 0x00, 0x00, 0x00, 0x00, 0x00, 0x00, 0x00,
    0x00, 0x00, 0x00, 0x00, 0xa0, 0x7c, 0x18, 0x08, 0xa0, 0x7c, 0x28, 0xd7,
    0x98, 0x80, 0x28, 0xff, 0xa0, 0x80, 0x28, 0xff, 0xa0, 0x7c, 0x28, 0xff,
    0x98, 0x80, 0x28, 0xff, 0xa0, 0x80, 0x28, 0xff, 0xa0, 0x80, 0x28, 0x55,
    0x00, 0x00, 0x00, 0x00, 0x00, 0x00, 0x00, 0x00, 0x00, 0x00, 0x00, 0x00,
    0x98, 0x80, 0x28, 0x38, 0xa0, 0x80, 0x28, 0xff, 0x98, 0x7c, 0x28, 0xff,
    0xa0, 0x80, 0x28, 0xff, 0xa0, 0x80, 0x28, 0xff, 0x98, 0x80, 0x28, 0xff,
    0x98, 0x7c, 0x28, 0xe7, 0x98, 0x80, 0x28, 0x38, 0x00, 0x00, 0x00, 0x00,
    0x00, 0x00, 0x00, 0x00, 0x00, 0x00, 0x00, 0x00, 0x00, 0x00, 0x00, 0x00,
    0x00, 0x00, 0x00, 0x00, 0x00, 0x00, 0x00, 0x00, 0x00, 0x00, 0x00, 0x00,
    0x00, 0x00, 0x00, 0x00, 0x00, 0x00, 0x00, 0x00, 0x00, 0x00, 0x00, 0x00,
    0x00, 0x00, 0x00, 0x00, 0x00, 0x00, 0x00, 0x00, 0x00, 0x00, 0x00, 0x00,
    0x00, 0x00, 0x00, 0x00, 0x00, 0x00, 0x00, 0x00, 0x00, 0x00, 0x00, 0x00,
    0x00, 0x00, 0x00, 0x00, 0x00, 0x00, 0x00, 0x00, 0x00, 0x00, 0x00, 0x00,
    0x00, 0x00, 0x00, 0x00, 0x00, 0x00, 0x00, 0x00, 0x00, 0x00, 0x00, 0x00,
    0x00, 0x00, 0x00, 0x00, 0x00, 0x00, 0x00, 0x00, 0x00, 0x00, 0x00, 0x00,
    0x00, 0x00, 0x00, 0x00, 0xa0, 0x80, 0x28, 0x1c, 0xa0, 0x80, 0x28, 0xff,
    0x98, 0x80, 0x28, 0xff, 0x98, 0x80, 0x28, 0xff, 0xa0, 0x80, 0x28, 0xff,
    0x98, 0x80, 0x28, 0xff, 0x98, 0x80, 0x28, 0x75, 0x00, 0x00, 0x00, 0x00,
    0x00, 0x00, 0x00, 0x00, 0x00, 0x00, 0x00, 0x00, 0x98, 0x80, 0x28, 0x38,
    0xa0, 0x80, 0x28, 0xff, 0x98, 0x80, 0x28, 0xff, 0xa0, 0x7c, 0x28, 0xff,
    0x98, 0x80, 0x28, 0xff, 0x98, 0x80, 0x28, 0xff, 0xa0, 0x7c, 0x28, 0x8e,
    0x00, 0x00, 0x00, 0x00, 0x00, 0x00, 0x00, 0x00, 0x00, 0x00, 0x00, 0x00,
    0x00, 0x00, 0x00, 0x00, 0x00, 0x00, 0x00, 0x00, 0x00, 0x00, 0x00, 0x00,
    0x00, 0x00, 0x00, 0x00, 0x00, 0x00, 0x00, 0x00, 0x00, 0x00, 0x00, 0x00,
    0x98, 0x80, 0x28, 0x41, 0x98, 0x80, 0x28, 0xff, 0xa0, 0x7c, 0x28, 0xff,
    0x98, 0x80, 0x28, 0xff, 0xa0, 0x80, 0x28, 0xff, 0x98, 0x80, 0x28, 0xff,
    0xa0, 0x7c, 0x28, 0x96, 0x00, 0x00, 0x00, 0x00, 0x00, 0x00, 0x00, 0x00,
    0x00, 0x00, 0x00, 0x00, 0xa0, 0x80, 0x28, 0x18, 0x98, 0x7c, 0x28, 0xff,
    0x98, 0x80, 0x28, 0xff, 0xa0, 0x7c, 0x28, 0xff, 0x98, 0x80, 0x28, 0xff,
    0xa0, 0x80, 0x28, 0xff, 0xa0, 0x80, 0x28, 0x7d, 0x00, 0x00, 0x00, 0x00,
    0x00, 0x00, 0x00, 0x00, 0x00, 0x00, 0x00, 0x00, 0x00, 0x00, 0x00, 0x00,
    0x00, 0x00, 0x00, 0x00, 0x00, 0x00, 0x00, 0x00, 0x00, 0x00, 0x00, 0x00,
    0x00, 0x00, 0x00, 0x00, 0x00, 0x00, 0x00, 0x00, 0x00, 0x00, 0x00, 0x00,
    0x00, 0x00, 0x00, 0x00, 0x00, 0x00, 0x00, 0x00, 0x00, 0x00, 0x00, 0x00,
    0x00, 0x00, 0x00, 0x00, 0x00, 0x00, 0x00, 0x00, 0x00, 0x00, 0x00, 0x00,
    0x00, 0x00, 0x00, 0x00, 0x00, 0x00, 0x00, 0x00, 0x00, 0x00, 0x00, 0x00,
    0x00, 0x00, 0x00, 0x00, 0x00, 0x00, 0x00, 0x00, 0x00, 0x00, 0x00, 0x00,
    0x00, 0x00, 0x00, 0x00, 0x00, 0x00, 0x00, 0x00, 0x00, 0x00, 0x00, 0x00,
    0x00, 0x00, 0x00, 0x00, 0x00, 0x00, 0x00, 0x00, 0x98, 0x80, 0x28, 0x41,
    0xa0, 0x7c, 0x28, 0xff, 0xa0, 0x80, 0x28, 0xff, 0x98, 0x80, 0x28, 0xff,
    0xa0, 0x7c, 0x28, 0xff, 0xa0, 0x80, 0x28, 0xff, 0x98, 0x80, 0x28, 0x61,
    0x00, 0x00, 0x00, 0x00, 0x00, 0x00, 0x00, 0x00, 0x00, 0x00, 0x00, 0x00,
    0xa0, 0x80, 0x28, 0x5d, 0x98, 0x80, 0x28, 0xff, 0xa0, 0x80, 0x28, 0xff,
    0x98, 0x80, 0x28, 0xff, 0xa0, 0x80, 0x28, 0xff, 0x98, 0x80, 0x28, 0xff,
    0xa0, 0x80, 0x28, 0x4d, 0x00, 0x00, 0x00, 0x00, 0x00, 0x00, 0x00, 0x00,
    0x00, 0x00, 0x00, 0x00, 0x00, 0x00, 0x00, 0x00, 0x00, 0x00, 0x00, 0x00,
    0x00, 0x00, 0x00, 0x00, 0x00, 0x00, 0x00, 0x00, 0x00, 0x00, 0x00, 0x00,
    0x00, 0x00, 0x00, 0x00, 0x00, 0x00, 0x00, 0x00, 0x98, 0x7c, 0x28, 0xeb,
    0xa0, 0x80, 0x28, 0xff, 0x98, 0x80, 0x28, 0xff, 0x98, 0x7c, 0x28, 0xff,
    0xa0, 0x80, 0x28, 0xff, 0x98, 0x7c, 0x28, 0xbe, 0x00, 0x00, 0x00, 0x00,
    0x00, 0x00, 0x00, 0x00, 0x00, 0x00, 0x00, 0x00, 0x00, 0x00, 0x00, 0x00,
    0xa0, 0x80, 0x28, 0xff, 0xa0, 0x80, 0x28, 0xff, 0x98, 0x80, 0x28, 0xff,
    0x98, 0x7c, 0x28, 0xff, 0xa0, 0x80, 0x28, 0xff, 0xa0, 0x7c, 0x28, 0x9e,
    0x00, 0x00, 0x00, 0x00, 0x00, 0x00, 0x00, 0x00, 0x00, 0x00, 0x00, 0x00,
    0x00, 0x00, 0x00, 0x00, 0x00, 0x00, 0x00, 0x00, 0x00, 0x00, 0x00, 0x00,
    0x00, 0x00, 0x00, 0x00, 0x00, 0x00, 0x00, 0x00, 0x00, 0x00, 0x00, 0x00,
    0x00, 0x00, 0x00, 0x00, 0x00, 0x00, 0x00, 0x00, 0x00, 0x00, 0x00, 0x00,
    0x00, 0x00, 0x00, 0x00, 0x00, 0x00, 0x00, 0x00, 0x00, 0x00, 0x00, 0x00,
    0x00, 0x00, 0x00, 0x00, 0x00, 0x00, 0x00, 0x00, 0x00, 0x00, 0x00, 0x00,
    0x00, 0x00, 0x00, 0x00, 0x00, 0x00, 0x00, 0x00, 0x00, 0x00, 0x00, 0x00,
    0x00, 0x00, 0x00, 0x00, 0x00, 0x00, 0x00, 0x00, 0x00, 0x00, 0x00, 0x00,
    0x00, 0x00, 0x00, 0x00, 0x00, 0x00, 0x00, 0x00, 0x00, 0x00, 0x00, 0x00,
    0x98, 0x80, 0x28, 0x41, 0x98, 0x7c, 0x28, 0xff, 0xa0, 0x80, 0x28, 0xff,
    0x98, 0x80, 0x28, 0xff, 0x98, 0x7c, 0x28, 0xff, 0xa0, 0x80, 0x28, 0xff,
    0xa0, 0x80, 0x28, 0x5d, 0x00, 0x00, 0x00, 0x00, 0x00, 0x00, 0x00, 0x00,
    0x00, 0x00, 0x00, 0x00, 0x98, 0x80, 0x28, 0x75, 0xa0, 0x7c, 0x28, 0xff,
    0x98, 0x80, 0x28, 0xff, 0xa0, 0x7c, 0x28, 0xff, 0xa0, 0x80, 0x28, 0xff,
    0x98, 0x7c, 0x28, 0xff, 0xa0, 0x80, 0x28, 0x20, 0x00, 0x00, 0x00, 0x00,
    0x00, 0x00, 0x00, 0x00, 0x00, 0x00, 0x00, 0x00, 0x00, 0x00, 0x00, 0x00,
    0x00, 0x00, 0x00, 0x00, 0x00, 0x00, 0x00, 0x00, 0x00, 0x00, 0x00, 0x00,
    0x00, 0x00, 0x00, 0x00, 0x00, 0x00, 0x00, 0x00, 0x00, 0x00, 0x00, 0x00,
    0xa0, 0x7c, 0x28, 0xc7, 0xa0, 0x80, 0x28, 0xff, 0x98, 0x80, 0x28, 0xff,
    0xa0, 0x80, 0x28, 0xff, 0xa0, 0x80, 0x28, 0xff, 0x98, 0x7c, 0x28, 0xd7,
    0x00, 0x00, 0x00, 0x00, 0x00, 0x00, 0x00, 0x00, 0x00, 0x00, 0x00, 0x00,
    0x00, 0x00, 0x00, 0x00, 0x98, 0x80, 0x28, 0xff, 0xa0, 0x80, 0x28, 0xff,
    0x98, 0x80, 0x28, 0xff, 0xa0, 0x80, 0x28, 0xff, 0x98, 0x80, 0x28, 0xff,
    0x98, 0x7c, 0x28, 0x9e, 0x00, 0x00, 0x00, 0x00, 0x00, 0x00, 0x00, 0x00,
    0x00, 0x00, 0x00, 0x00, 0x00, 0x00, 0x00, 0x00, 0x00, 0x00, 0x00, 0x00,
    0x00, 0x00, 0x00, 0x00, 0x00, 0x00, 0x00, 0x00, 0x00, 0x00, 0x00, 0x00,
    0x00, 0x00, 0x00, 0x00, 0x00, 0x00, 0x00, 0x00, 0x00, 0x00, 0x00, 0x00,
    0x00, 0x00, 0x00, 0x00, 0x00, 0x00, 0x00, 0x00, 0x00, 0x00, 0x00, 0x00,
    0x00, 0x00, 0x00, 0x00, 0x00, 0x00, 0x00, 0x00, 0x00, 0x00, 0x00, 0x00,
    0x00, 0x00, 0x00, 0x00, 0x00, 0x00, 0x00, 0x00, 0x00, 0x00, 0x00, 0x00,
    0x00, 0x00, 0x00, 0x00, 0x00, 0x00, 0x00, 0x00, 0x00, 0x00, 0x00, 0x00,
    0x00, 0x00, 0x00, 0x00, 0x00, 0x00, 0x00, 0x00, 0x00, 0x00, 0x00, 0x00,
    0x00, 0x00, 0x00, 0x00, 0x98, 0x80, 0x28, 0x3c, 0xa0, 0x80, 0x28, 0xff,
    0xa0, 0x80, 0x28, 0xff, 0x98, 0x80, 0x28, 0xff, 0x98, 0x80, 0x28, 0xff,
    0xa0, 0x7c, 0x28, 0xff, 0x98, 0x80, 0x28, 0x5d, 0x00, 0x00, 0x00, 0x00,
    0x00, 0x00, 0x00, 0x00, 0x00, 0x00, 0x00, 0x00, 0x98, 0x80, 0x28, 0x69,
    0xa0, 0x80, 0x28, 0xff, 0x98, 0x7c, 0x28, 0xff, 0x98, 0x80, 0x28, 0xff,
    0xa0, 0x80, 0x28, 0xff, 0x98, 0x80, 0x28, 0xff, 0x98, 0x7c, 0x28, 0x30,
    0x00, 0x00, 0x00, 0x00, 0x00, 0x00, 0x00, 0x00, 0x00, 0x00, 0x00, 0x00,
    0x00, 0x00, 0x00, 0x00, 0x00, 0x00, 0x00, 0x00, 0x00, 0x00, 0x00, 0x00,
    0x00, 0x00, 0x00, 0x00, 0x00, 0x00, 0x00, 0x00, 0x00, 0x00, 0x00, 0x00,
    0x00, 0x00, 0x00, 0x00, 0x98, 0x7c, 0x28, 0xd7, 0x98, 0x80, 0x28, 0xff,
    0xa0, 0x80, 0x28, 0xff, 0x98, 0x80, 0x28, 0xff, 0xa0, 0x80, 0x28, 0xff,
    0xa0, 0x7c, 0x28, 0xc7, 0x00, 0x00, 0x00, 0x00, 0x00, 0x00, 0x00, 0x00,
    0x00, 0x00, 0x00, 0x00, 0x00, 0x00, 0x00, 0x00, 0x98, 0x7c, 0x28, 0xff,
    0xa0, 0x7c, 0x28, 0xff, 0xa0, 0x80, 0x28, 0xff, 0x98, 0x80, 0x28, 0xff,
    0xa0, 0x80, 0x28, 0xff, 0xa0, 0x7c, 0x28, 0x9e, 0x00, 0x00, 0x00, 0x00,
    0x00, 0x00, 0x00, 0x00, 0x00, 0x00, 0x00, 0x00, 0x00, 0x00, 0x00, 0x00,
    0x00, 0x00, 0x00, 0x00, 0x00, 0x00, 0x00, 0x00, 0x00, 0x00, 0x00, 0x00,
    0x00, 0x00, 0x00, 0x00, 0x00, 0x00, 0x00, 0x00, 0x00, 0x00, 0x00, 0x00,
    0x00, 0x00, 0x00, 0x00, 0x00, 0x00, 0x00, 0x00, 0x00, 0x00, 0x00, 0x00,
    0x00, 0x00, 0x00, 0x00, 0x00, 0x00, 0x00, 0x00, 0x00, 0x00, 0x00, 0x00,
    0x00, 0x00, 0x00, 0x00, 0x00, 0x00, 0x00, 0x00, 0x00, 0x00, 0x00, 0x00,
    0x00, 0x00, 0x00, 0x00, 0x00, 0x00, 0x00, 0x00, 0x00, 0x00, 0x00, 0x00,
    0x00, 0x00, 0x00, 0x00, 0x00, 0x00, 0x00, 0x00, 0x00, 0x00, 0x00, 0x00,
    0x00, 0x00, 0x00, 0x00, 0x00, 0x00, 0x00, 0x00, 0x98, 0x80, 0x28, 0x30,
    0xa0, 0x7c, 0x28, 0xff, 0x98, 0x80, 0x28, 0xff, 0xa0, 0x80, 0x28, 0xff,
    0xa0, 0x7c, 0x28, 0xff, 0x98, 0x80, 0x28, 0xff, 0x98, 0x80, 0x28, 0x69,
    0x00, 0x00, 0x00, 0x00, 0x00, 0x00, 0x00, 0x00, 0x00, 0x00, 0x00, 0x00,
    0xa0, 0x80, 0x28, 0x4d, 0x98, 0x80, 0x28, 0xff, 0xa0, 0x80, 0x28, 0xff,
    0xa0, 0x80, 0x28, 0xff, 0x98, 0x80, 0x28, 0xff, 0xa0, 0x80, 0x28, 0xff,
    0x98, 0x80, 0x28, 0x65, 0x00, 0x00, 0x00, 0x00, 0x00, 0x00, 0x00, 0x00,
    0x00, 0x00, 0x00, 0x00, 0x00, 0x00, 0x00, 0x00, 0x00, 0x00, 0x00, 0x00,
    0x00, 0x00, 0x00, 0x00, 0x00, 0x00, 0x00, 0x00, 0x00, 0x00, 0x00, 0x00,
    0x00, 0x00, 0x00, 0x00, 0xa0, 0x80, 0x30, 0x10, 0xa0, 0x80, 0x28, 0xff,
    0x98, 0x80, 0x28, 0xff, 0xa0, 0x7c, 0x28, 0xff, 0x98, 0x80, 0x28, 0xff,
    0x98, 0x80, 0x28, 0xff, 0x98, 0x7c, 0x28, 0xae, 0x00, 0x00, 0x00, 0x00,
    0x00, 0x00, 0x00, 0x00, 0x00, 0x00, 0x00, 0x00, 0xa0, 0x7c, 0x18, 0x08,
    0xa0, 0x80, 0x28, 0xff, 0x98, 0x80, 0x28, 0xff, 0x98, 0x7c, 0x28, 0xff,
    0xa0, 0x80, 0x28, 0xff, 0x98, 0x80, 0x28, 0xff, 0xa0, 0x7c, 0x28, 0x8e,
    0x00, 0x00, 0x00, 0x00, 0x00, 0x00, 0x00, 0x00, 0x00, 0x00, 0x00, 0x00,
    0x00, 0x00, 0x00, 0x00, 0x00, 0x00, 0x00, 0x00, 0x00, 0x00, 0x00, 0x00,
    0x00, 0x00, 0x00, 0x00, 0x00, 0x00, 0x00, 0x00, 0x00, 0x00, 0x00, 0x00,
    0x00, 0x00, 0x00, 0x00, 0x00, 0x00, 0x00, 0x00, 0x00, 0x00, 0x00, 0x00,
    0x00, 0x00, 0x00, 0x00, 0x00, 0x00, 0x00, 0x00, 0x00, 0x00, 0x00, 0x00,
    0x00, 0x00, 0x00, 0x00, 0x00, 0x00, 0x00, 0x00, 0x00, 0x00, 0x00, 0x00,
    0x00, 0x00, 0x00, 0x00, 0x00, 0x00, 0x00, 0x00, 0x00, 0x00, 0x00, 0x00,
    0x00, 0x00, 0x00, 0x00, 0x00, 0x00, 0x00, 0x00, 0x00, 0x00, 0x00, 0x00,
    0x00, 0x00, 0x00, 0x00, 0x00, 0x00, 0x00, 0x00, 0x00, 0x00, 0x00, 0x00,
    0x98, 0x80, 0x20, 0x45, 0xa0, 0x7c, 0x28, 0xff, 0x98, 0x80, 0x28, 0xff,
    0x98, 0x80, 0x28, 0xff, 0xa0, 0x7c, 0x28, 0xff, 0xa0, 0x80, 0x28, 0xff,
    0x98, 0x80, 0x28, 0x7d, 0x00, 0x00, 0x00, 0x00, 0x00, 0x00, 0x00, 0x00,
    0x00, 0x00, 0x00, 0x00, 0xa0, 0x7c, 0x28, 0x20, 0x98, 0x7c, 0x28, 0xff,
    0xa0, 0x80, 0x28, 0xff, 0x98, 0x7c, 0x28, 0xff, 0x98, 0x7c, 0x28, 0xff,
    0xa0, 0x80, 0x28, 0xff, 0xa0, 0x7c, 0x28, 0xd7, 0xa0, 0x7c, 0x18, 0x08,
    0x00, 0x00, 0x00, 0x00, 0x00, 0x00, 0x00, 0x00, 0x00, 0x00, 0x00, 0x00,
    0x00, 0x00, 0x00, 0x00, 0x00, 0x00, 0x00, 0x00, 0x00, 0x00, 0x00, 0x00,
    0x00, 0x00, 0x00, 0x00, 0x00, 0x00, 0x00, 0x00, 0xa0, 0x7c, 0x28, 0x86,
    0x98, 0x80, 0x28, 0xff, 0xa0, 0x80, 0x28, 0xff, 0xa0, 0x80, 0x28, 0xff,
    0x98, 0x7c, 0x28, 0xff, 0xa0, 0x80, 0x28, 0xff, 0x98, 0x80, 0x28, 0x7d,
    0x00, 0x00, 0x00, 0x00, 0x00, 0x00, 0x00, 0x00, 0x00, 0x00, 0x00, 0x00,
    0x98, 0x80, 0x28, 0x28, 0xa0, 0x80, 0x28, 0xff, 0x98, 0x80, 0x28, 0xff,
    0xa0, 0x80, 0x28, 0xff, 0x98, 0x80, 0x28, 0xff, 0x98, 0x80, 0x28, 0xff,
    0x98, 0x7c, 0x28, 0xa6, 0x00, 0x00, 0x00, 0x00, 0x00, 0x00, 0x00, 0x00,
    0x00, 0x00, 0x00, 0x00, 0x00, 0x00, 0x00, 0x00, 0x00, 0x00, 0x00, 0x00,
    0x00, 0x00, 0x00, 0x00, 0x00, 0x00, 0x00, 0x00, 0x00, 0x00, 0x00, 0x00,
    0x00, 0x00, 0x00, 0x00, 0x00, 0x00, 0x00, 0x00, 0x00, 0x00, 0x00, 0x00,
    0x00, 0x00, 0x00, 0x00, 0x00, 0x00, 0x00, 0x00, 0x00, 0x00, 0x00, 0x00,
    0x00, 0x00, 0x00, 0x00, 0x00, 0x00, 0x00, 0x00, 0x00, 0x00, 0x00, 0x00,
    0x00, 0x00, 0x00, 0x00, 0x00, 0x00, 0x00, 0x00, 0x00, 0x00, 0x00, 0x00,
    0x00, 0x00, 0x00, 0x00, 0x00, 0x00, 0x00, 0x00, 0x00, 0x00, 0x00, 0x00,
    0x00, 0x00, 0x00, 0x00, 0x00, 0x00, 0x00, 0x00, 0x00, 0x00, 0x00, 0x00,
    0x98, 0x80, 0x28, 0x65, 0x98, 0x7c, 0x28, 0xf7, 0xa0, 0x80, 0x28, 0xff,
    0xa0, 0x80, 0x28, 0xff, 0x98, 0x80, 0x28, 0xff, 0x98, 0x80, 0x28, 0xff,
    0xa0, 0x7c, 0x28, 0xff, 0xa0, 0x7c, 0x28, 0x9e, 0x00, 0x00, 0x00, 0x00,
    0x00, 0x00, 0x00, 0x00, 0x00, 0x00, 0x00, 0x00, 0x00, 0x00, 0x00, 0x00,
    0xa0, 0x7c, 0x28, 0xcf, 0x98, 0x80, 0x28, 0xff, 0xa0, 0x80, 0x28, 0xff,
    0x98, 0x80, 0x28, 0xff, 0x98, 0x80, 0x28, 0xff, 0xa0, 0x80, 0x28, 0xff,
    0x98, 0x7c, 0x28, 0xa6, 0x00, 0x00, 0x00, 0x00, 0x00, 0x00, 0x00, 0x00,
    0x00, 0x00, 0x00, 0x00, 0x00, 0x00, 0x00, 0x00, 0x00, 0x00, 0x00, 0x00,
    0x00, 0x00, 0x00, 0x00, 0x00, 0x00, 0x00, 0x00, 0x98, 0x80, 0x28, 0x45,
    0x98, 0x80, 0x28, 0xff, 0xa0, 0x80, 0x28, 0xff, 0x98, 0x7c, 0x28, 0xff,
    0x98, 0x80, 0x28, 0xff, 0xa0, 0x80, 0x28, 0xff, 0xa0, 0x80, 0x28, 0xff,
    0x98, 0x80, 0x28, 0x30, 0x00, 0x00, 0x00, 0x00, 0x00, 0x00, 0x00, 0x00,
    0x00, 0x00, 0x00, 0x00, 0x98, 0x80, 0x28, 0x3c, 0x98, 0x80, 0x28, 0xff,
    0xa0, 0x7c, 0x28, 0xff, 0xa0, 0x80, 0x28, 0xff, 0xa0, 0x80, 0x28, 0xff,
    0xa0, 0x7c, 0x28, 0xff, 0x98, 0x80, 0x28, 0xff, 0x98, 0x80, 0x28, 0xae,
    0xa0, 0x80, 0x30, 0x10, 0x00, 0x00, 0x00, 0x00, 0x00, 0x00, 0x00, 0x00,
    0x00, 0x00, 0x00, 0x00, 0x00, 0x00, 0x00, 0x00, 0x00, 0x00, 0x00, 0x00,
    0x00, 0x00, 0x00, 0x00, 0x00, 0x00, 0x00, 0x00, 0x00, 0x00, 0x00, 0x00,
    0x00, 0x00, 0x00, 0x00, 0x00, 0x00, 0x00, 0x00, 0x00, 0x00, 0x00, 0x00,
    0x00, 0x00, 0x00, 0x00, 0x00, 0x00, 0x00, 0x00, 0x00, 0x00, 0x00, 0x00,
    0x00, 0x00, 0x00, 0x00, 0x00, 0x00, 0x00, 0x00, 0x00, 0x00, 0x00, 0x00,
    0x00, 0x00, 0x00, 0x00, 0x00, 0x00, 0x00, 0x00, 0x00, 0x00, 0x00, 0x00,
    0x00, 0x00, 0x00, 0x00, 0x00, 0x00, 0x00, 0x00, 0xa0, 0x7c, 0x18, 0x08,
    0x98, 0x7c, 0x28, 0xa6, 0xa0, 0x80, 0x28, 0xff, 0xa0, 0x80, 0x28, 0xff,
    0x98, 0x80, 0x28, 0xff, 0xa0, 0x7c, 0x28, 0xff, 0xa0, 0x80, 0x28, 0xff,
    0x98, 0x80, 0x28, 0xff, 0x98, 0x80, 0x28, 0xff, 0xa0, 0x7c, 0x28, 0xbe,
    0x00, 0x00, 0x00, 0x00, 0x00, 0x00, 0x00, 0x00, 0x00, 0x00, 0x00, 0x00,
    0x00, 0x00, 0x00, 0x00, 0x98, 0x80, 0x28, 0x6d, 0xa0, 0x80, 0x28, 0xff,
    0xa0, 0x80, 0x28, 0xff, 0x98, 0x80, 0x28, 0xff, 0xa0, 0x80, 0x28, 0xff,
    0x98, 0x80, 0x28, 0xff, 0xa0, 0x80, 0x28, 0xff, 0x98, 0x7c, 0x28, 0xc7,
    0xa0, 0x80, 0x28, 0x18, 0x00, 0x00, 0x00, 0x00, 0x00, 0x00, 0x00, 0x00,
    0x00, 0x00, 0x00, 0x00, 0x00, 0x00, 0x00, 0x00, 0xa0, 0x7c, 0x28, 0x86,
    0xa0, 0x80, 0x28, 0xff, 0x98, 0x80, 0x28, 0xff, 0xa0, 0x80, 0x28, 0xff,
    0xa0, 0x80, 0x28, 0xff, 0x98, 0x7c, 0x28, 0xff, 0x98, 0x80, 0x28, 0xff,
    0xa0, 0x7c, 0x28, 0xcf, 0x00, 0x00, 0x00, 0x00, 0x00, 0x00, 0x00, 0x00,
    0x00, 0x00, 0x00, 0x00, 0x00, 0x00, 0x00, 0x00, 0xa0, 0x80, 0x28, 0x5d,
    0x98, 0x80, 0x28, 0xff, 0x98, 0x7c, 0x28, 0xff, 0x98, 0x80, 0x28, 0xff,
    0xa0, 0x80, 0x28, 0xff, 0x98, 0x80, 0x28, 0xff, 0xa0, 0x80, 0x28, 0xff,
    0xa0, 0x80, 0x28, 0xff, 0xa0, 0x7c, 0x28, 0xdf, 0x98, 0x80, 0x28, 0x30,
    0x00, 0x00, 0x00, 0x00, 0x00, 0x00, 0x00, 0x00, 0x00, 0x00, 0x00, 0x00,
    0x00, 0x00, 0x00, 0x00, 0x00, 0x00, 0x00, 0x00, 0x00, 0x00, 0x00, 0x00,
    0x00, 0x00, 0x00, 0x00, 0x00, 0x00, 0x00, 0x00, 0x00, 0x00, 0x00, 0x00,
    0x00, 0x00, 0x00, 0x00, 0x00, 0x00, 0x00, 0x00, 0x00, 0x00, 0x00, 0x00,
    0x00, 0x00, 0x00, 0x00, 0x00, 0x00, 0x00, 0x00, 0x00, 0x00, 0x00, 0x00,
    0x00, 0x00, 0x00, 0x00, 0x00, 0x00, 0x00, 0x00, 0x00, 0x00, 0x00, 0x00,
    0x00, 0x00, 0x00, 0x00, 0x00, 0x00, 0x00, 0x00, 0xa0, 0x80, 0x28, 0x20,
    0x98, 0x7c, 0x28, 0xcf, 0xa0, 0x80, 0x28, 0xff, 0xa0, 0x80, 0x28, 0xff,
    0x98, 0x80, 0x28, 0xff, 0x98, 0x7c, 0x28, 0xff, 0x98, 0x80, 0x28, 0xff,
    0xa0, 0x80, 0x28, 0xff, 0xa0, 0x80, 0x28, 0xff, 0x98, 0x7c, 0x28, 0xe7,
    0x98, 0x80, 0x28, 0x41, 0x00, 0x00, 0x00, 0x00, 0x00, 0x00, 0x00, 0x00,
    0x00, 0x00, 0x00, 0x00, 0x00, 0x00, 0x00, 0x00, 0x00, 0x00, 0x00, 0x00,
    0x98, 0x7c, 0x28, 0xcf, 0x98, 0x80, 0x28, 0xff, 0xa0, 0x7c, 0x28, 0xff,
    0xa0, 0x80, 0x28, 0xff, 0x98, 0x80, 0x28, 0xff, 0xa0, 0x80, 0x28, 0xff,
    0xa0, 0x80, 0x28, 0xff, 0x98, 0x80, 0x28, 0xff, 0xa0, 0x7c, 0x28, 0xd3,
    0xa0, 0x7c, 0x28, 0xbe, 0x98, 0x80, 0x28, 0xc7, 0x98, 0x80, 0x28, 0xff,
    0xa0, 0x80, 0x28, 0xff, 0x98, 0x7c, 0x28, 0xff, 0x98, 0x80, 0x28, 0xff,
    0xa0, 0x80, 0x28, 0xff, 0xa0, 0x7c, 0x28, 0xff, 0x98, 0x80, 0x28, 0xff,
    0xa0, 0x80, 0x28, 0xff, 0x98, 0x80, 0x28, 0x2c, 0x00, 0x00, 0x00, 0x00,
    0x00, 0x00, 0x00, 0x00, 0x00, 0x00, 0x00, 0x00, 0x00, 0x00, 0x00, 0x00,
    0xa0, 0x80, 0x30, 0x10, 0xa0, 0x7c, 0x28, 0xae, 0xa0, 0x80, 0x28, 0xff,
    0x98, 0x80, 0x28, 0xff, 0x98, 0x7c, 0x28, 0xff, 0xa0, 0x80, 0x28, 0xff,
    0x98, 0x80, 0x28, 0xff, 0x98, 0x7c, 0x28, 0xff, 0xa0, 0x80, 0x28, 0xff,
    0x98, 0x7c, 0x28, 0xf3, 0xa0, 0x80, 0x28, 0x55, 0x00, 0x00, 0x00, 0x00,
    0x00, 0x00, 0x00, 0x00, 0x00, 0x00, 0x00, 0x00, 0x00, 0x00, 0x00, 0x00,
    0x00, 0x00, 0x00, 0x00, 0x00, 0x00, 0x00, 0x00, 0x00, 0x00, 0x00, 0x00,
    0x00, 0x00, 0x00, 0x00, 0x00, 0x00, 0x00, 0x00, 0x00, 0x00, 0x00, 0x00,
    0x00, 0x00, 0x00, 0x00, 0x00, 0x00, 0x00, 0x00, 0x00, 0x00, 0x00, 0x00,
    0x00, 0x00, 0x00, 0x00, 0x00, 0x00, 0x00, 0x00, 0x00, 0x00, 0x00, 0x00,
    0x00, 0x00, 0x00, 0x00, 0x00, 0x00, 0x00, 0x00, 0x98, 0x80, 0x28, 0x41,
    0x98, 0x7c, 0x28, 0xeb, 0xa0, 0x80, 0x28, 0xff, 0x98, 0x80, 0x28, 0xff,
    0x98, 0x80, 0x28, 0xff, 0xa0, 0x80, 0x28, 0xff, 0xa0, 0x80, 0x28, 0xff,
    0x98, 0x7c, 0x28, 0xff, 0x98, 0x80, 0x28, 0xff, 0xa0, 0x7c, 0x28, 0xc7,
    0xa0, 0x80, 0x28, 0x18, 0x00, 0x00, 0x00, 0x00, 0x00, 0x00, 0x00, 0x00,
    0x00, 0x00, 0x00, 0x00, 0x00, 0x00, 0x00, 0x00, 0x00, 0x00, 0x00, 0x00,
    0x00, 0x00, 0x00, 0x00, 0x98, 0x80, 0x28, 0x38, 0x98, 0x7c, 0x28, 0xf7,
    0xa0, 0x80, 0x28, 0xff, 0x98, 0x7c, 0x28, 0xff, 0x98, 0x80, 0x28, 0xff,
    0xa0, 0x7c, 0x28, 0xff, 0x98, 0x80, 0x28, 0xff, 0x98, 0x80, 0x28, 0xff,
    0xa0, 0x80, 0x28, 0xff, 0x98, 0x80, 0x28, 0xff, 0xa0, 0x80, 0x28, 0xff,
    0xa0, 0x80, 0x28, 0xff, 0x98, 0x80, 0x28, 0xff, 0xa0, 0x7c, 0x28, 0xff,
    0x98, 0x80, 0x28, 0xff, 0x98, 0x80, 0x28, 0xff, 0xa0, 0x80, 0x28, 0xff,
    0x98, 0x80, 0x28, 0xff, 0xa0, 0x7c, 0x28, 0x8e, 0x00, 0x00, 0x00, 0x00,
    0x00, 0x00, 0x00, 0x00, 0x00, 0x00, 0x00, 0x00, 0x00, 0x00, 0x00, 0x00,
    0x00, 0x00, 0x00, 0x00, 0x00, 0x00, 0x00, 0x00, 0x00, 0x00, 0x00, 0x00,
    0x98, 0x80, 0x28, 0x7d, 0xa0, 0x80, 0x28, 0xff, 0xa0, 0x7c, 0x28, 0xff,
    0x98, 0x80, 0x28, 0xff, 0xa0, 0x80, 0x28, 0xff, 0x98, 0x80, 0x28, 0xff,
    0x98, 0x80, 0x28, 0xff, 0xa0, 0x80, 0x28, 0xff, 0x98, 0x80, 0x28, 0xff,
    0xa0, 0x7c, 0x28, 0x8e, 0x00, 0x00, 0x00, 0x00, 0x00, 0x00, 0x00, 0x00,
    0x00, 0x00, 0x00, 0x00, 0x00, 0x00, 0x00, 0x00, 0x00, 0x00, 0x00, 0x00,
    0x00, 0x00, 0x00, 0x00, 0x00, 0x00, 0x00, 0x00, 0x00, 0x00, 0x00, 0x00,
    0x00, 0x00, 0x00, 0x00, 0x00, 0x00, 0x00, 0x00, 0x00, 0x00, 0x00, 0x00,
    0x00, 0x00, 0x00, 0x00, 0x00, 0x00, 0x00, 0x00, 0x00, 0x00, 0x00, 0x00,
    0x00, 0x00, 0x00, 0x00, 0x00, 0x00, 0x00, 0x00, 0x98, 0x80, 0x28, 0x38,
    0xa0, 0x80, 0x28, 0xff, 0xa0, 0x80, 0x28, 0xff, 0x98, 0x80, 0x28, 0xff,
    0xa0, 0x80, 0x28, 0xff, 0x98, 0x7c, 0x28, 0xff, 0xa0, 0x80, 0x28, 0xff,
    0xa0, 0x80, 0x28, 0xff, 0x98, 0x80, 0x28, 0xff, 0xa0, 0x7c, 0x28, 0x96,
    0xa0, 0x7c, 0x18, 0x08, 0x00, 0x00, 0x00, 0x00, 0x00, 0x00, 0x00, 0x00,
    0x00, 0x00, 0x00, 0x00, 0x00, 0x00, 0x00, 0x00, 0x00, 0x00, 0x00, 0x00,
    0x00, 0x00, 0x00, 0x00, 0x00, 0x00, 0x00, 0x00, 0x00, 0x00, 0x00, 0x00,
    0xa0, 0x80, 0x28, 0x5d, 0xa0, 0x80, 0x28, 0xff, 0x98, 0x80, 0x28, 0xff,
    0xa0, 0x80, 0x28, 0xff, 0xa0, 0x80, 0x28, 0xff, 0x98, 0x7c, 0x28, 0xff,
    0xa0, 0x80, 0x28, 0xff, 0x98, 0x80, 0x28, 0xff, 0x98, 0x80, 0x28, 0xff,
    0xa0, 0x7c, 0x28, 0xff, 0x98, 0x80, 0x28, 0xff, 0xa0, 0x80, 0x28, 0xff,
    0xa0, 0x80, 0x28, 0xff, 0x98, 0x7c, 0x28, 0xff, 0xa0, 0x80, 0x28, 0xff,
    0x98, 0x80, 0x28, 0xff, 0x98, 0x7c, 0x28, 0xb6, 0x00, 0x00, 0x00, 0x00,
    0x00, 0x00, 0x00, 0x00, 0x00, 0x00, 0x00, 0x00, 0x00, 0x00, 0x00, 0x00,
    0x00, 0x00, 0x00, 0x00, 0x00, 0x00, 0x00, 0x00, 0x00, 0x00, 0x00, 0x00,
    0x00, 0x00, 0x00, 0x00, 0x00, 0x00, 0x00, 0x00, 0x98, 0x80, 0x28, 0x45,
    0x98, 0x7c, 0x28, 0xef, 0xa0, 0x80, 0x28, 0xff, 0xa0, 0x80, 0x28, 0xff,
    0xa0, 0x7c, 0x28, 0xff, 0x98, 0x80, 0x28, 0xff, 0xa0, 0x80, 0x28, 0xff,
    0x98, 0x80, 0x28, 0xff, 0x98, 0x80, 0x28, 0xff, 0xa0, 0x7c, 0x28, 0x96,
    0x00, 0x00, 0x00, 0x00, 0x00, 0x00, 0x00, 0x00, 0x00, 0x00, 0x00, 0x00,
    0x00, 0x00, 0x00, 0x00, 0x00, 0x00, 0x00, 0x00, 0x00, 0x00, 0x00, 0x00,
    0x00, 0x00, 0x00, 0x00, 0x00, 0x00, 0x00, 0x00, 0x00, 0x00, 0x00, 0x00,
    0x00, 0x00, 0x00, 0x00, 0x00, 0x00, 0x00, 0x00, 0x00, 0x00, 0x00, 0x00,
    0x00, 0x00, 0x00, 0x00, 0x00, 0x00, 0x00, 0x00, 0x00, 0x00, 0x00, 0x00,
    0x98, 0x80, 0x28, 0x6d, 0xa0, 0x7c, 0x28, 0xff, 0x98, 0x80, 0x28, 0xff,
    0xa0, 0x80, 0x28, 0xff, 0x98, 0x7c, 0x28, 0xff, 0xa0, 0x80, 0x28, 0xff,
    0x98, 0x80, 0x28, 0xff, 0x98, 0x7c, 0x28, 0xf7, 0xa0, 0x80, 0x28, 0x55,
    0x00, 0x00, 0x00, 0x00, 0x00, 0x00, 0x00, 0x00, 0x00, 0x00, 0x00, 0x00,
    0x00, 0x00, 0x00, 0x00, 0x00, 0x00, 0x00, 0x00, 0x00, 0x00, 0x00, 0x00,
    0x00, 0x00, 0x00, 0x00, 0x00, 0x00, 0x00, 0x00, 0x00, 0x00, 0x00, 0x00,
    0x00, 0x00, 0x00, 0x00, 0x00, 0x00, 0x00, 0x00, 0x98, 0x80, 0x20, 0x45,
    0x98, 0x7c, 0x28, 0xef, 0xa0, 0x80, 0x28, 0xff, 0x98, 0x80, 0x28, 0xff,
    0xa0, 0x80, 0x28, 0xff, 0xa0, 0x7c, 0x28, 0xff, 0x98, 0x80, 0x28, 0xff,
    0xa0, 0x80, 0x28, 0xff, 0x98, 0x7c, 0x28, 0xff, 0x98, 0x80, 0x28, 0xff,
    0xa0, 0x80, 0x28, 0xff, 0x98, 0x7c, 0x28, 0xff, 0xa0, 0x80, 0x28, 0xff,
    0xa0, 0x80, 0x28, 0xff, 0x98, 0x7c, 0x28, 0x8e, 0x00, 0x00, 0x00, 0x00,
    0x00, 0x00, 0x00, 0x00, 0x00, 0x00, 0x00, 0x00, 0x00, 0x00, 0x00, 0x00,
    0x00, 0x00, 0x00, 0x00, 0x00, 0x00, 0x00, 0x00, 0x00, 0x00, 0x00, 0x00,
    0x00, 0x00, 0x00, 0x00, 0x00, 0x00, 0x00, 0x00, 0x00, 0x00, 0x00, 0x00,
    0x00, 0x00, 0x00, 0x00, 0xa0, 0x80, 0x28, 0x20, 0x98, 0x7c, 0x28, 0xc7,
    0x98, 0x80, 0x28, 0xff, 0xa0, 0x80, 0x28, 0xff, 0x98, 0x7c, 0x28, 0xff,
    0xa0, 0x80, 0x28, 0xff, 0xa0, 0x80, 0x28, 0xff, 0x98, 0x80, 0x28, 0xff,
    0xa0, 0x7c, 0x28, 0xcf, 0x00, 0x00, 0x00, 0x00, 0x00, 0x00, 0x00, 0x00,
    0x00, 0x00, 0x00, 0x00, 0x00, 0x00, 0x00, 0x00, 0x00, 0x00, 0x00, 0x00,
    0x00, 0x00, 0x00, 0x00, 0x00, 0x00, 0x00, 0x00, 0x00, 0x00, 0x00, 0x00,
    0x00, 0x00, 0x00, 0x00, 0x00, 0x00, 0x00, 0x00, 0x00, 0x00, 0x00, 0x00,
    0x00, 0x00, 0x00, 0x00, 0x00, 0x00, 0x00, 0x00, 0x00, 0x00, 0x00, 0x00,
    0x00, 0x00, 0x00, 0x00, 0xa0, 0x80, 0x28, 0x18, 0x98, 0x7c, 0x28, 0xf7,
    0x98, 0x80, 0x28, 0xff, 0xa0, 0x80, 0x28, 0xff, 0xa0, 0x7c, 0x28, 0xff,
    0x98, 0x80, 0x28, 0xff, 0xa0, 0x80, 0x28, 0xff, 0x98, 0x7c, 0x28, 0x7d,
    0x00, 0x00, 0x00, 0x00, 0x00, 0x00, 0x00, 0x00, 0x00, 0x00, 0x00, 0x00,
    0x00, 0x00, 0x00, 0x00, 0x00, 0x00, 0x00, 0x00, 0x00, 0x00, 0x00, 0x00,
    0x00, 0x00, 0x00, 0x00, 0x00, 0x00, 0x00, 0x00, 0x00, 0x00, 0x00, 0x00,
    0x00, 0x00, 0x00, 0x00, 0x00, 0x00, 0x00, 0x00, 0x00, 0x00, 0x00, 0x00,
    0x00, 0x00, 0x00, 0x00, 0xa0, 0x80, 0x28, 0x18, 0xa0, 0x7c, 0x28, 0x96,
    0x98, 0x80, 0x28, 0xff, 0x98, 0x80, 0x28, 0xff, 0xa0, 0x80, 0x28, 0xff,
    0x98, 0x7c, 0x28, 0xff, 0xa0, 0x80, 0x28, 0xff, 0xa0, 0x80, 0x28, 0xff,
    0x98, 0x80, 0x28, 0xff, 0x98, 0x7c, 0x28, 0xff, 0xa0, 0x80, 0x28, 0xff,
    0x98, 0x7c, 0x28, 0xcf, 0x98, 0x80, 0x28, 0x41, 0x00, 0x00, 0x00, 0x00,
    0x00, 0x00, 0x00, 0x00, 0x00, 0x00, 0x00, 0x00, 0x00, 0x00, 0x00, 0x00,
    0x00, 0x00, 0x00, 0x00, 0x00, 0x00, 0x00, 0x00, 0x00, 0x00, 0x00, 0x00,
    0x00, 0x00, 0x00, 0x00, 0x00, 0x00, 0x00, 0x00, 0x00, 0x00, 0x00, 0x00,
    0x00, 0x00, 0x00, 0x00, 0x00, 0x00, 0x00, 0x00, 0x00, 0x00, 0x00, 0x00,
    0xa0, 0x80, 0x28, 0x20, 0x98, 0x80, 0x28, 0xff, 0xa0, 0x80, 0x28, 0xff,
    0x98, 0x7c, 0x28, 0xff, 0x98, 0x80, 0x28, 0xff, 0xa0, 0x80, 0x28, 0xff,
    0x98, 0x7c, 0x28, 0xff, 0x98, 0x80, 0x28, 0x6d, 0x00, 0x00, 0x00, 0x00,
    0x00, 0x00, 0x00, 0x00, 0x00, 0x00, 0x00, 0x00, 0x00, 0x00, 0x00, 0x00,
    0x00, 0x00, 0x00, 0x00, 0x00, 0x00, 0x00, 0x00, 0x00, 0x00, 0x00, 0x00,
    0x00, 0x00, 0x00, 0x00, 0x00, 0x00, 0x00, 0x00, 0x00, 0x00, 0x00, 0x00,
    0x00, 0x00, 0x00, 0x00, 0x00, 0x00, 0x00, 0x00, 0x00, 0x00, 0x00, 0x00,
    0x00, 0x00, 0x00, 0x00, 0x00, 0x00, 0x00, 0x00, 0x00, 0x00, 0x00, 0x00,
    0x98, 0x80, 0x28, 0x6d, 0xa0, 0x80, 0x28, 0xff, 0x98, 0x80, 0x28, 0xff,
    0x98, 0x80, 0x28, 0xff, 0xa0, 0x80, 0x28, 0xff, 0x98, 0x80, 0x28, 0xff,
    0x98, 0x7c, 0x28, 0xe7, 0xa0, 0x80, 0x28, 0x18, 0x00, 0x00, 0x00, 0x00,
    0x00, 0x00, 0x00, 0x00, 0x00, 0x00, 0x00, 0x00, 0x00, 0x00, 0x00, 0x00,
    0xa0, 0x80, 0x30, 0x10, 0x98, 0x80, 0x28, 0x65, 0xa0, 0x7c, 0x28, 0xcf,
    0x98, 0x80, 0x28, 0x65, 0x00, 0x00, 0x00, 0x00, 0x00, 0x00, 0x00, 0x00,
    0x00, 0x00, 0x00, 0x00, 0x00, 0x00, 0x00, 0x00, 0x00, 0x00, 0x00, 0x00,
    0x00, 0x00, 0x00, 0x00, 0xa0, 0x7c, 0x28, 0x20, 0x98, 0x80, 0x28, 0x65,
    0x98, 0x7c, 0x28, 0xae, 0xa0, 0x7c, 0x28, 0xbe, 0x98, 0x7c, 0x28, 0xf7,
    0xa0, 0x7c, 0x28, 0xcf, 0xa0, 0x7c, 0x28, 0xbe, 0x98, 0x80, 0x28, 0x86,
    0x98, 0x80, 0x28, 0x38, 0x00, 0x00, 0x00, 0x00, 0x00, 0x00, 0x00, 0x00,
    0x00, 0x00, 0x00, 0x00, 0x00, 0x00, 0x00, 0x00, 0x00, 0x00, 0x00, 0x00,
    0x00, 0x00, 0x00, 0x00, 0x98, 0x80, 0x28, 0x28, 0xa0, 0x7c, 0x28, 0xbe,
    0xa0, 0x7c, 0x28, 0x96, 0x98, 0x80, 0x28, 0x28, 0x00, 0x00, 0x00, 0x00,
    0x00, 0x00, 0x00, 0x00, 0x00, 0x00, 0x00, 0x00, 0x00, 0x00, 0x00, 0x00,
    0x00, 0x00, 0x00, 0x00, 0x98, 0x7c, 0x28, 0xa6, 0xa0, 0x80, 0x28, 0xff,
    0xa0, 0x80, 0x28, 0xff, 0x98, 0x80, 0x28, 0xff, 0xa0, 0x7c, 0x28, 0xff,
    0xa0, 0x80, 0x28, 0xff, 0x98, 0x7c, 0x28, 0xcf, 0x00, 0x00, 0x00, 0x00,
    0x00, 0x00, 0x00, 0x00, 0x00, 0x00, 0x00, 0x00, 0x00, 0x00, 0x00, 0x00,
    0x00, 0x00, 0x00, 0x00, 0x00, 0x00, 0x00, 0x00, 0x00, 0x00, 0x00, 0x00,
    0x00, 0x00, 0x00, 0x00, 0x00, 0x00, 0x00, 0x00, 0x00, 0x00, 0x00, 0x00,
    0x00, 0x00, 0x00, 0x00, 0x00, 0x00, 0x00, 0x00, 0x00, 0x00, 0x00, 0x00,
    0x00, 0x00, 0x00, 0x00, 0x00, 0x00, 0x00, 0x00, 0x00, 0x00, 0x00, 0x00,
    0x00, 0x00, 0x00, 0x00, 0xa0, 0x7c, 0x18, 0x08, 0xa0, 0x7c, 0x28, 0xdf,
    0x98, 0x80, 0x28, 0xff, 0xa0, 0x7c, 0x28, 0xff, 0xa0, 0x80, 0x28, 0xff,
    0x98, 0x80, 0x28, 0xff, 0xa0, 0x80, 0x28, 0xff, 0xa0, 0x7c, 0x28, 0x8e,
    0x00, 0x00, 0x00, 0x00, 0x00, 0x00, 0x00, 0x00, 0x98, 0x80, 0x28, 0x38,
    0xa0, 0x7c, 0x28, 0x9e, 0x98, 0x7c, 0x28, 0xf7, 0x98, 0x80, 0x28, 0xff,
    0xa0, 0x80, 0x28, 0xff, 0x98, 0x80, 0x28, 0xff, 0xa0, 0x7c, 0x28, 0x9e,
    0xa0, 0x7c, 0x18, 0x08, 0x00, 0x00, 0x00, 0x00, 0x00, 0x00, 0x00, 0x00,
    0x00, 0x00, 0x00, 0x00, 0x00, 0x00, 0x00, 0x00, 0x00, 0x00, 0x00, 0x00,
    0x00, 0x00, 0x00, 0x00, 0x00, 0x00, 0x00, 0x00, 0x00, 0x00, 0x00, 0x00,
    0x00, 0x00, 0x00, 0x00, 0x00, 0x00, 0x00, 0x00, 0x00, 0x00, 0x00, 0x00,
    0x00, 0x00, 0x00, 0x00, 0x00, 0x00, 0x00, 0x00, 0x00, 0x00, 0x00, 0x00,
    0x00, 0x00, 0x00, 0x00, 0x00, 0x00, 0x00, 0x00, 0x00, 0x00, 0x00, 0x00,
    0x00, 0x00, 0x00, 0x00, 0xa0, 0x80, 0x28, 0x55, 0x98, 0x7c, 0x28, 0xef,
    0x98, 0x80, 0x28, 0xff, 0x98, 0x80, 0x28, 0xff, 0xa0, 0x80, 0x28, 0xff,
    0x98, 0x7c, 0x28, 0xc7, 0xa0, 0x80, 0x28, 0x5d, 0xa0, 0x7c, 0x18, 0x08,
    0x00, 0x00, 0x00, 0x00, 0x98, 0x80, 0x28, 0x30, 0xa0, 0x80, 0x28, 0xff,
    0x98, 0x7c, 0x28, 0xff, 0x98, 0x80, 0x28, 0xff, 0xa0, 0x80, 0x28, 0xff,
    0x98, 0x80, 0x28, 0xff, 0xa0, 0x80, 0x28, 0xff, 0x98, 0x80, 0x28, 0x45,
    0x00, 0x00, 0x00, 0x00, 0x00, 0x00, 0x00, 0x00, 0x00, 0x00, 0x00, 0x00,
    0x00, 0x00, 0x00, 0x00, 0x00, 0x00, 0x00, 0x00, 0x00, 0x00, 0x00, 0x00,
    0x00, 0x00, 0x00, 0x00, 0x00, 0x00, 0x00, 0x00, 0x00, 0x00, 0x00, 0x00,
    0x00, 0x00, 0x00, 0x00, 0x00, 0x00, 0x00, 0x00, 0x00, 0x00, 0x00, 0x00,
    0x00, 0x00, 0x00, 0x00, 0x00, 0x00, 0x00, 0x00, 0x00, 0x00, 0x00, 0x00,
    0x00, 0x00, 0x00, 0x00, 0x00, 0x00, 0x00, 0x00, 0x00, 0x00, 0x00, 0x00,
    0x98, 0x80, 0x28, 0x4d, 0xa0, 0x80, 0x28, 0xff, 0x98, 0x80, 0x28, 0xff,
    0x98, 0x7c, 0x28, 0xff, 0xa0, 0x80, 0x28, 0xff, 0x98, 0x80, 0x28, 0xff,
    0x98, 0x7c, 0x28, 0xf7, 0x98, 0x80, 0x28, 0x7d, 0xa0, 0x80, 0x28, 0xd7,
    0x98, 0x80, 0x28, 0xff, 0xa0, 0x80, 0x28, 0xff, 0x98, 0x80, 0x28, 0xff,
    0xa0, 0x80, 0x28, 0xff, 0x98, 0x80, 0x28, 0xff, 0xa0, 0x80, 0x28, 0xff,
    0x98, 0x80, 0x28, 0xff, 0xa0, 0x7c, 0x28, 0xdf, 0x98, 0x80, 0x28, 0x4d,
    0x00, 0x00, 0x00, 0x00, 0x00, 0x00, 0x00, 0x00, 0x00, 0x00, 0x00, 0x00,
    0x00, 0x00, 0x00, 0x00, 0x00, 0x00, 0x00, 0x00, 0x00, 0x00, 0x00, 0x00,
    0x00, 0x00, 0x00, 0x00, 0x00, 0x00, 0x00, 0x00, 0x00, 0x00, 0x00, 0x00,
    0x00, 0x00, 0x00, 0x00, 0x00, 0x00, 0x00, 0x00, 0x00, 0x00, 0x00, 0x00,
    0x00, 0x00, 0x00, 0x00, 0x00, 0x00, 0x00, 0x00, 0x00, 0x00, 0x00, 0x00,
    0xa0, 0x80, 0x30, 0x10, 0xa0, 0x7c, 0x28, 0x9e, 0xa0, 0x80, 0x28, 0xff,
    0x98, 0x80, 0x28, 0xff, 0xa0, 0x80, 0x28, 0xff, 0xa0, 0x80, 0x28, 0xff,
    0x98, 0x80, 0x28, 0xff, 0x98, 0x80, 0x28, 0xff, 0xa0, 0x80, 0x28, 0xff,
    0x98, 0x7c, 0x28, 0xef, 0xa0, 0x7c, 0x28, 0x96, 0xa0, 0x7c, 0x28, 0xc7,
    0x98, 0x80, 0x28, 0xff, 0xa0, 0x80, 0x28, 0xff, 0xa0, 0x7c, 0x28, 0xff,
    0x98, 0x80, 0x28, 0xff, 0x98, 0x80, 0x28, 0xff, 0x98, 0x7c, 0x28, 0xae,
    0x00, 0x00, 0x00, 0x00, 0x00, 0x00, 0x00, 0x00, 0x00, 0x00, 0x00, 0x00,
    0x00, 0x00, 0x00, 0x00, 0x00, 0x00, 0x00, 0x00, 0x00, 0x00, 0x00, 0x00,
    0x00, 0x00, 0x00, 0x00, 0x00, 0x00, 0x00, 0x00, 0x00, 0x00, 0x00, 0x00,
    0x00, 0x00, 0x00, 0x00, 0x00, 0x00, 0x00, 0x00, 0x00, 0x00, 0x00, 0x00,
    0x00, 0x00, 0x00, 0x00, 0x00, 0x00, 0x00, 0x00, 0x00, 0x00, 0x00, 0x00,
    0x00, 0x00, 0x00, 0x00, 0x00, 0x00, 0x00, 0x00, 0x00, 0x00, 0x00, 0x00,
    0x00, 0x00, 0x00, 0x00, 0x00, 0x00, 0x00, 0x00, 0xa0, 0x7c, 0x28, 0xb6,
    0x98, 0x80, 0x28, 0xff, 0xa0, 0x80, 0x28, 0xff, 0xa0, 0x80, 0x28, 0xff,
    0x98, 0x80, 0x28, 0xff, 0xa0, 0x80, 0x28, 0xff, 0xa0, 0x80, 0x28, 0xff,
    0x98, 0x80, 0x28, 0xff, 0xa0, 0x7c, 0x28, 0xff, 0x98, 0x80, 0x28, 0xff,
    0xa0, 0x80, 0x28, 0xff, 0x98, 0x7c, 0x28, 0xff, 0xa0, 0x80, 0x28, 0xff,
    0x98, 0x80, 0x28, 0xff, 0xa0, 0x80, 0x28, 0xff, 0x98, 0x80, 0x28, 0xff,
    0xa0, 0x80, 0x28, 0xff, 0x98, 0x7c, 0x28, 0xbe, 0x98, 0x80, 0x28, 0x30,
    0x00, 0x00, 0x00, 0x00, 0x00, 0x00, 0x00, 0x00, 0x00, 0x00, 0x00, 0x00,
    0x00, 0x00, 0x00, 0x00, 0x00, 0x00, 0x00, 0x00, 0x00, 0x00, 0x00, 0x00,
    0x00, 0x00, 0x00, 0x00, 0x00, 0x00, 0x00, 0x00, 0x00, 0x00, 0x00, 0x00,
    0x00, 0x00, 0x00, 0x00, 0x00, 0x00, 0x00, 0x00, 0xa0, 0x7c, 0x18, 0x04,
    0x98, 0x80, 0x28, 0x6d, 0x98, 0x7c, 0x28, 0xe7, 0xa0, 0x80, 0x28, 0xff,
    0x98, 0x80, 0x28, 0xff, 0x98, 0x80, 0x28, 0xff, 0xa0, 0x7c, 0x28, 0xff,
    0xa0, 0x80, 0x28, 0xff, 0x98, 0x7c, 0x28, 0xff, 0xa0, 0x80, 0x28, 0xff,
    0x98, 0x80, 0x28, 0xff, 0x98, 0x80, 0x28, 0xff, 0xa0, 0x80, 0x28, 0xff,
    0x98, 0x80, 0x28, 0xff, 0x98, 0x80, 0x28, 0xff, 0xa0, 0x80, 0x28, 0xff,
    0xa0, 0x80, 0x28, 0xff, 0x98, 0x7c, 0x28, 0xff, 0xa0, 0x7c, 0x28, 0xf7,
    0xa0, 0x80, 0x28, 0x20, 0x00, 0x00, 0x00, 0x00, 0x00, 0x00, 0x00, 0x00,
    0x00, 0x00, 0x00, 0x00, 0x00, 0x00, 0x00, 0x00, 0x00, 0x00, 0x00, 0x00,
    0x00, 0x00, 0x00, 0x00, 0x00, 0x00, 0x00, 0x00, 0x00, 0x00, 0x00, 0x00,
    0x00, 0x00, 0x00, 0x00, 0x00, 0x00, 0x00, 0x00, 0x00, 0x00, 0x00, 0x00,
    0x00, 0x00, 0x00, 0x00, 0x00, 0x00, 0x00, 0x00, 0x00, 0x00, 0x00, 0x00,
    0x00, 0x00, 0x00, 0x00, 0x00, 0x00, 0x00, 0x00, 0x00, 0x00, 0x00, 0x00,
    0x00, 0x00, 0x00, 0x00, 0x00, 0x00, 0x00, 0x00, 0x00, 0x00, 0x00, 0x00,
    0x98, 0x80, 0x28, 0x30, 0x98, 0x7c, 0x28, 0xf7, 0xa0, 0x80, 0x28, 0xff,
    0x98, 0x7c, 0x28, 0xff, 0x98, 0x80, 0x28, 0xff, 0xa0, 0x80, 0x28, 0xff,
    0x98, 0x7c, 0x28, 0xff, 0x98, 0x80, 0x28, 0xff, 0xa0, 0x80, 0x28, 0xff,
    0x98, 0x80, 0x28, 0xff, 0xa0, 0x80, 0x28, 0xff, 0xa0, 0x7c, 0x28, 0xff,
    0x98, 0x80, 0x28, 0xff, 0xa0, 0x80, 0x28, 0xff, 0x98, 0x7c, 0x28, 0xff,
    0xa0, 0x80, 0x28, 0xff, 0xa0, 0x80, 0x28, 0xff, 0x98, 0x80, 0x28, 0xff,
    0xa0, 0x80, 0x28, 0xff, 0xa0, 0x7c, 0x28, 0xb6, 0x98, 0x80, 0x28, 0x55,
    0x00, 0x00, 0x00, 0x00, 0x00, 0x00, 0x00, 0x00, 0x00, 0x00, 0x00, 0x00,
    0x00, 0x00, 0x00, 0x00, 0x00, 0x00, 0x00, 0x00, 0x00, 0x00, 0x00, 0x00,
    0x00, 0x00, 0x00, 0x00, 0xa0, 0x80, 0x28, 0x20, 0xa0, 0x7c, 0x28, 0x86,
    0x98, 0x80, 0x28, 0xe7, 0xa0, 0x80, 0x28, 0xff, 0xa0, 0x80, 0x28, 0xff,
    0x98, 0x80, 0x28, 0xff, 0xa0, 0x80, 0x28, 0xff, 0x98, 0x7c, 0x28, 0xff,
    0x98, 0x80, 0x28, 0xff, 0xa0, 0x80, 0x28, 0xff, 0x98, 0x80, 0x28, 0xff,
    0xa0, 0x7c, 0x28, 0xff, 0xa0, 0x80, 0x28, 0xff, 0x98, 0x80, 0x28, 0xff,
    0xa0, 0x80, 0x28, 0xff, 0x98, 0x80, 0x28, 0xff, 0x98, 0x7c, 0x28, 0xff,
    0xa0, 0x80, 0x28, 0xff, 0x98, 0x80, 0x28, 0xff, 0xa0, 0x80, 0x28, 0xff,
    0xa0, 0x7c, 0x28, 0x86, 0x00, 0x00, 0x00, 0x00, 0x00, 0x00, 0x00, 0x00,
    0x00, 0x00, 0x00, 0x00, 0x00, 0x00, 0x00, 0x00, 0x00, 0x00, 0x00, 0x00,
    0x00, 0x00, 0x00, 0x00, 0x00, 0x00, 0x00, 0x00, 0x00, 0x00, 0x00, 0x00,
    0x00, 0x00, 0x00, 0x00, 0x00, 0x00, 0x00, 0x00, 0x00, 0x00, 0x00, 0x00,
    0x00, 0x00, 0x00, 0x00, 0x00, 0x00, 0x00, 0x00, 0x00, 0x00, 0x00, 0x00,
    0x00, 0x00, 0x00, 0x00, 0x00, 0x00, 0x00, 0x00, 0x00, 0x00, 0x00, 0x00,
    0x00, 0x00, 0x00, 0x00, 0x00, 0x00, 0x00, 0x00, 0x00, 0x00, 0x00, 0x00,
    0x00, 0x00, 0x00, 0x00, 0x00, 0x00, 0x00, 0x00, 0xa0, 0x7c, 0x28, 0x8e,
    0x98, 0x80, 0x28, 0xff, 0xa0, 0x80, 0x28, 0xff, 0xa0, 0x7c, 0x28, 0xff,
    0x98, 0x80, 0x28, 0xff, 0xa0, 0x80, 0x28, 0xff, 0xa0, 0x7c, 0x28, 0xff,
    0x98, 0x80, 0x28, 0xff, 0x98, 0x80, 0x28, 0xff, 0xa0, 0x7c, 0x28, 0xff,
    0x98, 0x80, 0x28, 0xff, 0x98, 0x80, 0x28, 0xff, 0xa0, 0x80, 0x28, 0xff,
    0x98, 0x7c, 0x28, 0xff, 0x98, 0x80, 0x28, 0xff, 0xa0, 0x80, 0x28, 0xff,
    0x98, 0x7c, 0x28, 0xff, 0xa0, 0x80, 0x28, 0xff, 0xa0, 0x80, 0x28, 0xff,
    0x98, 0x80, 0x28, 0xff, 0xa0, 0x7c, 0x28, 0xbe, 0x00, 0x00, 0x00, 0x00,
    0x00, 0x00, 0x00, 0x00, 0x00, 0x00, 0x00, 0x00, 0x00, 0x00, 0x00, 0x00,
    0x00, 0x00, 0x00, 0x00, 0x98, 0x80, 0x28, 0x4d, 0xa0, 0x80, 0x28, 0xff,
    0x98, 0x80, 0x28, 0xff, 0xa0, 0x80, 0x28, 0xff, 0x98, 0x80, 0x28, 0xff,
    0x98, 0x7c, 0x28, 0xff, 0xa0, 0x80, 0x28, 0xff, 0xa0, 0x80, 0x28, 0xff,
    0x98, 0x80, 0x28, 0xff, 0xa0, 0x80, 0x28, 0xff, 0x98, 0x80, 0x28, 0xff,
    0x98, 0x80, 0x28, 0xff, 0xa0, 0x80, 0x28, 0xff, 0x98, 0x7c, 0x28, 0xff,
    0xa0, 0x80, 0x28, 0xff, 0xa0, 0x80, 0x28, 0xff, 0x98, 0x7c, 0x28, 0xff,
    0xa0, 0x80, 0x28, 0xff, 0x98, 0x80, 0x28, 0xff, 0x98, 0x80, 0x28, 0xff,
    0x98, 0x7c, 0x28, 0xe7, 0xa0, 0x80, 0x18, 0x04, 0x00, 0x00, 0x00, 0x00,
    0x00, 0x00, 0x00, 0x00, 0x00, 0x00, 0x00, 0x00, 0x00, 0x00, 0x00, 0x00,
    0x00, 0x00, 0x00, 0x00, 0x00, 0x00, 0x00, 0x00, 0x00, 0x00, 0x00, 0x00,
    0x00, 0x00, 0x00, 0x00, 0x00, 0x00, 0x00, 0x00, 0x00, 0x00, 0x00, 0x00,
    0x00, 0x00, 0x00, 0x00, 0x00, 0x00, 0x00, 0x00, 0x00, 0x00, 0x00, 0x00,
    0x00, 0x00, 0x00, 0x00, 0x00, 0x00, 0x00, 0x00, 0x00, 0x00, 0x00, 0x00,
    0x00, 0x00, 0x00, 0x00, 0x00, 0x00, 0x00, 0x00, 0x00, 0x00, 0x00, 0x00,
    0x00, 0x00, 0x00, 0x00, 0x00, 0x00, 0x00, 0x00, 0x00, 0x00, 0x00, 0x00,
    0xa0, 0x80, 0x30, 0x10, 0x98, 0x7c, 0x28, 0xe7, 0xa0, 0x80, 0x28, 0xff,
    0x98, 0x80, 0x28, 0xff, 0x98, 0x80, 0x28, 0xff, 0xa0, 0x80, 0x28, 0xff,
    0xa0, 0x80, 0x28, 0xff, 0x98, 0x7c, 0x28, 0xff, 0xa0, 0x80, 0x28, 0xff,
    0x98, 0x7c, 0x28, 0xf7, 0xa0, 0x7c, 0x28, 0x9e, 0xa0, 0x7c, 0x28, 0xc7,
    0x98, 0x80, 0x28, 0xff, 0xa0, 0x80, 0x28, 0xff, 0xa0, 0x80, 0x28, 0xff,
    0x98, 0x80, 0x28, 0xff, 0x98, 0x7c, 0x28, 0xff, 0x98, 0x80, 0x28, 0xff,
    0xa0, 0x80, 0x28, 0xff, 0x98, 0x80, 0x28, 0xff, 0x98, 0x7c, 0x28, 0xef,
    0x00, 0x00, 0x00, 0x00, 0x00, 0x00, 0x00, 0x00, 0x00, 0x00, 0x00, 0x00,
    0x00, 0x00, 0x00, 0x00, 0x00, 0x00, 0x00, 0x00, 0xa0, 0x7c, 0x28, 0x86,
    0x98, 0x80, 0x28, 0xff, 0xa0, 0x80, 0x28, 0xff, 0x98, 0x7c, 0x28, 0xff,
    0xa0, 0x80, 0x28, 0xff, 0x98, 0x80, 0x28, 0xff, 0xa0, 0x7c, 0x28, 0xff,
    0x98, 0x80, 0x28, 0xff, 0xa0, 0x7c, 0x28, 0xff, 0x98, 0x7c, 0x28, 0xef,
    0xa0, 0x7c, 0x28, 0x8e, 0xa0, 0x7c, 0x28, 0xdf, 0x98, 0x80, 0x28, 0xff,
    0x98, 0x80, 0x28, 0xff, 0xa0, 0x7c, 0x28, 0xff, 0x98, 0x80, 0x28, 0xff,
    0xa0, 0x80, 0x28, 0xff, 0xa0, 0x80, 0x28, 0xff, 0xa0, 0x7c, 0x28, 0xff,
    0x98, 0x80, 0x28, 0xff, 0xa0, 0x80, 0x28, 0x55, 0x00, 0x00, 0x00, 0x00,
    0x00, 0x00, 0x00, 0x00, 0x00, 0x00, 0x00, 0x00, 0x00, 0x00, 0x00, 0x00,
    0x00, 0x00, 0x00, 0x00, 0x00, 0x00, 0x00, 0x00, 0x00, 0x00, 0x00, 0x00,
    0x00, 0x00, 0x00, 0x00, 0x00, 0x00, 0x00, 0x00, 0x00, 0x00, 0x00, 0x00,
    0x00, 0x00, 0x00, 0x00, 0x00, 0x00, 0x00, 0x00, 0x00, 0x00, 0x00, 0x00,
    0x00, 0x00, 0x00, 0x00, 0x00, 0x00, 0x00, 0x00, 0x00, 0x00, 0x00, 0x00,
    0x00, 0x00, 0x00, 0x00, 0x00, 0x00, 0x00, 0x00, 0x00, 0x00, 0x00, 0x00,
    0x00, 0x00, 0x00, 0x00, 0x00, 0x00, 0x00, 0x00, 0x00, 0x00, 0x00, 0x00,
    0x00, 0x00, 0x00, 0x00, 0x00, 0x00, 0x00, 0x00, 0x98, 0x80, 0x28, 0x65,
    0xa0, 0x80, 0x28, 0xff, 0x98, 0x7c, 0x28, 0xff, 0x98, 0x80, 0x28, 0xff,
    0xa0, 0x80, 0x28, 0xff, 0x98, 0x7c, 0x28, 0xff, 0x98, 0x7c, 0x28, 0xc7,
    0xa0, 0x80, 0x28, 0x5d, 0xa0, 0x80, 0x18, 0x08, 0x00, 0x00, 0x00, 0x00,
    0x00, 0x00, 0x00, 0x00, 0x98, 0x80, 0x28, 0x55, 0x98, 0x7c, 0x28, 0xe7,
    0xa0, 0x80, 0x28, 0xff, 0xa0, 0x80, 0x28, 0xff, 0x98, 0x80, 0x28, 0xff,
    0xa0, 0x7c, 0x28, 0xff, 0xa0, 0x80, 0x28, 0xff, 0x98, 0x80, 0x28, 0xff,
    0xa0, 0x80, 0x28, 0xff, 0xa0, 0x80, 0x30, 0x10, 0x00, 0x00, 0x00, 0x00,
    0x00, 0x00, 0x00, 0x00, 0x00, 0x00, 0x00, 0x00, 0x00, 0x00, 0x00, 0x00,
    0x98, 0x80, 0x28, 0xae, 0xa0, 0x80, 0x28, 0xff, 0x98, 0x80, 0x28, 0xff,
    0xa0, 0x80, 0x28, 0xff, 0xa0, 0x80, 0x28, 0xff, 0x98, 0x80, 0x28, 0xff,
    0x98, 0x80, 0x28, 0xff, 0xa0, 0x80, 0x28, 0xff, 0x98, 0x7c, 0x28, 0x8e,
    0xa0, 0x80, 0x30, 0x10, 0x00, 0x00, 0x00, 0x00, 0x00, 0x00, 0x00, 0x00,
    0x98, 0x80, 0x28, 0x3c, 0xa0, 0x7c, 0x28, 0x9e, 0x98, 0x7c, 0x28, 0xf7,
    0x98, 0x80, 0x28, 0xff, 0x98, 0x80, 0x28, 0xff, 0xa0, 0x7c, 0x28, 0xff,
    0x98, 0x80, 0x28, 0xff, 0xa0, 0x7c, 0x28, 0xc7, 0x00, 0x00, 0x00, 0x00,
    0x00, 0x00, 0x00, 0x00, 0x00, 0x00, 0x00, 0x00, 0x00, 0x00, 0x00, 0x00,
    0x00, 0x00, 0x00, 0x00, 0x00, 0x00, 0x00, 0x00, 0x00, 0x00, 0x00, 0x00,
    0x00, 0x00, 0x00, 0x00, 0x00, 0x00, 0x00, 0x00, 0x00, 0x00, 0x00, 0x00,
    0x00, 0x00, 0x00, 0x00, 0x00, 0x00, 0x00, 0x00, 0x00, 0x00, 0x00, 0x00,
    0x00, 0x00, 0x00, 0x00, 0x00, 0x00, 0x00, 0x00, 0x00, 0x00, 0x00, 0x00,
    0x00, 0x00, 0x00, 0x00, 0x00, 0x00, 0x00, 0x00, 0x00, 0x00, 0x00, 0x00,
    0x00, 0x00, 0x00, 0x00, 0x00, 0x00, 0x00, 0x00, 0x00, 0x00, 0x00, 0x00,
    0x00, 0x00, 0x00, 0x00, 0x00, 0x00, 0x00, 0x00, 0x00, 0x00, 0x00, 0x00,
    0x00, 0x00, 0x00, 0x00, 0xa0, 0x7c, 0x28, 0xb6, 0xa0, 0x80, 0x28, 0xff,
    0x98, 0x7c, 0x28, 0xef, 0xa0, 0x7c, 0x28, 0x96, 0x98, 0x80, 0x28, 0x28,
    0x00, 0x00, 0x00, 0x00, 0x00, 0x00, 0x00, 0x00, 0x00, 0x00, 0x00, 0x00,
    0x00, 0x00, 0x00, 0x00, 0x00, 0x00, 0x00, 0x00, 0x00, 0x00, 0x00, 0x00,
    0xa0, 0x7c, 0x18, 0x08, 0x98, 0x7c, 0x28, 0x86, 0x98, 0x7c, 0x28, 0xf7,
    0xa0, 0x80, 0x28, 0xff, 0x98, 0x80, 0x28, 0xff, 0x98, 0x80, 0x28, 0xff,
    0xa0, 0x7c, 0x28, 0xff, 0xa0, 0x80, 0x28, 0xff, 0x98, 0x80, 0x28, 0x30,
    0x00, 0x00, 0x00, 0x00, 0x00, 0x00, 0x00, 0x00, 0x00, 0x00, 0x00, 0x00,
    0x00, 0x00, 0x00, 0x00, 0x98, 0x7c, 0x28, 0xd7, 0xa0, 0x80, 0x28, 0xff,
    0x98, 0x7c, 0x28, 0xff, 0x98, 0x80, 0x28, 0xff, 0xa0, 0x7c, 0x28, 0xff,
    0xa0, 0x80, 0x28, 0xff, 0x98, 0x7c, 0x28, 0xbe, 0x98, 0x80, 0x20, 0x28,
    0x00, 0x00, 0x00, 0x00, 0x00, 0x00, 0x00, 0x00, 0x00, 0x00, 0x00, 0x00,
    0x00, 0x00, 0x00, 0x00, 0x00, 0x00, 0x00, 0x00, 0x00, 0x00, 0x00, 0x00,
    0xa0, 0x80, 0x30, 0x10, 0x98, 0x80, 0x28, 0x65, 0xa0, 0x7c, 0x28, 0xd7,
    0x98, 0x80, 0x28, 0xff, 0x98, 0x7c, 0x28, 0xeb, 0x98, 0x80, 0x28, 0x30,
    0x00, 0x00, 0x00, 0x00, 0x00, 0x00, 0x00, 0x00, 0x00, 0x00, 0x00, 0x00,
    0x00, 0x00, 0x00, 0x00, 0x00, 0x00, 0x00, 0x00, 0x00, 0x00, 0x00, 0x00,
    0x00, 0x00, 0x00, 0x00, 0x00, 0x00, 0x00, 0x00, 0x00, 0x00, 0x00, 0x00,
    0x00, 0x00, 0x00, 0x00, 0x00, 0x00, 0x00, 0x00, 0x00, 0x00, 0x00, 0x00,
    0x00, 0x00, 0x00, 0x00, 0x00, 0x00, 0x00, 0x00, 0x00, 0x00, 0x00, 0x00,
    0x00, 0x00, 0x00, 0x00, 0x00, 0x00, 0x00, 0x00, 0x00, 0x00, 0x00, 0x00,
    0x00, 0x00, 0x00, 0x00, 0x00, 0x00, 0x00, 0x00, 0x00, 0x00, 0x00, 0x00,
    0x00, 0x00, 0x00, 0x00, 0x00, 0x00, 0x00, 0x00, 0x00, 0x00, 0x00, 0x00,
    0x00, 0x00, 0x00, 0x00, 0x00, 0x00, 0x00, 0x00, 0x00, 0x00, 0x00, 0x00,
    0x98, 0x80, 0x28, 0x38, 0xa0, 0x7c, 0x18, 0x04, 0x00, 0x00, 0x00, 0x00,
    0x00, 0x00, 0x00, 0x00, 0x00, 0x00, 0x00, 0x00, 0x00, 0x00, 0x00, 0x00,
    0x00, 0x00, 0x00, 0x00, 0x00, 0x00, 0x00, 0x00, 0x00, 0x00, 0x00, 0x00,
    0x00, 0x00, 0x00, 0x00, 0x00, 0x00, 0x00, 0x00, 0x00, 0x00, 0x00, 0x00,
    0xa0, 0x80, 0x28, 0x55, 0xa0, 0x80, 0x28, 0xff, 0x98, 0x80, 0x28, 0xff,
    0x98, 0x80, 0x28, 0xff, 0xa0, 0x7c, 0x28, 0xff, 0x98, 0x80, 0x28, 0xff,
    0x98, 0x80, 0x28, 0x55, 0x00, 0x00, 0x00, 0x00, 0x00, 0x00, 0x00, 0x00,
    0x00, 0x00, 0x00, 0x00, 0x00, 0x00, 0x00, 0x00, 0x98, 0x7c, 0x28, 0xf7,
    0xa0, 0x80, 0x28, 0xff, 0xa0, 0x80, 0x28, 0xff, 0x98, 0x80, 0x28, 0xff,
    0x98, 0x80, 0x28, 0xff, 0xa0, 0x7c, 0x28, 0xb6, 0x00, 0x00, 0x00, 0x00,
    0x00, 0x00, 0x00, 0x00, 0x00, 0x00, 0x00, 0x00, 0x00, 0x00, 0x00, 0x00,
    0x00, 0x00, 0x00, 0x00, 0x00, 0x00, 0x00, 0x00, 0x00, 0x00, 0x00, 0x00,
    0x00, 0x00, 0x00, 0x00, 0x00, 0x00, 0x00, 0x00, 0x00, 0x00, 0x00, 0x00,
    0x00, 0x00, 0x00, 0x00, 0x98, 0x80, 0x28, 0x30, 0xa0, 0x80, 0x30, 0x10,
    0x00, 0x00, 0x00, 0x00, 0x00, 0x00, 0x00, 0x00, 0x00, 0x00, 0x00, 0x00,
    0x00, 0x00, 0x00, 0x00, 0x00, 0x00, 0x00, 0x00, 0x00, 0x00, 0x00, 0x00,
    0x00, 0x00, 0x00, 0x00, 0x00, 0x00, 0x00, 0x00, 0x00, 0x00, 0x00, 0x00,
    0x00, 0x00, 0x00, 0x00, 0x00, 0x00, 0x00, 0x00, 0x00, 0x00, 0x00, 0x00,
    0x00, 0x00, 0x00, 0x00, 0x00, 0x00, 0x00, 0x00, 0x00, 0x00, 0x00, 0x00,
    0x00, 0x00, 0x00, 0x00, 0x00, 0x00, 0x00, 0x00, 0x00, 0x00, 0x00, 0x00,
    0x00, 0x00, 0x00, 0x00, 0x00, 0x00, 0x00, 0x00, 0x00, 0x00, 0x00, 0x00,
    0x00, 0x00, 0x00, 0x00, 0x00, 0x00, 0x00, 0x00, 0x00, 0x00, 0x00, 0x00,
    0x00, 0x00, 0x00, 0x00, 0x00, 0x00, 0x00, 0x00, 0x00, 0x00, 0x00, 0x00,
    0x00, 0x00, 0x00, 0x00, 0x00, 0x00, 0x00, 0x00, 0x00, 0x00, 0x00, 0x00,
    0x00, 0x00, 0x00, 0x00, 0x00, 0x00, 0x00, 0x00, 0x00, 0x00, 0x00, 0x00,
    0x00, 0x00, 0x00, 0x00, 0x00, 0x00, 0x00, 0x00, 0x00, 0x00, 0x00, 0x00,
    0x00, 0x00, 0x00, 0x00, 0x00, 0x00, 0x00, 0x00, 0x00, 0x00, 0x00, 0x00,
    0x00, 0x00, 0x00, 0x00, 0x98, 0x80, 0x28, 0x30, 0xa0, 0x80, 0x28, 0xff,
    0xa0, 0x7c, 0x28, 0xff, 0x98, 0x80, 0x28, 0xff, 0xa0, 0x80, 0x28, 0xff,
    0xa0, 0x80, 0x28, 0xff, 0x98, 0x80, 0x28, 0x7d, 0x00, 0x00, 0x00, 0x00,
    0x00, 0x00, 0x00, 0x00, 0x00, 0x00, 0x00, 0x00, 0x98, 0x80, 0x20, 0x28,
    0xa0, 0x80, 0x28, 0xff, 0x98, 0x80, 0x28, 0xff, 0xa0, 0x80, 0x28, 0xff,
    0xa0, 0x7c, 0x28, 0xff, 0x98, 0x80, 0x28, 0xff, 0x98, 0x7c, 0x28, 0x8e,
    0x00, 0x00, 0x00, 0x00, 0x00, 0x00, 0x00, 0x00, 0x00, 0x00, 0x00, 0x00,
    0x00, 0x00, 0x00, 0x00, 0x00, 0x00, 0x00, 0x00, 0x00, 0x00, 0x00, 0x00,
    0x00, 0x00, 0x00, 0x00, 0x00, 0x00, 0x00, 0x00, 0x00, 0x00, 0x00, 0x00,
    0x00, 0x00, 0x00, 0x00, 0x00, 0x00, 0x00, 0x00, 0x00, 0x00, 0x00, 0x00,
    0x00, 0x00, 0x00, 0x00, 0x00, 0x00, 0x00, 0x00, 0x00, 0x00, 0x00, 0x00,
    0x00, 0x00, 0x00, 0x00, 0x00, 0x00, 0x00, 0x00, 0x00, 0x00, 0x00, 0x00,
    0x00, 0x00, 0x00, 0x00, 0x00, 0x00, 0x00, 0x00, 0x00, 0x00, 0x00, 0x00,
    0x00, 0x00, 0x00, 0x00, 0x00, 0x00, 0x00, 0x00, 0x00, 0x00, 0x00, 0x00,
    0x00, 0x00, 0x00, 0x00, 0x00, 0x00, 0x00, 0x00, 0x00, 0x00, 0x00, 0x00,
    0x00, 0x00, 0x00, 0x00, 0x00, 0x00, 0x00, 0x00, 0x00, 0x00, 0x00, 0x00,
    0x00, 0x00, 0x00, 0x00, 0x00, 0x00, 0x00, 0x00, 0x00, 0x00, 0x00, 0x00,
    0x00, 0x00, 0x00, 0x00, 0x00, 0x00, 0x00, 0x00, 0x00, 0x00, 0x00, 0x00,
    0x00, 0x00, 0x00, 0x00, 0x00, 0x00, 0x00, 0x00, 0x00, 0x00, 0x00, 0x00,
    0x00, 0x00, 0x00, 0x00, 0x00, 0x00, 0x00, 0x00, 0x00, 0x00, 0x00, 0x00,
    0x00, 0x00, 0x00, 0x00, 0x00, 0x00, 0x00, 0x00, 0x00, 0x00, 0x00, 0x00,
    0x00, 0x00, 0x00, 0x00, 0x00, 0x00, 0x00, 0x00, 0x00, 0x00, 0x00, 0x00,
    0x00, 0x00, 0x00, 0x00, 0x00, 0x00, 0x00, 0x00, 0x00, 0x00, 0x00, 0x00,
    0x00, 0x00, 0x00, 0x00, 0x00, 0x00, 0x00, 0x00, 0xa0, 0x7c, 0x18, 0x08,
    0x98, 0x80, 0x28, 0xff, 0x98, 0x80, 0x28, 0xff, 0xa0, 0x7c, 0x28, 0xff,
    0x98, 0x80, 0x28, 0xff, 0xa0, 0x7c, 0x28, 0xff, 0x98, 0x7c, 0x28, 0xa6,
    0x00, 0x00, 0x00, 0x00, 0x00, 0x00, 0x00, 0x00, 0x00, 0x00, 0x00, 0x00,
    0x98, 0x80, 0x28, 0x45, 0xa0, 0x80, 0x28, 0xff, 0x98, 0x80, 0x28, 0xff,
    0x98, 0x7c, 0x28, 0xff, 0xa0, 0x80, 0x28, 0xff, 0xa0, 0x80, 0x28, 0xff,
    0x98, 0x80, 0x28, 0x65, 0x00, 0x00, 0x00, 0x00, 0x00, 0x00, 0x00, 0x00,
    0x00, 0x00, 0x00, 0x00, 0x00, 0x00, 0x00, 0x00, 0x00, 0x00, 0x00, 0x00,
    0x00, 0x00, 0x00, 0x00, 0x00, 0x00, 0x00, 0x00, 0x00, 0x00, 0x00, 0x00,
    0x00, 0x00, 0x00, 0x00, 0x00, 0x00, 0x00, 0x00, 0x00, 0x00, 0x00, 0x00,
    0x00, 0x00, 0x00, 0x00, 0x00, 0x00, 0x00, 0x00, 0x00, 0x00, 0x00, 0x00,
    0x00, 0x00, 0x00, 0x00, 0x00, 0x00, 0x00, 0x00, 0x00, 0x00, 0x00, 0x00,
    0x00, 0x00, 0x00, 0x00, 0x00, 0x00, 0x00, 0x00, 0x00, 0x00, 0x00, 0x00,
    0x00, 0x00, 0x00, 0x00, 0x00, 0x00, 0x00, 0x00, 0x00, 0x00, 0x00, 0x00,
    0x00, 0x00, 0x00, 0x00, 0x00, 0x00, 0x00, 0x00, 0x00, 0x00, 0x00, 0x00,
    0x00, 0x00, 0x00, 0x00, 0x00, 0x00, 0x00, 0x00, 0x00, 0x00, 0x00, 0x00,
    0x00, 0x00, 0x00, 0x00, 0x00, 0x00, 0x00, 0x00, 0x00, 0x00, 0x00, 0x00,
    0x00, 0x00, 0x00, 0x00, 0x00, 0x00, 0x00, 0x00, 0x00, 0x00, 0x00, 0x00,
    0x00, 0x00, 0x00, 0x00, 0x00, 0x00, 0x00, 0x00, 0x00, 0x00, 0x00, 0x00,
    0x00, 0x00, 0x00, 0x00, 0x00, 0x00, 0x00, 0x00, 0x00, 0x00, 0x00, 0x00,
    0x00, 0x00, 0x00, 0x00, 0x00, 0x00, 0x00, 0x00, 0x00, 0x00, 0x00, 0x00,
    0x00, 0x00, 0x00, 0x00, 0x00, 0x00, 0x00, 0x00, 0x00, 0x00, 0x00, 0x00,
    0x00, 0x00, 0x00, 0x00, 0x00, 0x00, 0x00, 0x00, 0x00, 0x00, 0x00, 0x00,
    0x00, 0x00, 0x00, 0x00, 0x00, 0x00, 0x00, 0x00, 0x00, 0x00, 0x00, 0x00,
    0x00, 0x00, 0x00, 0x00, 0xa0, 0x7c, 0x28, 0xdf, 0x98, 0x80, 0x28, 0xff,
    0xa0, 0x80, 0x28, 0xff, 0x98, 0x80, 0x28, 0xff, 0x98, 0x80, 0x28, 0xff,
    0xa0, 0x80, 0x28, 0xff, 0xa0, 0x80, 0x28, 0xff, 0xa0, 0x80, 0x28, 0xff,
    0x98, 0x80, 0x28, 0xff, 0xa0, 0x7c, 0x28, 0xff, 0xa0, 0x80, 0x28, 0xff,
    0x98, 0x80, 0x28, 0xff, 0x98, 0x80, 0x28, 0xff, 0xa0, 0x80, 0x28, 0xff,
    0x98, 0x80, 0x28, 0xff, 0x98, 0x80, 0x28, 0x45, 0x00, 0x00, 0x00, 0x00,
    0x00, 0x00, 0x00, 0x00, 0x00, 0x00, 0x00, 0x00, 0x00, 0x00, 0x00, 0x00,
    0x00, 0x00, 0x00, 0x00, 0x00, 0x00, 0x00, 0x00, 0x00, 0x00, 0x00, 0x00,
    0x00, 0x00, 0x00, 0x00, 0x00, 0x00, 0x00, 0x00, 0x00, 0x00, 0x00, 0x00,
    0x00, 0x00, 0x00, 0x00, 0x00, 0x00, 0x00, 0x00, 0x00, 0x00, 0x00, 0x00,
    0x00, 0x00, 0x00, 0x00, 0x00, 0x00, 0x00, 0x00, 0x00, 0x00, 0x00, 0x00,
    0x00, 0x00, 0x00, 0x00, 0x00, 0x00, 0x00, 0x00, 0x00, 0x00, 0x00, 0x00,
    0x00, 0x00, 0x00, 0x00, 0x00, 0x00, 0x00, 0x00, 0x00, 0x00, 0x00, 0x00,
    0x00, 0x00, 0x00, 0x00, 0x00, 0x00, 0x00, 0x00, 0x00, 0x00, 0x00, 0x00,
    0x00, 0x00, 0x00, 0x00, 0x00, 0x00, 0x00, 0x00, 0x00, 0x00, 0x00, 0x00,
    0x00, 0x00, 0x00, 0x00, 0x00, 0x00, 0x00, 0x00, 0x00, 0x00, 0x00, 0x00,
    0x00, 0x00, 0x00, 0x00, 0x00, 0x00, 0x00, 0x00, 0x00, 0x00, 0x00, 0x00,
    0x00, 0x00, 0x00, 0x00, 0x00, 0x00, 0x00, 0x00, 0x00, 0x00, 0x00, 0x00,
    0x00, 0x00, 0x00, 0x00, 0x00, 0x00, 0x00, 0x00, 0x00, 0x00, 0x00, 0x00,
    0x00, 0x00, 0x00, 0x00, 0x00, 0x00, 0x00, 0x00, 0x00, 0x00, 0x00, 0x00,
    0x00, 0x00, 0x00, 0x00, 0x00, 0x00, 0x00, 0x00, 0x00, 0x00, 0x00, 0x00,
    0x00, 0x00, 0x00, 0x00, 0x00, 0x00, 0x00, 0x00, 0x00, 0x00, 0x00, 0x00,
    0x00, 0x00, 0x00, 0x00, 0x00, 0x00, 0x00, 0x00, 0x00, 0x00, 0x00, 0x00,
    0x00, 0x00, 0x00, 0x00, 0x00, 0x00, 0x00, 0x00, 0x98, 0x7c, 0x28, 0xb6,
    0xa0, 0x80, 0x28, 0xff, 0xa0, 0x80, 0x28, 0xff, 0x98, 0x80, 0x28, 0xff,
    0xa0, 0x80, 0x28, 0xff, 0x98, 0x7c, 0x28, 0xff, 0x98, 0x80, 0x28, 0xff,
    0xa0, 0x80, 0x28, 0xff, 0x98, 0x7c, 0x28, 0xff, 0x98, 0x80, 0x28, 0xff,
    0xa0, 0x80, 0x28, 0xff, 0xa0, 0x7c, 0x28, 0xff, 0x98, 0x80, 0x28, 0xff,
    0xa0, 0x7c, 0x28, 0xff, 0xa0, 0x80, 0x28, 0xff, 0xa0, 0x7c, 0x28, 0x20,
    0x00, 0x00, 0x00, 0x00, 0x00, 0x00, 0x00, 0x00, 0x00, 0x00, 0x00, 0x00,
    0x00, 0x00, 0x00, 0x00, 0x00, 0x00, 0x00, 0x00, 0x00, 0x00, 0x00, 0x00,
    0x00, 0x00, 0x00, 0x00, 0x00, 0x00, 0x00, 0x00, 0x00, 0x00, 0x00, 0x00,
    0x00, 0x00, 0x00, 0x00, 0x00, 0x00, 0x00, 0x00, 0x00, 0x00, 0x00, 0x00,
    0x00, 0x00, 0x00, 0x00, 0x00, 0x00, 0x00, 0x00, 0x00, 0x00, 0x00, 0x00,
    0x00, 0x00, 0x00, 0x00, 0x00, 0x00, 0x00, 0x00, 0x00, 0x00, 0x00, 0x00,
    0x00, 0x00, 0x00, 0x00, 0x00, 0x00, 0x00, 0x00, 0x00, 0x00, 0x00, 0x00,
    0x00, 0x00, 0x00, 0x00, 0x00, 0x00, 0x00, 0x00, 0x00, 0x00, 0x00, 0x00,
    0x00, 0x00, 0x00, 0x00, 0x00, 0x00, 0x00, 0x00, 0x00, 0x00, 0x00, 0x00,
    0x00, 0x00, 0x00, 0x00, 0x00, 0x00, 0x00, 0x00, 0x00, 0x00, 0x00, 0x00,
    0x00, 0x00, 0x00, 0x00, 0x00, 0x00, 0x00, 0x00, 0x00, 0x00, 0x00, 0x00,
    0x00, 0x00, 0x00, 0x00, 0x00, 0x00, 0x00, 0x00, 0x00, 0x00, 0x00, 0x00,
    0x00, 0x00, 0x00, 0x00, 0x00, 0x00, 0x00, 0x00, 0x00, 0x00, 0x00, 0x00,
    0x00, 0x00, 0x00, 0x00, 0x00, 0x00, 0x00, 0x00, 0x00, 0x00, 0x00, 0x00,
    0x00, 0x00, 0x00, 0x00, 0x00, 0x00, 0x00, 0x00, 0x00, 0x00, 0x00, 0x00,
    0x00, 0x00, 0x00, 0x00, 0x00, 0x00, 0x00, 0x00, 0x00, 0x00, 0x00, 0x00,
    0x00, 0x00, 0x00, 0x00, 0x00, 0x00, 0x00, 0x00, 0x00, 0x00, 0x00, 0x00,
    0x00, 0x00, 0x00, 0x00, 0x00, 0x00, 0x00, 0x00, 0x00, 0x00, 0x00, 0x00,
    0x98, 0x80, 0x28, 0x8e, 0xa0, 0x80, 0x28, 0xff, 0x98, 0x7c, 0x28, 0xff,
    0xa0, 0x80, 0x28, 0xff, 0xa0, 0x80, 0x28, 0xff, 0x98, 0x7c, 0x28, 0xff,
    0xa0, 0x80, 0x28, 0xff, 0x98, 0x80, 0x28, 0xff, 0xa0, 0x7c, 0x28, 0xff,
    0x98, 0x80, 0x28, 0xff, 0xa0, 0x80, 0x28, 0xff, 0x98, 0x80, 0x28, 0xff,
    0xa0, 0x7c, 0x28, 0xff, 0x98, 0x80, 0x28, 0xff, 0x98, 0x7c, 0x28, 0xf7,
    0x00, 0x00, 0x00, 0x00, 0x00, 0x00, 0x00, 0x00, 0x00, 0x00, 0x00, 0x00,
    0x00, 0x00, 0x00, 0x00, 0x00, 0x00, 0x00, 0x00, 0x00, 0x00, 0x00, 0x00,
    0x00, 0x00, 0x00, 0x00, 0x00, 0x00, 0x00, 0x00, 0x00, 0x00, 0x00, 0x00,
    0x00, 0x00, 0x00, 0x00, 0x00, 0x00, 0x00, 0x00, 0x00, 0x00, 0x00, 0x00,
    0x00, 0x00, 0x00, 0x00, 0x00, 0x00, 0x00, 0x00, 0x00, 0x00, 0x00, 0x00,
    0x00, 0x00, 0x00, 0x00, 0x00, 0x00, 0x00, 0x00, 0x00, 0x00, 0x00, 0x00,
    0x00, 0x00, 0x00, 0x00, 0x00, 0x00, 0x00, 0x00, 0x00, 0x00, 0x00, 0x00,
    0x00, 0x00, 0x00, 0x00, 0x00, 0x00, 0x00, 0x00, 0x00, 0x00, 0x00, 0x00,
    0x00, 0x00, 0x00, 0x00, 0x00, 0x00, 0x00, 0x00, 0x00, 0x00, 0x00, 0x00,
    0x00, 0x00, 0x00, 0x00, 0x00, 0x00, 0x00, 0x00, 0x00, 0x00, 0x00, 0x00,
    0x00, 0x00, 0x00, 0x00, 0x00, 0x00, 0x00, 0x00, 0x00, 0x00, 0x00, 0x00,
    0x00, 0x00, 0x00, 0x00, 0x00, 0x00, 0x00, 0x00, 0x00, 0x00, 0x00, 0x00,
    0x00, 0x00, 0x00, 0x00, 0x00, 0x00, 0x00, 0x00, 0x00, 0x00, 0x00, 0x00,
    0x00, 0x00, 0x00, 0x00, 0x00, 0x00, 0x00, 0x00, 0x00, 0x00, 0x00, 0x00,
    0x00, 0x00, 0x00, 0x00, 0x00, 0x00, 0x00, 0x00, 0x00, 0x00, 0x00, 0x00,
    0x00, 0x00, 0x00, 0x00, 0x00, 0x00, 0x00, 0x00, 0x00, 0x00, 0x00, 0x00,
    0x00, 0x00, 0x00, 0x00, 0x00, 0x00, 0x00, 0x00, 0x00, 0x00, 0x00, 0x00,
    0x00, 0x00, 0x00, 0x00, 0x00, 0x00, 0x00, 0x00, 0x00, 0x00, 0x00, 0x00,
    0x00, 0x00, 0x00, 0x00, 0x98, 0x80, 0x28, 0x65, 0xa0, 0x80, 0x28, 0xff,
    0x98, 0x7c, 0x28, 0xff, 0x98, 0x80, 0x28, 0xff, 0xa0, 0x80, 0x28, 0xff,
    0x98, 0x80, 0x28, 0xff, 0xa0, 0x80, 0x28, 0xff, 0xa0, 0x80, 0x28, 0xff,
    0x98, 0x80, 0x28, 0xff, 0xa0, 0x80, 0x28, 0xff, 0x98, 0x80, 0x28, 0xff,
    0xa0, 0x80, 0x28, 0xff, 0x98, 0x80, 0x28, 0xff, 0xa0, 0x80, 0x28, 0xff,
    0xa0, 0x7c, 0x28, 0xd7, 0x00, 0x00, 0x00, 0x00, 0x00, 0x00, 0x00, 0x00,
    0x00, 0x00, 0x00, 0x00, 0x00, 0x00, 0x00, 0x00, 0x00, 0x00, 0x00, 0x00,
    0x00, 0x00, 0x00, 0x00, 0x00, 0x00, 0x00, 0x00, 0x00, 0x00, 0x00, 0x00,
    0x00, 0x00, 0x00, 0x00, 0x00, 0x00, 0x00, 0x00, 0x00, 0x00, 0x00, 0x00,
    0x00, 0x00, 0x00, 0x00, 0x00, 0x00, 0x00, 0x00, 0x00, 0x00, 0x00, 0x00,
    0x00, 0x00, 0x00, 0x00, 0x00, 0x00, 0x00, 0x00, 0x00, 0x00, 0x00, 0x00,
    0x00, 0x00, 0x00, 0x00, 0x00, 0x00, 0x00, 0x00, 0x00, 0x00, 0x00, 0x00,
    0x00, 0x00, 0x00, 0x00, 0x00, 0x00, 0x00, 0x00, 0x00, 0x00, 0x00, 0x00,
    0x00, 0x00, 0x00, 0x00, 0x00, 0x00, 0x00, 0x00, 0x00, 0x00, 0x00, 0x00,
    0x00, 0x00, 0x00, 0x00, 0x00, 0x00, 0x00, 0x00, 0x00, 0x00, 0x00, 0x00,
    0x00, 0x00, 0x00, 0x00, 0x00, 0x00, 0x00, 0x00, 0x00, 0x00, 0x00, 0x00,
    0x00, 0x00, 0x00, 0x00, 0x00, 0x00, 0x00, 0x00, 0x00, 0x00, 0x00, 0x00,
    0x00, 0x00, 0x00, 0x00, 0x00, 0x00, 0x00, 0x00, 0x00, 0x00, 0x00, 0x00,
    0x00, 0x00, 0x00, 0x00, 0x00, 0x00, 0x00, 0x00, 0x00, 0x00, 0x00, 0x00,
    0x00, 0x00, 0x00, 0x00, 0x00, 0x00, 0x00, 0x00, 0x00, 0x00, 0x00, 0x00,
    0x00, 0x00, 0x00, 0x00, 0x00, 0x00, 0x00, 0x00, 0x00, 0x00, 0x00, 0x00,
    0x00, 0x00, 0x00, 0x00, 0x00, 0x00, 0x00, 0x00, 0x00, 0x00, 0x00, 0x00,
    0x00, 0x00, 0x00, 0x00, 0x00, 0x00, 0x00, 0x00, 0x00, 0x00, 0x00, 0x00,
    0x00, 0x00, 0x00, 0x00, 0x00, 0x00, 0x00, 0x00, 0x98, 0x80, 0x28, 0x41,
    0xa0, 0x80, 0x28, 0xff, 0xa0, 0x80, 0x28, 0xff, 0x98, 0x7c, 0x28, 0xff,
    0x98, 0x80, 0x28, 0xff, 0xa0, 0x80, 0x28, 0xff, 0x98, 0x7c, 0x28, 0xff,
    0x98, 0x80, 0x28, 0xff, 0xa0, 0x7c, 0x28, 0xff, 0x98, 0x7c, 0x28, 0xff,
    0xa0, 0x80, 0x28, 0xff, 0x98, 0x7c, 0x28, 0xff, 0x98, 0x80, 0x28, 0xff,
    0xa0, 0x80, 0x28, 0xff, 0x98, 0x7c, 0x28, 0xa6, 0x00, 0x00, 0x00, 0x00,
    0x00, 0x00, 0x00, 0x00, 0x00, 0x00, 0x00, 0x00, 0x00, 0x00, 0x00, 0x00,
    0x00, 0x00, 0x00, 0x00, 0x00, 0x00, 0x00, 0x00, 0x00, 0x00, 0x00, 0x00,
    0x00, 0x00, 0x00, 0x00, 0x00, 0x00, 0x00, 0x00, 0x00, 0x00, 0x00, 0x00,
    0x00, 0x00, 0x00, 0x00, 0x00, 0x00, 0x00, 0x00, 0x00, 0x00, 0x00, 0x00,
    0x00, 0x00, 0x00, 0x00, 0x00, 0x00, 0x00, 0x00, 0x00, 0x00, 0x00, 0x00,
    0x00, 0x00, 0x00, 0x00, 0x00, 0x00, 0x00, 0x00, 0x00, 0x00, 0x00, 0x00,
    0x00, 0x00, 0x00, 0x00, 0x00, 0x00, 0x00, 0x00, 0x00, 0x00, 0x00, 0x00,
    0x00, 0x00, 0x00, 0x00, 0x00, 0x00, 0x00, 0x00, 0x00, 0x00, 0x00, 0x00,
    0x00, 0x00, 0x00, 0x00, 0x00, 0x00, 0x00, 0x00, 0x00, 0x00, 0x00, 0x00,
    0x00, 0x00, 0x00, 0x00, 0x00, 0x00, 0x00, 0x00, 0x00, 0x00, 0x00, 0x00,
    0x00, 0x00, 0x00, 0x00, 0x00, 0x00, 0x00, 0x00, 0x00, 0x00, 0x00, 0x00,
    0x00, 0x00, 0x00, 0x00, 0x00, 0x00, 0x00, 0x00, 0x00, 0x00, 0x00, 0x00,
    0x00, 0x00, 0x00, 0x00, 0x00, 0x00, 0x00, 0x00, 0x00, 0x00, 0x00, 0x00,
    0x00, 0x00, 0x00, 0x00, 0x00, 0x00, 0x00, 0x00, 0x00, 0x00, 0x00, 0x00,
    0x00, 0x00, 0x00, 0x00, 0x00, 0x00, 0x00, 0x00, 0x00, 0x00, 0x00, 0x00,
    0x00, 0x00, 0x00, 0x00, 0x00, 0x00, 0x00, 0x00, 0x00, 0x00, 0x00, 0x00,
    0x00, 0x00, 0x00, 0x00, 0x00, 0x00, 0x00, 0x00, 0x00, 0x00, 0x00, 0x00,
    0x00, 0x00, 0x00, 0x00, 0x00, 0x00, 0x00, 0x00, 0x00, 0x00, 0x00, 0x00,
    0x00, 0x00, 0x00, 0x00, 0x98, 0x7c, 0x28, 0x86, 0xa0, 0x7c, 0x28, 0xbe,
    0xa0, 0x7c, 0x28, 0xbe, 0x98, 0x7c, 0x28, 0xbe, 0xa0, 0x7c, 0x28, 0xbe,
    0xa0, 0x7c, 0x28, 0xbe, 0x98, 0x80, 0x28, 0xbe, 0xa0, 0x7c, 0x28, 0xbe,
    0x98, 0x7c, 0x28, 0xbe, 0xa0, 0x80, 0x28, 0xbe, 0xa0, 0x7c, 0x28, 0xbe,
    0x98, 0x7c, 0x28, 0xbe, 0x98, 0x80, 0x28, 0xa6, 0x98, 0x80, 0x20, 0x28,
    0x00, 0x00, 0x00, 0x00, 0x00, 0x00, 0x00, 0x00, 0x00, 0x00, 0x00, 0x00,
    0x00, 0x00, 0x00, 0x00, 0x00, 0x00, 0x00, 0x00, 0x00, 0x00, 0x00, 0x00,
    0x00, 0x00, 0x00, 0x00, 0x00, 0x00, 0x00, 0x00, 0x00, 0x00, 0x00, 0x00,
    0x00, 0x00, 0x00, 0x00, 0x00, 0x00, 0x00, 0x00, 0x00, 0x00, 0x00, 0x00,
    0x00, 0x00, 0x00, 0x00, 0x00, 0x00, 0x00, 0x00, 0x00, 0x00, 0x00, 0x00,
    0x00, 0x00, 0x00, 0x00, 0x00, 0x00, 0x00, 0x00, 0x00, 0x00, 0x00, 0x00,
    0x00, 0x00, 0x00, 0x00, 0x00, 0x00, 0x00, 0x00, 0x00, 0x00, 0x00, 0x00,
    0x00, 0x00, 0x00, 0x00, 0x00, 0x00, 0x00, 0x00, 0x00, 0x00, 0x00, 0x00,
    0x00, 0x00, 0x00, 0x00, 0x00, 0x00, 0x00, 0x00, 0x00, 0x00, 0x00, 0x00,
    0x00, 0x00, 0x00, 0x00, 0x00, 0x00, 0x00, 0x00, 0x00, 0x00, 0x00, 0x00,
    0x00, 0x00, 0x00, 0x00, 0x00, 0x00, 0x00, 0x00, 0x00, 0x00, 0x00, 0x00,
    0x00, 0x00, 0x00, 0x00, 0x00, 0x00, 0x00, 0x00, 0x00, 0x00, 0x00, 0x00,
    0x00, 0x00, 0x00, 0x00, 0x00, 0x00, 0x00, 0x00, 0x00, 0x00, 0x00, 0x00,
    0x00, 0x00, 0x00, 0x00, 0x00, 0x00, 0x00, 0x00, 0x00, 0x00, 0x00, 0x00,
    0x00, 0x00, 0x00, 0x00, 0x00, 0x00, 0x00, 0x00, 0x00, 0x00, 0x00, 0x00,
    0x00, 0x00, 0x00, 0x00, 0x00, 0x00, 0x00, 0x00, 0x00, 0x00, 0x00, 0x00,
    0x00, 0x00, 0x00, 0x00, 0x00, 0x00, 0x00, 0x00, 0x00, 0x00, 0x00, 0x00,
    0x00, 0x00, 0x00, 0x00, 0x00, 0x00, 0x00, 0x00, 0x00, 0x00, 0x00, 0x00,
    0x00, 0x00, 0x00, 0x00, 0x00, 0x00, 0x00, 0x00, 0x00, 0x00, 0x00, 0x00,
    0x00, 0x00, 0x00, 0x00, 0x00, 0x00, 0x00, 0x00, 0x00, 0x00, 0x00, 0x00,
    0x00, 0x00, 0x00, 0x00, 0x00, 0x00, 0x00, 0x00, 0x00, 0x00, 0x00, 0x00,
    0x00, 0x00, 0x00, 0x00, 0x00, 0x00, 0x00, 0x00, 0x00, 0x00, 0x00, 0x00,
    0x00, 0x00, 0x00, 0x00, 0x00, 0x00, 0x00, 0x00, 0x00, 0x00, 0x00, 0x00,
    0x00, 0x00, 0x00, 0x00, 0x00, 0x00, 0x00, 0x00, 0x00, 0x00, 0x00, 0x00,
    0x00, 0x00, 0x00, 0x00, 0x00, 0x00, 0x00, 0x00, 0x00, 0x00, 0x00, 0x00,
    0x00, 0x00, 0x00, 0x00, 0x00, 0x00, 0x00, 0x00, 0x00, 0x00, 0x00, 0x00,
    0x00, 0x00, 0x00, 0x00, 0x00, 0x00, 0x00, 0x00, 0x00, 0x00, 0x00, 0x00,
    0x00, 0x00, 0x00, 0x00, 0x00, 0x00, 0x00, 0x00, 0x00, 0x00, 0x00, 0x00,
    0x00, 0x00, 0x00, 0x00, 0x00, 0x00, 0x00, 0x00, 0x00, 0x00, 0x00, 0x00,
    0x00, 0x00, 0x00, 0x00, 0x00, 0x00, 0x00, 0x00, 0x00, 0x00, 0x00, 0x00,
    0x00, 0x00, 0x00, 0x00, 0x00, 0x00, 0x00, 0x00, 0x00, 0x00, 0x00, 0x00,
    0x00, 0x00, 0x00, 0x00, 0x00, 0x00, 0x00, 0x00, 0x00, 0x00, 0x00, 0x00,
    0x00, 0x00, 0x00, 0x00, 0x00, 0x00, 0x00, 0x00, 0x00, 0x00, 0x00, 0x00,
    0x00, 0x00, 0x00, 0x00, 0x00, 0x00, 0x00, 0x00, 0x00, 0x00, 0x00, 0x00,
    0x00, 0x00, 0x00, 0x00, 0x00, 0x00, 0x00, 0x00, 0x00, 0x00, 0x00, 0x00,
    0x00, 0x00, 0x00, 0x00, 0x00, 0x00, 0x00, 0x00, 0x00, 0x00, 0x00, 0x00,
    0x00, 0x00, 0x00, 0x00, 0x00, 0x00, 0x00, 0x00, 0x00, 0x00, 0x00, 0x00,
    0x00, 0x00, 0x00, 0x00, 0x00, 0x00, 0x00, 0x00, 0x00, 0x00, 0x00, 0x00,
    0x00, 0x00, 0x00, 0x00, 0x00, 0x00, 0x00, 0x00, 0x00, 0x00, 0x00, 0x00,
    0x00, 0x00, 0x00, 0x00, 0x00, 0x00, 0x00, 0x00, 0x00, 0x00, 0x00, 0x00,
    0x00, 0x00, 0x00, 0x00, 0x00, 0x00, 0x00, 0x00, 0x00, 0x00, 0x00, 0x00,
    0x00, 0x00, 0x00, 0x00, 0x00, 0x00, 0x00, 0x00, 0x00, 0x00, 0x00, 0x00,
    0x00, 0x00, 0x00, 0x00, 0x00, 0x00, 0x00, 0x00, 0x00, 0x00, 0x00, 0x00,
    0x00, 0x00, 0x00, 0x00, 0x00, 0x00, 0x00, 0x00, 0x00, 0x00, 0x00, 0x00,
    0x00, 0x00, 0x00, 0x00, 0x00, 0x00, 0x00, 0x00, 0x00, 0x00, 0x00, 0x00,
    0x00, 0x00, 0x00, 0x00, 0x00, 0x00, 0x00, 0x00, 0x00, 0x00, 0x00, 0x00,
    0x00, 0x00, 0x00, 0x00, 0x00, 0x00, 0x00, 0x00, 0x00, 0x00, 0x00, 0x00,
    0x00, 0x00, 0x00, 0x00, 0x00, 0x00, 0x00, 0x00, 0x00, 0x00, 0x00, 0x00,
    0x00, 0x00, 0x00, 0x00, 0x00, 0x00, 0x00, 0x00, 0x00, 0x00, 0x00, 0x00,
    0x00, 0x00, 0x00, 0x00, 0x00, 0x00, 0x00, 0x00, 0x00, 0x00, 0x00, 0x00,
    0x00, 0x00, 0x00, 0x00, 0x00, 0x00, 0x00, 0x00, 0x00, 0x00, 0x00, 0x00,
    0x00, 0x00, 0x00, 0x00, 0x00, 0x00, 0x00, 0x00, 0x00, 0x00, 0x00, 0x00,
    0x00, 0x00, 0x00, 0x00, 0x00, 0x00, 0x00, 0x00, 0x00, 0x00, 0x00, 0x00,
    0x00, 0x00, 0x00, 0x00, 0x00, 0x00, 0x00, 0x00, 0x00, 0x00, 0x00, 0x00,
    0x00, 0x00, 0x00, 0x00, 0x00, 0x00, 0x00, 0x00, 0x00, 0x00, 0x00, 0x00,
    0x00, 0x00, 0x00, 0x00, 0x00, 0x00, 0x00, 0x00, 0x00, 0x00, 0x00, 0x00,
    0x00, 0x00, 0x00, 0x00, 0x00, 0x00, 0x00, 0x00, 0x00, 0x00, 0x00, 0x00,
    0x00, 0x00, 0x00, 0x00, 0x00, 0x00, 0x00, 0x00, 0x00, 0x00, 0x00, 0x00,
    0x00, 0x00, 0x00, 0x00, 0x00, 0x00, 0x00, 0x00, 0x00, 0x00, 0x00, 0x00,
    0x00, 0x00, 0x00, 0x00, 0x00, 0x00, 0x00, 0x00, 0x00, 0x00, 0x00, 0x00,
    0x00, 0x00, 0x00, 0x00, 0x00, 0x00, 0x00, 0x00, 0x00, 0x00, 0x00, 0x00,
    0x00, 0x00, 0x00, 0x00, 0x00, 0x00, 0x00, 0x00, 0x00, 0x00, 0x00, 0x00,
    0x00, 0x00, 0x00, 0x00, 0x00, 0x00, 0x00, 0x00, 0x00, 0x00, 0x00, 0x00,
    0x00, 0x00, 0x00, 0x00, 0x00, 0x00, 0x00, 0x00, 0x00, 0x00, 0x00, 0x00,
    0x00, 0x00, 0x00, 0x00, 0x00, 0x00, 0x00, 0x00, 0x00, 0x00, 0x00, 0x00,
    0x00, 0x00, 0x00, 0x00, 0x00, 0x00, 0x00, 0x00, 0x00, 0x00, 0x00, 0x00,
    0x00, 0x00, 0x00, 0x00, 0x00, 0x00, 0x00, 0x00, 0x00, 0x00, 0x00, 0x00,
    0x00, 0x00, 0x00, 0x00, 0x00, 0x00, 0x00, 0x00, 0x00, 0x00, 0x00, 0x00,
    0x00, 0x00, 0x00, 0x00, 0x00, 0x00, 0x00, 0x00, 0x00, 0x00, 0x00, 0x00,
    0x00, 0x00, 0x00, 0x00, 0x00, 0x00, 0x00, 0x00, 0x00, 0x00, 0x00, 0x00,
    0x00, 0x00, 0x00, 0x00, 0x00, 0x00, 0x00, 0x00, 0x00, 0x00, 0x00, 0x00,
    0x00, 0x00, 0x00, 0x00, 0x00, 0x00, 0x00, 0x00, 0x00, 0x00, 0x00, 0x00,
    0x00, 0x00, 0x00, 0x00, 0x00, 0x00, 0x00, 0x00, 0x00, 0x00, 0x00, 0x00,
    0x00, 0x00, 0x00, 0x00, 0x00, 0x00, 0x00, 0x00, 0x00, 0x00, 0x00, 0x00,
    0x00, 0x00, 0x00, 0x00, 0x00, 0x00, 0x00, 0x00, 0x00, 0x00, 0x00, 0x00,
    0x00, 0x00, 0x00, 0x00, 0x00, 0x00, 0x00, 0x00, 0x00, 0x00, 0x00, 0x00,
    0x00, 0x00, 0x00, 0x00, 0x00, 0x00, 0x00, 0x00, 0x00, 0x00, 0x00, 0x00,
    0x00, 0x00, 0x00, 0x00, 0x00, 0x00, 0x00, 0x00, 0x00, 0x00, 0x00, 0x00,
    0x00, 0x00, 0x00, 0x00, 0x00, 0x00, 0x00, 0x00, 0x00, 0x00, 0x00, 0x00,
    0x00, 0x00, 0x00, 0x00, 0x00, 0x00, 0x00, 0x00, 0x00, 0x00, 0x00, 0x00,
    0x00, 0x00, 0x00, 0x00, 0x00, 0x00, 0x00, 0x00, 0x00, 0x00, 0x00, 0x00,
    0x00, 0x00, 0x00, 0x00, 0x00, 0x00, 0x00, 0x00, 0x00, 0x00, 0x00, 0x00,
    0x00, 0x00, 0x00, 0x00, 0x00, 0x00, 0x00, 0x00, 0x00, 0x00, 0x00, 0x00,
    0x00, 0x00, 0x00, 0x00, 0x00, 0x00, 0x00, 0x00, 0x00, 0x00, 0x00, 0x00,
    0x00, 0x00, 0x00, 0x00, 0x00, 0x00, 0x00, 0x00, 0x00, 0x00, 0x00, 0x00,
    0x00, 0x00, 0x00, 0x00, 0x00, 0x00, 0x00, 0x00, 0x00, 0x00, 0x00, 0x00,
    0x00, 0x00, 0x00, 0x00, 0x00, 0x00, 0x00, 0x00, 0x00, 0x00, 0x00, 0x00,
    0x00, 0x00, 0x00, 0x00, 0x00, 0x00, 0x00, 0x00, 0x00, 0x00, 0x00, 0x00,
    0x00, 0x00, 0x00, 0x00, 0x00, 0x00, 0x00, 0x00, 0x00, 0x00, 0x00, 0x00,
    0x00, 0x00, 0x00, 0x00, 0x00, 0x00, 0x00, 0x00, 0x00, 0x00, 0x00, 0x00,
    0x00, 0x00, 0x00, 0x00, 0x00, 0x00, 0x00, 0x00, 0x00, 0x00, 0x00, 0x00,
    0x00, 0x00, 0x00, 0x00, 0x00, 0x00, 0x00, 0x00, 0x00, 0x00, 0x00, 0x00,
    0x00, 0x00, 0x00, 0x00, 0x00, 0x00, 0x00, 0x00, 0x00, 0x00, 0x00, 0x00,
    0x00, 0x00, 0x00, 0x00, 0x00, 0x00, 0x00, 0x00, 0x00, 0x00, 0x00, 0x00,
    0x00, 0x00, 0x00, 0x00, 0x00, 0x00, 0x00, 0x00, 0x00, 0x00, 0x00, 0x00,
    0x00, 0x00, 0x00, 0x00, 0x00, 0x00, 0x00, 0x00, 0x00, 0x00, 0x00, 0x00,
    0x00, 0x00, 0x00, 0x00, 0x00, 0x00, 0x00, 0x00, 0x00, 0x00, 0x00, 0x00,
    0x00, 0x00, 0x00, 0x00, 0x00, 0x00, 0x00, 0x00, 0x00, 0x00, 0x00, 0x00,
    0x00, 0x00, 0x00, 0x00, 0x00, 0x00, 0x00, 0x00, 0x00, 0x00, 0x00, 0x00,
    0x00, 0x00, 0x00, 0x00, 0x00, 0x00, 0x00, 0x00, 0x00, 0x00, 0x00, 0x00,
    0x00, 0x00, 0x00, 0x00, 0x00, 0x00, 0x00, 0x00, 0x00, 0x00, 0x00, 0x00,
    0x00, 0x00, 0x00, 0x00, 0x00, 0x00, 0x00, 0x00, 0x00, 0x00, 0x00, 0x00,
    0x00, 0x00, 0x00, 0x00, 0x00, 0x00, 0x00, 0x00, 0x00, 0x00, 0x00, 0x00,
    0x00, 0x00, 0x00, 0x00, 0x00, 0x00, 0x00, 0x00, 0x00, 0x00, 0x00, 0x00,
    0x00, 0x00, 0x00, 0x00, 0x00, 0x00, 0x00, 0x00, 0x00, 0x00, 0x00, 0x00,
    0x00, 0x00, 0x00, 0x00, 0x00, 0x00, 0x00, 0x00, 0x00, 0x00, 0x00, 0x00,
    0x00, 0x00, 0x00, 0x00, 0x00, 0x00, 0x00, 0x00, 0x00, 0x00, 0x00, 0x00,
    0x00, 0x00, 0x00, 0x00, 0x00, 0x00, 0x00, 0x00, 0x00, 0x00, 0x00, 0x00,
    0x00, 0x00, 0x00, 0x00, 0x00, 0x00, 0x00, 0x00, 0x00, 0x00, 0x00, 0x00,
    0x00, 0x00, 0x00, 0x00, 0x00, 0x00, 0x00, 0x00, 0x00, 0x00, 0x00, 0x00,
    0x00, 0x00, 0x00, 0x00, 0x00, 0x00, 0x00, 0x00, 0x00, 0x00, 0x00, 0x00,
    0x00, 0x00, 0x00, 0x00, 0x00, 0x00, 0x00, 0x00, 0x00, 0x00, 0x00, 0x00,
    0x00, 0x00, 0x00, 0x00, 0x00, 0x00, 0x00, 0x00, 0x00, 0x00, 0x00, 0x00,
    0x00, 0x00, 0x00, 0x00, 0x00, 0x00, 0x00, 0x00, 0x00, 0x00, 0x00, 0x00,
    0x00, 0x00, 0x00, 0x00, 0x00, 0x00, 0x00, 0x00, 0x00, 0x00, 0x00, 0x00,
    0x00, 0x00, 0x00, 0x00, 0x00, 0x00, 0x00, 0x00, 0x00, 0x00, 0x00, 0x00,
    0x00, 0x00, 0x00, 0x00, 0x00, 0x00, 0x00, 0x00, 0x00, 0x00, 0x00, 0x00,
    0x00, 0x00, 0x00, 0x00, 0x00, 0x00, 0x00, 0x00, 0x00, 0x00, 0x00, 0x00,
    0x00, 0x00, 0x00, 0x00, 0x00, 0x00, 0x00, 0x00, 0x00, 0x00, 0x00, 0x00,
    0x00, 0x00, 0x00, 0x00, 0x00, 0x00, 0x00, 0x00, 0x00, 0x00, 0x00, 0x00,
    0x00, 0x00, 0x00, 0x00, 0x00, 0x00, 0x00, 0x00, 0x00, 0x00, 0x00, 0x00,
    0x00, 0x00, 0x00, 0x00, 0x00, 0x00, 0x00, 0x00, 0x00, 0x00, 0x00, 0x00,
    0x00, 0x00, 0x00, 0x00, 0x00, 0x00, 0x00, 0x00, 0x00, 0x00, 0x00, 0x00,
    0x00, 0x00, 0x00, 0x00, 0x00, 0x00, 0x00, 0x00, 0x00, 0x00, 0x00, 0x00,
    0x00, 0x00, 0x00, 0x00, 0x00, 0x00, 0x00, 0x00, 0x00, 0x00, 0x00, 0x00,
    0x00, 0x00, 0x00, 0x00, 0x00, 0x00, 0x00, 0x00, 0x00, 0x00, 0x00, 0x00,
    0x00, 0x00, 0x00, 0x00, 0x00, 0x00, 0x00, 0x00, 0x00, 0x00, 0x00, 0x00,
    0x00, 0x00, 0x00, 0x00, 0x00, 0x00, 0x00, 0x00, 0x00, 0x00, 0x00, 0x00,
    0x00, 0x00, 0x00, 0x00, 0x00, 0x00, 0x00, 0x00, 0x00, 0x00, 0x00, 0x00,
    0x00, 0x00, 0x00, 0x00, 0x00, 0x00, 0x00, 0x00, 0x00, 0x00, 0x00, 0x00,
    0x00, 0x00, 0x00, 0x00, 0x00, 0x00, 0x00, 0x00, 0x00, 0x00, 0x00, 0x00,
    0x00, 0x00, 0x00, 0x00, 0x00, 0x00, 0x00, 0x00, 0x00, 0x00, 0x00, 0x00,
    0x00, 0x00, 0x00, 0x00, 0x00, 0x00, 0x00, 0x00, 0x00, 0x00, 0x00, 0x00,
    0x00, 0x00, 0x00, 0x00, 0x00, 0x00, 0x00, 0x00, 0x00, 0x00, 0x00, 0x00,
    0x00, 0x00, 0x00, 0x00, 0x00, 0x00, 0x00, 0x00, 0x00, 0x00, 0x00, 0x00,
    0x00, 0x00, 0x00, 0x00, 0x00, 0x00, 0x00, 0x00, 0x00, 0x00, 0x00, 0x00,
    0x00, 0x00, 0x00, 0x00, 0x00, 0x00, 0x00, 0x00, 0x00, 0x00, 0x00, 0x00,
    0x00, 0x00, 0x00, 0x00, 0x00, 0x00, 0x00, 0x00, 0x00, 0x00, 0x00, 0x00,
    0x00, 0x00, 0x00, 0x00, 0x00, 0x00, 0x00, 0x00, 0x00, 0x00, 0x00, 0x00,
    0x00, 0x00, 0x00, 0x00, 0x00, 0x00, 0x00, 0x00, 0x00, 0x00, 0x00, 0x00,
    0x00, 0x00, 0x00, 0x00, 0x00, 0x00, 0x00, 0x00, 0x00, 0x00, 0x00, 0x00,
    0x00, 0x00, 0x00, 0x00, 0x00, 0x00, 0x00, 0x00, 0x00, 0x00, 0x00, 0x00,
    0x00, 0x00, 0x00, 0x00, 0x00, 0x00, 0x00, 0x00, 0x00, 0x00, 0x00, 0x00,
    0x00, 0x00, 0x00, 0x00, 0x00, 0x00, 0x00, 0x00, 0x00, 0x00, 0x00, 0x00,
    0x00, 0x00, 0x00, 0x00, 0x00, 0x00, 0x00, 0x00, 0x00, 0x00, 0x00, 0x00,
    0x00, 0x00, 0x00, 0x00, 0x00, 0x00, 0x00, 0x00, 0x00, 0x00, 0x00, 0x00,
    0x00, 0x00, 0x00, 0x00, 0x00, 0x00, 0x00, 0x00, 0x00, 0x00, 0x00, 0x00,
    0x00, 0x00, 0x00, 0x00, 0x00, 0x00, 0x00, 0x00, 0x00, 0x00, 0x00, 0x00,
    0x00, 0x00, 0x00, 0x00, 0x00, 0x00, 0x00, 0x00, 0x00, 0x00, 0x00, 0x00,
    0x00, 0x00, 0x00, 0x00, 0x00, 0x00, 0x00, 0x00, 0x00, 0x00, 0x00, 0x00,
    0x00, 0x00, 0x00, 0x00, 0x00, 0x00, 0x00, 0x00, 0x00, 0x00, 0x00, 0x00,
    0x00, 0x00, 0x00, 0x00, 0x00, 0x00, 0x00, 0x00, 0x00, 0x00, 0x00, 0x00,
    0x00, 0x00, 0x00, 0x00, 0x00, 0x00, 0x00, 0x00, 0x00, 0x00, 0x00, 0x00,
    0x00, 0x00, 0x00, 0x00, 0x00, 0x00, 0x00, 0x00, 0x00, 0x00, 0x00, 0x00,
    0x00, 0x00, 0x00, 0x00, 0x00, 0x00, 0x00, 0x00, 0x00, 0x00, 0x00, 0x00,
    0x00, 0x00, 0x00, 0x00, 0x00, 0x00, 0x00, 0x00, 0x00, 0x00, 0x00, 0x00,
    0x00, 0x00, 0x00, 0x00, 0x00, 0x00, 0x00, 0x00, 0x00, 0x00, 0x00, 0x00,
    0x00, 0x00, 0x00, 0x00, 0x00, 0x00, 0x00, 0x00, 0x00, 0x00, 0x00, 0x00,
    0x00, 0x00, 0x00, 0x00, 0x00, 0x00, 0x00, 0x00, 0x00, 0x00, 0x00, 0x00,
    0x00, 0x00, 0x00, 0x00, 0x00, 0x00, 0x00, 0x00, 0x00, 0x00, 0x00, 0x00,
    0x00, 0x00, 0x00, 0x00, 0x00, 0x00, 0x00, 0x00, 0x00, 0x00, 0x00, 0x00,
    0x00, 0x00, 0x00, 0x00, 0x00, 0x00, 0x00, 0x00, 0x00, 0x00, 0x00, 0x00,
    0x00, 0x00, 0x00, 0x00, 0x00, 0x00, 0x00, 0x00, 0x00, 0x00, 0x00, 0x00,
    0x00, 0x00, 0x00, 0x00, 0x00, 0x00, 0x00, 0x00, 0x00, 0x00, 0x00, 0x00,
    0x00, 0x00, 0x00, 0x00, 0x00, 0x00, 0x00, 0x00, 0x00, 0x00, 0x00, 0x00,
    0x00, 0x00, 0x00, 0x00, 0x00, 0x00, 0x00, 0x00, 0x00, 0x00, 0x00, 0x00,
    0x00, 0x00, 0x00, 0x00, 0x00, 0x00, 0x00, 0x00, 0x00, 0x00, 0x00, 0x00,
    0x00, 0x00, 0x00, 0x00, 0x00, 0x00, 0x00, 0x00, 0x00, 0x00, 0x00, 0x00,
    0x00, 0x00, 0x00, 0x00, 0x00, 0x00, 0x00, 0x00, 0x00, 0x00, 0x00, 0x00,
    0x00, 0x00, 0x00, 0x00, 0x00, 0x00, 0x00, 0x00, 0x00, 0x00, 0x00, 0x00,
    0x00, 0x00, 0x00, 0x00, 0x00, 0x00, 0x00, 0x00, 0x00, 0x00, 0x00, 0x00,
    0x00, 0x00, 0x00, 0x00, 0x00, 0x00, 0x00, 0x00, 0x00, 0x00, 0x00, 0x00,
    0x00, 0x00, 0x00, 0x00, 0x00, 0x00, 0x00, 0x00, 0x00, 0x00, 0x00, 0x00,
    0x00, 0x00, 0x00, 0x00, 0x00, 0x00, 0x00, 0x00, 0x00, 0x00, 0x00, 0x00,
    0x00, 0x00, 0x00, 0x00, 0x00, 0x00, 0x00, 0x00, 0x00, 0x00, 0x00, 0x00,
    0x00, 0x00, 0x00, 0x00, 0x00, 0x00, 0x00, 0x00, 0x00, 0x00, 0x00, 0x00,
    0x00, 0x00, 0x00, 0x00, 0x00, 0x00, 0x00, 0x00, 0x00, 0x00, 0x00, 0x00,
    0x00, 0x00, 0x00, 0x00, 0x00, 0x00, 0x00, 0x00, 0x00, 0x00, 0x00, 0x00,
    0x00, 0x00, 0x00, 0x00, 0x00, 0x00, 0x00, 0x00, 0x00, 0x00, 0x00, 0x00,
    0x00, 0x00, 0x00, 0x00, 0x00, 0x00, 0x00, 0x00, 0x00, 0x00, 0x00, 0x00,
    0x00, 0x00, 0x00, 0x00, 0x00, 0x00, 0x00, 0x00, 0x00, 0x00, 0x00, 0x00,
    0x00, 0x00, 0x00, 0x00, 0x00, 0x00, 0x00, 0x00, 0x00, 0x00, 0x00, 0x00,
    0x00, 0x00, 0x00, 0x00, 0x00, 0x00, 0x00, 0x00, 0x00, 0x00, 0x00, 0x00,
    0x00, 0x00, 0x00, 0x00, 0x00, 0x00, 0x00, 0x00, 0x00, 0x00, 0x00, 0x00,
    0x00, 0x00, 0x00, 0x00, 0x00, 0x00, 0x00, 0x00, 0x00, 0x00, 0x00, 0x00,
    0x00, 0x00, 0x00, 0x00, 0x00, 0x00, 0x00, 0x00, 0x00, 0x00, 0x00, 0x00,
    0x00, 0x00, 0x00, 0x00, 0x00, 0x00, 0x00, 0x00, 0x00, 0x00, 0x00, 0x00,
    0x00, 0x00, 0x00, 0x00, 0x00, 0x00, 0x00, 0x00, 0x00, 0x00, 0x00, 0x00,
    0x00, 0x00, 0x00, 0x00, 0x00, 0x00, 0x00, 0x00, 0x00, 0x00, 0x00, 0x00,
    0x00, 0x00, 0x00, 0x00, 0x00, 0x00, 0x00, 0x00, 0x00, 0x00, 0x00, 0x00,
    0x00, 0x00, 0x00, 0x00, 0x00, 0x00, 0x00, 0x00, 0x00, 0x00, 0x00, 0x00,
    0x00, 0x00, 0x00, 0x00, 0x00, 0x00, 0x00, 0x00, 0x00, 0x00, 0x00, 0x00,
    0x00, 0x00, 0x00, 0x00, 0x00, 0x00, 0x00, 0x00, 0x00, 0x00, 0x00, 0x00,
    0x00, 0x00, 0x00, 0x00, 0x00, 0x00, 0x00, 0x00, 0x00, 0x00, 0x00, 0x00,
    0x00, 0x00, 0x00, 0x00, 0x00, 0x00, 0x00, 0x00, 0x00, 0x00, 0x00, 0x00,
    0x00, 0x00, 0x00, 0x00, 0x00, 0x00, 0x00, 0x00, 0x00, 0x00, 0x00, 0x00,
    0x00, 0x00, 0x00, 0x00
};
